start,end,id,type,boundingBox,position.lat,position.lon,regions.mpa,regions.eez,regions.rfmo,regions.fao,regions.majorFao,regions.eez12Nm,regions.highSeas,regions.mpaNoTakePartial,regions.mpaNoTake,distances.startDistanceFromShoreKm,distances.endDistanceFromShoreKm,distances.startDistanceFromPortKm,distances.endDistanceFromPortKm,vessel.id,vessel.name,vessel.ssvid,vessel.flag,vessel.type,vessel.nextPort,gap.intentionalDisabling,gap.distanceKm,gap.durationHours,gap.impliedSpeedKnots,gap.positions12HoursBeforeSat,gap.positionsPerDaySatReception,gap.offPosition.lat,gap.offPosition.lon,gap.onPosition.lat,gap.onPosition.lon
2017-01-13T16:51:02.000Z,2026-06-13T01:29:22.000Z,87ab704a63445d61c846bb2b9f75d8b2,gap,"[120.258985, -9.543746666666667, 165.12774666666667, 36.00002166666667]",14.2573,145.0264,[],['8314'],"['ACAP', 'WCPFC', 'FFA', 'IWC', 'SPC']",['71'],['71'],[],[],[],[],114,1,436.86028100000004,0.0,8e126a2d7-7c99-38e2-0096-cf6a22b81b33,DONGWON NO.16,440825000,KOR,fishing,,True,6904.8610256622405,82496.63333333333,0.045193682906525784,74,326.1429888529973,-9.543746666666667,165.12774666666667,36.00002166666667,120.258985
2017-02-10T21:48:04.000Z,2025-08-26T20:31:07.000Z,bcf0ff61a65e19aeeea6fbd1dc976d59,gap,"[-59.51955, -44.4977266667, 122.677592, 37.246017]",-47.4921,140.8535,[],[],"['ICCAT', 'IWC', 'ACAP', 'CCSBT']","['41.3.1', '41', '41.3']",['41'],[],[],[],[],384,8,461.98459399999996,2.3935210000000002,7dae375ab-bf11-c922-d9a5-76cc613e95ad,LU PENG YUAN YU 029,412234199,CHN,other,,True,19187.961920578156,74854.71666666666,0.13841039075202602,91,373.1398727600944,-44.4977266667,-59.51955,37.246017,122.677592
2017-02-11T14:44:09.000Z,2026-09-03T07:10:49.000Z,659945e1032d655e9f7aebdc0964ccb1,gap,"[-61.0123816667, -46.0133833333, 118.759558, 24.595567]",-54.6926,118.0222,[],['8466'],"['ICCAT', 'IWC', 'ACAP', 'CCSBT']","['41.3.1', '41', '41.3']",['41'],[],[],[],[],372,9,387.973,6.73268,cff87aabf-fdf4-5988-2afa-1011c888044d,JING YUAN 601  &&&&&,412368601,CHN,fishing,,True,17633.47468234115,83776.43333333333,0.11365146789444396,29,402.64029494775014,-46.0133833333,-61.0123816667,24.595567,118.759558
2017-03-27T22:45:46.000Z,2026-03-23T06:37:07.000Z,101d372732b0b70f13d2f72f9c26444e,gap,"[-60.652195, -46.9703083333, 118.775118, 24.061282]",-54.4684,117.0822,[],[],"['ICCAT', 'IWC', 'ACAP', 'CCSBT']","['41.3.1', '41', '41.3']",['41'],[],[],[],[],387,53,400.23778100000004,46.164289,7c1abdc9c-c4c1-fb25-24f0-0d0df2b452ed,,412581811,CHN,fishing,,True,17467.237355802277,78775.85,0.1197264599219355,89,403.3415130607,-46.9703083333,-60.652195,24.061282,118.775118
2017-04-18T09:01:22.000Z,2024-03-23T11:14:10.000Z,e44f33b7e8f3f369adab2a3e0f081304,gap,"[-60.47732666666667, -45.358105, 109.948302, 17.979207]",-54.8644,85.6014,[],[],"['ICCAT', 'IWC', 'ACAP', 'CCSBT']","['41.3.1', '41', '41.3']",['41'],[],[],[],[],384,36,413.508969,38.234609,add8462d6-643f-f4af-66c4-bc7a44b9361b,$111$,412118811,CHN,fishing,,True,16844.159601596915,60746.2,0.14972325141945184,131,386.77552209796943,-45.358105,-60.47732666666667,17.979207,109.948302
2017-05-26T12:59:25.000Z,2024-08-27T05:03:56.000Z,31e4586ca7665d3cf403010910c9e092,gap,"[-107.8224216667, 0.9411433333, 111.657565, 19.455647]",27.9624,-173.411,[],[],"['ACAP', 'SPRFMO', 'IATTC', 'IWC']","['87', '87.1', '87.1.4']",['87'],[],[],[],[],1045,69,1623.231625,87.569,5cef8c114-4329-33b2-9817-be49101a0fd0,,412205813,CHN,other,,True,15148.867203618598,63592.066666666666,0.12862821323479254,68,369.4325992686819,0.9411433333,-107.8224216667,19.455647,111.657565
2017-07-27T22:55:21.000Z,2024-10-12T23:54:08.000Z,8ab8e20a664f6928efff36ca54e5e1de,gap,"[-84.9141816667, -3.1488383333, 121.801282, 27.018205]",41.6576,-148.0661,[],[],"['ACAP', 'SPRFMO', 'CPPS', 'IATTC', 'IWC']","['87', '87.1', '87.1.4']",['87'],[],[],[],[],424,84,428.43115600000004,67.452305,9ea079929-9912-4955-298d-e0329507e809,,412214588,CHN,other,,True,16127.318030586446,63216.96666666667,0.13774870183230314,23,287.6202399131289,-3.1488383333,-84.9141816667,27.018205,121.801282
2017-07-29T13:09:58.000Z,2026-01-03T12:40:38.000Z,9e0d81e35a86f97cde92aa67bec73252,gap,"[-143.1039683333, 8.941485, 107.765012, 30.8745216667]",31.8664,156.6982,[],[],"['ACAP', 'NPFC', 'IATTC', 'IWC']",['77'],['77'],[],[],[],[],1706,116,1723.08425,163.20296900000002,943b324f0-055b-6a5e-8498-909700ba9068,K 1            12.2V,941200561,,gear,,True,11278.134661710048,73919.5,0.08238293739649423,14,93.89049613607929,30.8745216667,-143.1039683333,8.941485,107.765012
2017-08-02T11:52:58.000Z,2026-03-10T13:59:35.000Z,d5dde54c5c8231cda5c9c47b5ef8d3b0,gap,"[-156.5166583333, 8.745897, 106.984963, 16.3738383333]",18.4966,154.2808,[],['8453'],"['ACAP', 'WCPFC', 'IWC', 'SPC']",['77'],['77'],[],[],[],[],296,27,366.641406,164.62695300000001,63a2f32b3-3d6c-f3c9-2013-3efe1a1377e6,DIA 03         11.8V,941201645,,gear,,True,10418.50850292624,75410.1,0.0745993513868345,23,146.37328150195535,16.3738383333,-156.5166583333,8.745897,106.984963
2017-09-11T00:52:42.000Z,2025-09-03T18:33:04.000Z,bd9afb55ad3b4df1e17e8fbc2343c316,gap,"[120.294152, 37.635052, 157.7821383333, 41.83528]",41.2754,138.4455,[],[],"['ACAP', 'PICES', 'WCPFC', 'NPFC', 'IWC', 'NPAFC']",['61'],['61'],[],[],[],[],726,1,876.5914379999999,0.0,4783240c5-57c5-12d2-d5ce-72877e55b9e4,LPY029,412331410,CHN,other,,True,3213.573287158777,69953.66666666667,0.024804857879333776,59,286.19060580047613,41.83528,157.7821383333,37.635052,120.294152
2017-10-15T21:08:03.000Z,2025-04-02T18:28:12.000Z,955116eb62ce91b98bc36dd0a0dba5d7,gap,"[-131.765065, -10.7073233333, 99.75781, 4.188041666666667]",-7.4646,163.1125,[],[],"['ACAP', 'SPRFMO', 'WCPFC', 'IATTC', 'IWC']",['77'],['77'],[],[],[],[],749,85,754.68525,81.232875,34f20ea5f-fa4b-509d-d5d4-348bf6b21d7d,SGS001003,111111656,,gear,,True,14295.006492452061,65421.333333333336,0.11798423568830599,26,148.73647031468462,-10.7073233333,-131.765065,4.188041666666667,99.75781
2017-10-18T22:35:38.000Z,2025-10-06T02:03:37.000Z,16b73c19ad90e94752ce3814e32acf9b,gap,"[-152.5378316667, 8.977947, 106.996177, 19.3211516667]",21.5028,155.6586,[],['8453'],"['ACAP', 'WCPFC', 'IWC', 'SPC']",['77'],['77'],[],[],[],[],240,42,266.968219,139.010953,0de982729-9632-2548-d77d-74c8d1eae6ec,L 04           11.2V,941200473,,gear,,True,10759.094183349485,69819.45,0.08320670104563208,22,139.04808975456234,19.3211516667,-152.5378316667,8.977947,106.996177
2017-10-20T11:01:36.000Z,2025-08-12T08:53:16.000Z,6d45b822d1efb3ec1bc716c6c9c60f95,gap,"[-80.0036133333, -17.9065833333, 121.983832, 28.564878]",25.5976,-147.3613,[],[],"['ACAP', 'SPRFMO', 'IATTC', 'IWC']","['87', '87.1', '87.1.4']",['87'],[],[],[],[],566,10,586.461875,11.24008,41a28c8ca-a23f-2129-aef5-f4bbc672b4de,,412216773,CHN,other,,True,17481.487302575668,68469.85,0.13785991941782516,156,377.0363166151438,-17.9065833333,-80.0036133333,28.564878,121.983832
2017-10-20T11:03:18.000Z,2026-05-24T21:25:18.000Z,e8f68c5be4996178b20217a81bcc0086,gap,"[-79.9191466667, -17.96508, 108.890115, 21.136932]",19.6773,-158.2403,[],[],"['ACAP', 'SPRFMO', 'IATTC', 'IWC']","['87', '87.1', '87.1.4']",['87'],[],[],[],[],564,22,582.528875,17.637991999999997,7814870b1-1ee2-59b1-30fa-889ebe8bc977,K  NXT 7,412217000,CHN,other,,True,19027.209810622262,75322.36666666667,0.13639868000286298,23,369.39831149840796,-17.96508,-79.9191466667,21.136932,108.890115
2017-11-13T11:49:08.000Z,2025-07-10T12:39:42.000Z,a2ebd611a40e9fca2c4043864c51f8cd,gap,"[-167.14047, -7.186765, 108.152735, 19.351492]",8.2029,151.8184,[],[],"['ACAP', 'SPRFMO', 'WCPFC', 'IWC']",['77'],['77'],[],[],[],[],432,50,805.199625,49.169586,2ce6aef5c-cecb-aeda-1336-0ee12a86500a,LG101006,111111258,,gear,,True,9721.392132843954,67104.83333333333,0.07822285758636423,41,165.79086662875784,-7.186765,-167.14047,19.351492,108.152735
2018-01-11T07:49:05.000Z,2025-01-02T01:24:22.000Z,9c5c7c6166d1713d67a8d31ad20d2bae,gap,"[-172.393033, -5.0188116667, -150.7379266667, 11.273673]",3.184,-161.4798,[],[],"['ACAP', 'SPRFMO', 'WCPFC', 'IWC']",['77'],['77'],[],[],[],[],476,677,1079.15925,1654.858,0d6160106-61d5-252d-646f-218753829a26,YANGCHENG       7.8\,998000201,,gear,,True,3003.8843009495195,61145.583333333336,0.026526327441336588,31,163.18281401945288,-5.0188116667,-150.7379266667,11.273673,-172.393033
2018-02-14T22:15:00.000Z,2025-10-10T01:15:05.000Z,aafc0519c60602b393f15189165b5c75,gap,"[-144.33456166666667, -2.8783233333333333, 108.291498, 10.82423]",6.6886,162.629,[],[],"['ACAP', 'SPRFMO', 'IATTC', 'IWC']",['77'],['77'],[],[],[],[],691,11,810.593875,132.291719,c220e1a74-408f-3033-11c2-0fe29639ccef,LU009,111111170,,gear,,True,11964.487536381614,67059.0,0.0963376496090079,36,152.4929595112291,-2.8783233333333333,-144.33456166666667,10.82423,108.291498
2018-02-17T07:36:02.000Z,2024-01-23T02:53:33.000Z,7436f60a1c003c66d00c47ba47edd514,gap,"[150.43986333333334, 2.8822283333333334, 163.046808, 16.586143]",9.7922,156.6129,[],[],"['ACAP', 'SEAFDEC', 'SPRFMO', 'WCPFC', 'IWC']",['71'],['71'],[],[],[],[],439,481,531.2739379999999,1006.2595,18ec3d83e-ecbd-069b-71ea-1995ee9df391,,888183202,,gear,,True,2054.4575728098584,51979.28333333333,0.021341547491833743,20,58.954652388233704,2.8822283333333334,150.43986333333334,16.586143,163.046808
2018-02-17T16:21:24.000Z,2024-01-01T17:47:43.000Z,5ed5be68315e7184ab0bc55e8a1c9901,gap,"[150.4425, 2.9328866666666666, 162.587897, 15.889415]",9.4633,156.4005,[],[],"['ACAP', 'SEAFDEC', 'SPRFMO', 'WCPFC', 'IWC']",['71'],['71'],[],[],[],[],434,467,525.957,968.26625,45d3cd554-4edd-14b3-337d-8f27e68471a2,,888183203,,gear,,True,1960.190764164758,51457.433333333334,0.020568813300997035,20,58.954652388233704,2.9328866666666666,150.4425,15.889415,162.587897
2018-03-07T15:08:35.000Z,2024-02-08T18:13:15.000Z,0de56281a9c85b5cbb7ba539370d0d84,gap,"[148.3558783333, 2.24582, 157.888073, 16.24018]",9.2745,153.0266,[],[],"['ACAP', 'SEAFDEC', 'SPRFMO', 'WCPFC', 'IWC']",['71'],['71'],[],[],[],[],417,688,504.69256199999995,1028.941875,23164f024-4ed5-aafa-27b6-b8bc868b27cf,888183201,888183201,,gear,,True,1873.495484758308,51939.066666666666,0.019476796526419943,41,49.263246064902546,2.24582,148.3558783333,16.24018,157.888073
2018-03-30T22:21:50.000Z,2025-08-14T18:07:04.000Z,0b6345b6bbeda9decd322f59b0c927a6,gap,"[-176.3578383333, 10.550115, 117.156685, 23.365602]",20.0267,151.6852,[],[],"['ACAP', 'NPFC', 'WCPFC', 'IWC']","['71', '71.6.2']",['71'],[],[],[],[],1004,5,1401.13675,1.5093830000000001,0d0acec8c-c259-b6f1-f98a-ef57a7ebaf36,HS001,111112337,,gear,,True,7156.72570068208,64651.75,0.05977135549385314,28,141.71537991240638,10.550115,-176.3578383333,23.365602,117.156685
2018-04-03T17:26:25.000Z,2025-03-11T02:38:29.000Z,f0d202549ee487e4ba9cbda8ea4595ad,gap,"[152.3926883333, 14.887398, 156.658607, 16.6910116667]",15.7996,154.5351,[],[],"['ACAP', 'WCPFC', 'IWC']","['71', '71.6.1']",['71'],[],[],[],[],678,699,729.190938,893.348375,16cd903a3-35a6-2e72-14be-d1e429d66060,AAABBBCCC08,111222308,,gear,,True,498.5390790293072,60801.2,0.0044273726095936435,47,64.00390556194556,16.6910116667,152.3926883333,14.887398,156.658607
2018-04-15T12:43:36.000Z,2024-04-21T20:55:33.000Z,a6240c9d495bcede88a82eb167500c9e,gap,"[117.784063, -0.68323, 159.87473333330001, 23.702565]",12.3063,139.7993,[],[],"['ACAP', 'SPRFMO', 'WCPFC', 'IWC']",['71'],['71'],[],[],[],[],426,11,753.211688,10.552475000000001,0d1f2706a-a259-ba18-cb5c-f3aba9266ec8,JIN CHANG NO6-03 8V0,990666003,,gear,,True,5289.93579560347,52760.183333333334,0.054138114051538094,83,108.33340461335952,-0.68323,159.87473333330001,23.702565,117.784063
2018-04-22T09:30:26.000Z,2024-10-14T08:30:49.000Z,f34ec8e5dfff3816f304483c75db5752,gap,"[121.85521, 12.321985, 174.9400783333, 27.976152]",22.2945,149.8409,[],[],"['ACAP', 'WCPFC', 'IWC']","['71', '71.6.2']",['71'],[],[],[],[],497,36,698.9968120000001,32.232861,84c192937-7b3d-c45d-74bd-2f5e5632df00,Q01207,111111237,,gear,,True,5760.515675023004,56807.0,0.05475433714404934,38,152.0565970491136,12.321985,174.9400783333,27.976152,121.85521
2018-05-07T23:46:47.000Z,2026-08-17T01:50:59.000Z,7e39fcc6a70ae7ed232a1703eead3504,gap,"[-148.7088033333, -2.8538466667, 113.757307, 22.497453]",14.7027,165.068,[],[],"['ACAP', 'SPRFMO', 'IATTC', 'IWC']",['77'],['77'],[],[],[],[],700,7,1112.91925,0.0,2a5790234-4bf6-db3a-96e1-c94a8cf6acff,LQ2309,111111225,,gear,,True,10902.667978701462,72554.06666666667,0.08113907354035817,69,160.471241592807,-2.8538466667,-148.7088033333,22.497453,113.757307
2018-05-11T04:23:29.000Z,2026-06-12T13:28:45.000Z,0f8e4b6c2c0278ccae67bb396f0bd5c5,gap,"[-150.8005383333, 10.502373, 110.230675, 26.901815]",27.4849,156.448,[],[],"['ACAP', 'NPFC', 'WCPFC', 'IWC']",['77'],['77'],[],[],[],[],859,138,881.386125,194.335875,f20ce63f6-65c4-3129-d87c-d2f1e80e0d3d,M&M 01         12.3V,941200587,,gear,,True,10353.186865121514,70905.08333333333,0.07884164889829191,20,121.02899715031016,26.901815,-150.8005383333,10.502373,110.230675
2018-05-14T14:50:55.000Z,2025-09-01T04:30:56.000Z,8d2e5b07eae0588a0329fd50db93b3da,gap,"[-22.2992083333, -1.4524033333, 109.441498, 20.038602]",21.7675,39.6055,[],[],"['ICCAT', 'ACAP', 'IWC']","['41', '41.1.4', '41.1']",['41'],[],[],[],[],1129,14,1130.39525,33.966184,edfa1b5fb-be1d-61d5-05e1-ed6c86dac82e,KF1001,111112076,,gear,,True,14382.138868379048,63997.666666666664,0.12134401353527892,35,43.481990409590544,-1.4524033333,-22.2992083333,20.038602,109.441498
2018-05-29T07:57:00.000Z,2024-10-05T10:58:28.000Z,11aae83707390c7d5eb042958b31eab8,gap,"[-144.7029933333, -6.8203083333, 107.364823, 18.757418]",10.0724,163.1994,[],[],"['ACAP', 'SPRFMO', 'WCPFC', 'IATTC', 'IWC']",['77'],['77'],[],[],[],[],458,119,552.8070620000001,123.558336,ff6be0343-3969-433e-292c-7cb1ee0f1970,LS886006,111111621,,gear,,True,12134.38573366015,55707.01666666667,0.11761613751192687,56,148.5866151903234,-6.8203083333,-144.7029933333,18.757418,107.364823
2018-05-30T11:13:58.000Z,2026-04-18T23:40:51.000Z,d5637ed05465590f9e690632b726e276,gap,"[-149.6221616667, -2.618245, 107.032725, 19.443337]",13.4045,160.7939,[],[],"['ACAP', 'SPRFMO', 'IATTC', 'IWC']",['77'],['77'],[],[],[],[],607,98,1012.2906879999999,127.400406,6ce1c45af-f3d8-edfd-8d67-9b0dcf153565,ES011,111112386,,gear,,True,11503.36177714107,69132.43333333333,0.08984666320409923,41,162.12000497406117,-2.618245,-149.6221616667,19.443337,107.032725
2018-06-25T01:17:56.000Z,2024-12-16T12:05:36.000Z,211847b7be2da1eafbf2e94d638332fa,gap,"[67.3939183333, -2.4500433333, 122.363545, 29.894977]",15.38,92.7689,[],[],"['ACAP', 'IOTC', 'IWC', 'SIOFA']","['51', '51.4']",['51'],[],[],[],[],574,1,759.39,0.0,d1fe20ffa-a14d-56ec-febb-e88928a7dd95,THA KUHADIS,413603380,CHN,passenger,,True,6847.8244673634445,56794.78333333333,0.06510332803494202,37,23.74678351098981,-2.4500433333,67.3939183333,29.894977,122.363545
2018-06-29T20:36:59.000Z,2025-04-14T20:46:33.000Z,ac29b705953e4777b71aee273c48fcdd,gap,"[121.64896, 12.3570283333, 154.8030216667, 35.39494]",24.7812,139.7642,[],[],"['ACAP', 'WCPFC', 'IWC']","['71', '71.6.1']",['71'],[],[],[],[],464,90,634.929,72.639844,c69611786-65db-a140-c067-ba349d27a4eb,CT4-5008-07,500800007,,gear,,True,4198.422975269042,59544.15,0.038072036451630265,24,83.72813237319856,12.3570283333,154.8030216667,35.39494,121.64896
2018-07-05T09:59:52.000Z,2025-01-28T01:41:55.000Z,d3097de14f89770c77a9fa010f1f8a29,gap,"[120.287442, 5.2695666667, 158.4297483333, 22.495137]",14.6536,140.1001,[],['8316'],"['ACAP', 'WCPFC', 'FFA', 'IWC', 'SPC']","['71', '71.6.1']",['71'],[],[],[],[],135,5,189.632047,1.111949,928c8ef7c-ca37-1177-092a-6ffc1ef96805,888160012,888160012,,fishing,,True,4520.056328954379,57567.7,0.04239591240959808,30,117.09253429446359,5.2695666667,158.4297483333,22.495137,120.287442
2018-07-23T10:08:29.000Z,2024-02-02T05:41:38.000Z,b496f7a8a2483444c3eee8f0b11492f9,gap,"[69.4099466667, 6.9079, 93.20213333333334, 20.1319466667]",13.8052,81.6424,[],['8480'],"['ACAP', 'IOTC', 'IWC']","['51', '51.4']",['51'],[],[],[],[],129,53,147.881875,81.19407799999999,616c04199-9ac5-0077-3075-8f1b01e78f97,YM PINE,635961360,ATF,cargo,,True,2956.152133322946,48475.55,0.032927825603585224,57,28.565045134053978,20.1319466667,69.4099466667,6.9079,93.20213333333334
2018-07-26T05:32:04.000Z,2024-03-04T21:17:59.000Z,8abe4998afee7ae72bbbb596e3ed65f4,gap,"[-135.118265, -7.7552316667, 111.102187, 19.649028]",10.7884,170.2222,[],[],"['ACAP', 'SPRFMO', 'WCPFC', 'IATTC', 'IWC']",['77'],['77'],[],[],[],[],457,7,480.33178100000003,30.000523,b3f685281-144b-2c05-e543-c3548b7704a9,SS668019,111112233,,gear,,True,12780.569180322978,49167.75,0.14035531991909195,44,137.36007327117287,-7.7552316667,-135.118265,19.649028,111.102187
2018-08-04T17:43:06.000Z,2026-06-23T13:09:18.000Z,cec5f590cec901f75a8d25e6e4da4e86,gap,"[-177.828935, -7.6527933333, 119.906902, 24.351827]",9.7263,152.4953,[],['8326'],"['ACAP', 'WCPFC', 'FFA', 'IWC', 'SPC']",['71'],['71'],[],[],[],[],315,57,341.41490600000003,51.144336,c99d62247-789f-4509-d7d6-3d8c32359ce7,SH106,98338547,,gear,,True,7625.071027563694,69115.43333333333,0.059570037828012484,16,135.670811863143,-7.6527933333,-177.828935,24.351827,119.906902
2018-08-11T09:36:15.000Z,2024-02-17T00:33:27.000Z,fd8a3673d4b671837d76e8b2bd9829e8,gap,"[113.529042, 22.177037, 159.6022466667, 47.633435]",37.1079,132.7315,[],[],"['ACAP', 'PICES', 'WCPFC', 'NPFC', 'IWC', 'NPAFC']",['61'],['61'],[],[],[],[],399,1,416.07468800000004,0.0,904f53c20-082e-716a-4833-9fa8c6fe1e88,WIN FAR YU NO.2,412529000,CHN,cargo,,True,4961.3559321206685,48374.95,0.055378204833575397,193,300.98780439761896,47.633435,159.6022466667,22.177037,113.529042
2018-08-21T05:51:42.000Z,2024-01-26T10:22:41.000Z,b378d00030fcd8b6fa1cb8bccc1f09a7,gap,"[-127.0392916667, -11.411405, 109.387213, 19.946565]",8.9631,173.4097,[],[],"['ACAP', 'SPRFMO', 'IATTC', 'IWC']",['77'],['77'],[],[],[],[],1269,6,1274.008375,24.660979,c43f72446-60e7-692a-375a-327140e52538,BUOY-02  100%,168800881,,gear,,True,13926.459192311006,47620.5,0.15790859795543574,15,159.8880600000193,-11.411405,-127.0392916667,19.946565,109.387213
2018-08-27T22:11:04.000Z,2024-01-29T14:21:27.000Z,df3b5cddda198ab79a16da08f68485f9,gap,"[67.4821333333, -15.8596266667, 68.77356666666667, 21.064216666666667]",2.6025,68.1181,[],[],"['ACAP', 'IOTC', 'IWC', 'SIOFA']","['51', '51.7']",['51'],[],[],[],[],597,104,604.27875,101.684406,67dae4002-2a56-4354-e902-270ba8bd7198,D@A TARA,370409474,PAN,cargo,,True,4108.167975860374,47536.166666666664,0.046664117110229844,263,379.28575810269535,-15.8596266667,67.4821333333,21.064216666666667,68.77356666666667
2018-09-02T10:34:10.000Z,2024-05-11T11:54:14.000Z,647ca7e3b6aca38089eb4a8aedda9a1d,gap,"[119.989307, 2.0147283333, 141.2861283333, 39.76632]",21.2184,132.0432,[],[],"['ACAP', 'SEAFDEC', 'SPRFMO', 'WCPFC', 'IWC']",['71'],['71'],[],[],[],[],431,27,501.100156,10.492866,c03247707-79d9-2c3a-eeda-10d00836d5a8,AIS NET MARK,192300004,,gear,,True,4716.949211864565,49873.333333333336,0.051068349522150475,33,26.9589971643403,2.0147283333,141.2861283333,39.76632,119.989307
2018-09-11T11:40:54.000Z,2025-08-31T04:15:04.000Z,1139f83d579bb2b586768b0a323287a3,gap,"[-145.2361566667, -10.2610266667, 107.584415, 10.326892]",0.0555,161.1822,[],[],"['ACAP', 'SPRFMO', 'WCPFC', 'IATTC', 'IWC']",['77'],['77'],[],[],[],[],455,21,474.832281,48.084984,70a4f1efd-db26-99a9-a4eb-455a3860f048,0082,111111167,,gear,,True,12068.438910798055,61096.566666666666,0.1066579687288788,54,146.8345790070317,-10.2610266667,-145.2361566667,10.326892,107.584415
2018-10-21T12:34:40.000Z,2024-06-24T16:49:10.000Z,b672557c1a658d42c87b6c1e2d583afc,gap,"[-19.1441566667, 29.5920016667, -2.4955866666666666, 36.380785]",33.2637,-11.1426,[],['8364'],"['ICCAT', 'ACAP', 'NAMMCO', 'IWC']","['34', '34.1.2', '34.1']",['34'],[],[],[],[],142,39,157.313484,43.122234,b07782e0a-a2bf-7ca9-10c0-35aaed0e546b,,225988530,ESP,other,,True,1723.2638417549022,49756.23333333333,0.01870093399697606,26,185.8022570558543,29.5920016667,-19.1441566667,36.380785,-2.4955866666666666
2018-10-27T07:03:19.000Z,2024-07-25T05:02:31.000Z,216f8b56999ab9d7d4cc1bc755d634c2,gap,"[-145.1513883333, -8.536235, 100.886855, 13.056105]",4.1419,158.5312,[],[],"['ACAP', 'SPRFMO', 'WCPFC', 'IATTC', 'IWC']",['77'],['77'],[],[],[],[],490,1,550.215125,0.0,bd2ccc1c9-9117-7952-78e4-68ba48fea2d7,YS08006,111111558,,gear,,True,12802.624621344366,50349.98333333333,0.1372962572920676,72,148.67683331855045,-8.536235,-145.1513883333,13.056105,100.886855
2018-10-27T15:43:51.000Z,2026-04-14T03:02:39.000Z,a49e313f0e89886b653846b1868f6475,gap,"[-128.4402966667, -19.4228933333, 111.341152, 19.601672]",0.1794,171.5055,[],[],"['ACAP', 'SPRFMO', 'IATTC', 'IWC']",['77'],['77'],[],[],[],[],542,32,650.770312,53.614949,e3c460616-688d-8338-f63d-91f26819cc1b,ZHONGYANG16-1,412111161,CHN,other,,True,13784.474198105592,65411.3,0.11378799420477796,21,192.07016296448296,-19.4228933333,-128.4402966667,19.601672,111.341152
2018-10-27T18:50:04.000Z,2025-12-14T16:08:03.000Z,6b6eeca987e0c1ac209fa714ded3dcdf,gap,"[40.712425, -3.246183, 150.3660283333, 2.7587583333]",-0.4231,95.5574,[],[],"['ACAP', 'SEAFDEC', 'SPRFMO', 'WCPFC', 'IWC']",['71'],['71'],[],[],[],[],450,60,546.3130620000001,147.47598399999998,2964d8bb1-14a8-cd44-1fd4-418e0340db38,AIS NET MARK,412888819,CHN,gear,,True,12205.102119442874,62517.28333333333,0.10541449619822546,36,58.954652388233704,2.7587583333,150.3660283333,-3.246183,40.712425
2018-10-30T00:48:01.000Z,2024-12-20T20:00:36.000Z,4f0776036f248306906475ee02af58d9,gap,"[-50.051015, 25.3050183333, 129.00495833333332, 35.0742]",85.0493,-41.1144,[],[],"['ICCAT', 'ACAP', 'NAMMCO', 'IWC']",['31'],['31'],[],[],[],[],1479,1,1485.49925,0.0,81f13fe05-5e35-847c-16d2-97176f4acab4,ALTA,677083400,TZA,other,,True,13300.508950209423,53851.2,0.13336193617021203,116,279.8227828112503,25.3050183333,-50.051015,35.0742,129.00495833333332
2018-10-31T18:25:11.000Z,2025-02-17T10:59:14.000Z,a44636be871291c8cb4b7f5714989585,gap,"[-167.6172583333, 1.336355, 108.611753, 16.582692]",11.9549,151.5814,[],[],"['ACAP', 'SPRFMO', 'WCPFC', 'IWC']",['77'],['77'],[],[],[],[],626,57,959.28625,62.381301,942833feb-bc64-6903-069c-d60a3f1d2391,LQ2802,111111187,,gear,,True,9301.367636746385,55216.566666666666,0.09095706307172477,14,158.48093036933142,1.336355,-167.6172583333,16.582692,108.611753
2018-11-10T11:08:51.000Z,2025-05-19T07:28:25.000Z,0708f377304d31c47340a9b07d1fe4d0,gap,"[-168.3405866667, -39.82842, -47.363215, 35.8864066667]",-3.9919,-110.5576,[],[],"['ACAP', 'NPFC', 'WCPFC', 'IWC', 'NPAFC']",['77'],['77'],[],[],[],[],1166,829,1745.040375,831.3623120000001,e66395489-9d3b-fb34-7fba-124960e88c17,BUOY-22           4V,994008022,,gear,,True,14909.237500133919,57164.316666666666,0.14082813706104852,18,130.04399004351282,35.8864066667,-168.3405866667,-39.82842,-47.363215
2018-11-17T05:04:27.000Z,2026-01-24T15:51:59.000Z,9aa5e77c56af36a917b503453947217b,gap,"[-78.1007883333, -18.9075266667, 108.35019, 20.536193]",14.1221,-159.7089,[],[],"['ACAP', 'SPRFMO', 'CPPS', 'IATTC', 'IWC']","['87', '87.2.6', '87.2']",['87'],[],[],[],[],499,74,503.36321899999996,48.848828000000005,ca1f50cd9-92eb-9584-eec1-76c42392709d,,412316818,CHN,other,,True,19316.083411260603,63010.78333333333,0.16552485308512116,23,55.74305449056599,-18.9075266667,-78.1007883333,20.536193,108.35019
2018-11-17T23:36:01.000Z,2025-11-30T12:15:19.000Z,e0addef8bd4525b1091edd9b31171665,gap,"[-17.04628, -6.3115966666666665, 115.04295666666667, 34.8026633333]",31.4421,61.0938,[],['8363'],"['ICCAT', 'ACAP', 'NAMMCO', 'IWC']","['34', '34.1.2', '34.1']",['34'],[],[],[],[],199,60,204.864359,147.352547,85be63550-0610-0820-e09c-6122e4480ab1,ROYAL KNIGHT,357892098,PAN,other,,True,14185.70259381352,61668.65,0.1242068154131656,59,137.15758593023295,34.8026633333,-17.04628,-6.3115966666666665,115.04295666666667
2018-11-24T21:09:22.000Z,2025-11-05T14:32:27.000Z,bb1a65d0307c3bec9034cb699696c701,gap,"[-77.5815733333, -18.3598733333, 121.139107, 35.441617]",39.9686,-133.4133,[],[],"['ACAP', 'SPRFMO', 'CPPS', 'IATTC', 'IWC']","['87', '87.2.6', '87.2']",['87'],[],[],[],[],417,56,421.399875,34.592468999999994,b56979e49-9f83-0d30-6977-67f7f1184675,G6,41222,CHN,other,,True,17368.96791904733,60905.38333333333,0.15398462145071148,41,362.3494658575982,-18.3598733333,-77.5815733333,35.441617,121.139107
2018-11-26T05:16:30.000Z,2024-04-17T04:46:32.000Z,4c68c6f977b9bb5d21a05b75850ab61a,gap,"[121.00962, 8.861575, 175.2051166667, 37.963153]",25.9004,151.3987,[],[],"['ACAP', 'SPRFMO', 'WCPFC', 'IWC']","['71', '71.6.2']",['71'],[],[],[],[],410,10,465.4575,7.767831,40abdb4d2-2b4d-97a5-776d-61f3d6b8e4ec,5268-02,526800002,,gear,,True,6293.554285536942,47255.5,0.07191221031189168,47,163.46995536584473,8.861575,175.2051166667,37.963153,121.00962
2018-12-25T04:45:30.000Z,2025-06-11T13:17:08.000Z,f052a91b29a95614b7073f7c1997fa34,gap,"[-160.2491266667, -15.91489, 69.93503, 22.652998333333333]",7.8956,137.3615,[],['8446'],"['ACAP', 'WCPFC', 'FFA', 'IWC', 'SPC']",['77'],['77'],[],[],[],[],326,8,330.229781,0.0,a62331b5c-c6e7-f6e5-3815-601e769d9eaa,GRINNA,577399000,VUT,other,,True,14718.634725854286,56648.51666666667,0.14029364624971982,232,505.957269336861,-15.91489,-160.2491266667,22.652998333333333,69.93503
2019-01-01T22:14:42.000Z,2025-08-04T21:07:38.000Z,d1abdd6780d645317b093b1289e33d93,gap,"[-55.5722666667, 20.573593, 111.784825, 44.8320616667]",74.6808,79.348,[],['8493'],"['ICCAT', 'ACAP', 'NAMMCO', 'NAFO', 'NASCO', 'IWC']","['21.3', '21.3.P', '21.3.P.s', '21']",['21'],[],[],[],[],220,84,221.759922,94.860383,81cd45fda-a161-86f7-c012-0f49cbad65bd,BUOY 6 IR,651,,gear,,True,12629.979598589498,57766.86666666667,0.11805458397314356,14,13.297660436328806,44.8320616667,-55.5722666667,20.573593,111.784825
2019-01-02T04:57:35.000Z,2024-10-23T13:21:24.000Z,aa5be2ba716a895b1814d2da2c6d8d34,gap,"[-164.1495183333, -2.101105, -7.659048, 2.8212516667000003]",1.7669,-85.8299,[],[],"['ACAP', 'SPRFMO', 'WCPFC', 'IWC']",['77'],['77'],[],[],[],[],401,716,544.141438,763.972625,631b7e370-0c2f-da58-1bd4-6382628da71d,HOSM WANG WEI YI,71218008,,other,,True,17402.20947742566,50912.38333333333,0.18456102007594727,22,160.46020406964084,2.8212516667000003,-164.1495183333,-2.101105,-7.659048
2019-01-05T06:03:24.000Z,2024-06-25T03:41:40.000Z,e291b8b3ff0f486a302fb7e5bbc6e1a0,gap,"[-11.9996583333, -6.0341066667, -1.572877, -4.403662]",-5.2404,-6.7795,[],['8379'],"['ICCAT', 'ACAP', 'IWC']","['47', '47.A.0', '47.A']",['47'],[],[],[],[],331,862,338.989438,992.2885620000001,189d9bd58-8493-0b3a-3721-a4ab14158ad7,KM68025,111113511,,other,,True,1168.6952672150942,47949.63333333333,0.013160579483735259,20,49.806047649271015,-6.0341066667,-11.9996583333,-4.403662,-1.572877
2019-01-10T03:36:12.000Z,2024-05-17T01:13:46.000Z,4849064997ab0a2c54f9007476b7c783,gap,"[-12.0144633333, -6.22073, -10.38252, -5.7409]",-5.9814,-11.1981,[],['8379'],"['ICCAT', 'ACAP', 'IWC']","['47', '47.A.0', '47.A']",['47'],[],[],[],[],317,497,325.371875,506.657312,15c5ff8b0-0c47-5e85-bba6-b6c2f8dbc39f,KM68028,111113514,,gear,,True,188.1973086081371,46893.61666666667,0.0021669989307362024,14,49.881635573341,-6.22073,-12.0144633333,-5.7409,-10.38252
2019-01-17T09:12:28.000Z,2024-11-06T21:24:43.000Z,98a02427b9691c369d07ef9dd78eabdd,gap,"[-148.8990916667, -5.8884333333, 107.709448, 19.71973]",11.0652,161.4039,[],[],"['ACAP', 'SPRFMO', 'WCPFC', 'IATTC', 'IWC']",['77'],['77'],[],[],[],[],468,45,1001.113375,110.502633,26bc984bb-b386-2bef-478f-ab499cd66b05,GL021,111112369,,gear,,True,11627.170527642438,50892.2,0.12336212290567926,41,158.99707679039946,-5.8884333333,-148.8990916667,19.71973,107.709448
2019-01-24T16:59:48.000Z,2024-10-08T02:44:26.000Z,d34c9c5bc953ff00d45e46e47b913914,gap,"[-172.2927733333, -20.552905, 114.6605, 22.398077]",1.148,151.4527,[],['8448'],"['ACAP', 'WCPFC', 'FFA', 'IWC', 'SPC']",['77'],['77'],[],[],[],[],227,5,227.328078,5.412219,62e93cf22-2ce8-b8fe-a513-73c5bf32ac07,990130002        8V0,990130002,,gear,,True,9249.781120831805,50001.73333333333,0.09988618221240549,47,141.72683268466264,-20.552905,-172.2927733333,22.398077,114.6605
2019-02-07T08:30:02.000Z,2024-10-17T21:15:41.000Z,0e3fa1c5887c8d189a1dfde4f6fe0789,gap,"[121.855882, 23.0361733333, 172.25314, 28.003023]",27.8152,147.6127,[],[],"['ACAP', 'NPFC', 'WCPFC', 'IWC']",['61'],['61'],[],[],[],[],713,34,1656.907,30.497211,0f199199f-f0a4-2dab-de6a-3cbe9c417165,Q01203,111111233,,gear,,True,5052.526262855229,49908.75,0.05466267799268469,40,125.52410687482255,23.0361733333,172.25314,28.003023,121.855882
2019-02-22T14:25:42.000Z,2024-04-27T07:52:16.000Z,50aaeca78795516a250202e2c015e511,gap,"[113.523013, 3.0069616667, 143.4409016667, 22.17094]",13.0151,129.0591,[],[],"['ACAP', 'SEAFDEC', 'SPRFMO', 'WCPFC', 'IWC']",['71'],['71'],[],[],[],[],462,1,666.077312,0.0,05c0c8deb-b1f1-0ad7-b448-70d440d60a67,,412481101,CHN,gear,,True,3867.383151380335,45377.433333333334,0.046018906111727674,19,32.476969354277436,3.0069616667,143.4409016667,22.17094,113.523013
2019-02-25T12:38:50.000Z,2024-12-20T15:57:51.000Z,cb688cce11eb4ab220b8f94ae43a3f33,gap,"[-11.12328, -10.4397566667, -7.791777, -4.56512]",-7.5056,-9.4463,[],[],"['ICCAT', 'ACAP', 'IWC']","['47', '47.A.0', '47.A']",['47'],[],[],[],[],445,812,457.078781,820.999375,41b775ed6-6648-e438-ebfa-1605d4890172,SH019,111112874,,gear,,True,749.3175656500089,51003.316666666666,0.00793280013858451,16,52.077706586021186,-10.4397566667,-11.12328,-4.56512,-7.791777
2019-03-07T06:12:23.000Z,2024-02-23T09:26:35.000Z,286098102365a63a9d1fa0d9c30c4176,gap,"[-12.1101433333, -6.5990400000000005, -10.476603, -5.766665]",-6.1835,-11.294,[],['8379'],"['ICCAT', 'ACAP', 'IWC']","['34', '34.4.1', '34.4']",['34'],[],[],[],[],342,448,348.746531,457.656594,26d645218-8b25-3163-d343-61043e63a940,KM68017,111112039,,gear,,True,202.9211233742929,43539.23333333333,0.002516549620705947,19,49.45665236998615,-5.766665,-12.1101433333,-6.59904,-10.476603
2019-03-10T04:13:22.000Z,2024-03-08T18:53:29.000Z,aff0c1a822f375ad97195ccc8d6848a3,gap,"[121.003232, 13.6943033333, 159.19219, 36.343513]",26.2721,141.9509,[],[],"['ACAP', 'WCPFC', 'IWC']","['71', '71.6.1']",['71'],[],[],[],[],397,10,753.304562,10.881272000000001,bdd174513-39bd-8ca7-9ece-81d81fe486ce,1555-03,155500003,,gear,,True,4552.399484770199,43814.666666666664,0.05610219729732812,42,112.60858182226995,13.6943033333,159.19219,36.343513,121.003232
2019-03-11T18:15:54.000Z,2024-03-13T03:20:00.000Z,588e108c4f90afab217129b72ae454fe,gap,"[120.00266, 3.761705, 140.0537966667, 22.678198]",13.4173,130.4246,[],[],"['ACAP', 'SEAFDEC', 'SPRFMO', 'WCPFC', 'IWC']",['71'],['71'],[],[],[],[],484,24,674.647375,20.550158,a8dd47dd8-837c-fba0-b3e3-6e1ad7d4b4ea,868-08,868000008,,gear,,True,3013.763986964185,43881.066666666666,0.0370843849611182,32,25.395216888313474,3.761705,140.0537966667,22.678198,120.00266
2019-03-15T23:25:51.000Z,2024-04-02T10:28:07.000Z,4ee487e242a2f1d6b3a3a779e6e0fe3a,gap,"[65.932738, 17.292145, 177.481895, 19.106947]",30.3072,122.1459,[],[],"['ACAP', 'WCPFC', 'IWC']","['71', '71.6.2']",['71'],[],[],[],[],953,466,1311.8585,460.58290600000004,8df38cd9e-efb6-0b70-242d-2ed4a69019a2,FU YUAN YU 8556,412448556,CHN,fishing,,True,11512.852509828053,44267.03333333333,0.14043053197294209,199,132.35719054861667,17.292145,177.481895,19.106947,65.932738
2019-03-22T02:19:06.000Z,2025-06-16T14:01:48.000Z,32183db6ddb3e87916b55b457c89ac5b,gap,"[-176.86035, 11.9544983333, 107.301253, 17.934428]",18.6918,145.8427,[],[],"['ACAP', 'NPFC', 'WCPFC', 'IWC']","['71', '71.6.2']",['71'],[],[],[],[],948,81,1397.96875,82.52485899999999,6554b89bb-b522-d1c8-7d72-4fdb33dff030,GL01003,111111567,,gear,,True,8123.021662046058,54683.7,0.08020819386837373,28,139.88714210893374,11.9544983333,-176.86035,17.934428,107.301253
2019-03-31T14:55:46.000Z,2026-01-01T04:28:23.000Z,2eaf1dc0c8d5fda60597a904cbf271dd,gap,"[-130.71950666666666, -46.4064, -60.32968, 14.069911666666666]",-19.4067,-102.3218,[],[],"['ICCAT', 'IWC', 'ACAP', 'CCSBT']","['41.3.1', '41', '41.3']",['41'],[],[],[],[],422,1769,443.22078100000004,2230.401,991933fc6-649d-8315-b5c5-91cd71448844,,412881959,CHN,other,,True,9699.01507211109,59221.53333333333,0.08843150253352644,169,403.3415130607,-46.4064,-60.32968,14.069911666666666,-130.71950666666666
2019-04-07T17:37:47.000Z,2024-05-22T19:45:17.000Z,0ac00af9e5ef143b90fc0e1a4d8cc674,gap,"[-148.0441366667, 58.8865066667, -147.015685, 59.22818]",59.0584,-147.5325,[],['8463'],"['ACAP', 'IPHC', 'IWC']",['67'],['67'],[],[],[],[],99,42,120.315281,104.14623399999999,71782dd82-2afd-e4b3-02d0-1a00fa58f58f,ANITA#4        12.1V,338237686,USA,gear,,True,70.0058238215362,44930.11666666667,0.000841309207683515,15,75.90013429195012,58.8865066667,-148.0441366667,59.22818,-147.015685
2019-04-13T03:05:08.000Z,2024-09-27T14:57:44.000Z,e2d8718a9fbcc9f4de31c110d0c73fab,gap,"[72.7967883333, -39.0945316667, 117.943158, -13.245295]",-27.9949,98.054,[],[],"['ACAP', 'IOTC', 'IWC', 'SIOFA', 'CCSBT']","['51', '51.7']",['51'],[],[],[],[],410,399,2338.42375,473.802188,470eac716-6973-544f-c33c-afcadabcab68,4V,994162361,,gear,,True,5266.901311754996,47867.86666666667,0.059411446434740875,21,225.15337089365406,-39.0945316667,72.7967883333,-13.245295,117.943158
2019-04-13T09:21:57.000Z,2024-03-19T19:59:39.000Z,4c127f557eab64039ab407539991d26b,gap,"[-150.526563, 13.521807, -136.9797766667, 18.5296533333]",16.1325,-143.8386,[],[],"['ACAP', 'IATTC', 'IWC']",['77'],['77'],[],[],[],[],1880,801,1902.120375,841.69525,01b6b1f57-7450-b6f9-022e-ddd032915a4f,VENUS,338312529,USA,passenger,,True,1550.4128845880455,43258.61666666667,0.0193523521949283,20,111.20474172916691,18.5296533333,-136.9797766667,13.521807,-150.526563
2019-04-16T17:12:58.000Z,2024-10-10T23:17:28.000Z,58bcf16ab9a410c7a345165b2f74d9ca,gap,"[-175.7193883333, -26.0265033333, 120.533322, 38.117933]",7.103,154.7701,[],[],"['ACAP', 'SPRFMO', 'WCPFC', 'IWC']",['81'],['81'],[],[],[],[],411,9,415.186781,19.458885,f9c180159-9ea8-f8c2-5d9b-e7bbba808e7b,5268-04,526800004,,gear,,True,9740.82385065292,48102.066666666666,0.1093429965467282,51,154.60400698550353,-26.0265033333,-175.7193883333,38.117933,120.533322
2019-04-18T08:25:34.000Z,2025-08-12T09:37:00.000Z,4e2f4d5e45878e7e00069718e8e27639,gap,"[62.2111983333, -2.44656, 150.893867, 18.04882]",10.8412,105.1659,[],[],"['ACAP', 'IOTC', 'IWC', 'SIOFA']","['51', '51.5']",['51'],[],[],[],[],733,535,738.671562,631.881375,d65474c28-853f-efbe-6ac1-14d450ed00a1,777-06,777889906,,gear,,True,9952.686239658015,55393.183333333334,0.09701592008938838,24,27.767166156354023,-2.44656,62.2111983333,18.04882,150.893867
2019-04-29T14:32:32.000Z,2024-04-20T06:20:05.000Z,42c911aa337a079f2e7e9522eab23ad3,gap,"[110.849685, 11.10815, 177.1319283333, 20.874067]",18.8914,144.9066,[],[],"['ACAP', 'WCPFC', 'IWC']","['71', '71.6.2']",['71'],[],[],[],[],690,23,773.0330620000001,12.275459000000001,32abb33ed-d66f-6b27-cc7b-37ee9ae05e41,085,111111127,,gear,,True,7123.095571840582,43623.78333333333,0.08816667473088632,30,148.83163139253435,11.10815,177.1319283333,20.874067,110.849685
2019-05-02T17:21:23.000Z,2024-11-11T14:59:43.000Z,136d58cf611b51b8c3719fa351599a99,gap,"[31.538742, -36.638853, 147.9479966667, -11.1450583333]",-39.6913,98.9258,[],['8324'],"['ACAP', 'WCPFC', 'FFA', 'IWC', 'SPC']",['71'],['71'],[],[],[],[],109,521,198.854234,520.380125,30afb4d2f-fa14-5c75-cef4-bdbc18a88231,994163027         9V,994163027,,gear,,True,11517.66662861854,48477.63333333333,0.12828684134176363,32,39.77717628490203,-11.1450583333,147.9479966667,-36.638853,31.538742
2019-05-02T17:21:43.000Z,2024-11-04T19:14:10.000Z,8733ff3040897fa004c7080a07d90725,gap,"[30.734285, -36.471055, 147.9470733333, -11.143615]",-39.8964,98.5679,[],['8324'],"['ACAP', 'WCPFC', 'FFA', 'IWC', 'SPC']",['71'],['71'],[],[],[],[],108,461,197.848094,461.130625,d2851ac23-3478-6eda-d494-f1d7c9c3a8f3,994163026         7V,994163026,,gear,,True,11590.572938599948,48313.86666666667,0.12953649016183427,16,39.77717628490203,-11.143615,147.9470733333,-36.471055,30.734285
2019-05-02T17:23:45.000Z,2025-07-16T21:34:47.000Z,407b63a60ea62d982978f975f20e8f74,gap,"[97.817357, -31.584672, 147.9488566667, -11.1436683333]",-23.3455,124.7724,[],['8324'],"['ACAP', 'WCPFC', 'FFA', 'IWC', 'SPC']",['71'],['71'],[],[],[],[],108,1563,197.848094,1565.303625,04b7c0093-375c-7288-9d47-32df570dcb49,994163030         9V,994163030,,gear,,True,5607.727627528122,54412.183333333334,0.055648027682717496,34,39.77717628490203,-11.1436683333,147.9488566667,-31.584672,97.817357
2019-05-03T05:34:36.000Z,2024-08-06T13:21:21.000Z,978cf8c1d380ff7aebe5d15a95bbb491,gap,"[6.746297, 18.38745, 39.79635, 43.378332]",31.9381,25.5232,[],['8356'],"['ACAP', 'PERSGA', 'IOTC', 'IWC']","['51', '51.1']",['51'],[],[],[],[],105,2,249.345109,4.123515,9d3c719bc-c174-f2fa-ce4b-abecc7dadfa3,MAX CENTAUR,249041000,MLT,cargo,,True,4154.930503983575,46135.76666666667,0.04862784680096316,131,90.34510179641879,18.38745,39.79635,43.378332,6.746297
2019-05-05T11:58:25.000Z,2025-10-27T03:21:19.000Z,bb7d86b1602ce55abf9e28f99e1a61f9,gap,"[-179.925448, -7.2128, -164.6542066667, -2.288068]",-4.7927,-172.3173,[],[],"['ACAP', 'SPRFMO', 'WCPFC', 'IWC']",['77'],['77'],[],[],[],[],425,362,692.4155,696.4063120000001,a29ced2b8-8482-155e-c209-01179ce97fe0,NET FISH 756      9V,756000004,,gear,,True,1778.1105538947995,56799.36666666667,0.01690340838668838,84,174.68701663967198,-7.2128,-164.6542066667,-2.288068,-179.925448
2019-05-08T02:47:26.000Z,2026-02-03T15:05:53.000Z,d1cc1be8e200e45c21ea73e28bca4f13,gap,"[-165.20438, -7.2846133333, 140.297198, 18.353963]",6.22,168.197,[],[],"['ACAP', 'SPRFMO', 'WCPFC', 'IWC']",['77'],['77'],[],[],[],[],403,539,702.080125,674.0724379999999,b51616464-4178-c2d3-1eda-9d5094c5d213,NET FISH 756      9V,756000006,,gear,,True,6621.510741334951,59124.3,0.060471409791557074,76,172.20659623054135,-7.2846133333,-165.20438,18.353963,140.297198
2019-05-09T07:52:14.000Z,2026-01-21T00:33:58.000Z,2420f6cc3d4ec011c7d715032d96c7d8,gap,"[-164.79973, -7.182965, 153.32812, 12.670602]",2.9374,174.4481,[],[],"['ACAP', 'SPRFMO', 'WCPFC', 'IWC']",['77'],['77'],[],[],[],[],423,465,699.806875,602.909562,c3df54d2f-f55a-efd0-a0e6-774a7be4e0a5,NET FISH 756      9V,756000003,,gear,,True,5126.34134548031,58768.683333333334,0.04709996428928777,78,174.68701663967198,-7.182965,-164.79973,12.670602,153.32812
2019-05-09T22:39:57.000Z,2026-07-19T21:11:23.000Z,c825a646702d3679f42b8e1241fc91fc,gap,"[-172.28149, -7.111895, -165.0340133333, 2.4787879999999998]",-2.3212,-168.6701,[],[],"['ACAP', 'SPRFMO', 'WCPFC', 'IWC']",['77'],['77'],[],[],[],[],425,519,714.31025,1442.580375,3bddce4a7-7124-3194-8efc-7672f8d0d0b6,NET FISH 756      9V,756000011,,gear,,True,1335.7214042908631,63070.51666666667,0.011435325059727346,34,172.20659623054135,-7.111895,-165.0340133333,2.478788,-172.28149
2019-05-09T22:57:17.000Z,2025-10-27T01:47:18.000Z,ce84690939d5142bf492add7ac9635a7,gap,"[-165.034515, -7.1149466667, 179.934902, -2.191573]",-4.6934,-172.5763,[],[],"['ACAP', 'SPRFMO', 'WCPFC', 'IWC']",['77'],['77'],[],[],[],[],425,348,714.31025,705.426875,4447122e5-51b6-366b-39e5-f8dde63f33cd,NET FISH 756      9V,756000007,,gear,,True,1752.9428278189882,56690.833333333336,0.016696057374645124,52,172.20659623054135,-7.1149466667,-165.034515,-2.191573,179.934902
2019-05-09T22:59:42.000Z,2025-12-15T00:05:39.000Z,4487515e1fd9dfbdf7cd37ad78a0cff4,gap,"[-179.4373, -7.1153566667, -165.0345683333, -3.465118]",-5.3321,-172.2573,[],[],"['ACAP', 'SPRFMO', 'WCPFC', 'IWC']",['77'],['77'],[],[],[],[],424,423,713.246625,578.671938,12eb3c3be-e65a-7821-117f-e3d9ef518f5a,NET FISH 756      9V,756000005,,gear,,True,1645.2320560603132,57865.083333333336,0.015352163874297503,27,172.20659623054135,-7.1153566667,-165.0345683333,-3.465118,-179.4373
2019-05-15T14:58:42.000Z,2025-08-30T04:10:31.000Z,c4c2a266e2300e0447d69aa77bbaae92,gap,"[65.31351, -32.332988, 104.259572, -3.4702616667]",-18.9049,83.103,[],[],"['ACAP', 'IOTC', 'IWC', 'SIOFA']","['51', '51.4']",['51'],[],[],[],[],733,997,891.355375,995.8849379999999,146477e92-2749-9d8f-3bf4-73e17e0f996b,994162880         4V,994162880,,gear,,True,5170.858536201551,55165.183333333334,0.05061236232023999,29,27.76500438303146,-3.4702616667,65.31351,-32.332988,104.259572
2019-05-15T15:02:49.000Z,2024-03-27T08:27:43.000Z,0fa2c77851133b10943f4b83de4c586b,gap,"[65.21974, -3.476215, 122.561743, 19.671713]",9.21,92.9779,[],[],"['ACAP', 'IOTC', 'IWC', 'SIOFA']","['51', '51.4']",['51'],[],[],[],[],742,54,899.596188,372.40381199999996,b6c4c35c7-780b-1c2d-140a-72df966f6b48,994162878         8V,994162878,,gear,,True,6768.518006361411,42665.4,0.08565974646545946,17,27.76500438303146,-3.476215,65.21974,19.671713,122.561743
2019-05-15T19:09:21.000Z,2024-03-13T10:05:55.000Z,bcb650cd957f25d21826c74e3c408797,gap,"[65.0606366667, -3.3339216667000002, 82.590453, -1.98917]",-2.6929,73.8304,[],[],"['ACAP', 'IOTC', 'IWC', 'SIOFA']","['51', '51.4']",['51'],[],[],[],[],765,905,923.172125,914.306188,ca14db743-3fd2-804c-813f-b1a1a67d372b,994161350         7V,994161350,,gear,,True,1952.798733697087,42326.933333333334,0.024911489659211406,23,27.76500438303146,-3.3339216667000002,65.0606366667,-1.98917,82.590453
2019-05-19T15:06:28.000Z,2025-09-29T09:33:05.000Z,6b91764fc44917572a7b66863c2ddc20,gap,"[122.78514, 11.0446633333, 178.961595, 36.57436]",26.5397,153.9272,[],[],"['ACAP', 'WCPFC', 'IWC']","['71', '71.6.2']",['71'],[],[],[],[],885,44,940.856688,35.511660000000006,9e21840be-e5be-a597-ec7b-31234835bce4,Q0F10,111111208,,gear,,True,6275.169740741219,55794.433333333334,0.06072864965058121,38,146.53982154274914,11.0446633333,178.961595,36.57436,122.78514
2019-05-25T16:18:57.000Z,2025-05-24T06:47:47.000Z,ba184b2294ffbecb02cca167e2b894a4,gap,"[59.3313516667, -35.1471366667, 100.116787, -35.002005]",-36.8368,79.743,[],[],"['ACAP', 'IOTC', 'IWC', 'SIOFA', 'CCSBT']","['51', '51.7']",['51'],[],[],[],[],1382,1366,1580.821875,1385.80725,28f97050c-c28d-12e1-18af-62ba3756d3bd,FK007             9V,994038017,,gear,,True,3684.892262518174,52574.46666666667,0.037845037207187564,55,166.43656332196474,-35.1471366667,59.3313516667,-35.002005,100.116787
2019-05-26T11:09:17.000Z,2025-04-07T14:21:54.000Z,2864605c2bb56579f80bbd22980f27ae,gap,"[-157.206485, -10.3081716667, 118.222015, 24.10805]",9.2846,162.46,[],['8446'],"['ACAP', 'WCPFC', 'FFA', 'IWC', 'SPC']",['77'],['77'],[],[],[],[],157,20,720.5675620000001,5.651592,240422b5d-d7bc-a315-7e7c-f4ff1ea5370f,ZHONGYANG16-1,900216001,,gear,,True,9931.949411551639,51435.2,0.10426368822023396,105,175.24165176856675,-10.3081716667,-157.206485,24.10805,118.222015
2019-06-02T06:57:48.000Z,2024-12-02T03:14:40.000Z,4b70b01e387334a2149752c3dc8f67df,gap,"[59.2548516667, -33.2271683333, 72.951005, -11.385548]",-22.4499,66.6476,[],[],"['ACAP', 'IOTC', 'IWC', 'SIOFA', 'CCSBT']","['51', '51.7']",['51'],[],[],[],[],1360,441,1373.267625,459.731344,d6c49230e-e499-3aa0-e271-ff4ecca80e16,FK006             7V,994038016,,gear,,True,2801.0561349666937,48236.26666666667,0.031355024371772684,29,158.0361897469465,-33.2271683333,59.2548516667,-11.385548,72.951005
2019-06-09T18:59:21.000Z,2025-08-12T09:29:15.000Z,3842a72470ed57fcdd069b595e23e5ad,gap,"[67.3867716667, -2.4084483333, 150.878005, 18.051563]",10.4294,107.865,[],[],"['ACAP', 'IOTC', 'IWC', 'SIOFA']","['51', '51.4']",['51'],[],[],[],[],577,534,757.327625,630.956875,53b18be10-045b-4905-62b4-eda7b5741ac0,777-05,777889905,,gear,,True,9403.583389775116,54134.48333333333,0.0937947222458447,18,23.74678351098981,-2.4084483333,67.3867716667,18.051563,150.878005
2019-06-25T00:50:55.000Z,2025-04-21T02:26:09.000Z,bca6786e1e667cb75e6d1d06d6ecfae9,gap,"[127.79959833333334, 34.752855, 171.7120416667, 42.7922233333]",40.8867,148.4523,[],[],"['ACAP', 'PICES', 'WCPFC', 'NPFC', 'IWC', 'NPAFC']",['61'],['61'],[],[],[],[],1074,2,1333.958875,0.0,9fea03182-2d79-9923-8a49-892a325d0dce,,440757000,KOR,other,,True,3864.6038703299873,51049.583333333336,0.04087632094508111,178,416.6780672611198,42.7922233333,171.7120416667,34.752855,127.79959833333334
2019-06-29T09:55:20.000Z,2025-11-15T22:40:31.000Z,63fabbdf88c8a66f5f9a12cd611301b7,gap,"[-164.012135, -7.5949066667, 121.880857, 36.465313]",17.8251,163.4309,[],[],"['ACAP', 'SPRFMO', 'WCPFC', 'IWC']",['77'],['77'],[],[],[],[],413,37,637.00625,35.145914,5934a40e6-60ee-9d0b-a84d-69dc4543bf31,212-3,212000003,CYP,gear,,True,9114.327482756255,55956.75,0.08794905231697192,18,174.68701663967198,-7.5949066667,-164.012135,36.465313,121.880857
2019-06-30T23:45:15.000Z,2024-11-24T11:48:24.000Z,d77d57c81bd9ee13666f34bd6dae8b92,gap,"[121.85536, 13.5139933333, 176.73407, 27.974242]",23.1044,150.7239,[],[],"['ACAP', 'WCPFC', 'IWC']","['71', '71.6.2']",['71'],[],[],[],[],730,36,921.89175,33.122582,4c81a60d5-5eb0-9f50-5920-973ac49b7e10,LQ2608,111111306,,gear,,True,5878.797955111467,47364.05,0.06701912002888333,36,144.2881903104225,13.5139933333,176.73407,27.974242,121.85536
2019-07-02T18:34:15.000Z,2024-12-08T20:19:13.000Z,143b88b0f5493a6ed3bf2052945520f6,gap,"[-157.02254, -28.9850466667, 122.053313, 28.111438]",-0.5741,162.3127,[],[],"['ACAP', 'SPRFMO', 'WCPFC', 'IWC']",['81'],['81'],[],[],[],[],786,35,909.594062,33.425289,f8decb854-4e65-fdae-e7e5-1c29592705f5,989800003-1 90%,989800003,,gear,,True,10688.14492148787,47665.73333333333,0.12107516580768259,48,223.80301267906842,-28.9850466667,-157.02254,28.111438,122.053313
2019-07-05T06:07:55.000Z,2024-10-27T07:22:15.000Z,a6855503b4ec3a38809f781023cec6e7,gap,"[-165.2908816667, -0.7755616667, 120.554985, 35.633428]",21.4199,162.0931,[],[],"['ACAP', 'SPRFMO', 'WCPFC', 'IWC']",['77'],['77'],[],[],[],[],586,36,836.920562,31.565186,0c1183d2a-a2b3-decd-3d46-4606cb5a6e5e,LONG XING 605-21 79%,412605021,CHN,gear,,True,8633.41508429414,46585.23333333333,0.10006757245297095,16,164.29083491589398,-0.7755616667,-165.2908816667,35.633428,120.554985
2019-07-10T08:20:49.000Z,2026-03-24T17:22:58.000Z,4e9662506d333904c57b0d739b3c9a6b,gap,"[171.607155, 14.799643, 174.801665, 18.1617316667]",16.4867,173.2183,[],[],"['ACAP', 'WCPFC', 'IWC']","['71', '71.6.2']",['71'],[],[],[],[],478,624,1123.626,933.212375,b19229885-5a4f-b509-813c-bc15c00a6571,NET MARK-42888-14,98339253,,gear,,True,505.7071553991509,58785.03333333333,0.004645060207173125,17,131.75302948372857,18.1617316667,171.607155,14.799643,174.801665
2019-07-10T08:55:40.000Z,2025-08-11T20:03:10.000Z,023ecb479548121805291720af977156,gap,"[-162.3466233333, -8.133422, -133.744032, -6.0961816667]",-7.3399,-148.0777,[],[],"['ACAP', 'SPRFMO', 'WCPFC', 'IWC']",['77'],['77'],[],[],[],[],453,585,799.390188,599.791562,701613bf8-8819-c307-7552-3cd688bf5ab8,DH20104           9V,994010291,,gear,,True,3163.4094983747823,53387.11666666667,0.031994694364725094,40,176.98307826996174,-6.0961816667,-162.3466233333,-8.133422,-133.744032
2019-07-21T02:51:14.000Z,2026-04-08T23:41:22.000Z,e15e12b7a8ac4d670120c5dc3676c9cf,gap,"[40.381385, -3.505138, 164.111545, -3.2827583333]",-7.1682,102.2588,[],[],"['ACAP', 'SPRFMO', 'WCPFC', 'IWC']",['71'],['71'],[],[],[],[],435,39,436.251688,100.825039,f3a4a6c27-758c-a1d0-a013-6b10c0de0fba,AIS NET MARK,412888817,CHN,gear,,True,13716.534248818816,58892.833333333336,0.1257595460820048,24,124.8978775944945,-3.2827583333,164.111545,-3.505138,40.381385
2019-07-22T23:17:21.000Z,2026-01-20T22:12:00.000Z,6d38c54e8793231c562f3edfa3f34c8d,gap,"[108.611725, 18.722428, 161.0671466667, 37.31739]",30.6546,132.3818,[],[],"['ACAP', 'PICES', 'WCPFC', 'NPFC', 'IWC', 'NPAFC']",['61'],['61'],[],[],[],[],1299,8,1402.802875,22.052732,cd9e8ffc5-5614-295a-0c00-2241daf28239,,300300009,,gear,,True,5469.475972111858,56974.9,0.0518347686872536,27,69.08739142995026,37.31739,161.0671466667,18.722428,108.611725
2019-07-23T21:15:38.000Z,2024-10-16T14:02:02.000Z,f0635eab1a8c328fe20eeed216274f27,gap,"[112.862202, -17.224362, 146.84992, 3.0467366667]",-7.4088,130.2453,[],[],"['ACAP', 'SEAFDEC', 'SPRFMO', 'WCPFC', 'IWC']",['71'],['71'],[],[],[],[],453,445,560.5558120000001,398.006438,e8a408d73-34ea-2e81-1b7f-2ace85f137f1,BUOY41946-03      8V,994162653,,gear,,True,4357.141490335124,45880.76666666667,0.05127787441779876,25,42.14343730639093,3.0467366667,146.84992,-17.224362,112.862202
2019-07-24T04:23:15.000Z,2026-06-13T02:13:06.000Z,055f046a531d0de14be484f664521c18,gap,"[103.92464166666667, 1.27837, 167.557635, 47.0344383333]",27.664,129.0443,[],[],"['ACAP', 'PICES', 'WCPFC', 'NPFC', 'IWC', 'NPAFC']",['61'],['61'],[],[],[],[],729,4,879.57125,0.0,c06fd553d-dab8-a8d0-8e88-798045249f34,,440767000,KOR,other,,True,7939.435807516675,60381.816666666666,0.07099740644661981,169,385.17970530416346,47.0344383333,167.557635,1.27837,103.92464166666667
2019-07-27T19:46:47.000Z,2024-01-12T17:13:36.000Z,2a9b5b21e490a4126235503ccf5fb378,gap,"[-131.184375, -0.1767233333, 154.349952, 16.35933]",10.1228,-167.5178,[],[],"['ACAP', 'SPRFMO', 'IATTC', 'IWC']",['77'],['77'],[],[],[],[],1334,878,1342.225375,929.68625,c351652f2-2229-e8e0-3ed0-c35ab901a0d9,888298309,888298309,,gear,,True,8357.540655494991,39117.433333333334,0.11536316553895391,105,130.93521093410348,-0.1767233333,-131.184375,16.35933,154.349952
2019-07-31T03:31:43.000Z,2026-01-17T15:40:22.000Z,1d5420c0bae54e4f9d30163c861c76c1,gap,"[124.48916, 35.398353, 162.17143, 48.2746216667]",43.3916,141.356,[],[],"['ACAP', 'PICES', 'WCPFC', 'NPFC', 'IWC', 'NPAFC']",['61'],['61'],[],[],[],[],483,100,506.092469,102.32721099999999,3ef6fb762-2cfc-d0b6-8046-66f5f06a6a10,LU PENG YUAN YU,412329900,CHN,other,,True,3390.698477694543,56700.13333333333,0.0322897073404554,143,336.66692649080494,48.2746216667,162.17143,35.398353,124.48916
2019-08-01T08:00:48.000Z,2026-05-20T20:21:29.000Z,6a8de1a5d0d8240ec9577fd0808fc79d,gap,"[108.364898, -15.84528, 143.08719, 3.0210833333]",-6.7153,126.0605,[],[],"['ACAP', 'SEAFDEC', 'SPRFMO', 'WCPFC', 'IWC']",['71'],['71'],[],[],[],[],477,654,663.577625,669.320688,ae1e5cab9-92c0-3352-4931-85a39cbe0908,BUOY41946-06      8V,994162656,,gear,,True,4356.247180768916,59628.333333333336,0.039447443376319835,30,32.476969354277436,3.0210833333,143.08719,-15.84528,108.364898
2019-08-01T11:34:11.000Z,2024-10-28T19:32:53.000Z,f23aa777d0b781b1af78060285ba8f68,gap,"[112.270265, -17.82706, 143.0334116667, 3.00406]",-7.6834,128.0287,[],[],"['ACAP', 'SEAFDEC', 'SPRFMO', 'WCPFC', 'IWC']",['71'],['71'],[],[],[],[],477,441,659.47125,393.446906,c4374a457-70f7-665e-e634-5f04079c1325,,994162654,,gear,,True,4090.589557752876,45967.96666666667,0.048049583699669225,26,32.476969354277436,3.00406,143.0334116667,-17.82706,112.270265
2019-08-01T13:26:40.000Z,2024-07-29T23:43:08.000Z,b90250103ab85f16f6505556d17d80c9,gap,"[110.430198, -16.878118, 142.9473616667, 2.99732]",-7.2264,127.0451,[],[],"['ACAP', 'SEAFDEC', 'SPRFMO', 'WCPFC', 'IWC']",['71'],['71'],[],[],[],[],480,659,656.9185620000001,608.959938,f192d00c8-885a-d37d-157a-de1accf90967,BUOY41946-05      8V,994162655,,gear,,True,4198.312430930847,43786.26666666667,0.05177210876120629,20,29.246745748133023,2.99732,142.9473616667,-16.878118,110.430198
2019-08-04T07:12:58.000Z,2024-11-05T06:16:55.000Z,21ab22e776729ed163023dd50cec1757,gap,"[-150.4867533333, -30.1693783333, 119.04753, 24.92548]",-3.7194,162.9009,[],[],"['ACAP', 'SPRFMO', 'WCPFC', 'IWC']",['81'],['81'],[],[],[],[],659,5,753.3445,3.0250250000000003,56d2cdf26-62d2-4c27-7132-a9d2e4772cd9,33-1 90%,330000001,GRD,gear,,True,11408.793667686994,46079.05,0.1336888620770213,65,240.4218271350786,-30.1693783333,-150.4867533333,24.92548,119.04753
2019-08-04T14:18:10.000Z,2026-04-11T16:21:17.000Z,b53642779479c05594f6bd3f6c491273,gap,"[41.077787, -35.44733, 60.931015, -32.59652]",-34.4237,51.1728,[],[],"['ACAP', 'IOTC', 'IWC', 'SIOFA', 'CCSBT']","['51', '51.7']",['51'],[],[],[],[],1347,1119,1362.951875,1105.12825,c9274a2cd-ddd8-4017-404f-1021dfbedefd,872668005,872668005,,gear,,True,1853.665443903623,58610.05,0.017077263502872548,27,157.4630164756517,-32.59652,60.931015,-35.44733,41.077787
2019-08-06T07:29:05.000Z,2025-02-11T11:13:54.000Z,c7f02ecaf1e32e4a8a43b26a72f293b3,gap,"[-144.186735, -10.4391116667, 63.659855, 12.006633]",3.2537,140.3639,[],[],"['ACAP', 'SPRFMO', 'WCPFC', 'IATTC', 'IWC']",['77'],['77'],[],[],[],[],443,923,459.770531,992.146375,d952e4a63-38a3-7d99-c6f2-ff7176fc2616,Q0902,111111212,,gear,,True,16974.19021894942,48387.73333333333,0.18941431764813682,57,144.90601442177433,-10.4391116667,-144.186735,12.006633,63.659855
2019-08-12T20:09:14.000Z,2025-02-16T19:16:40.000Z,306817536a5f5db606c6554688aa1b45,gap,"[114.23105, 21.738255, 151.9011066667, 27.9772633333]",26.0809,132.5726,[],[],"['ACAP', 'NPFC', 'WCPFC', 'IWC']",['61'],['61'],[],[],[],[],457,26,961.106188,32.682865,9f9165ca0-062d-bcd1-8177-1ccfe242a56b,NETFISHING,200000833,,gear,,True,3848.054177782105,48359.11666666667,0.04296569450764715,39,40.69482968809506,27.9772633333,151.9011066667,21.738255,114.23105
2019-08-15T22:12:56.000Z,2024-10-12T22:43:57.000Z,5f10ded6022c25ee8d93f065bd8ae156,gap,"[122.990827, 29.364192, 168.1198916667, 29.620265]",31.4866,145.5253,[],[],"['ACAP', 'NPFC', 'WCPFC', 'IWC']",['61'],['61'],[],[],[],[],1151,76,2317.6405,51.404734,a7e521df3-3d8a-8257-d737-c135c887ca46,AIB1561397-01,62800003,,gear,,True,4339.330079758366,45240.51666666667,0.051790982323859334,19,113.83261797859488,29.620265,168.1198916667,29.364192,122.990827
2019-08-17T08:08:16.000Z,2024-12-30T00:27:48.000Z,5b67ae1b932e1d9e12a13ce556df26f1,gap,"[119.43861, 25.063255, 162.164065, 41.6867466667]",35.2547,138.6455,[],[],"['ACAP', 'PICES', 'WCPFC', 'NPFC', 'IWC', 'NPAFC']",['61'],['61'],[],[],[],[],983,7,1094.71175,18.209709,e9d4a8840-0755-897d-1c46-3f139fb9289e,LUPENGYU,412001000,CHN,fishing,,True,4321.076205647401,47080.316666666666,0.04955774855995994,179,345.4214689395032,41.6867466667,162.164065,25.063255,119.43861
2019-08-18T14:37:05.000Z,2025-04-03T16:21:05.000Z,80b2ccd9ed9a849c055d57b053e2bbec,gap,"[80.283825, -37.444647, 96.94018, -23.01957]",-30.4956,87.9935,[],[],"['ACAP', 'IOTC', 'IWC', 'SIOFA', 'CCSBT']","['57', '57.3']",['57'],[],[],[],[],1660,1668,1783.973875,1696.943,908e2a3b0-0ed3-aedd-ac1e-ccf6495c85be,AIB1561914-01,81561914,,gear,,True,2258.6362461857257,49321.73333333333,0.024726746714626394,31,147.9914857885258,-23.01957,80.283825,-37.444647,96.94018
2019-08-29T18:18:04.000Z,2024-05-27T18:13:38.000Z,6f5c186446fafe305e011483e29bddd1,gap,"[-171.650285, -27.284325, -168.0105366667, -26.418665]",-26.8631,-169.8234,[],[],"['ACAP', 'SPRFMO', 'WCPFC', 'IWC']",['81'],['81'],[],[],[],[],828,648,841.460062,770.77,98365d45b-be7b-a6c2-061c-6cd27ac713e0,CHUN I NO.218-10,81060377,,gear,,True,373.67710022083105,41591.916666666664,0.0048511708218907275,15,190.14235130333878,-26.418665,-168.0105366667,-27.284325,-171.650285
2019-09-02T11:20:00.000Z,2025-02-28T05:43:13.000Z,8b66acf3ee3af2094d9e93e466d83d3c,gap,"[64.1617416667, -30.2869666667, 121.943215, 22.460707]",-4.4665,94.1247,[],[],"['ACAP', 'IOTC', 'IWC', 'SIOFA', 'CCSBT']","['51', '51.7']",['51'],[],[],[],[],1168,50,1182.12225,151.28075,768a4c38a-a0a6-95fc-9867-b1e9ea573a6b,994162882         7V,994162882,,gear,,True,8510.803139904872,48138.38333333333,0.0954636558199878,72,163.84882870147035,-30.2869666667,64.1617416667,22.460707,121.943215
2019-09-02T14:28:19.000Z,2025-09-22T02:25:34.000Z,44c420cb68f479e5535b125181a85964,gap,"[64.0849366667, -31.824967, 103.141022, -30.4337233333]",-32.6515,83.464,[],[],"['ACAP', 'IOTC', 'IWC', 'SIOFA', 'CCSBT']","['51', '51.7']",['51'],[],[],[],[],1183,1079,1197.183875,1077.6915,dd3e5fc73-3bc0-5979-bf58-0d9d77b2267a,994162888         8V,994162888,,gear,,True,3700.6491821399086,53075.95,0.037647761426772446,79,163.84882870147035,-30.4337233333,64.0849366667,-31.824967,103.141022
2019-09-02T16:17:43.000Z,2024-11-21T12:15:30.000Z,ca4dadc202cb6d9e60da8885c2f35321,gap,"[63.984045, -30.5399633333, 119.787772, 21.79484]",-4.9441,93.0256,[],[],"['ACAP', 'IOTC', 'IWC', 'SIOFA', 'CCSBT']","['51', '51.7']",['51'],[],[],[],[],1195,82,1208.886,85.453422,49b1b73b8-8917-c790-aadf-aab01a2395d4,994162890         7V,994162890,,gear,,True,8326.584100965923,45763.95,0.09824317470110884,94,159.84461616116064,-30.5399633333,63.984045,21.79484,119.787772
2019-09-05T18:06:34.000Z,2025-08-21T13:22:23.000Z,151c437ca4d5e8403d235e7c0da1a269,gap,"[-174.7617566667, 22.077288, 114.378477, 38.82149]",35.7572,146.2862,[],[],"['ACAP', 'NPFC', 'WCPFC', 'NPAFC', 'IWC']",['77'],['77'],[],[],[],[],1200,7,1457.277125,6.1381239999999995,951478d58-8c1a-c50d-8efe-fc76bd149565,NET FISHING,200000839,,gear,,True,6873.336351133181,52243.25,0.07103893278526698,65,131.18854629442725,38.82149,-174.7617566667,22.077288,114.378477
2019-09-06T20:32:51.000Z,2024-11-05T06:35:55.000Z,12ee8a34b6254a05a473817549626bc1,gap,"[-153.6725866667, -28.5503016667, 119.075693, 24.926472]",-2.5021,161.8313,[],[],"['ACAP', 'SPRFMO', 'WCPFC', 'IWC']",['81'],['81'],[],[],[],[],658,8,791.395625,0.0,78d6e67fa-aa1f-3667-0bed-be9235635a9a,33-2 90%,330000002,GRD,gear,,True,11052.184314439326,45274.05,0.13181286219430657,46,223.6993118105843,-28.5503016667,-153.6725866667,24.926472,119.075693
2019-09-10T16:55:46.000Z,2024-02-02T20:15:08.000Z,c087c40220b6ab958349568121cfb05e,gap,"[108.429405, 17.029198, 162.6263466667, 41.3108266667]",32.0402,132.0117,[],[],"['ACAP', 'PICES', 'WCPFC', 'NPFC', 'IWC', 'NPAFC']",['61'],['61'],[],[],[],[],1040,87,1148.92725,89.250727,ab343a226-67fd-e881-87fd-c535c4438e08,CAF,543212345,,fishing,,True,5799.760833024312,38547.316666666666,0.08124094206836303,21,345.4214689395032,41.3108266667,162.6263466667,17.029198,108.429405
2019-09-11T21:15:11.000Z,2024-12-06T08:14:47.000Z,d22df8893a0deb6be6e5d055b10f338e,gap,"[-26.41134, 64.120788, -22.693457, 66.6034916667]",65.3735,-24.4645,[],['5680'],"['ICCAT', 'ACAP', 'ICES', 'NAMMCO', 'NASCO', 'IWC']","['27.5.a', '27.5', '27.5.a.2', '27']",['27'],[],[],[],[],132,3,134.002984,9.014311,6de3e7a20-0c67-d152-5b99-cbd0de790645,BAUJA 14 SOLBORG RE,992511441,,gear,,True,325.3217247094586,45898.98333333333,0.0038270930162684533,16,68.11817645716866,66.6034916667,-26.41134,64.120788,-22.693457
2019-09-13T06:14:57.000Z,2024-03-05T14:21:16.000Z,cb4d212957607d51534db09a7780f90b,gap,"[122.15377, 37.795607, 162.3087916667, 42.3822933333]",41.8649,141.5254,[],[],"['ACAP', 'PICES', 'WCPFC', 'NPFC', 'IWC', 'NPAFC']",['61'],['61'],[],[],[],[],940,26,1029.511375,25.815921999999997,1f96195b9-92ce-a353-add3-48c5c32c0da2,LP 019,412339000,CHN,cargo,,True,3421.541856289743,39248.1,0.04707195516756664,53,343.71958977242616,42.3822933333,162.3087916667,37.795607,122.15377
2019-09-19T03:35:59.000Z,2024-05-16T19:56:35.000Z,c2ceebf21e81bf72452550a26e3dcfc0,gap,"[-167.662025, -12.5124916667, 178.0708766667, -6.984495]",-9.8231,-174.7361,[],['8325'],"['ACAP', 'WCPFC', 'FFA', 'IWC', 'SPC']",['71'],['71'],[],[],[],[],102,469,450.397938,856.667125,2260c118b-bdaa-a796-5037-967df6bc2236,SUN SHINE NO 8,520204000,FJI,fishing,,True,1679.2901697718398,40840.333333333336,0.022202173149369214,40,113.76527457562753,-12.5124916667,178.0708766667,-6.984495,-167.662025
2019-09-24T15:11:43.000Z,2026-06-09T05:07:56.000Z,29e88fbdcc6742f50414ea01aa1631f0,gap,"[122.69476, 39.272237, 160.952005, 41.50494]",42.0007,141.4939,[],[],"['ACAP', 'PICES', 'WCPFC', 'NPFC', 'IWC', 'NPAFC']",['61'],['61'],[],[],[],[],929,2,1079.272625,3.754108,2dc66d6da-a452-f96d-9e1f-2939b2738959,,412201892,CHN,other,,True,3223.19103543605,58789.933333333334,0.029603434291265166,112,323.5613774629045,41.50494,160.952005,39.272237,122.69476
2019-09-28T05:20:33.000Z,2024-04-02T06:57:13.000Z,a1d29ca574fb8f8fc435e601e9fc2275,gap,"[119.893962, 26.522428, 161.6058883333, 43.1695183333]",36.6663,138.5276,[],[],"['ACAP', 'PICES', 'WCPFC', 'NPFC', 'IWC', 'NPAFC']",['61'],['61'],[],[],[],[],839,2,925.8295,0.0,388a3e975-5d67-30f8-6654-f91b5f795dd8,,412004102,CHN,gear,,True,4177.078971548168,39553.6,0.057022425500062444,119,331.1071934714595,43.1695183333,161.6058883333,26.522428,119.893962
2019-09-29T11:10:53.000Z,2024-03-20T21:35:42.000Z,724c697ededb33803113d47d59bd80c1,gap,"[121.069525, 25.8216333333, 157.8569283333, 36.36536]",32.4337,140.5233,[],[],"['ACAP', 'NPFC', 'WCPFC', 'IWC']",['61'],['61'],[],[],[],[],426,11,1564.332875,13.708836999999999,24e1e1aa5-5b2a-3a06-6aa5-9a95756fc4d3,1555-05,155500005,,gear,,True,3668.2653625170155,39226.4,0.05049417839444962,22,71.7182126212122,25.8216333333,157.8569283333,36.36536,121.069525
2019-09-29T19:22:56.000Z,2024-03-09T04:23:25.000Z,4af42e0c50ba6f498ec557da449008f7,gap,"[121.0453, 25.8456166667, 157.9151266667, 36.349813]",32.4443,140.5391,[],[],"['ACAP', 'NPFC', 'WCPFC', 'IWC']",['61'],['61'],[],[],[],[],433,11,1569.772375,13.265649,737d2c9fd-d45f-c890-53c2-b3195dff463b,1555-02,155500002,,gear,,True,3674.0954504872357,38937.0,0.05095032578360696,18,71.7182126212122,25.8456166667,157.9151266667,36.349813,121.0453
2019-10-04T16:49:49.000Z,2024-12-09T00:47:10.000Z,2263625e6834b1f97f18bd4a4aff77c4,gap,"[-145.65707, -10.12722, 108.688938, 18.116392]",6.5908,162.8432,[],[],"['ACAP', 'SPRFMO', 'WCPFC', 'IATTC', 'IWC']",['77'],['77'],[],[],[],[],465,39,483.148312,39.35998,734d3ea69-9a34-2adb-a6a7-55ebe56adab0,Q0T23,111113276,,gear,,True,11996.440795042909,45415.95,0.1426274210830602,17,146.8345790070317,-10.12722,-145.65707,18.116392,108.688938
2019-10-18T20:29:30.000Z,2025-09-01T06:47:08.000Z,5b6d394e8028e5f3789e784fc5091582,gap,"[123.384298, 26.2233983333, 144.3853666667, 39.178960000000004]",33.1402,134.6589,[],['8487'],"['ACAP', 'WCPFC', 'IWC']",['61'],['61'],[],[],[],[],219,20,238.162984,21.651721000000002,25ba516cf-f618-856c-9676-284f1d4e2351,AIB1561412-01,128000016,,fishing,,True,2426.3508798913176,51466.28333333333,0.025455979727208422,14,18.242712001832295,26.2233983333,144.3853666667,39.17896,123.384298
2019-10-18T23:29:06.000Z,2024-05-16T01:11:49.000Z,65a51da4e4c875f43a9c0cc2328721e2,gap,"[55.1186583333, -12.3820833333, 90.510633, 1.382047]",-5.7713,73.0271,[],['8343'],"['ACAP', 'IOTC', 'SWIOFC', 'IWC']","['51', '51.7']",['51'],[],[],[],[],267,571,564.3291879999999,693.065562,9e19bfb54-42ed-b444-39d6-dcdffcd37b26,,932555501,,gear,,True,4196.016003831562,40105.7,0.05649240354059271,21,51.655371714708394,-12.3820833333,55.1186583333,1.382047,90.510633
2019-10-21T20:56:57.000Z,2024-01-25T03:06:50.000Z,a0a68a2996ce169516d8ab594a6c9254,gap,"[-158.2162083333, 17.51047, -154.495202, 18.6326533333]",18.0805,-156.3498,[],['8453'],"['ACAP', 'WCPFC', 'IWC', 'SPC']",['77'],['77'],[],[],[],[],248,200,258.367344,253.563828,748966010-0224-9ffc-7b02-baf6547ba49c,941204328      12.3V,941204328,,gear,,True,412.65048047726106,37350.15,0.005965529840789671,33,144.96408470743327,18.6326533333,-158.2162083333,17.51047,-154.495202
2019-11-01T20:15:36.000Z,2024-01-13T00:20:14.000Z,b10e3fea39b72de6d28a95a621a5bd0e,gap,"[-139.2480316667, -0.24442666670000002, 154.289197, 16.692308]",9.8021,-171.6717,[],[],"['ACAP', 'SPRFMO', 'IATTC', 'IWC']",['77'],['77'],[],[],[],[],859,842,958.2600620000001,928.281375,700ca1921-19ea-0a2d-94ab-e98498db5d1a,8882983 - 15,888298315,,gear,,True,7515.288673981771,36796.066666666666,0.11028165826012745,65,143.22629409826317,-0.24442666670000002,-139.2480316667,16.692308,154.289197
2019-11-04T07:43:32.000Z,2024-01-24T20:47:31.000Z,496ff54d1450285cad360d48f6767ecf,gap,"[67.952247, -10.641955, 78.9859233333, 19.36595]",4.3822,73.5822,[],[],"['IOTC', 'IWC', 'SIOFA', 'ACAP']","['51', '51.7']",['51'],[],[],[],[],801,295,812.966875,299.011062,c9750d54d-db98-af2d-71b0-e2547d15bf79,994036002         7V,994036002,,gear,,True,3548.98687328013,37021.05,0.051762432659329276,17,50.716747766169476,-10.641955,78.9859233333,19.36595,67.952247
2019-11-10T17:46:47.000Z,2024-06-16T03:12:58.000Z,e281b36a977b0be9f6420390e8e71c9b,gap,"[113.365705, 3.3739166667, 141.1929366667, 21.112667]",12.6013,127.7599,[],[],"['ACAP', 'SEAFDEC', 'SPRFMO', 'WCPFC', 'IWC']",['71'],['71'],[],[],[],[],527,74,646.453062,73.505336,8f46a5df0-0940-42fe-d1c5-779b342f3fd7,666888010,666888010,SOM,gear,,True,3597.5288925582586,40305.433333333334,0.04819474796612284,14,27.530544567051788,3.3739166667,141.1929366667,21.112667,113.365705
2019-11-11T13:48:09.000Z,2024-04-25T19:10:33.000Z,d1f7f8ea00bcca4bf8f5337e4fab9da5,gap,"[-129.863895, -12.2407583333, 117.19114666666667, -1.1142466666666666]",-11.9657,172.6776,[],[],"['ACAP', 'SPRFMO', 'IATTC', 'IWC']",['77'],['77'],[],[],[],[],975,12,980.572312,7.4589170000000005,28d4285c3-3679-4e90-e1f0-d99dee20c6c4,PL200612,200612,,gear,,True,12468.851994702478,39053.36666666667,0.17239592999208958,27,160.64116542135199,-12.2407583333,-129.863895,-1.1142466666666666,117.19114666666667
2019-11-12T12:27:10.000Z,2025-06-08T00:58:05.000Z,841689256a059da410d6e0360ff08a2d,gap,"[118.987125, 23.536828, 178.8924383333, 33.0138266667]",31.8237,147.468,[],[],"['ACAP', 'PICES', 'WCPFC', 'NPFC', 'IWC', 'NPAFC']",['61'],['61'],[],[],[],[],577,35,2126.86875,47.960402,c1132a190-0a39-854a-f0cb-4406bbd87ab8,128000001,128000001,,fishing,,True,5883.37342421214,48828.5,0.06505969889867479,16,136.41677914758895,33.0138266667,178.8924383333,23.536828,118.987125
2019-11-12T22:28:34.000Z,2024-10-10T09:31:11.000Z,f62a1f822d2c51860cb92b951d24dce8,gap,"[122.402805, 25.1218583333, 161.0822866667, 29.749133]",28.8182,142.1643,[],[],"['ACAP', 'NPFC', 'WCPFC', 'IWC']",['61'],['61'],[],[],[],[],724,9,1896.07325,0.0,18c29c2cb-bca2-35ec-5877-82884729aec0,AIB1562228,62800005,,gear,,True,3834.0808939854955,43043.03333333333,0.048096937027526813,15,90.4664899547263,25.1218583333,161.0822866667,29.749133,122.402805
2019-11-26T10:06:58.000Z,2025-11-07T03:23:22.000Z,3a03f2b4abb6a7c8405716051ea89d1d,gap,"[105.354853, -9.2015, 136.0114666667, 1.713955]",-3.8814,120.585,[],['8492'],"['ACAP', 'SEAFDEC', 'WCPFC', 'APFIC', 'IWC']",['71'],['71'],[],[],[],[],198,95,271.403875,90.421914,56d457072-2d68-eea0-1104-89e17456baa4,KMN ANDRIANTO JAYA,525515151,IDN,seismic_vessel,,True,3606.5417374496083,52145.26666666667,0.03734522560851688,21,19.512776861403555,-9.2015,136.0114666667,1.713955,105.354853
2019-12-04T06:33:16.000Z,2024-07-14T19:00:07.000Z,6a8cc6e267e7ffe7e76c9a16f5f2eda0,gap,"[-44.106092, -23.560623, -22.8533433333, -2.85297]",-13.4285,-33.0188,[],[],"['ICCAT', 'ACAP', 'IWC']","['41', '41.1.4', '41.1']",['41'],[],[],[],[],1065,38,1065.676625,41.944598,506ac3de5-597f-5d1e-609f-4c64549282ad,,710000366,BRA,passenger,,True,3244.128486353014,40428.433333333334,0.04332815058768445,37,43.8240008641808,-2.85297,-22.8533433333,-23.560623,-44.106092
2019-12-10T05:41:32.000Z,2024-09-27T09:34:04.000Z,3cd2b0a91562a897b3c13e3868cedfe0,gap,"[-173.1445616667, -21.8187316667, 113.8896, 21.916257]",0.0606,150.387,[],['8448'],"['ACAP', 'WCPFC', 'FFA', 'IWC', 'SPC']",['77'],['77'],[],[],[],[],188,11,221.517078,3.4916729999999996,0a9aafd07-7c83-06f4-2304-dff34df6ea32,990130006        7V9,990130006,,gear,,True,9282.401597670976,42075.86666666667,0.11912044343085161,181,140.18306182646492,-21.8187316667,-173.1445616667,21.916257,113.8896
2019-12-12T10:36:50.000Z,2025-02-17T16:13:14.000Z,d012a9bd9f758983784f76d628949448,gap,"[-123.1189483333, -7.3321833333, 109.366912, 20.931742]",15.0649,176.6088,[],[],"['ACAP', 'SPRFMO', 'IATTC', 'IWC']",['77'],['77'],[],[],[],[],1739,17,1743.032375,27.100278999999997,04e82eb7a-af60-d06b-0a52-fe1c0aa1bf3b,994014034         8V,638000014,SSD,gear,,True,14185.018778491552,45461.6,0.16847839487817656,15,145.83984765029138,-7.3321833333,-123.1189483333,20.931742,109.366912
2019-12-13T02:41:07.000Z,2024-08-02T18:18:48.000Z,cbd5a45244a76e872008af9180c67d7b,gap,"[-173.082905, -3.330683, 178.38331, 4.14445]",0.408,-177.3478,[],[],"['ACAP', 'SPRFMO', 'WCPFC', 'IWC']",['71'],['71'],[],[],[],[],604,120,675.641938,1030.008688,d827ae0ad-d2f5-1ac7-a422-17010db47346,,994010135,,gear,,True,1260.9546231489412,40671.61666666667,0.016740446616577052,20,159.99577646387434,4.14445,178.38331,-3.330683,-173.082905
2019-12-22T12:26:33.000Z,2025-12-07T18:57:13.000Z,b5c3af6fe470188ff7d29aec86398a7e,gap,"[50.2364433333, -30.457937, 103.355708, -4.26342]",-19.2533,74.7138,[],['8337'],"['ACAP', 'IOTC', 'SWIOFC', 'IWC']","['51', '51.5']",['51'],[],[],[],[],361,1020,576.68625,1025.111938,b210c7f6d-d4e2-9c8a-cd79-79affec0d1da,994163664         5V,994163664,,gear,,True,6269.929962241358,52254.5,0.06478851276546727,14,39.76209828299474,-4.26342,50.2364433333,-30.457937,103.355708
2019-12-26T19:52:48.000Z,2026-03-03T18:31:03.000Z,d3293da95593e9abf92f3b8d125f329c,gap,"[45.9020266667, -33.2388, 109.1764, 19.714167]",-7.9236,79.6231,[],[],"['ACAP', 'IOTC', 'IWC', 'SIOFA', 'CCSBT']","['51', '51.7']",['51'],[],[],[],[],850,2,914.256375,0.0,c98438d7a-a1c5-9f12-8e8b-f81431f96d50,,741092396,,other,,True,8924.403555612216,54214.63333333333,0.08888361168117463,66,551.6690762794074,-33.2388,45.9020266667,19.714167,109.1764
2019-12-30T12:21:23.000Z,2025-01-15T15:17:07.000Z,56f5ccb6b4cd09f363ae0136c251d640,gap,"[-79.0053333333, -18.24387, 122.971627, 34.09726]",34.5648,-138.605,[],[],"['ACAP', 'SPRFMO', 'CPPS', 'IATTC', 'IWC']","['87', '87.1', '87.1.4']",['87'],[],[],[],[],516,194,520.0615310000001,195.038328,0fe8a9bb0-07dc-1aef-aad1-2613a897243e,IU RONG YUAN YU 779,412338762,CHN,fishing,,True,17212.824032188528,44234.916666666664,0.2101096179948278,283,378.68562326740386,-18.24387,-79.0053333333,34.09726,122.971627
2020-01-01T10:15:41.000Z,2024-10-30T09:39:41.000Z,0e75809d0bc9aba7914fce79cb86e29f,gap,"[100.70263, -31.449817, 112.6795483333, -27.2243133333]",-29.4711,106.8157,[],['8323'],"['ACAP', 'FFA', 'IOTC', 'IWC', 'CCSBT']","['57.5.2', '57', '57.5']",['57'],[],[],[],[],107,1292,127.67180499999999,1293.39475,0c83212fe-e79d-38ce-0304-a469f2410d13,FISHING BUOY 7    9V,994161911,,gear,,True,1251.5034695239522,42335.4,0.015962003734886186,40,158.6198600648217,-27.2243133333,112.6795483333,-31.449817,100.70263
2020-01-04T02:24:14.000Z,2025-11-05T04:30:38.000Z,7bc177f34cabf561fa30dbcf73e462d1,gap,"[-176.8500516667, -21.3791383333, -173.734557, -21.1201]",-21.2568,-175.2909,[],['8448'],"['ACAP', 'WCPFC', 'FFA', 'IWC', 'SPC']",['71'],['71'],[],[],[],[],123,117,173.235188,125.592727,7491c7a33-3fc4-87fc-d679-38b8048493f3,994057002         9V,994057002,,gear,,True,324.1508702359181,51170.1,0.0034205027492613337,82,126.17132604414172,-21.3791383333,-176.8500516667,-21.1201,-173.734557
2020-01-07T10:05:24.000Z,2026-01-12T21:25:18.000Z,caf9c73a61ee92d1c7ddc67dc94c53b2,gap,"[-106.9332133333, -16.9297166667, 123.420538, 29.804553]",14.7784,-165.8356,[],[],"['ACAP', 'SPRFMO', 'IWC', 'IATTC']","['87', '87.1', '87.1.4']",['87'],[],[],[],[],1149,72,1154.023875,61.885824,e89d2676f-f6df-3d45-acc6-488f6c4c3989,ZHOUYUANYU2601-512V2,185260105,,gear,,True,14723.015753336811,52739.316666666666,0.15073749577845003,118,150.56460558934555,-16.9297166667,-106.9332133333,29.804553,123.420538
2020-01-09T15:42:24.000Z,2025-08-05T07:17:23.000Z,d898a6be254163d2a75c95b4502c6449,gap,"[21.9203483333, -39.00185, 155.302943, 42.795735]",4.7741,84.8022,[],[],"['ACAP', 'IOTC', 'IWC', 'CCSBT']","['47', '47.C', '47.C.0']",['47'],[],[],[],[],493,521,495.40631199999996,646.5116879999999,00a0f0fd0-013a-1e1d-1df8-6a03941f688d,994162527         9V,994162527,,gear,,True,16124.35078522684,48831.566666666666,0.1782955883275614,62,144.76548833841778,-39.00185,21.9203483333,42.795735,155.302943
2020-01-12T13:05:09.000Z,2024-06-09T00:55:58.000Z,fe22660eb43d1fcc87fce985d2eb8ca0,gap,"[57.4955783333, -19.75173, 104.456327, -15.1196316667]",-18.9019,80.6598,[],['8343'],"['ACAP', 'IOTC', 'SWIOFC', 'IWC']","['51', '51.7']",['51'],[],[],[],[],284,1003,543.80925,1017.4234379999999,a303918ba-a32c-c12d-0ad6-9278e96c16aa,BUOY6001296-08    6V,994161388,,gear,,True,4993.4067138913815,38627.833333333336,0.06980003005398884,18,61.92753858777989,-15.1196316667,57.4955783333,-19.75173,104.456327
2020-01-12T15:25:04.000Z,2024-08-26T11:52:25.000Z,1a82c4f72ae07cf7a81305a47224f63c,gap,"[57.4830216667, -15.277715, 60.53219, -11.4408]",-13.3638,59.0197,[],['8343'],"['ACAP', 'IOTC', 'SWIOFC', 'IWC']","['51', '51.7']",['51'],[],[],[],[],274,434,526.058625,935.893625,0741505a9-9fda-91fd-185f-14e5d15bb41d,BUOY6001296-10    9V,994161390,,gear,,True,539.2564152884573,40508.45,0.007188010655607597,23,61.92753858777989,-15.277715,57.4830216667,-11.4408,60.53219
2020-01-12T17:31:08.000Z,2024-05-28T00:10:10.000Z,e3d3724f9f7d2e9846fb60154f70765a,gap,"[57.391, -36.531225, 99.93208, -15.359275]",-27.5552,76.6342,[],['8343'],"['ACAP', 'IOTC', 'SWIOFC', 'IWC']","['51', '51.7']",['51'],[],[],[],[],276,1392,517.44775,1418.903625,de735a347-7049-2cf2-3d47-411c60ef06f6,BUOY6001296-12    8V,994161392,,gear,,True,4807.440141851254,38334.65,0.06771445707209361,29,61.92753858777989,-15.359275,57.391,-36.531225,99.93208
2020-01-20T01:16:00.000Z,2026-09-05T21:27:01.000Z,67e7c68180d7dcf0a3d13447ffb04c01,gap,"[-154.51683333333332, 11.76782, 109.612303, 20.095225]",23.0719,158.8668,[],[],"['ACAP', 'NPFC', 'WCPFC', 'IWC']",['77'],['77'],[],[],[],[],801,11,886.9235620000001,24.789960999999998,f4fd2d819-95f1-a4e8-a92b-fb0f4bff0110,PL200302,200302,,gear,,True,10160.2782839626,58100.183333333334,0.09442502707700663,16,150.69076217321702,11.76782,-154.51683333333332,20.095225,109.612303
2020-01-24T11:34:48.000Z,2024-01-26T23:17:18.000Z,9bbca3511645c34c517a9e188c889fab,gap,"[-42.55384, -25.240666666666666, -40.012, -22.431718333333333]",-23.8414,-41.2692,[],['8464'],"['ICCAT', 'ACAP', 'IWC']","['41', '41.2.1', '41.2']",['41'],[],[],[],[],249,112,3.748568,1.5141930000000001,f69b85f64-4593-36f2-4925-70d960a16246,PETROBRAS 10000,538003532,MHL,other,,True,405.42938339550244,35123.7,0.006232667796537965,97,321.19368017237514,-25.240666666666666,-42.55384,-22.431718333333333,-40.012
2020-01-26T15:21:49.000Z,2025-06-11T04:08:21.000Z,a2adde8bfd32075195c16aca135c5f8c,gap,"[-62.910033, 41.557035, -56.084606666666666, 44.86092333333333]",43.2597,-59.5899,[],['8493'],"['ICCAT', 'ACAP', 'NAMMCO', 'NAFO', 'NASCO', 'IWC']","['21.3', '21.3.P', '21.3.P.s', '21']",['21'],[],[],[],[],211,295,213.60810899999998,300.866125,8ee9b8a94-4aa7-0c87-77e7-f65a7441cddf,BUOY 24 ALS,957,,gear,,True,663.6910046555946,47100.76666666667,0.007608463698527608,16,12.77132625641174,44.86092333333333,-56.084606666666666,41.557035,-62.910033
2020-02-02T10:17:46.000Z,2024-07-29T20:59:41.000Z,3ad118ca8341ed9ac733e96163dac348,gap,"[-32.592005, 3.0036533333333333, 109.404508, 16.683642]",28.0104,34.9475,[],[],"['ICCAT', 'ACAP', 'NAMMCO', 'IWC']","['41', '41.1.4', '41.1']",['41'],[],[],[],[],756,122,759.72475,125.03508599999999,623371af7-78fc-bdf1-a894-0e7407385b11,CR2008,111113088,,gear,,True,15302.974872942901,39346.683333333334,0.21000360629525755,30,36.83015214414738,3.0036533333333333,-32.592005,16.683642,109.404508
2020-02-08T05:58:34.000Z,2025-03-22T10:21:54.000Z,13bed0f2bf590349a96f38e3cc2c9791,gap,"[3.4555933333333333, 11.574766666666667, 81.23493333333333, 51.88227666666667]",38.0036,52.7177,[],['8480'],"['ACAP', 'BOBP-IGO', 'IOTC', 'APFIC', 'IWC']","['57', '57.1']",['57'],[],[],[],[],153,23,160.386859,0.0,1b8674335-5117-506d-653e-4c479738059d,LISA II,636019747,LBR,other,,True,8160.5515171051575,44860.38333333333,0.09822353230623732,27,27.914735460305508,11.574766666666667,81.23493333333333,51.88227666666667,3.4555933333333333
2020-02-08T13:52:07.000Z,2024-07-31T21:21:10.000Z,14e81832ae29496c3a76b0377df62960,gap,"[-56.115318333333335, 44.86893, 10.556396666666666, 55.564128333333336]",55.1014,-27.0084,[],['8493'],"['ICCAT', 'ACAP', 'NAMMCO', 'NAFO', 'NASCO', 'IWC']","['21.3', '21.3.P', '21.3.P.s', '21']",['21'],[],[],[],[],210,2,212.417641,5.446035,aa9eb31a2-2664-5855-820b-3c94727f3b98,BUOY 22 ALS,953,,gear,,True,4694.73098717832,39247.48333333333,0.06458890409333268,41,12.77132625641174,44.86893,-56.115318333333335,55.564128333333336,10.556396666666666
2020-02-09T09:48:48.000Z,2025-04-08T16:27:31.000Z,970402e51b7d2d08e0fd214e56e6414f,gap,"[91.001025, -27.5449733333, 112.893295, -23.503978]",-25.9358,101.7605,[],['8323'],"['ACAP', 'FFA', 'IOTC', 'IWC', 'CCSBT']","['57.5.2', '57', '57.5']",['57'],[],[],[],[],107,1395,129.459367,1412.63475,97863f05d-dfe0-a5f0-b222-5051f8499584,FISHING BUOY 1    7V,994164675,,gear,,True,2238.998812462724,45246.63333333333,0.026719394409128048,20,158.6198600648217,-27.5449733333,112.893295,-23.503978,91.001025
2020-02-10T07:01:45.000Z,2024-03-07T21:30:37.000Z,24143dca06051263f8f04d1c2d92239f,gap,"[167.201163, 2.649813, 167.5870783333, 3.0877316667]",2.8688,167.3941,[],['8318'],"['ACAP', 'WCPFC', 'FFA', 'IWC', 'SPC']",['71'],['71'],[],[],[],[],205,270,409.56,355.066312,74e570bc9-9dd1-f8eb-ea90-f3d9f5b769ea,SLC722-07 70%,991272207,,gear,,True,64.86875013117651,35702.46666666667,0.000981061709041526,18,168.07401368670324,3.0877316667,167.5870783333,2.649813,167.201163
2020-02-12T20:31:25.000Z,2024-09-09T10:27:22.000Z,ddee12d04d9c1300aeea1459c9d1f8c1,gap,"[-150.92853333333332, -25.059877, 34.820122, 33.63416333333333]",48.8668,81.933,[],[],"['ACAP', 'NPFC', 'WCPFC', 'IWC', 'NPAFC']",['77'],['77'],[],[],[],[],1491,33,1514.92675,219.700422,720f0e65d-d5de-05d0-52a5-9a8dd068134e,5168-6 90%,516800006,CXR,gear,,True,18911.363708054385,40093.916666666664,0.2546850082441341,83,101.04398912417776,33.63416333333333,-150.92853333333332,-25.059877,34.820122
2020-02-13T08:57:52.000Z,2024-04-10T18:44:21.000Z,4e0d16a3894a193b38c8e945e93a1123,gap,"[-162.907575, -9.708368, -158.723735, -7.12682]",-8.4231,-160.8087,[],['8446'],"['ACAP', 'WCPFC', 'FFA', 'IWC', 'SPC']",['77'],['77'],[],[],[],[],214,201,832.875688,394.232688,b59f0710c-cd83-edf8-445b-b94a1f7897b1,HNY718 69%,991171804,,gear,,True,542.3602972040933,36441.76666666667,0.008036139824897395,25,177.02901112100432,-7.12682,-158.723735,-9.708368,-162.907575
2020-02-15T15:55:48.000Z,2026-07-09T01:28:07.000Z,613e1356d55213490a631ed5130d825c,gap,"[145.40485833333332, -9.701688333333333, 160.418178, -7.421235]",-8.6344,152.9341,[],['8324'],"['ACAP', 'WCPFC', 'FFA', 'IWC', 'SPC']",['71'],['71'],[],[],[],[],149,54,178.900578,122.953164,392d5f04e-ecd7-a94c-3644-e038ca00710d,766111105         7V,766111105,,gear,,True,1669.9475401628465,56049.53333333333,0.01608754760476886,27,33.53396857452774,-9.701688333333333,145.40485833333332,-7.421235,160.418178
2020-02-23T00:28:20.000Z,2024-09-09T09:13:38.000Z,fb126cdca6f34ce3dd14f3737ce7af41,gap,"[-150.8796933333, -25.123885, 35.018097, 33.855265]",48.6766,82.102,[],[],"['ACAP', 'NPFC', 'WCPFC', 'NPAFC', 'IWC']",['77'],['77'],[],[],[],[],1515,47,1539.685625,235.123672,73593de41-1ec4-eee8-5d85-94143453df5e,5168-4 90%,516800004,CXR,gear,,True,18889.429431590797,39848.75,0.2559547271867808,62,101.04398912417776,33.855265,-150.8796933333,-25.123885,35.018097
2020-02-24T23:42:57.000Z,2024-09-10T17:04:27.000Z,c951d41f4fe8b6cb897bbe697c34f67e,gap,"[-150.043945, -24.75766, 35.305285, 33.94507333333333]",51.062,78.5852,[],[],"['ACAP', 'NPFC', 'WCPFC', 'NPAFC', 'IWC']",['77'],['77'],[],[],[],[],1561,27,1582.77675,278.96759399999996,cbf708923-3ae4-1de1-8951-a26ac6b7dc79,,516800002,CXR,gear,,True,18870.00710328702,39833.35,0.25579040469048314,31,101.04398912417776,33.94507333333333,-150.043945,-24.75766,35.305285
2020-02-27T23:59:10.000Z,2024-02-05T15:52:34.000Z,fbce83a746b8d716ab52425267c835c3,gap,"[-120.639267, -18.078925, -103.383755, -1.8009416667]",-10.0513,-111.7936,[],[],"['ACAP', 'SPRFMO', 'IATTC', 'IWC']","['87', '87.1', '87.1.4']",['87'],[],[],[],[],1314,846,1323.05525,1247.777375,bae122322-21ed-e329-75ba-17c63f7f285c,B02              90%,44934195,,gear,,True,2611.684578336237,34527.88333333333,0.04084226197531301,20,74.6941967813771,-1.8009416667,-103.383755,-18.078925,-120.639267
2020-03-14T17:29:26.000Z,2026-01-03T13:54:41.000Z,1194de92e964e00870769ba8645a3f73,gap,"[-155.892685, -10.756551666666667, 123.601682, 31.117845]",13.2192,167.1837,[],['8446'],"['ACAP', 'WCPFC', 'FFA', 'IWC', 'SPC']",['77'],['77'],[],[],[],[],290,86,701.382625,60.230398,ac3ba50ed-d711-2206-91dc-396d39325844,ZHOUYUANYU2601-210V8,185260102,,gear,,True,9738.110590789927,50900.416666666664,0.10330286882984763,83,171.01174944764264,-10.756551666666667,-155.892685,31.117845,123.601682
2020-03-19T05:29:50.000Z,2025-09-29T01:47:24.000Z,34e3c547587261f299a494fb035a1564,gap,"[70.64371166666666, -38.581945, 99.377, -32.261253]",-36.2844,85.5866,[],[],"['ACAP', 'IOTC', 'IWC', 'SIOFA', 'CCSBT']","['51', '51.7']",['51'],[],[],[],[],597,1434,2213.5125,1433.329125,f7527d110-0527-c6c9-595d-937acc1fad21,994166352         9V,994166352,,gear,,True,2684.611117646303,48476.28333333333,0.02990274703277915,86,217.32975608204623,-38.581945,70.64371166666666,-32.261253,99.377
2020-03-19T11:42:51.000Z,2025-04-16T17:05:50.000Z,39fda1c443acded8aaa8cae1838762c6,gap,"[114.098427, 13.744736666666666, 159.19848, 17.178412]",16.6729,136.8457,[],[],"['ACAP', 'WCPFC', 'IWC']","['71', '71.6.1']",['71'],[],[],[],[],399,156,758.963438,434.176562,f53ec2bb0-0aa0-3a34-c401-282500081396,9994321-16 90%,999432116,,gear,,True,4838.194645365492,44501.36666666667,0.0587041772172124,18,112.60858182226995,13.744736666666666,159.19848,17.178412,114.098427
2020-04-02T16:34:42.000Z,2025-06-17T07:05:46.000Z,5f9f3a1bc2b10f0d45fe98accd1af555,gap,"[120.250837, 17.3905533333, 171.3213833333, 26.7409]",24.189,146.6934,[],[],"['ACAP', 'WCPFC', 'IWC']","['71', '71.6.2']",['71'],[],[],[],[],392,8,1032.7655,9.984313,df7a4221a-aec7-085c-aae3-1d72d515b908,412888803,412888803,CHN,gear,,True,5329.962224770071,45638.51666666667,0.06305966047158129,33,134.83567008691062,17.3905533333,171.3213833333,26.7409,120.250837
2020-04-04T17:49:03.000Z,2025-11-20T02:48:14.000Z,494f7784f3d48ce6427bec2519836172,gap,"[-158.28022166666668, 8.70594, 107.378257, 18.725183333333334]",19.7439,153.2269,[],['8453'],"['ACAP', 'WCPFC', 'IWC', 'SPC']",['77'],['77'],[],[],[],[],252,70,259.315375,172.621719,dcfd21e81-126d-b0e3-d5d3-5a364bd5a236,SHORTLINE-3    12.2V,941200767,,gear,,True,10149.493516815282,49328.98333333333,0.11109671648819379,19,144.96408470743327,18.725183333333334,-158.28022166666668,8.70594,107.378257
2020-04-05T16:15:55.000Z,2024-06-06T14:22:52.000Z,cc42ef40142508b46afca925b8c2111a,gap,"[123.536433, 14.55831, 160.30212, 25.0341]",20.7707,142.5476,[],[],"['ACAP', 'WCPFC', 'IWC']","['71', '71.6.2']",['71'],[],[],[],[],380,67,873.2600620000001,88.492148,dcba3530e-e05a-75d6-372c-00f3ed2fbb42,NETFISHING,200000761,,gear,,True,4004.348616872842,36550.1,0.059156480531900264,31,114.89106249440377,14.55831,160.30212,25.0341,123.536433
2020-04-06T18:44:33.000Z,2026-01-31T05:17:28.000Z,ce7ec5bb6ea35ad53e107fa222caa940,gap,"[-130.0722416667, -19.006855, -128.041985, -14.5984583333]",-16.8051,-129.0689,[],[],"['ACAP', 'SPRFMO', 'WCPFC', 'IATTC', 'IWC']",['77'],['77'],[],[],[],[],797,588,1040.017688,706.146875,3d318590b-b5c5-4407-24dc-5c0d85da01a3,NET MARK-FH17-0001,98349628,,gear,,True,535.690939314881,51010.53333333333,0.005670396844167946,38,167.1702314641607,-14.5984583333,-130.0722416667,-19.006855,-128.041985
2020-04-07T02:34:05.000Z,2025-07-27T21:50:24.000Z,5d66d89dce0df635087cdfc5a932d00b,gap,"[-130.0313083333, -32.919317, -125.993335, -15.19081]",-24.0682,-128.1529,[],[],"['ACAP', 'SPRFMO', 'WCPFC', 'IATTC', 'IWC']",['77'],['77'],[],[],[],[],766,922,1016.164625,959.392062,549f835fd-d051-0951-0434-40b04f67c958,PING TAI RONG68-3,98342000,,gear,,True,2012.9726137130126,46507.26666666667,0.02337093396037876,26,171.5572748253137,-15.19081,-130.0313083333,-32.919317,-125.993335
2020-04-07T02:34:15.000Z,2024-09-25T20:26:02.000Z,4328294b24c510f5010ddd5ee6a61134,gap,"[-160.885282, -12.722962, -156.2610683333, -9.9277316667]",-11.3343,-158.5619,[],['8446'],"['ACAP', 'WCPFC', 'FFA', 'IWC', 'SPC']",['77'],['77'],[],[],[],[],204,250,801.582188,247.652984,29af65884-42a5-60c5-f997-b33905262b60,HNY721 86%,991172102,,gear,,True,592.232815190086,39185.85,0.00816060230393428,27,173.80332826735287,-9.9277316667,-156.2610683333,-12.722962,-160.885282
2020-04-07T02:37:10.000Z,2025-05-02T15:12:36.000Z,e407fcc213acb98f9fe52c75f8bdbdeb,gap,"[-172.825388, -33.477642, -143.9641016667, -1.8040666667]",-18.1737,-157.065,[],[],"['ACAP', 'SPRFMO', 'IATTC', 'IWC']",['77'],['77'],[],[],[],[],771,641,890.855625,1003.0525,2c02713a2-250b-0e38-02ed-bd3954faeb23,AIB1561821-01,81561821,,gear,,True,4628.559230983506,44436.583333333336,0.05624244393903677,15,150.98325749883352,-1.8040666667,-143.9641016667,-33.477642,-172.825388
2020-04-07T02:37:19.000Z,2024-05-15T08:52:00.000Z,f137f52611bdb328bf295ebcf7240fe9,gap,"[-173.369335, -28.123892, -143.4731216667, -1.826155]",-15.4727,-157.4655,[],[],"['ACAP', 'SPRFMO', 'IATTC', 'IWC']",['77'],['77'],[],[],[],[],744,457,863.023688,742.737,778a5a907-7b6c-9a03-4606-70e73d269856,HAI FENG WAN - 5,81561805,,gear,,True,4315.723839711567,35982.23333333333,0.06476264070383772,16,150.98325749883352,-1.826155,-143.4731216667,-28.123892,-173.369335
2020-04-07T02:37:39.000Z,2024-05-14T20:43:13.000Z,5d55cf553096dd9fb4253d20d729552f,gap,"[-173.747765, -27.753407, -143.9782416667, -1.66431]",-15.1944,-157.9369,[],[],"['ACAP', 'SPRFMO', 'IATTC', 'IWC']",['77'],['77'],[],[],[],[],786,436,905.597625,687.63725,738f15f2a-ae66-5184-0d38-45f59d638494,HAI FENG WAN - 4,81561804,,gear,,True,4293.645876961085,35970.083333333336,0.06445309790945959,28,150.98325749883352,-1.66431,-143.9782416667,-27.753407,-173.747765
2020-04-07T15:22:56.000Z,2025-08-29T22:57:21.000Z,d0674cdf3b7af0741431ce30a7933ab0,gap,"[108.202572, -14.919668, 165.09884833333334, 35.165058333333334]",11.4667,134.0632,[],[],"['ACAP', 'PICES', 'WCPFC', 'NPFC', 'IWC', 'NPAFC']",['61'],['61'],[],[],[],[],1613,555,1831.93875,569.695625,f0a07806b-b10e-23cb-87e6-74499f6dbfd5,994162615         3V,994162615,,gear,,True,8178.612805746525,47287.566666666666,0.09338813431493141,19,92.57904610039382,35.165058333333334,165.09884833333334,-14.919668,108.202572
2020-04-22T23:01:32.000Z,2025-10-28T01:46:31.000Z,e62a951a04aa8ecb640932478d839ff6,gap,"[-158.08424666666667, -34.72593833333333, 121.408207, 40.599697]",3.8436,163.5822,[],[],"['ACAP', 'SPRFMO', 'WCPFC', 'IWC']",['81'],['81'],[],[],[],[],1418,30,1513.623875,3.739029,683e16b4f-ffbf-ac6b-d38e-ac67c19f582b,899-1 90%,899000001,,gear,,True,11734.780092675868,48338.73333333333,0.13108068646324594,56,269.14522787203333,-34.72593833333333,-158.08424666666667,40.599697,121.408207
2020-05-04T18:17:40.000Z,2024-09-15T06:39:29.000Z,9d22b5115d998e0108224424123e8adb,gap,"[-13.414905, -3.5811266666666666, 119.140152, 24.132007]",24.147,47.052,[],[],"['ICCAT', 'ACAP', 'IWC']","['34', '34.4.1', '34.4']",['34'],[],[],[],[],488,61,494.26468800000004,65.88857,944de7f56-635b-3d8f-d39f-516e77e4d01f,994161927         7V,994161927,,gear,,True,14444.874785336375,38268.35,0.2038135539005055,22,48.59429616748513,-3.5811266666666666,-13.414905,24.132007,119.140152
2020-05-07T04:56:24.000Z,2024-11-04T01:05:20.000Z,66743307ea8fce1f10f9091887974b6c,gap,"[64.33705166666667, -32.624688, 101.301752, -2.95424]",-18.6843,81.1922,[],[],"['ACAP', 'IOTC', 'IWC', 'SIOFA']","['51', '51.5']",['51'],[],[],[],[],855,1271,956.89275,1268.888875,7a141c2cc-cba1-9c42-7a3a-f93906114a44,994161926         5V,994161926,,gear,,True,5069.002920881354,39404.13333333333,0.06946079972659777,18,26.077711311845697,-2.95424,64.33705166666667,-32.624688,101.301752
2020-05-07T21:18:00.000Z,2026-07-29T19:53:23.000Z,c1da86cd494666aed06f0b0704c59042,gap,"[88.53375, 0.2314166667, 129.73681666666667, 20.95681666666667]",11.2989,108.3987,[],[],"['ACAP', 'SEAFDEC', 'IOTC', 'IWC']","['57', '57.2']",['57'],[],[],[],[],822,416,944.375188,566.721188,df642ab7d-d9ad-9308-c7fa-dd83da786e4e,,354877442,PAN,other,,True,5031.272641985049,54574.583333333336,0.04977903132099917,16,87.55937793481365,0.2314166667,88.53375,20.95681666666667,129.73681666666667
2020-05-17T03:13:28.000Z,2026-06-21T10:01:06.000Z,be3750b34549ed4b62a05299102a000c,gap,"[100.351312, -5.612118333333333, 172.115435, 3.45196]",-1.333,136.1714,[],[],"['ACAP', 'SPRFMO', 'WCPFC', 'IWC']",['71'],['71'],[],[],[],[],438,62,781.335562,77.191562,d4db19efa-a2b7-fe7d-7e85-948c654abf29,HU919003          5V,994010233,,gear,,True,8033.096135949771,53430.78333333333,0.0811802605318338,21,137.10466763243002,-5.612118333333333,172.115435,3.45196,100.351312
2020-05-20T13:45:19.000Z,2025-05-19T07:26:51.000Z,55d2e2da5591f9c7a036a005f3c4c71c,gap,"[-175.81334166666667, -39.827673, -47.367445000000004, -37.86782]",-61.6235,-113.2244,[],[],"['ACAP', 'SPRFMO', 'WCPFC', 'IWC', 'CCSBT']",['81'],['81'],[],[],[],[],497,829,544.960562,830.725188,29046dad4-4d5e-a96b-42fe-a443ff58f43f,BUOY-33           5V,994008023,,gear,,True,9904.371877397409,43793.683333333334,0.12211653763970379,16,237.63493016077308,-37.86782,-175.81334166666667,-39.827673,-47.367445
2020-05-30T10:46:10.000Z,2024-07-01T06:15:23.000Z,53bb2ccb396f551eb49118857906511a,gap,"[-176.773022, -13.153753333333333, -157.01451166666666, -8.299995]",-10.8845,-166.9739,[],[],"['ACAP', 'SPRFMO', 'WCPFC', 'IWC']",['77'],['77'],[],[],[],[],396,385,520.511344,444.962219,a639c5602-27c2-9f84-1ac2-1b4d55c0d4ed,994099001         9V,994099001,,gear,,True,2224.0460158542774,35827.48333333333,0.033518647298952896,46,172.9183919897953,-13.153753333333333,-157.01451166666666,-8.299995,-176.773022
2020-06-02T00:16:25.000Z,2024-09-19T12:32:33.000Z,d8fa624a8e41bce9e7e31d39e36e3af1,gap,"[35.353832, -21.230362, 158.87176666666667, 34.0638]",13.2928,90.8535,[],[],"['ACAP', 'PICES', 'WCPFC', 'NPFC', 'IWC', 'NPAFC']",['61'],['61'],[],[],[],[],1181,24,1504.668625,143.682969,96ad8753f-ff6d-854c-e1c1-d37454ac7a7e,5168-03,516800003,CXR,gear,,True,14343.434751519671,37692.26666666667,0.20547544268160137,24,59.61787548168879,34.0638,158.87176666666667,-21.230362,35.353832
2020-06-10T06:20:03.000Z,2024-11-14T01:35:02.000Z,e8c7801041711d3409988441729d758a,gap,"[119.429592, 3.313815, 141.17292333333333, 23.482545000000002]",13.6335,130.7674,[],[],"['ACAP', 'SEAFDEC', 'SPRFMO', 'WCPFC', 'IWC']",['71'],['71'],[],[],[],[],534,7,639.492438,8.787419,4777a98f9-9160-bd95-2241-874c38f259a2,,981977701,,gear,,True,3238.877998378902,38827.23333333333,0.04504194763952821,28,27.530544567051788,3.313815,141.17292333333333,23.482544999999998,119.429592
2020-06-15T21:17:47.000Z,2024-05-15T17:13:04.000Z,d3828bc23eaab0d1d0c98d4ad4738abb,gap,"[81.92654833333333, -32.33544833333333, 90.637303, 1.369257]",-15.5255,86.6481,[],[],"['ACAP', 'IOTC', 'IWC', 'SIOFA', 'CCSBT']","['57', '57.3']",['57'],[],[],[],[],725,557,2318.095,682.944062,448cba782-277f-f7d2-2caa-df2d4640983b,,932555507,,gear,,True,3858.2303016848523,34315.916666666664,0.06070878773048749,59,213.3672161394376,-32.33544833333333,81.92654833333333,1.369257,90.637303
2020-06-17T20:38:59.000Z,2025-05-11T06:06:35.000Z,1c186fef3424b73c4e2decff3f09e0f4,gap,"[-179.1759616667, 5.0496283333, 124.570162, 36.408695]",23.1921,155.9472,[],[],"['ACAP', 'SPRFMO', 'WCPFC', 'IWC']","['71', '71.6.2']",['71'],[],[],[],[],546,92,963.1856879999999,130.46061699999998,ebd7ef8ae-ef3a-397e-8c54-e29b8d58efad,TIAN YU 8 - 29 86%,412888029,CHN,gear,,True,6689.442029459036,42921.45,0.08415395414481733,15,154.37131973771417,5.0496283333,-179.1759616667,36.408695,124.570162
2020-06-27T11:31:19.000Z,2024-05-09T15:14:23.000Z,ae07fbf27b2c6d908d28fedcdf094f33,gap,"[-135.25557833333335, 0.035293333333333336, 159.15489, 15.490442]",9.2108,-167.3675,[],[],"['ACAP', 'SPRFMO', 'IATTC', 'IWC']",['77'],['77'],[],[],[],[],1059,536,1103.83875,951.1685,d68109185-5206-3713-71cb-ae12530385b0,8882983 - 18,888298318,,gear,,True,7396.737951701966,33891.71666666667,0.11784351379075308,68,136.25322635274077,0.035293333333333336,-135.25557833333335,15.490442,159.15489
2020-06-29T09:52:00.000Z,2024-01-31T04:35:16.000Z,27b3f0be89ce79e22e9b21c18ceb4296,gap,"[-174.4641, -6.364696666666666, -162.81568166666668, 15.12836]",4.4045,-168.5549,[],[],"['ACAP', 'SPRFMO', 'WCPFC', 'IWC']",['77'],['77'],[],[],[],[],445,554,766.7908120000001,1760.017625,b7163bb9c-c609-9cf1-6d5f-85e1ff7aac15,,736555016,,gear,,True,2712.858462424423,31458.716666666667,0.046563450096189576,20,176.98307826996174,-6.364696666666666,-162.81568166666668,15.12836,-174.4641
2020-06-30T03:57:01.000Z,2024-05-11T10:46:50.000Z,b6329b4d5946b63cd70177f995ba9c4e,gap,"[117.09954, 23.39037, 162.09525333333335, 42.669066666666666]",35.1059,136.9789,[],[],"['ACAP', 'PICES', 'WCPFC', 'NPFC', 'IWC', 'NPAFC']",['61'],['61'],[],[],[],[],906,2,993.0161879999999,0.0,6b6ede232-2484-a400-2a8c-9de6776b4f89,,412939003,CHN,other,,True,4640.086496263516,33870.816666666666,0.07397064844752341,417,343.71958977242616,42.669066666666666,162.09525333333335,23.39037,117.09954
2020-06-30T04:51:52.000Z,2024-10-05T20:06:31.000Z,34c1e148cf54ac041bc379169149e983,gap,"[121.992767, 24.134953, 156.17594166666666, 37.624275]",32.0254,137.8386,[],[],"['ACAP', 'PICES', 'WCPFC', 'NPFC', 'IWC', 'NPAFC']",['61'],['61'],[],[],[],[],1041,30,1049.2115,30.022719000000002,fdda7a759-9201-1748-5f0b-b07d2848bf14,BUOY42049-14,994168014,,gear,,True,3564.259698739609,37407.23333333333,0.05144850613430824,20,45.22113949922515,37.624275,156.17594166666666,24.134953,121.992767
2020-06-30T06:43:47.000Z,2024-10-05T20:17:59.000Z,661166402a6e9a0986fa773790604abd,gap,"[121.98956, 24.144222, 156.07988666666665, 37.64538666666667]",32.0346,137.7907,[],[],"['ACAP', 'PICES', 'WCPFC', 'NPFC', 'IWC', 'NPAFC']",['61'],['61'],[],[],[],[],1034,30,1040.5911879999999,29.334600000000002,ebb5869ae-e96c-c9d0-212d-10bb3c21da8d,BUOY42049-15,994168015,,gear,,True,3556.408899052257,37405.566666666666,0.05133747065045788,58,45.22113949922515,37.64538666666667,156.07988666666665,24.144222,121.98956
2020-07-03T07:32:37.000Z,2025-01-06T11:42:25.000Z,a015bb126bb058a7533b39af772a3ddc,gap,"[-65.02166666666666, -43.50666666666667, 164.553915, 42.876423333299996]",-0.7515,-130.8745,[],[],"['ACAP', 'PICES', 'WCPFC', 'NPFC', 'IWC', 'NPAFC']",['61'],['61'],[],[],[],[],1035,11,1070.565125,19.177162,c5e762032-2511-9651-fb4e-8894dd8bbf3d,,701007800,ARG,other,,True,16056.382379275812,39556.15,0.21917585266959932,281,363.5065872986305,42.8764233333,164.553915,-43.50666666666667,-65.02166666666666
2020-07-04T06:05:48.000Z,2024-12-12T04:17:25.000Z,ab78354516b6c850dbb0d7c71592b357,gap,"[-8.860055, -7.76445, -5.496495, -5.500107]",-6.6351,-7.1744,[],[],"['ICCAT', 'ACAP', 'IWC']","['47', '47.A.0', '47.A']",['47'],[],[],[],[],601,1010,611.617562,1020.005812,e3125eeda-a50f-c6b0-b425-6dab042e7e8a,KM68002,111112025,,gear,,True,448.7698930908185,38926.183333333334,0.006225022239798794,19,49.435507973644626,-7.76445,-8.860055,-5.500107,-5.496495
2020-07-07T16:41:17.000Z,2025-07-19T09:24:20.000Z,c19281c916047c47ea3295b18cdfc32a,gap,"[-8.3545, -32.517902, 96.446232, -9.598278333333333]",-32.1219,38.2584,[],[],"['ICCAT', 'ACAP', 'IWC']","['47', '47.A.0', '47.A']",['47'],[],[],[],[],680,1709,691.653,1708.8825,e8e381367-71fe-d1e2-bc9c-7c8d16d006a5,994163019         9V,994163019,,gear,,True,10791.642128803538,44104.71666666667,0.13211785560138983,56,50.698402040388835,-9.598278333333333,-8.3545,-32.517902,96.446232
2020-07-07T23:04:21.000Z,2025-07-19T09:26:31.000Z,32fcbbb7970b79b8638c3beeabc11267,gap,"[-8.014503333333334, -32.517808, 96.446628, -9.609731666666667]",-32.0323,38.4649,[],[],"['ICCAT', 'ACAP', 'IWC']","['47', '47.A.0', '47.A']",['47'],[],[],[],[],716,1709,727.97375,1708.8825,3a70f3ce2-2174-6427-df14-8a9ddc047690,994163018         9V,994163018,,gear,,True,10760.319764831946,44098.36666666667,0.13175335740432034,77,50.698402040388835,-9.609731666666667,-8.014503333333334,-32.517808,96.446628
2020-07-08T00:02:19.000Z,2024-09-14T20:45:02.000Z,68bd85d203babbe9514fab9ddfe6f9cb,gap,"[-7.957776666666667, -9.603098333333334, 78.554458, -2.98202]",-8.6095,35.6422,[],[],"['ICCAT', 'ACAP', 'IWC']","['47', '47.A.0', '47.A']",['47'],[],[],[],[],721,646,733.008688,703.553375,a8a975cae-e5b0-520d-6a28-a045536953fc,994163007         8V,994163007,,gear,,True,9570.290702414592,36716.7,0.14074095917709964,66,50.27227302871023,-9.603098333333334,-7.957776666666667,-2.98202,78.554458
2020-07-08T01:12:55.000Z,2025-07-24T12:51:59.000Z,541fe67883d7ce9a013843f7dba69fe2,gap,"[-7.851555, -9.589153333333334, 134.848635, -6.259427]",-23.5207,64.1853,[],[],"['ICCAT', 'ACAP', 'IWC']","['47', '47.A.0', '47.A']",['47'],[],[],[],[],732,3,740.421062,53.656027,2f5d1c8f5-5a50-2105-702d-4ee5160a5a79,994163014         7V,994163014,,gear,,True,15522.678082407832,44219.65,0.1895441424445728,58,50.27227302871023,-9.589153333333334,-7.851555,-6.259427,134.848635
2020-07-08T01:13:29.000Z,2025-07-30T16:37:40.000Z,f3b8feec99f01b211c9b7f17e12eba00,gap,"[-7.910848333333333, -9.595145, 135.889497, -8.657445]",-27.3426,64.2198,[],[],"['ICCAT', 'ACAP', 'IWC']","['47', '47.A.0', '47.A']",['47'],[],[],[],[],727,192,738.323062,248.26690599999998,4f0c49be0-0165-6ca0-c30b-531cb694828d,994163015         7V,994163015,,gear,,True,15522.63725040604,44367.4,0.18891243550291403,62,50.27227302871023,-9.595145,-7.910848333333333,-8.657445,135.889497
2020-07-08T04:00:16.000Z,2024-07-18T19:17:05.000Z,48a1caaa5b9e6457671240c5fba55ccf,gap,"[119.98240333333334, 23.684376666666665, 163.71378666666666, 44.72405333333333]",36.1839,138.9484,[],[],"['ACAP', 'PICES', 'WCPFC', 'NPFC', 'IWC', 'NPAFC']",['61'],['61'],[],[],[],[],845,15,864.9625,13.567941999999999,1ed96c386-6dc5-408e-1fb2-8c7fb7b27f09,,416009100,TWN,other,,True,4577.206633406484,35319.26666666667,0.06997579779489094,34,350.9932489979371,44.72405333333333,163.71378666666666,23.684376666666665,119.98240333333334
2020-07-18T18:06:13.000Z,2025-12-08T04:55:48.000Z,a643c2c2f8fa6445cedec2c692b288b8,gap,"[-18.175546666666666, 13.7188, 19.512083333333333, 57.13688333333333]",36.8037,-4.8528,[],['8371'],"['ICCAT', 'NAMMCO', 'IWC', 'ACAP', 'SRFC']","['34.3.1', '34.3.12', '34', '34.3']",['34'],[],[],[],[],130,46,124.16825,47.189703,ebabc052e-e2b6-d381-946f-abeaa854bd68,,537985056,,other,,True,5776.413428005628,47242.816666666666,0.06602090963440234,15,251.68058359380748,13.7188,-18.175546666666666,57.13688333333333,19.512083333333333
2020-07-21T04:25:05.000Z,2024-09-11T16:59:11.000Z,30058578538ec4a3c027338994bcf4f1,gap,"[120.668543, 38.22251, 167.86752, 43.27672]",43.2332,143.3162,[],[],"['ACAP', 'PICES', 'WCPFC', 'NPFC', 'IWC', 'NPAFC']",['61'],['61'],[],[],[],[],1094,6,1203.7095,9.664073,1ce504831-1d22-7439-a282-755feef33eb0,,412102111,CHN,gear,,True,3962.1618767310115,36324.566666666666,0.0588966767688114,138,387.9455576622439,43.27672,167.86752,38.22251,120.668543
2020-07-21T08:15:22.000Z,2025-08-06T05:13:24.000Z,f4fd7d1a027725a5e27d1e12c80193c3,gap,"[103.81721, 1.2339833333333334, 168.7023516667, 42.9840916667]",25.5968,130.6354,[],[],"['ACAP', 'PICES', 'WCPFC', 'NPFC', 'IWC', 'NPAFC']",['61'],['61'],[],[],[],[],1104,2,1274.269625,0.0,bbc52d16c-c9b8-c4ca-3b22-5073d9088d0c,,416419600,TWN,other,,True,7897.9885575920525,44204.96666666667,0.09647270379016126,19,396.58179589402795,42.9840916667,168.7023516667,1.2339833333333334,103.81721
2020-07-23T12:42:27.000Z,2024-04-12T07:26:12.000Z,467057e8c94c2a3033abf44433e04fe3,gap,"[164.075728, 34.1597, 175.31475166666667, 36.098132]",35.2589,169.7623,[],[],"['ACAP', 'PICES', 'WCPFC', 'NPFC', 'IWC', 'NPAFC']",['61'],['61'],[],[],[],[],881,1563,2071.071,1694.05825,b9fc265b5-5dc6-fa8b-16b3-8f52303a2275,NETFISHING,994169385,,gear,,True,1043.928198962981,32610.716666666667,0.017284996803689025,18,130.85094277027122,34.1597,175.31475166666667,36.098132,164.075728
2020-07-29T11:45:40.000Z,2025-04-03T03:36:56.000Z,f1c1934a5e41d5d800dd35fa172dfe6b,gap,"[110.4456, -30.734103333333334, 174.04775833333332, 20.33029]",-6.1121,140.7021,[],[],"['ACAP', 'SPRFMO', 'WCPFC', 'IWC', 'CCSBT']",['81'],['81'],[],[],[],[],418,2,458.70284399999997,1.524365,4dc171f89-995a-c178-36bb-d3576d1761c2,,128000003,,gear,,True,8849.351848846338,41007.85,0.11652080606415763,82,123.94229729269546,-30.734103333333334,174.04775833333332,20.33029,110.4456
2020-07-30T18:25:04.000Z,2024-04-20T07:38:26.000Z,e4cfb60b3cd53e767dda35fd3d12deb9,gap,"[-167.7469916667, -23.1274433333, 139.216935, 3.22944]",-11.089,164.5609,[],[],"['ACAP', 'SPRFMO', 'WCPFC', 'IWC']",['77'],['77'],[],[],[],[],493,536,505.43271899999996,602.534125,04e24cc73-3c70-ecec-9447-840bb050e392,NETFISH838-07     4V,838555507,,gear,,True,6448.847494203974,32629.216666666667,0.10671721342612159,20,176.61133309099975,-23.1274433333,-167.7469916667,3.22944,139.216935
2020-07-31T09:03:14.000Z,2025-06-23T13:10:33.000Z,12466573d20138e16f6a026ea15fbe8f,gap,"[118.217013, -30.980511666666665, 174.38615833333333, 23.974775]",-3.9684,145.3284,[],[],"['ACAP', 'SPRFMO', 'WCPFC', 'IWC', 'CCSBT']",['81'],['81'],[],[],[],[],400,33,436.67293800000004,21.151418000000003,fcb5e4958-8421-4fa4-db13-7c0f0197839d,,128000002,,gear,,True,8548.758275359143,42916.11666666667,0.10755773239529484,93,123.94229729269546,-30.980511666666665,174.38615833333333,23.974775,118.217013
2020-08-02T06:33:01.000Z,2024-11-13T01:22:32.000Z,b523ca64dae133f8a67fb13ca22eaa01,gap,"[70.24050666666666, -0.5307266666666667, 118.85319333333334, 14.07896]",7.4258,94.9409,[],['8480'],"['ACAP', 'IOTC', 'IWC']","['51', '51.4']",['51'],[],[],[],[],345,84,397.191469,88.930711,1bff545c0-059f-f235-1b82-83919a5858e0,RI,537985039,,other,,True,5591.148509199941,37530.816666666666,0.08043999424492054,56,44.68133903005298,14.07896,70.24050666666666,-0.5307266666666667,118.85319333333334
2020-08-04T08:07:30.000Z,2025-02-25T12:21:27.000Z,6e8962f4d7abdbc6bee65e1341384e5b,gap,"[10.073041666666667, 58.997794999999996, 28.15176, 83.47221333333333]",71.3632,13.3134,[],['33181'],"['ICCAT', 'ICES', 'NAMMCO', 'IWC', 'NASCO', 'ACAP']","['27.2.b.2', '27.2.b', '27.2', '27']",['27'],[],[],[],[],317,2,512.96675,1.145392,77da3ac5c-c0f4-d01f-b3ee-9ba8b283709e,,992599909,,other,,True,2765.5562486950557,39988.21666666667,0.03734302342787774,153,559.1379413695262,83.47221333333333,28.15176,58.997795,10.073041666666667
2020-08-05T00:23:11.000Z,2025-03-28T08:53:29.000Z,30d3ff421158121c60309028b93eb95f,gap,"[157.55090833333333, 28.269873333333333, 163.381888, 35.838078]",32.0873,160.3455,[],[],"['ACAP', 'NPFC', 'WCPFC', 'IWC']",['61'],['61'],[],[],[],[],566,1550,1515.99825,1666.498,c1c9c91a4-4766-e4f3-5abf-c8e8e2844930,NETFISHING,994169383,,gear,,True,1004.567305503205,40712.5,0.013323253328477492,31,66.42127973299003,28.269873333333333,157.55090833333333,35.838078,163.381888
2020-08-07T02:07:59.000Z,2024-10-03T06:52:56.000Z,d143f4a98381831dcf23dd76ccdb3262,gap,"[33.8650533333, -34.8791016667, 64.906358, -8.259982]",-22.3003,50.8734,[],[],"['ACAP', 'IOTC', 'IWC', 'SIOFA', 'CCSBT']","['51', '51.8']",['51'],[],[],[],[],537,726,586.81625,831.099375,f760d4982-28b4-e042-6d9b-953ef04c240a,994030524         9V,994030524,,gear,,True,4330.54729834182,36436.73333333333,0.06417448169776843,15,127.5804724202237,-34.8791016667,33.8650533333,-8.259982,64.906358
2020-08-11T09:04:22.000Z,2025-08-10T19:43:56.000Z,c650e4797caae9f840283278056030bc,gap,"[86.85629333333333, -1.1040166666666666, 118.52116666666667, 0.21029333333333333]",-0.4645,102.6873,[],[],"['ACAP', 'SEAFDEC', 'IOTC', 'IWC']","['57', '57.2']",['57'],[],[],[],[],900,88,916.767438,89.809719,ed1bdd780-092b-f072-84db-b7b5bf073ae7,ALIKI,537985044,,other,,True,3523.8231540024267,43810.65,0.04343035965406622,68,97.26214565916321,0.21029333333333333,86.85629333333333,-1.1040166666666666,118.52116666666667
2020-08-22T20:46:46.000Z,2024-09-03T03:37:16.000Z,b72e50a62c68a401d7dd6c56f28034b6,gap,"[-97.21257, -2.699273, -84.31523, -0.47629333333333335]",-1.5979,-90.7604,[],['8431'],"['ACAP', 'SPRFMO', 'CPPS', 'IATTC', 'IWC']","['87', '87.1', '87.1.4']",['87'],[],[],[],[],370,664,403.385875,695.927688,6bc004fde-e30b-fff7-e7e4-2c1e2a7d783f,,994110114,,gear,,True,1454.6335954984586,35334.833333333336,0.022228470671282453,22,31.23485060273019,-0.47629333333333335,-84.31523,-2.699273,-97.21257
2020-08-26T01:55:57.000Z,2024-03-13T06:51:43.000Z,bd01b3862393e28837a3aa60744922d0,gap,"[122.002703, 24.810403, 173.84541833333333, 39.691505]",35.0302,145.6305,[],[],"['ACAP', 'PICES', 'WCPFC', 'NPFC', 'IWC', 'NPAFC']",['61'],['61'],[],[],[],[],1362,6,1538.202875,16.498210999999998,9f0c5b206-6de9-88ec-dfe5-29312a751fb8,BUOY42049-08,994168008,,gear,,True,5071.767045558032,31084.916666666668,0.08809851900707236,22,117.67786063032209,39.691505,173.84541833333333,24.810403,122.002703
2020-08-30T18:17:47.000Z,2024-03-13T07:57:17.000Z,0cf6e8006fcacfaed08d40499d802444,gap,"[122.01675, 24.791982, 146.54972833333332, 27.616548333333334]",26.7321,134.1321,[],[],"['ACAP', 'NPFC', 'WCPFC', 'IWC']",['61'],['61'],[],[],[],[],429,9,433.439344,19.324830000000002,70a6a415e-ea0d-4da7-768b-734c8adccc6e,BUOY42049-09,994168009,,gear,,True,2463.5576390912333,30973.65,0.042946656526842375,15,22.547425858118284,27.616548333333334,146.54972833333332,24.791982,122.01675
2020-08-30T19:23:10.000Z,2024-10-12T22:37:07.000Z,d29b9f5fa7934e6a0d823d19125ef528,gap,"[121.811087, 24.017317, 146.4300666667, 27.5588883333]",26.3137,133.9338,[],[],"['ACAP', 'NPFC', 'WCPFC', 'IWC']",['61'],['61'],[],[],[],[],417,18,420.94928100000004,16.591240000000003,c02c2790e-eca3-9584-57ec-2866862efadd,BUOY42049-10,994168010,,gear,,True,2491.88078493761,36099.21666666667,0.03727249806143488,24,22.547425858118284,27.5588883333,146.4300666667,24.017317,121.811087
2020-08-30T20:23:24.000Z,2024-09-01T03:34:55.000Z,ba8483ef1b1ed00fa0b398396c842dd0,gap,"[-163.68962333333334, -24.120251666666668, 146.037052, 2.654198]",-11.8231,169.9611,[],[],"['ACAP', 'SPRFMO', 'WCPFC', 'IWC']",['77'],['77'],[],[],[],[],509,384,516.072562,521.779344,7c9a45585-5db6-e165-a11f-eba1ecacd7e1,NETFISH876-10     9V,876222210,,gear,,True,6191.654085831587,35095.183333333334,0.09526166928764279,17,193.01925558907345,-24.120251666666668,-163.68962333333334,2.654198,146.037052
2020-09-04T05:00:31.000Z,2024-02-17T20:46:57.000Z,5aedc95bf345130d58bc070dbbdcdb8b,gap,"[-171.2654133333, -29.6257316667, 170.860265, 29.676835]",0.0259,179.7997,[],[],"['ACAP', 'SPRFMO', 'WCPFC', 'IWC']",['81'],['81'],[],[],[],[],642,1063,1007.291062,2346.59825,9d30abee5-5e16-ed22-9eae-1db2b6b2ca69,CI011-3,76611003,,gear,,True,6861.014662595716,30279.766666666666,0.12234742712718061,17,197.25810238113945,-29.6257316667,-171.2654133333,29.676835,170.860265
2020-09-04T09:44:03.000Z,2024-05-15T07:26:03.000Z,2d6c20632545ed8a3bb58c6080a6d5e9,gap,"[122.024713, -29.40984, 163.71359833333332, 24.918873]",-2.4025,142.4302,[],[],"['ACAP', 'SPRFMO', 'WCPFC', 'IWC']",['81'],['81'],[],[],[],[],410,9,504.431219,11.312507,bd6a1e33d-d044-f3f1-f181-7127b83105b1,,188000004,,other,,True,7502.988271934742,32373.7,0.12514138216143555,29,85.84510266122307,-29.40984,163.71359833333332,24.918873,122.024713
2020-09-05T07:06:42.000Z,2026-09-06T11:03:37.000Z,f30900f657c70f26331bfdc40dc8e068,gap,"[119.779585, 26.170142, 162.63636, 42.0278816667]",36.0098,139.0886,[],[],"['ACAP', 'PICES', 'WCPFC', 'NPFC', 'IWC', 'NPAFC']",['61'],['61'],[],[],[],[],986,9,1076.271875,5.2025820000000005,2cbb9d49d-d313-f05a-5478-d785ad9f8907,,412007861,CHN,other,,True,4266.958981210183,52611.933333333334,0.04379184314276497,143,343.71958977242616,42.0278816667,162.63636,26.170142,119.779585
2020-09-05T21:34:18.000Z,2026-02-01T03:42:42.000Z,37613950fbb10d6b33a9b2181c7ae155,gap,"[-142.49492333333333, -33.508118, 98.44233, -12.251295]",-39.5157,165.6402,[],['8440'],"['ACAP', 'SPC', 'WCPFC', 'IATTC', 'IWC']",['77'],['77'],[],[],[],[],233,1531,409.337219,1544.765625,9cad8d0fb-bab3-ed29-6319-9fd12cafe3ed,994164726         9V,994164726,,gear,,True,11806.764382347776,47382.13333333333,0.13454739807087754,14,142.65341616341948,-12.251295,-142.49492333333333,-33.508118,98.44233
2020-09-06T02:51:49.000Z,2024-04-20T00:10:37.000Z,51bcb5913268f19ecfb38144906ede1b,gap,"[-170.47456166666666, -23.359323333333332, 138.82671, 3.47954]",-10.9723,163.0413,[],[],"['ACAP', 'SPRFMO', 'WCPFC', 'IWC']",['77'],['77'],[],[],[],[],470,543,481.401625,602.1585620000001,a5ae73343-3050-c5a0-0b9a-14c37a979512,NET FISH838-02    9V,838555502,,gear,,True,6248.776130768395,31725.3,0.10635263291695041,30,163.62265699829436,-23.359323333333332,-170.47456166666666,3.47954,138.82671
2020-09-12T04:12:32.000Z,2024-09-16T18:03:48.000Z,fbfc8d05a8a4575bbae7be4de3e1b05f,gap,"[-20.023833, -29.36895, -4.755375, -6.504532]",-18.0861,-12.8923,[],[],"['ICCAT', 'ACAP', 'CCSBT', 'IWC']","['47', '47.C', '47.C.0']",['47'],[],[],[],[],1103,638,1498.790375,637.339875,47b1aafeb-b83f-ddb4-43f6-71fc6d2c2e02,KF8027          11V8,119111803,,gear,,True,3004.2690024811614,35173.85,0.04611879243531325,92,103.65733288187313,-29.36895,-4.755375,-6.504532,-20.023833
2020-09-19T07:01:32.000Z,2024-07-25T07:18:00.000Z,3ccb5b29ba92e2ac111e1f1c5651cf05,gap,"[47.364212, -35.710943, 50.751895, -28.197678333333332]",-31.9655,49.1274,[],[],"['ACAP', 'IOTC', 'IWC', 'SIOFA', 'CCSBT']","['51', '51.6']",['51'],[],[],[],[],509,1138,512.074531,1183.70175,33fd65887-7741-a7d5-f237-36274fbb27b7,,911156001,,gear,,True,894.3063998710189,33720.26666666667,0.014320373849881123,19,108.54932482479981,-28.197678333333332,50.751895,-35.710943,47.364212
2020-09-22T04:04:00.000Z,2026-07-01T21:20:24.000Z,e2d0c2f7f042d34a36ca2cb10e408e2b,gap,"[122.79516, 39.08787, 156.99813333333333, 43.4604]",42.5605,139.306,[],[],"['ACAP', 'PICES', 'WCPFC', 'NPFC', 'IWC', 'NPAFC']",['61'],['61'],[],[],[],[],547,2,743.466125,1.4076170000000001,99bd6aeb2-2458-06ce-b618-0bd39b8d8ff6,,412200792,CHN,other,,True,2878.5802337304076,50609.26666666667,0.030711944350690062,89,267.0527615601181,43.4604,156.99813333333333,39.08787,122.79516
2020-09-24T23:01:54.000Z,2026-05-14T02:36:22.000Z,201ad399bdb9ca644ad5100d03989193,gap,"[104.88543833333334, -31.287226666666665, 111.941488, -4.976662]",-18.1639,108.6838,[],[],"['ACAP', 'IOTC', 'IWC', 'SIOFA', 'CCSBT']","['57', '57.3']",['57'],[],[],[],[],903,112,902.016875,112.286773,b176098ae-e495-5e53-9d09-47813f5978d9,BINTANG KASIH UTAMA,525900312,IDN,fishing,,True,3016.963382615307,49371.566666666666,0.03299530507545696,20,220.46800423928235,-31.287226666666665,104.88543833333334,-4.976662,111.941488
2020-09-28T11:45:23.000Z,2026-01-01T00:00:18.000Z,20e83ffdb8045358ddb738defbdb1e3c,gap,"[52.044317, -25.014781666666668, 52.54307, -23.11222]",-24.0637,52.2918,[],[],"['ACAP', 'IOTC', 'IWC', 'SIOFA', 'CCSBT']","['51', '51.6']",['51'],[],[],[],[],504,396,506.75746899999996,405.08896899999996,d5a167b5d-d1b0-8eec-db16-e0e587769c1a,,872668004,,gear,,True,217.53090152577457,46092.23333333333,0.002548309807235037,15,96.23362247739637,-25.014781666666668,52.54307,-23.11222,52.044317
2020-10-07T01:20:51.000Z,2024-02-06T21:23:08.000Z,b8fe7aec5dab81d4e4775a289c644b54,gap,"[-20.63747, -7.675433333333333, 122.135913, 36.684228]",37.7211,33.3614,[],[],"['ICCAT', 'ACAP', 'IWC']","['41', '41.1.4', '41.1']",['41'],[],[],[],[],686,13,685.712,11.979082,5b87a66b4-4907-99a8-014d-382e005b2f02,WY168-07          8V,994050007,,gear,,True,15061.1454952918,29228.033333333333,0.27823863088128853,28,46.957551063898585,-7.675433333333333,-20.63747,36.684228,122.135913
2020-10-15T10:50:23.000Z,2024-03-15T19:40:10.000Z,2b2e75ee4264f1c75df0c36903fa84c1,gap,"[166.54517, 4.684375, 170.21522, 4.704808333333333]",4.697,168.3802,[],['8318'],"['ACAP', 'WCPFC', 'FFA', 'IWC', 'SPC']",['71'],['71'],[],[],[],[],139,199,292.670125,404.577406,61c6917ec-c8fe-1c75-162a-34b56a5bd5a6,,991272005,,gear,,True,406.7283596156673,29936.816666666666,0.007335975209996131,136,175.41887994160183,4.704808333333333,170.21522,4.684375,166.54517
2020-10-16T10:22:27.000Z,2026-09-21T14:43:57.000Z,57bd0bb000a674c36833578538a94fb3,gap,"[-118.6019133333, -17.2443316667, 109.209908, 20.800942]",4.3799,176.6873,[],[],"['ACAP', 'SPRFMO', 'IWC', 'IATTC']","['87', '87.1', '87.1.4']",['87'],[],[],[],[],1043,12,1448.339,23.29407,1b2d0044a-a393-1379-ad0d-968c72fb2bc0,776-2A           7V7,43453168,TKM,gear,,True,14991.037339299322,51988.35,0.15569858636047226,18,182.61214528055004,-17.2443316667,-118.6019133333,20.800942,109.209908
2020-10-16T20:52:49.000Z,2025-07-16T08:13:38.000Z,1d22070341778484b6d8a1acb01d0915,gap,"[28.196826666666666, -38.431828333333335, 94.592695, -32.783107]",-40.5496,62.719,[],[],"['ACAP', 'IOTC', 'IWC', 'CCSBT']","['47', '47.C', '47.C.0']",['47'],[],[],[],[],538,1642,546.479062,1885.404,191e4b260-0d9d-cde2-3a7f-364357036379,994161758         7V,994161758,,gear,,True,5905.668159906513,41603.333333333336,0.07664784156461898,70,147.20494507073082,-38.431828333333335,28.196826666666666,-32.783107,94.592695
2020-10-17T00:58:32.000Z,2025-04-15T01:41:32.000Z,025eab58c4ab91e54ecfa83eaeebfc3b,gap,"[119.1228, -9.384583333333333, 136.29651833333332, 22.930022]",6.8487,128.0073,[],['8492'],"['ACAP', 'SEAFDEC', 'WCPFC', 'APFIC', 'IWC']",['71'],['71'],[],[],[],[],180,42,260.353734,77.663562,8445031e1-1516-f376-3fd5-798b2e78979b,994080064         7V,994080064,,gear,,True,4050.5238404795764,39384.71666666667,0.05553189384951489,18,19.512776861403555,-9.384583333333333,136.29651833333332,22.930022,119.1228
2020-10-17T21:56:44.000Z,2025-01-27T07:38:22.000Z,43b80679a7fbe5f2709075022ca24b85,gap,"[28.192845, -38.541356666666665, 88.36382, -16.256598]",-30.8788,61.6632,[],[],"['ACAP', 'IOTC', 'IWC', 'CCSBT']","['47', '47.C', '47.C.0']",['47'],[],[],[],[],549,1015,557.165125,1028.674562,74f77c175-56df-97f4-99d7-283ab210e734,994161761         7V,994161761,,gear,,True,6313.123608523726,37497.683333333334,0.09090732387856851,64,147.20494507073082,-38.541356666666665,28.192845,-16.256598,88.36382
2020-10-19T06:33:37.000Z,2025-08-07T14:32:12.000Z,bfb63f57d71c4ba667949e1d1cb09f6c,gap,"[-125.89212, -7.387958333333334, 121.803712, 27.968788]",17.9915,-177.1127,[],[],"['ACAP', 'SPRFMO', 'IATTC', 'IWC']",['77'],['77'],[],[],[],[],1440,31,1444.529375,29.649166,d958acf9c-ccc6-cf93-d77c-3c8aed8a686e,188-8,111111311,,gear,,True,12578.816609213263,42079.96666666667,0.16140739039479332,36,145.17808136568303,-7.387958333333334,-125.89212,27.968788,121.803712
2020-10-21T11:48:00.000Z,2026-03-28T01:46:20.000Z,8c7c946b52414833bde54d1b129c71ed,gap,"[-117.47753166666666, -14.37542, 120.455678, 27.053455]",12.8834,-174.171,[],[],"['ACAP', 'SPRFMO', 'IWC', 'IATTC']","['87', '87.1', '87.1.4']",['87'],[],[],[],[],1372,8,1645.26975,7.783645000000001,159ffd98c-ceb1-7845-a143-5191e59395dc,ZHONGYANG12-3,900212003,,fishing,,True,13878.85494036445,47605.96666666667,0.15741686754723738,71,171.66367168726808,-14.37542,-117.47753166666666,27.053455,120.455678
2020-10-25T19:12:14.000Z,2024-07-01T08:23:34.000Z,c0ed516867edbb074a1dbe29b1c31ca9,gap,"[-176.734842, -17.364905, -125.55320833333333, -8.114837]",-14.0725,-151.6459,[],[],"['ACAP', 'SPRFMO', 'IATTC', 'IWC']",['77'],['77'],[],[],[],[],812,397,977.732438,451.00456199999996,183d67d88-8c21-2e9e-826f-48c7db90edf5,994099002         9V,994099002,,gear,,True,5629.0109898737655,32269.183333333334,0.09418964060270228,27,187.84490108923035,-17.364905,-125.55320833333333,-8.114837,-176.734842
2020-10-25T22:39:31.000Z,2024-08-22T00:59:09.000Z,4441bb7565e0bf5d1adc687ecaa41efa,gap,"[121.358725, 25.16512, 151.69456, 42.17632]",34.6046,134.9796,[],[],"['ACAP', 'PICES', 'WCPFC', 'NPFC', 'IWC', 'NPAFC']",['61'],['61'],[],[],[],[],416,2,437.387719,0.0,caff4bafe-ef67-d3eb-7ac5-3fee57010012,,416005915,TWN,other,,True,3356.3879113912894,33506.316666666666,0.054088442660581104,105,194.01973922819482,42.17632,151.69456,25.16512,121.358725
2020-10-27T23:14:37.000Z,2025-01-31T04:08:20.000Z,411dfe9b62122e2d0f3ed039e5e3ef1c,gap,"[29.826595, -36.48711, 85.89699, -15.067377]",-28.6559,60.6463,[],[],"['ACAP', 'IOTC', 'IWC', 'CCSBT']","['47', '47.C', '47.C.0']",['47'],[],[],[],[],413,1212,422.80068800000004,1231.93,da2af33e9-963e-92a9-6212-d7180dcb8276,994161763         8V,994161763,,gear,,True,6003.487170583307,37348.88333333333,0.08679305652285745,25,136.03664323825672,-36.48711,29.826595,-15.067377,85.89699
2020-11-02T02:14:47.000Z,2024-04-13T10:52:14.000Z,c3ed3e4adfdc5e2d514b8d02d1b6db24,gap,"[-21.718885, -7.892991666666667, -18.386033, -5.855662]",-6.8772,-20.0489,[],[],"['ICCAT', 'ACAP', 'IWC']","['41', '41.1.4', '41.1']",['41'],[],[],[],[],804,494,804.012062,493.9745,7f47420a5-5bb9-95cb-0d83-9b2de85da1f6,KSM-001          7V8,990116001,,gear,,True,432.0646254784362,30200.616666666665,0.007724883125221972,93,46.103227994585104,-7.892991666666667,-21.718885,-5.855662,-18.386033
2020-11-02T04:21:22.000Z,2024-12-12T20:21:40.000Z,4d2b2633f9b82ed992a0255be662c1de,gap,"[171.47914, -16.191653333333335, 173.00212, -16.002928333333333]",-16.0986,172.241,[],['8313'],"['ACAP', 'WCPFC', 'FFA', 'IWC', 'SPC']",['71'],['71'],[],[],[],[],317,432,344.884375,459.0605,b44ff3d67-7b9e-81de-0e31-163811a8ae6f,TIAN XIAG 168,412300365,CHN,fishing,,True,164.05541902394032,36040.0,0.002457903430792345,185,89.56158553981693,-16.191653333333335,171.47914,-16.002928333333333,173.00212
2020-11-10T22:19:04.000Z,2025-04-09T05:41:02.000Z,dfb593b7dd9b4930dbdd9a908cc10d30,gap,"[-149.89886166666668, 69.495315, 18.954828, 73.00901666666667]",87.4276,-22.6685,[],['8463'],"['ACAP', 'IWC']",['18'],['18'],[],[],[],[],254,1,294.11278100000004,4.306733,713a2c8af-f7ba-f284-7ada-0935b5ac73ee,KYV OILDRIFTER 45,992571159,,other,,True,4149.083274910143,38647.35,0.057968418077619446,141,127.09705128235699,73.00901666666667,-149.89886166666668,69.495315,18.954828
2020-11-10T22:20:32.000Z,2026-05-28T10:35:35.000Z,ae19635811a54508a277cd4d08539384,gap,"[-149.89945166666666, 59.01863, 5.720917, 73.009075]",81.3376,-20.1625,[],['8463'],"['ACAP', 'IWC']",['18'],['18'],[],[],[],[],254,1,294.11278100000004,0.0,ae1abc58f-fffd-d64f-2e95-292a13ea6033,KYV OILDRIFTER 46,992571160,,other,,True,5218.284402208059,48588.25,0.05799031999174954,134,127.09705128235699,73.009075,-149.89945166666666,59.01863,5.720917
2020-11-11T12:08:04.000Z,2025-09-30T08:06:07.000Z,23df4b51d914dd31f355e7e086a97325,gap,"[-150.50355833333333, 72.99873, 12.00021, 78.954798]",86.3422,-122.7959,[],['8463'],"['ACAP', 'WCPFC', 'IWC']",['18'],['18'],[],[],[],[],246,1,297.136531,1.4009,55ec249f1-1376-5c56-4fec-c777bdf81799,KYV OILDRIFTER 44,992571158,,fishing,,True,3083.331114103695,42811.96666666667,0.038887856410092646,187,123.55904916565272,72.99873,-150.50355833333333,78.954798,12.00021
2020-11-12T12:13:01.000Z,2024-04-14T11:55:53.000Z,cbcb9449829b7be681b03a6f5e84aa45,gap,"[52.46089166666667, -36.69935, 88.814587, -9.207538333333334]",-24.0131,68.6895,[],['8337'],"['ACAP', 'IOTC', 'SWIOFC', 'IWC']","['51', '51.5']",['51'],[],[],[],[],157,1002,485.463438,2409.3495,6e7e3f7e4-4e39-c05d-46fb-98b6f49c9e11,BUOY6001296-13    8V,994161393,,gear,,True,4765.624438095602,29975.7,0.08584391150380408,21,45.458993574312416,-9.207538333333334,52.46089166666667,-36.69935,88.814587
2020-11-20T09:01:14.000Z,2026-09-11T00:32:41.000Z,35617267e0bd9220a3d50c21d6315efd,gap,"[-179.17473, -4.289857, -176.79532333333333, 12.786143333333333]",4.2491,-177.9983,[],[],"['ACAP', 'NPFC', 'WCPFC', 'IWC']","['71', '71.6.2']",['71'],[],[],[],[],893,424,1440.808875,501.33406199999996,92f8219e3-3734-0272-e7fd-04f5157b3fea,,969111103,,gear,,True,1916.8753740215402,50895.51666666667,0.020336366881948648,34,138.10468735625412,12.786143333333333,-176.79532333333333,-4.289857,-179.17473
2020-11-21T10:45:12.000Z,2026-04-27T12:49:34.000Z,0f5616dd85f34000ca8042436d96692d,gap,"[5.615743, 60.129607, 87.292165, 81.94283666666666]",73.8862,20.595,[],['5690'],"['ACAP', 'IWC']",['18'],['18'],[],[],[],[],96,2,896.2310620000001,1.107577,2f0025f7d-d011-5a5a-c92b-b8c1e51b5818,KYV OILDRIFTER 47,992571161,,other,,True,3301.6186369776615,47594.066666666666,0.0374570103021028,38,153.05903478951936,81.94283666666666,87.292165,60.129607,5.615743
2020-11-22T07:03:20.000Z,2026-05-21T17:26:30.000Z,fbee849796934e238f51692440c0a95f,gap,"[-169.354133, -31.304963, -162.74514333333335, -3.1433383333333333]",-17.251,-165.7924,[],[],"['ACAP', 'SPRFMO', 'WCPFC', 'IWC']",['77'],['77'],[],[],[],[],429,851,812.93675,1267.448125,624ab9075-5b9b-4f4a-abd2-0a8737e6f05d,BUOY-LC-20        9V,994046050,,gear,,True,3207.126353478068,48154.38333333333,0.035961621232181946,66,172.82912353806103,-3.1433383333333333,-162.74514333333335,-31.304963,-169.354133
2020-11-22T07:12:15.000Z,2026-08-24T19:08:41.000Z,619f6dffd4d1ffd4b733d8dd2fe38a3b,gap,"[-162.783812, -25.731732, -162.75030166666667, -3.1560033333333335]",-14.4439,-162.7662,[],[],"['ACAP', 'SPRFMO', 'WCPFC', 'IWC']",['77'],['77'],[],[],[],[],430,581,814.484812,589.306438,60d7d1222-23fe-584e-ab93-5335601576cc,BUOY-LC-10        9V,994046040,,gear,,True,2510.3129862660903,50435.933333333334,0.026874898235338094,115,172.82912353806103,-3.1560033333333335,-162.75030166666667,-25.731732,-162.783812
2020-11-22T14:21:47.000Z,2026-01-13T06:08:45.000Z,f6ffbc548d6f72de5c4f9e65aab93207,gap,"[120.72145333333333, 26.993588333333335, 150.75245333333334, 41.34088]",35.0909,134.4242,[],[],"['ACAP', 'PICES', 'WCPFC', 'NPFC', 'IWC', 'NPAFC']",['61'],['61'],[],[],[],[],419,2,426.609062,0.0,20b7e0054-46a4-c618-d6f9-279ecafd0a28,,412129608,CHN,other,,True,3166.5974767543726,45063.76666666667,0.037942364295171005,25,181.32098737211012,41.34088,150.75245333333334,26.993588333333335,120.72145333333333
2020-11-23T03:10:36.000Z,2026-08-03T21:50:01.000Z,5dbb68a2c92b38e5d4f2b434e2e59ca4,gap,"[-163.2523783333, -33.617578, -145.104542, -2.5373866667]",-18.2896,-155.009,[],[],"['ACAP', 'SPRFMO', 'WCPFC', 'IWC']",['77'],['77'],[],[],[],[],430,656,811.0738120000001,1113.03425,fbb1cf370-018c-a0d7-66ba-03864954f587,BUOY-LC-12        9V,994046042,,gear,,True,3937.0317600515655,49914.65,0.04258924152049757,70,170.19691436775256,-2.5373866667,-163.2523783333,-33.617578,-145.104542
2020-11-23T03:27:05.000Z,2025-10-29T09:18:40.000Z,d7d5e86ec79aa62e341150626c0944b5,gap,"[-163.2395183333, -2.5367983333, 119.875113, 23.035223]",12.9928,160.1834,[],[],"['ACAP', 'SPRFMO', 'WCPFC', 'IWC']",['77'],['77'],[],[],[],[],429,15,810.198,27.19242,a4922b190-056a-4e4c-9442-1be34dd3f2cb,BUOY-LC-05        8V,994046035,,gear,,True,8781.328687720157,43229.85,0.10968204072684547,96,170.19691436775256,-2.5367983333,-163.2395183333,23.035223,119.875113
2020-11-23T03:28:35.000Z,2026-06-17T19:01:00.000Z,151f022c9c80b8e844e1118306fe0520,gap,"[-163.2379466667, -37.78383, -152.0194, -2.5372866667]",-20.2485,-158.285,[],[],"['ACAP', 'SPRFMO', 'WCPFC', 'IWC']",['77'],['77'],[],[],[],[],429,1334,810.198,1600.47875,f637769ae-e7a9-fa1a-f5d2-31d7dbbf67d3,BUOY-LC-19        9V,994046049,,gear,,True,4082.841284507691,48783.53333333333,0.04519061614369534,94,170.19691436775256,-2.5372866667,-163.2379466667,-37.78383,-152.0194
2020-11-23T03:29:24.000Z,2026-02-09T10:18:59.000Z,6745ab12ae3c44df1b71acef40a38175,gap,"[-163.20202, -2.5632366667, 119.241278, 23.133452]",13.0965,159.9241,[],[],"['ACAP', 'SPRFMO', 'WCPFC', 'IWC']",['77'],['77'],[],[],[],[],426,19,808.077312,52.273008000000004,5ce1ca937-7d69-f5c1-8211-6e5cd2710209,BUOY-LC-09        8V,994046039,,gear,,True,8852.036247204534,45702.816666666666,0.1045825519021204,134,170.19691436775256,-2.5632366667,-163.20202,23.133452,119.241278
2020-11-23T09:33:00.000Z,2026-08-16T23:07:42.000Z,82f7e2da221b4711a51de946837beb69,gap,"[-163.12315666666666, -29.64201, -159.17161, -2.9229933333333333]",-16.2916,-161.2845,[],[],"['ACAP', 'SPRFMO', 'WCPFC', 'IWC']",['77'],['77'],[],[],[],[],443,862,826.740188,940.4765,c6d66ab52-248b-2d4b-2ae1-11d61c568473,BUOY-LC-17        9V,994046047,,gear,,True,3000.1315680095863,50221.566666666666,0.03225589241691778,80,170.19691436775256,-2.9229933333333333,-163.12315666666666,-29.64201,-159.17161
2020-11-23T11:41:34.000Z,2026-05-30T12:35:40.000Z,835c3bd3b55540c93736b7cd0b0b856c,gap,"[-164.580658, -31.14599, -163.24482333333333, -2.9935916666666667]",-17.0709,-163.8613,[],[],"['ACAP', 'SPRFMO', 'WCPFC', 'IWC']",['77'],['77'],[],[],[],[],458,1195,841.9156879999999,1205.204625,d6670c911-1dd9-88b4-2798-2157ea4e60f9,BUOY-LC-16        9V,994046046,,gear,,True,3133.54387091253,48336.9,0.035003865204971854,134,170.19691436775256,-2.9935916666666667,-163.24482333333333,-31.14599,-164.580658
2020-11-23T12:48:00.000Z,2026-07-11T16:32:21.000Z,e45b0d78b593ab81659c36d6890adca4,gap,"[-163.31385833333334, -36.187233, -144.847882, -2.97193]",-19.814,-155.0688,[],[],"['ACAP', 'SPRFMO', 'WCPFC', 'IWC']",['77'],['77'],[],[],[],[],463,932,846.390438,1396.729,f7c028551-108e-be30-fe4c-59ae4bb5f8c2,BUOY-LC-18        9V,994046048,,gear,,True,4151.309927548523,49347.73333333333,0.04542312052089752,92,170.19691436775256,-2.97193,-163.31385833333334,-36.187233,-144.847882
2020-11-23T12:50:44.000Z,2026-08-02T13:37:52.000Z,09eb1f8bd9c1e538eea81742f33f27be,gap,"[-163.31798666666666, -33.357055, -144.26293, -2.970525]",-18.3989,-154.6472,[],[],"['ACAP', 'SPRFMO', 'WCPFC', 'IWC']",['77'],['77'],[],[],[],[],464,614,847.238875,1106.8595,59406bf45-5a3a-4e0c-4008-cc791ce45dc5,BUOY-LC-03        8V,994046033,,gear,,True,3916.4832971498295,49872.78333333333,0.04240252218895787,139,170.19691436775256,-2.970525,-163.31798666666666,-33.357055,-144.26293
2020-11-24T04:46:54.000Z,2026-01-25T11:11:24.000Z,915acee1e9d6c61b516d960d921bdf4a,gap,"[-163.58077666666668, -3.066085, 119.390363, 23.11475]",12.7235,159.7784,[],[],"['ACAP', 'SPRFMO', 'WCPFC', 'IWC']",['77'],['77'],[],[],[],[],493,10,876.534938,49.602938,c34c02d87-7bdb-a7b3-9b21-e0d8f2b98d59,BUOY-SIS-14       9V,994046064,,gear,,True,8821.138751384482,45318.4,0.1051015455761231,150,171.87244711806045,-3.066085,-163.58077666666668,23.11475,119.390363
2020-11-25T04:30:28.000Z,2025-12-16T07:31:11.000Z,7d7a8c7d33fab07a95dd9022d055fc28,gap,"[-164.147485, -2.4940933333, 118.970078, 23.031243]",13.0168,159.2769,[],[],"['ACAP', 'SPRFMO', 'WCPFC', 'IWC']",['77'],['77'],[],[],[],[],513,49,884.260625,77.14357000000001,2668f14a2-2e50-d004-c298-fa77e4d9fa84,BUOY-SIS-07       7V,994046027,,gear,,True,8779.037593417728,44331.0,0.10692971230875606,85,168.95192720820063,-2.4940933333,-164.147485,23.031243,118.970078
2020-11-25T04:30:56.000Z,2025-11-24T21:24:27.000Z,16e07f6794ef2a22ae18ede44ccebbb4,gap,"[-164.1480283333, -2.4930149999999998, 119.466098, 22.9327]",12.9132,159.4917,[],[],"['ACAP', 'SPRFMO', 'WCPFC', 'IWC']",['77'],['77'],[],[],[],[],513,30,884.260625,68.233344,5365831fe-ef82-3e61-31f9-3904aeb1f83a,BUOY-SIS-08       8V,994046028,,gear,,True,8727.151073861362,43816.88333333333,0.10754495159477796,39,168.95192720820063,-2.4930149999999998,-164.1480283333,22.9327,119.466098
2020-11-25T04:31:23.000Z,2025-10-29T08:28:56.000Z,7fce7e680fbaf58128765798a3c0493c,gap,"[-164.1485566667, -2.4921583333, 120.01074, 23.00766]",12.914,159.7583,[],[],"['ACAP', 'SPRFMO', 'WCPFC', 'IWC']",['77'],['77'],[],[],[],[],513,5,884.260625,14.501307,f3390b37b-ba8a-2fb6-0e61-367d8a857ab7,BUOY-SIS-13       9V,994046063,,gear,,True,8672.958523975374,43179.95,0.10845364483075624,34,168.95192720820063,-2.4921583333,-164.1485566667,23.00766,120.01074
2020-11-25T04:32:20.000Z,2025-11-15T10:14:06.000Z,a024435fd92051274fde652dac13a183,gap,"[-164.1496366667, -2.4902666667, 120.107953, 22.98666]",12.8938,159.7997,[],[],"['ACAP', 'SPRFMO', 'WCPFC', 'IWC']",['77'],['77'],[],[],[],[],513,2,884.260625,4.0945219999999996,0d4e25705-5261-8d22-a282-9efcb488fa37,BUOY-SIS-06       8V,994046026,,gear,,True,8662.584614534562,43589.683333333334,0.10730570035024678,49,168.95192720820063,-2.4902666667,-164.1496366667,22.98666,120.107953
2020-11-30T00:28:24.000Z,2025-02-27T05:15:05.000Z,86c05f914fb651c53ddbf0c8f0504603,gap,"[-119.3657316667, -8.83814, 115.252848, -2.6730783333]",-12.39,178.5458,[],[],"['ACAP', 'SPRFMO', 'IATTC', 'IWC']","['87', '87.1', '87.1.4']",['87'],[],[],[],[],1825,4,2299.52875,7.783645000000001,fb4c8f9cf-f77d-d09a-a44b-4c638d67521a,I01              90*,45297330,,gear,,True,13827.93637237231,37204.76666666667,0.20068633648238496,26,122.73021041637408,-2.6730783333,-119.3657316667,-8.83814,115.252848
2020-12-13T11:18:35.000Z,2026-02-05T03:23:04.000Z,487d82360ddb2c2602ca2fad3f07968d,gap,"[70.26624, -15.565381666666667, 114.996872, -9.391868]",-13.4579,92.9129,[],[],"['ACAP', 'IOTC', 'IWC', 'SIOFA']","['51', '51.7']",['51'],[],[],[],[],850,62,857.60275,73.805703,996ca36d0-0f5f-d277-700d-dd68cca69f4d,994161632         9V,994161632,,gear,,True,4895.849722378487,45112.066666666666,0.058599562414824995,15,79.51092521913364,-15.565381666666667,70.26624,-9.391868,114.996872
2020-12-19T10:03:44.000Z,2026-05-27T18:18:27.000Z,9ce4f51e57bcd0cbddd11f0cb3b0fc67,gap,"[-165.271618, -31.175522, 177.33199666666667, 4.69883]",-13.386,-174.6373,[],[],"['ACAP', 'SPRFMO', 'WCPFC', 'IWC']",['71'],['71'],[],[],[],[],504,1227,609.650312,1237.01475,379b01d5c-c5cc-8951-b0ac-e5598c34219b,BUOY-HR-11        6V,994046051,,gear,,True,4395.452502765248,47648.23333333333,0.049809915648525264,112,162.7353576783401,4.69883,177.33199666666667,-31.175522,-165.271618
2020-12-22T09:34:56.000Z,2025-07-31T23:07:34.000Z,6449f958576fa3d5fc94624b1af35af2,gap,"[2.2698666666666667, 1.526, 122.04261, 29.103295]",28.4659,55.5468,[],[],"['ICCAT', 'ACAP', 'NAMMCO', 'IWC']","['34', '34.3.4', '34.3']",['34'],[],[],[],[],487,6,424.946031,2.223899,b90a4dcfc-c332-7205-a8cb-a0f6672b656c,,998244414,,other,,True,12774.385571885663,40381.53333333333,0.17081115624236567,27,248.07930005189877,1.526,2.2698666666666667,29.103295,122.04261
2020-12-23T10:13:04.000Z,2024-07-27T01:33:08.000Z,9c9457676b73e005afca6b35a7c8a059,gap,"[58.556666666666665, -27.011946666666667, 64.18773333333333, -8.861666666666666]",-17.957,61.2265,[],[],"['ACAP', 'IOTC', 'IWC', 'SIOFA', 'CCSBT']","['51', '51.7']",['51'],[],[],[],[],806,271,818.832938,577.0356879999999,0c5c1d3b3-3766-8460-c28b-70fa03be77e4,SONANGOL BENGUELA,311038100,BHS,other,,True,2103.367555041227,31479.333333333332,0.03607851568793944,395,512.7806911155626,-27.011946666666667,64.18773333333333,-8.861666666666666,58.556666666666665
2020-12-23T10:13:04.000Z,2024-07-27T01:33:08.000Z,9c9457676b73e005afca6b35a7c8a059,gap,"[58.556666666666665, -27.011946666666667, 64.18773333333333, -8.861666666666666]",-17.957,61.2265,[],[],"['ACAP', 'IOTC', 'IWC', 'SIOFA', 'CCSBT']","['51', '51.7']",['51'],[],[],[],[],806,271,818.832938,577.0356879999999,0c5c1d3b3-3766-8460-c28b-70fa03be77e4,SONANGOL BENGUELA,311038100,BHS,other,,True,2103.367555041227,31479.333333333332,0.03607851568793944,395,512.7806911155626,-27.011946666666667,64.18773333333333,-8.861666666666666,58.556666666666665
2021-01-06T01:39:25.000Z,2026-05-05T13:30:06.000Z,c48aa48c29e3279acd945ef4e446bb30,gap,"[68.1168, 0.87914, 77.959015, 3.723853]",2.31,73.0428,[],[],"['ACAP', 'SEAFDEC', 'IOTC', 'IWC']","['57', '57.1']",['57'],[],[],[],[],498,509,503.903031,591.350188,30edd3405-57bf-0122-868f-c0d4841e3932,DILARA1-NET1,151000302,,gear,,True,1138.2436585373555,46691.833333333336,0.013162952995011516,14,12.164067021876045,0.87914,77.959015,3.723853,68.1168
2021-01-21T05:53:04.000Z,2025-04-03T04:14:23.000Z,61f41e6d88dacd606eb36deca10e77a5,gap,"[-162.726978, -14.01601, -122.75405, 12.370445]",-0.8755,-142.8107,[],[],"['ACAP', 'SPRFMO', 'IATTC', 'IWC']",['77'],['77'],[],[],[],[],1197,637,1448.67925,1016.256625,a1288f229-90ee-d413-2a2e-c477869a351a,DH20107           5V,994010294,,gear,,True,5292.179238848849,36790.35,0.07767113346634562,51,177.2557344574962,-14.01601,-122.75405,12.370445,-162.726978
2021-01-23T13:24:19.000Z,2024-07-08T13:35:58.000Z,514eef19882b2e6daccd91ca0b4e7a2e,gap,"[-123.3892366667, -19.7994016667, 118.598483, 38.201675]",17.2815,-173.894,[],[],"['ACAP', 'SPRFMO', 'IATTC', 'IWC']",['77'],['77'],[],[],[],[],557,6,903.882875,10.793799000000002,afe1830dc-c321-dd2b-e80c-a25d6b9b828f,HX718-0001       8V0,45656886,,gear,,True,13769.357158303592,30288.183333333334,0.24547058484869375,32,194.18440557516251,-19.7994016667,-123.3892366667,38.201675,118.598483
2021-01-25T13:28:00.000Z,2025-12-02T04:18:39.000Z,401a5a0ba61f0b2d016f8933d448f908,gap,"[-33.436087, -16.847707, 46.017465, -8.5409183333]",-16.3229,7.0695,[],['8337'],"['ACAP', 'IOTC', 'SWIOFC', 'IWC']","['51', '51.5']",['51'],[],[],[],[],94,572,437.896875,640.5935,55e6c898c-c746-c908-e525-2cc886c12412,BUOY-333          9V,994008027,,gear,,True,8618.675253895697,42518.833333333336,0.1094506122412374,21,43.8593118712533,-8.5409183333,46.017465,-16.847707,-33.436087
2021-01-26T23:44:06.000Z,2026-03-30T08:06:58.000Z,a55f4cc553d79880267f42d17645d0e4,gap,"[158.308895, 13.740165, 179.70400833333332, 35.881632]",25.1925,169.9854,[],[],"['ACAP', 'WCPFC', 'IWC']","['71', '71.6.2']",['71'],[],[],[],[],1033,1304,1171.444875,1320.19975,b0d5c59a6-6091-78a0-1af7-9025d426111d,JIN SHEN 888-23,888888823,,gear,,True,3258.6767927589717,45320.36666666667,0.03882459110392937,162,139.22292431316927,13.740165,179.70400833333332,35.881632,158.308895
2021-01-29T00:04:56.000Z,2025-09-25T17:08:36.000Z,809db7bdc6b74681a344aaa8309433b1,gap,"[-164.800597, -16.089786666666665, -132.65623666666667, -6.625968]",-11.807,-149.0029,[],[],"['ACAP', 'SPRFMO', 'WCPFC', 'IATTC', 'IWC']",['77'],['77'],[],[],[],[],474,482,813.3709379999999,758.99825,3a8a41ce1-1cf9-ea7a-e61e-cf5e1b88b0fa,994099008         9V,994099008,,gear,,True,3652.8216011943114,40817.05,0.048322107437330675,61,170.79756918219147,-16.089786666666665,-132.65623666666667,-6.625968,-164.800597
2021-01-29T15:53:13.000Z,2024-07-11T20:13:05.000Z,c27f606c09bef5a3ceb6fa8f069498ba,gap,"[158.98817666666667, 2.841582, 167.507795, 5.612123333333333]",4.2385,163.2556,[],['8316'],"['ACAP', 'WCPFC', 'FFA', 'IWC', 'SPC']","['71', '71.6.1']",['71'],[],[],[],[],144,233,173.659672,380.61568800000003,4ba095f9e-ea41-6a94-74b2-09c328d9ee72,SLC761-07 85%,991276107,,gear,,True,993.6292190826052,30220.316666666666,0.017753515387475546,56,117.09253429446359,5.612123333333333,158.98817666666667,2.841582,167.507795
2021-01-29T19:58:20.000Z,2025-09-30T04:44:33.000Z,90654d18906d72102c5626cb697e9dda,gap,"[-115.12782333333334, -19.02499, 108.614293, 19.142012]",0.1571,176.7937,[],[],"['ACAP', 'SPRFMO', 'IATTC', 'IWC']","['87', '87.2.6', '87.2']",['87'],[],[],[],[],1066,3,1073.82675,1.050481,968a26473-3b1d-d7e6-f47a-a297ab7e5838,ZHONGYANG12-3    7V7,900120003,,gear,,True,15431.073169488764,40904.76666666667,0.2036954032860522,53,180.58897843418663,-19.02499,-115.12782333333334,19.142012,108.614293
2021-01-30T10:22:28.000Z,2026-01-07T20:19:27.000Z,f48dd65141dc70cdffb91fb2709a6a08,gap,"[166.922913, 6.59039, 172.185985, 9.758985]",8.1832,169.544,[],['8318'],"['ACAP', 'WCPFC', 'FFA', 'IWC', 'SPC']","['71', '71.6.2']",['71'],[],[],[],[],155,166,307.748281,254.147031,37e4cc7c9-9235-e901-c9c6-78fea3ca8f7a,HNY702-07 85%,991170207,,gear,,True,677.944943696458,43281.933333333334,0.00845759319247854,24,167.6722736435421,9.758985,172.185985,6.59039,166.922913
2021-02-07T04:54:29.000Z,2025-03-27T03:51:56.000Z,de813f60e9a4d4084ea182d6581d4a79,gap,"[-133.06944833333333, -16.540771666666668, 113.928707, -12.965212]",-25.505,169.7181,[],[],"['ACAP', 'SPRFMO', 'WCPFC', 'IATTC', 'IWC']",['77'],['77'],[],[],[],[],410,468,753.575375,488.426094,3424e33c4-471d-4201-8051-ba9649b1ccb0,994166342         9V,994166342,,gear,,True,11956.546905766489,36214.95,0.17826943976468548,173,168.0667296728921,-16.540771666666668,-133.06944833333333,-12.965212,113.928707
2021-02-12T04:33:30.000Z,2026-08-17T05:32:40.000Z,a857ba52195e7c9fe1a77d4305b4a94d,gap,"[-169.68094166666666, 12.182853333333334, 113.757337, 22.497503]",21.6858,153.3123,[],[],"['ACAP', 'NPFC', 'WCPFC', 'IWC']",['77'],['77'],[],[],[],[],503,7,1464.448375,0.0,4a1812aa3-3a51-9121-9564-ee5cde290c00,LQ2601,111111226,,gear,,True,8128.869449276145,48288.98333333333,0.0908952324227169,47,142.84672168370088,12.182853333333334,-169.68094166666666,22.497503,113.757337
2021-02-14T03:18:57.000Z,2026-08-17T05:42:08.000Z,dcbe6606987265451794fd3f1de9bf53,gap,"[-169.63445166666668, 12.157658333333334, 113.757518, 22.497453]",21.6768,153.3388,[],[],"['ACAP', 'NPFC', 'WCPFC', 'IWC']",['77'],['77'],[],[],[],[],505,7,1458.806625,0.0,1a5ff8903-3a23-395f-e85d-6a6c34180221,LQ2605,111111229,,gear,,True,8134.559873539155,48242.38333333333,0.0910467237177419,39,142.84672168370088,12.157658333333334,-169.63445166666668,22.497453,113.757518
2021-02-16T03:28:08.000Z,2024-02-16T07:07:01.000Z,8b752fa4ddab26ad1b9d50b42c3046c5,gap,"[111.55928, -19.112153, 160.92233833333333, 30.064035]",6.0214,135.0859,[],[],"['ACAP', 'PICES', 'WCPFC', 'NPFC', 'IWC']",['61'],['61'],[],[],[],[],938,396,1855.100625,366.71846899999997,f5f3e770c-c978-084d-c7bd-e726726b39fa,994163615         7V,994163615,,gear,,True,7602.814979960012,26283.633333333335,0.15618813509463425,18,77.31629020408687,30.064035,160.92233833333333,-19.112153,111.55928
2021-02-20T17:31:24.000Z,2025-01-15T06:00:59.000Z,e25cc55463fc258035ca4cdbd3c303dd,gap,"[-60.531085, -45.40447, 109.056313, 21.443795]",-51.899,81.2136,[],[],"['ICCAT', 'IWC', 'ACAP', 'CCSBT']","['41.3.1', '41', '41.3']",['41'],[],[],[],[],385,2,410.12225,0.0,20eb65246-69df-ea00-4bfb-401dc6ff8d7b,VONG EA NO.5,412588000,CHN,fishing,,True,17186.713042751657,34188.48333333333,0.27143885108898685,213,386.77552209796943,-45.40447,-60.531085,21.443795,109.056313
2021-02-24T11:35:41.000Z,2024-03-28T07:58:35.000Z,687f98a64aeb89ac24f7538f4765728a,gap,"[57.90110333333333, -34.53003, 102.23235, -5.679148333333333]",-21.552,77.87,[],['8337'],"['ACAP', 'IOTC', 'SWIOFC', 'IWC']","['51', '51.5']",['51'],[],[],[],[],236,1174,273.44956199999996,1191.616625,864a08bdf-ffd8-cd60-e385-9c5ed0507c45,988100014         8V,988136814,,gear,,True,5562.186683165624,27068.366666666665,0.11095388867199613,22,37.8221782379458,-5.679148333333333,57.90110333333333,-34.530029999999996,102.23235
2021-02-25T16:54:49.000Z,2025-02-17T15:58:11.000Z,cd60ef9e507f25efef387bfee44def21,gap,"[-175.8037583333, 12.1071933333, 109.363508, 20.93029]",20.4727,147.7826,[],[],"['ACAP', 'NPFC', 'WCPFC', 'IWC']","['71', '71.6.2']",['71'],[],[],[],[],845,16,1511.974,26.107395,e1d6c44c7-7da9-7820-57f5-7894e7cc9131,994014035         9V,638000015,SSD,gear,,True,7973.547481896086,34871.05,0.12346548814925401,79,138.06740703416642,12.1071933333,-175.8037583333,20.93029,109.363508
2021-02-27T14:08:28.000Z,2025-07-18T15:46:31.000Z,0cdbb3e17e967c08b6f86de7f74d83d4,gap,"[-178.81443666666667, 4.880573, 150.583487, 9.863278333333334]",7.6397,165.7963,[],[],"['ACAP', 'SPRFMO', 'WCPFC', 'IWC']","['71', '71.6.2']",['71'],[],[],[],[],1028,244,1122.303875,317.906969,1cb4a809d-d091-b6a8-fcfa-69e77c880178,JIN SHEN 888-22,888888822,,other,,True,3418.0747254888784,38449.63333333333,0.048000788115390124,113,145.78687162389687,9.863278333333334,-178.81443666666667,4.880573,150.583487
2021-02-28T13:06:39.000Z,2024-08-13T12:56:05.000Z,52e1f75b9e04b0aa31c1e77ce71382f5,gap,"[-149.153362, -6.195875, -137.39031833333334, 4.173621666666667]",-1.0165,-143.2624,[],[],"['ACAP', 'IWC', 'IATTC']",['77'],['77'],[],[],[],[],1384,427,1474.4405,976.192625,049c1b603-3f76-4713-0d68-2c0aacbea739,CC226 BOUY-05  100%,177700005,,gear,,True,1742.1615571246325,30287.816666666666,0.031058428405100043,32,139.614409879793,4.1736216666666675,-137.39031833333334,-6.195875,-149.153362
2021-03-02T09:08:30.000Z,2025-09-22T00:10:41.000Z,df14caa0b6cc9143c1e1d94f5e0059d2,gap,"[116.1347166667, -12.1522833333, 119.02288333333334, 21.56795]",4.7093,117.5428,[],['8492'],"['ACAP', 'SEAFDEC', 'IOTC', 'IWC', 'CCSBT']","['57.5.1', '57', '57.5']",['57'],[],[],[],[],350,160,364.86756199999996,162.907031,84a31d42a-af8a-9288-52ab-aa34e7b1cefa,ESL SEAL,635961362,ATF,other,,True,3762.757249751941,39951.03333333333,0.050855414922665515,151,209.02673727156247,-12.1522833333,116.1347166667,21.56795,119.02288333333334
2021-03-05T04:54:19.000Z,2024-03-03T22:27:36.000Z,9f36995019cf4562704c95516485dbdb,gap,"[158.77703, 3.74914, 168.650765, 7.796405]",5.7941,163.7316,[],['8316'],"['ACAP', 'WCPFC', 'FFA', 'IWC', 'SPC']","['71', '71.6.1']",['71'],[],[],[],[],104,92,111.374289,475.82956199999995,02c0f67af-fcda-a757-1ca3-ba9e6b7a9529,SLC760-07 93%,991276007,,gear,,True,1181.1875837616758,26273.55,0.024274994129439845,34,118.05699842562012,7.796405,158.77703,3.74914,168.650765
2021-03-07T17:39:13.000Z,2025-07-17T23:00:50.000Z,0414cb681616987952f51d721ce8195e,gap,"[-11.639676666666666, 53.047505, -9.325025, 53.209471666666666]",53.1341,-10.4845,[],['5681'],"['ICCAT', 'ACAP', 'ICES', 'NAMMCO', 'NASCO', 'IWC']","['27.7', '27.7.b', '27']",['27'],[],[],[],[],105,3,113.552859,16.69651,95efefec9-9056-a40d-8a27-5db0461bc110,ANNANDALE 2,250000465,IRL,fishing,,True,155.47216606504765,38237.35,0.0021954516674094976,50,21.76577412066433,53.047505,-11.639676666666666,53.209471666666666,-9.325025
2021-03-09T04:00:09.000Z,2026-06-17T12:53:46.000Z,fa5f90afc5b365b9d9cd909e4cfe493d,gap,"[-176.31047333333333, -17.335111666666666, 120.531423, 22.188253]",2.8476,152.6467,[],['8448'],"['ACAP', 'WCPFC', 'FFA', 'IWC', 'SPC']",['71'],['71'],[],[],[],[],202,13,275.409344,21.922974999999997,a78ba14ef-ffdf-f0a7-80f8-4da179f5691f,994125007         9V,994125007,,gear,,True,8155.8046564029,46232.88333333333,0.09525216457147814,128,119.14017120957048,-17.335111666666666,-176.31047333333333,22.188253,120.531423
2021-03-11T18:50:09.000Z,2024-08-13T20:24:25.000Z,52d24316b83aeccb4a5c04b3df43c6e0,gap,"[-149.049098, -6.166958, -139.77068, 3.969315]",-1.1024,-144.402,[],[],"['ACAP', 'IATTC', 'IWC']",['77'],['77'],[],[],[],[],1319,433,1422.5465,976.0195,c034219a2-2fa0-6e98-7875-eec0849554c5,CC226 BOUY-10  100%,177700010,,gear,,True,1526.9659683333082,30025.566666666666,0.027459786934254694,14,143.98001907389016,3.969315,-139.77068,-6.166958,-149.049098
2021-03-14T07:20:43.000Z,2024-08-13T13:39:29.000Z,6dd7194ba1bfa73dc9d673d68eaa0724,gap,"[-148.966197, -6.204158, -140.39737166666666, 4.460023333333333]",-0.8745,-144.6757,[],[],"['ACAP', 'IATTC', 'IWC']",['77'],['77'],[],[],[],[],1371,433,1477.09475,970.229938,bbbfb9bd5-5dc0-7a58-d63b-1ffe00ed1bb1,CC226 BOUY-11  100%,177700011,,gear,,True,1520.2457530670997,29958.3,0.027400321022663182,35,145.5265698282378,4.460023333333333,-140.39737166666666,-6.204158,-148.966197
2021-03-16T16:26:56.000Z,2024-11-19T02:23:00.000Z,8ef4241b5d7f34269289bc1a18917988,gap,"[-101.127845, -21.590545, 125.687637, 31.98707]",12.8289,-161.6633,[],[],"['ACAP', 'SPRFMO', 'IATTC', 'IWC']","['87', '87.2.6', '87.2']",['87'],[],[],[],[],1024,142,1028.997938,145.446656,776121d1f-f87e-eca7-48b5-978260f6300d,XINLONG67-0010   99%,45689050,,gear,,True,15264.533105562634,32241.933333333334,0.2556356784412329,49,152.181127853227,-21.590545,-101.127845,31.98707,125.687637
2021-03-20T06:02:09.000Z,2024-01-12T17:02:02.000Z,48c2bf1334796bfb9e5126d907ccf379,gap,"[-173.31531666666666, 3.453996666666667, 154.330255, 16.361608]",10.3075,170.8359,[],[],"['ACAP', 'SPRFMO', 'WCPFC', 'IWC']",['77'],['77'],[],[],[],[],471,878,1541.431625,927.5665,c92fda2e0-0d6c-65b0-2afe-87e85f7d0242,8882983 - 16,888298316,,gear,,True,3814.6174300485304,24682.983333333334,0.08344731291674594,72,150.3097237941671,3.453996666666667,-173.31531666666666,16.361608,154.330255
2021-03-24T18:16:04.000Z,2024-05-15T09:40:09.000Z,fbbc4c4ef7291d71367107abece02423,gap,"[67.51916166666666, -38.427488333333336, 90.633782, 1.560823]",-18.7829,80.4971,[],[],"['ACAP', 'IOTC', 'IWC', 'SIOFA', 'CCSBT']","['51', '51.7']",['51'],[],[],[],[],870,552,2122.00175,669.911375,a3849bd20-0a78-d97f-9416-5813c1ae91a1,932555511,932555511,,gear,,True,5037.906439449661,27543.4,0.09876238435175919,74,207.72340566740723,-38.427488333333336,67.51916166666666,1.560823,90.633782
2021-03-24T19:34:29.000Z,2026-03-18T23:58:02.000Z,cbc4fc27b7981751830adb546d233870,gap,"[-34.7410066667, -12.694222, 109.862272, 2.6241166667]",-16.1518,35.4342,[],[],"['ICCAT', 'ACAP', 'NAMMCO', 'IWC']","['41', '41.1.4', '41.1']",['41'],[],[],[],[],759,505,762.5171879999999,510.820625,92af7ba6f-faa7-9234-b3af-bf7a799c8a8f,994165206         9V,994165206,,gear,,True,15962.989961352532,43684.38333333333,0.1973090696361221,14,35.914984199785614,2.6241166667,-34.7410066667,-12.694222,109.862272
2021-03-26T19:00:26.000Z,2024-11-21T16:03:18.000Z,36bf4918122cf1036c93905edcb463ee,gap,"[107.374293, -9.337636666666667, 137.82419166666668, 19.108265]",5.062,122.9371,[],['8492'],"['ACAP', 'SEAFDEC', 'WCPFC', 'APFIC', 'IWC']",['71'],['71'],[],[],[],[],104,119,179.886266,123.979023,7394499f2-24b3-6f12-4054-0d100a10f5be,AIS NET MARK_87%,123022131,,gear,,True,4598.12481691238,32061.033333333333,0.07743944969637419,43,20.58285814042736,-9.337636666666667,137.82419166666668,19.108265,107.374293
2021-03-29T13:46:50.000Z,2024-09-22T11:09:06.000Z,c43c0f9aca5c798a2c6bf30316c14220,gap,"[-120.80242, -15.4158083333, 121.071442, 40.34334]",22.8791,-168.8264,[],[],"['ACAP', 'SPRFMO', 'IATTC', 'IWC']",['77'],['77'],[],[],[],[],1105,27,1444.760875,5.624024,97a127d7e-efc2-6476-bde0-5a12e957a105,XINLONG67-0007   60%,45624311,,gear,,True,13480.067148735752,30549.366666666665,0.23825875172534508,19,179.6721319232715,-15.4158083333,-120.80242,40.34334,121.071442
2021-03-31T21:47:00.000Z,2024-09-26T05:40:09.000Z,d0933d11abad6544870267c8d74809b8,gap,"[-128.57014666666666, -15.152035, 123.12757, 36.835273]",17.9685,-175.357,[],[],"['ACAP', 'SPRFMO', 'IATTC', 'IWC']",['77'],['77'],[],[],[],[],906,54,1104.49175,53.394358999999994,6636a6357-76d5-3e5f-8f46-e6c491cf56f4,FENGHUI7-10      7V6,100900110,,gear,,True,12624.491296735627,30583.883333333335,0.22288470994821252,115,175.91411394415604,-15.152035,-128.57014666666666,36.835273,123.12757
2021-04-05T08:30:36.000Z,2025-01-06T21:59:37.000Z,9990b704814bf07e1d0c61b319a29483,gap,"[-5.2048483333333335, -36.75098666666667, 111.328065, 20.409405]",-15.1537,60.2702,[],[],"['ICCAT', 'ACAP', 'CCSBT', 'IWC']","['47', '47.C', '47.C.0']",['47'],[],[],[],[],568,47,2146.376,75.103211,165063ab0-0f52-775e-350a-d65770cb778f,FY11008,111112091,,gear,,True,13672.996308493928,32941.48333333333,0.22411945769684397,14,133.3649492772324,-36.75098666666667,-5.2048483333333335,20.409405,111.328065
2021-04-07T02:12:07.000Z,2024-09-23T06:44:00.000Z,8ade1d8f089d313f23b7c4ea7e6b2b11,gap,"[67.313833, -9.800536666666666, 75.85543833333334, 3.816267]",-3.0005,71.5579,[],[],"['ACAP', 'IOTC', 'IWC', 'SIOFA']","['51', '51.4']",['51'],[],[],[],[],458,599,470.943688,680.093938,9d6163cde-e63c-d281-1352-261ad9884a46,BHAGYA 02 NISHA,417000962,LKA,fishing,,True,1785.474332496788,30364.516666666666,0.03175018472418324,108,286.3460311714091,-9.800536666666666,75.85543833333334,3.816267,67.313833
2021-04-08T04:14:40.000Z,2024-01-01T20:14:01.000Z,2c0e11eea7ca0727595f3b2cedb9b789,gap,"[-167.196375, -11.521597, 156.44924666666665, 6.750566666666667]",-2.5107,174.5004,[],['8316'],"['ACAP', 'WCPFC', 'FFA', 'IWC', 'SPC']","['71', '71.6.1']",['71'],[],[],[],[],129,160,189.561812,484.0465,c792896a7-7e15-ab64-9850-a14210dc7949,HNY721 82%,991172105,,gear,,True,4505.538518093576,23967.983333333334,0.10150191370890382,26,103.05763105930019,6.750566666666667,156.44924666666665,-11.521597,-167.196375
2021-04-10T06:38:02.000Z,2024-06-02T14:20:18.000Z,81f29d8052562176fb2ba458f066c536,gap,"[-164.58012, -2.5251900000000003, 157.499612, 16.83374]",7.5599,176.8812,[],[],"['ACAP', 'SPRFMO', 'WCPFC', 'IWC']",['77'],['77'],[],[],[],[],558,764,917.26425,1096.434875,0785bf9c1-16a8-0f77-a11f-56476f6ab84c,8882983 - 20,888298320,,gear,,True,4685.16223309682,27583.7,0.09171304875902937,96,168.95192720820063,-2.5251900000000003,-164.58012,16.83374,157.499612
2021-04-11T05:22:47.000Z,2025-05-01T11:51:00.000Z,ddbcaac1e4a068e00a5ba0a075a7b7b1,gap,"[-164.67580666666666, -2.500356666666667, 155.75167, 20.893777]",9.7622,176.2288,[],[],"['ACAP', 'SPRFMO', 'WCPFC', 'IWC']",['77'],['77'],[],[],[],[],567,418,921.7713120000001,1230.633125,986225fb7-73f8-3b18-b881-2efcaeb7966d,8882983 - 19,888298319,,gear,,True,5032.7134416890585,35550.46666666667,0.07643916149295021,71,168.95192720820063,-2.500356666666667,-164.67580666666666,20.893777,155.75167
2021-04-12T15:03:05.000Z,2025-03-25T06:23:04.000Z,16d85b5096f9fbc31cb829919c9bb807,gap,"[-14.159036666666667, 26.21045, 50.622335, 32.834826666666665]",33.8415,19.4227,[],['8363'],"['ICCAT', 'ACAP', 'NAMMCO', 'IWC']","['34', '34.1.2', '34.1']",['34'],[],[],[],[],199,1,202.244875,0.0,0eefec8a9-928e-bb7f-43b7-30fd44800260,CG26329,338926929,USA,other,,True,6215.538803146487,34623.316666666666,0.09693243706871885,24,117.9980964694871,32.834826666666665,-14.159036666666667,26.21045,50.622335
2021-04-13T13:23:27.000Z,2024-05-15T03:03:51.000Z,e380727025683ce85f4d9c50fc6e4b2e,gap,"[71.41103, -36.43657, 90.494083, 1.446833]",-17.7223,81.9942,[],[],"['ACAP', 'IOTC', 'IWC', 'SIOFA', 'CCSBT']","['51', '51.7']",['51'],[],[],[],[],562,571,2019.754875,689.691125,ca6893253-3800-380b-5269-101d3d69e930,932555503,932555503,,gear,,True,4651.887157317645,27061.666666666668,0.09281830828978141,125,214.11600524974236,-36.43657,71.41103,1.446833,90.494083
2021-04-17T01:45:03.000Z,2024-03-27T03:33:18.000Z,77c56b9c727137b0460854e04cda5a4f,gap,"[-18.501023333333332, -6.558128333333333, -9.167565, -5.128503]",-5.8626,-13.8283,[],[],"['ICCAT', 'ACAP', 'IWC']","['47', '47.A.0', '47.A']",['47'],[],[],[],[],475,647,474.42553100000003,656.721812,cee6d7e27-7af1-9585-b487-92f5db82b727,994069008         8V,994069008,,gear,,True,1044.5698214978036,25801.8,0.02185981527654155,58,48.029511806250134,-6.558128333333333,-18.501023333333332,-5.128503,-9.167565
2021-04-18T08:59:20.000Z,2024-03-15T12:35:49.000Z,bdb65b6dcd2ba74bf2551656aaf6fb3d,gap,"[-76.05366833333333, -40.477468, -74.738145, -39.882223333333336]",-40.1817,-75.3988,[],['8465'],"['CPPS', 'IWC', 'ACAP', 'IATTC']","['87.3.2', '87', '87.3.21', '87.3']",['87'],[],[],[],[],200,77,223.542438,129.17975,4944de9f4-4b2a-6153-636f-166d7d0386f3,DON DAVID II99%,725002227,CHL,gear,,True,129.88784266112998,25491.6,0.002751252347089383,109,81.44392882377208,-39.882223333333336,-76.05366833333333,-40.477468,-74.738145
2021-04-19T08:31:19.000Z,2025-01-21T01:29:23.000Z,8d8f5d05126bc72e097ae5575bbff825,gap,"[11.28445, -22.676216666666665, 132.350725, 32.804921666666665]",10.1786,67.102,[],['8395'],"['ICCAT', 'ACAP', 'IWC', 'CCSBT']","['47', '47.1', '47.1.4']",['47'],[],[],[],[],292,12,325.882406,33.587402000000004,dced562ec-c966-ed9d-430d-8e1d62c3c82e,PERFECT,636019687,LBR,other,,True,14179.881319752993,32944.96666666667,0.23240343413496709,384,422.14148467835855,-22.676216666666665,11.28445,32.804921666666665,132.350725
2021-04-21T03:13:36.000Z,2024-08-17T17:06:21.000Z,2ef37605e7c14401b772e27cc4170424,gap,"[62.826255, -11.753795, 157.84398833333333, -8.930822]",-15.1185,110.0539,[],['8314'],"['ACAP', 'WCPFC', 'FFA', 'IWC', 'SPC']",['71'],['71'],[],[],[],[],215,695,245.429,926.23575,20d5ad302-2223-7183-6b96-0758db6a2f6d,BUOY4267120       9V,994161360,,gear,,True,10345.17800550944,29149.866666666665,0.19162863799383878,39,67.40905999687291,-11.753795,157.84398833333333,-8.930822,62.826255
2021-04-22T11:11:52.000Z,2024-05-10T00:30:36.000Z,370991f2fafe1029b144d0f8dc136004,gap,"[-166.041122, -12.582618, 161.0977, 7.4589083333333335]",-2.6708,177.3947,[],['8316'],"['ACAP', 'WCPFC', 'FFA', 'IWC', 'SPC']","['71', '71.6.2']",['71'],[],[],[],[],143,131,311.06925,326.17756199999997,f669ad67c-c922-da7d-84a1-88b005d7a520,HNY717-09 97%,991171709,,gear,,True,4260.618945787665,26725.3,0.08608136060999887,66,139.59334175200541,7.4589083333333335,161.0977,-12.582618,-166.041122
2021-04-24T10:39:40.000Z,2024-09-07T10:16:32.000Z,0bac8cc028ac10c176ba4bee3a70d248,gap,"[-151.49983833333334, -2.60533, 123.51024, 37.449033]",22.9414,171.9876,[],[],"['ACAP', 'SPRFMO', 'WCPFC', 'IWC']",['77'],['77'],[],[],[],[],408,72,837.622,72.092391,6f6d2688c-cb6f-82f3-5589-d1275589dad5,LS212002,111111602,,gear,,True,9742.319794792009,29567.6,0.17791203393712424,18,164.96708820581847,-2.60533,-151.49983833333334,37.449033,123.51024
2021-04-24T17:18:55.000Z,2024-05-15T10:00:02.000Z,b5d28d729e3977a19180ec4aa0284c2d,gap,"[82.55078333333333, -35.757288333333335, 90.644413, 1.405348]",-17.2159,87.0188,[],[],"['ACAP', 'IOTC', 'IWC', 'SIOFA', 'CCSBT']","['57', '57.4']",['57'],[],[],[],[],499,556,2587.04625,679.991125,d6ac4fca8-84b5-222e-4643-b234b97924ab,932555508,932555508,,gear,,True,4216.790363958806,26800.683333333334,0.08495621613252748,250,229.90958880025659,-35.757288333333335,82.55078333333333,1.405348,90.644413
2021-04-26T04:47:41.000Z,2024-12-30T22:24:34.000Z,e072aebb388b211bc41979669db54c40,gap,"[161.05251666666666, 2.803312, 168.46653, 7.4051116666666665]",5.1149,164.7728,[],['8316'],"['ACAP', 'WCPFC', 'FFA', 'IWC', 'SPC']","['71', '71.6.2']",['71'],[],[],[],[],136,199,310.651656,408.87175,70aef4f13-3dee-383e-d177-9f925bce8974,HNY767-15 72%,991176715,,gear,,True,967.323512541363,32273.6,0.016183906094746073,68,139.59334175200541,7.4051116666666665,161.05251666666666,2.803312,168.46653
2021-04-26T05:13:49.000Z,2024-08-08T23:44:12.000Z,5abebd3751aec5fe55a66e22214a9470,gap,"[82.81325166666667, -36.12858666666666, 157.274262, -10.150265]",-28.1571,124.3276,[],[],"['ACAP', 'IOTC', 'IWC', 'SIOFA', 'CCSBT']","['57', '57.4']",['57'],[],[],[],[],502,155,2631.047,174.14793799999998,ac3b55abe-efcc-8f51-2159-79324a4f5b86,994098004         9V,994098004,,gear,,True,7953.196969882656,28818.5,0.14901479303612558,153,234.19802032582973,-36.12858666666666,82.81325166666667,-10.150265,157.274262
2021-04-26T19:55:58.000Z,2025-10-17T17:03:35.000Z,04a4d7bb18fdff3155aaca45e716503a,gap,"[-155.91566666666668, -34.61109, 88.010445, 0.61711]",-29.7076,137.2069,[],[],"['ACAP', 'SPRFMO', 'WCPFC', 'IWC']",['81'],['81'],[],[],[],[],1345,861,1435.252625,965.694,f0bb02980-0489-8758-5c1c-b97c2063bc43,NETMARK992-12     9,992000012,,gear,,True,12407.432732265446,39237.11666666667,0.1707433748030066,105,270.89818218792703,-34.61109,-155.91566666666668,0.61711,88.010445
2021-04-27T08:08:39.000Z,2026-08-16T09:26:31.000Z,a4396e7f3010f280c26608e645b06f60,gap,"[29.742125, -37.35381833333334, 109.989383, 20.102158]",-11.1942,73.8742,[],[],"['ACAP', 'IOTC', 'IWC', 'CCSBT']","['47', '47.C', '47.C.0']",['47'],[],[],[],[],488,12,508.300625,7.370816,606b1817f-fe71-c5b3-4380-35603cff3482,BUOY-03  100%,168803337,,gear,,True,10531.085755061335,46489.28333333333,0.1223148862168813,17,142.37282425873863,-37.35381833333334,29.742125,20.102158,109.989383
2021-04-28T02:15:08.000Z,2026-05-21T05:17:16.000Z,5833ee5655e745257ffacc5c5e4d5deb,gap,"[36.387697, -36.951413333333335, 39.298335, -35.250883]",-36.1099,37.8273,[],[],"['ACAP', 'IOTC', 'IWC', 'SIOFA', 'CCSBT']","['51', '51.8']",['51'],[],[],[],[],1062,739,1091.037125,772.431938,f3f03cc15-5f68-1d31-4fdb-b00238feb41f,NETFISH87209      9,872668009,,gear,,True,322.67620187336604,44379.03333333333,0.003925980298086179,18,143.54403994488024,-36.951413333333335,39.298335,-35.250883,36.387697
2021-04-30T03:10:06.000Z,2024-08-27T19:10:45.000Z,eed1aa69dc7b31792730603a61b15efd,gap,"[23.192666666666668, -38.28082833333333, 120.408755, 25.096035]",-9.8826,76.4286,[],[],"['ACAP', 'IOTC', 'IWC', 'CCSBT']","['47', '47.C', '47.C.0']",['47'],[],[],[],[],451,57,465.334375,58.441438000000005,1f8b49112-2c3c-f0f6-df5d-f93a9045a3fd,B-BUOY 004        9V,994008044,,gear,,True,12299.627467464661,29176.0,0.22762776018057426,15,141.0041135974951,-38.28082833333333,23.192666666666668,25.096035,120.408755
2021-05-01T16:17:56.000Z,2026-02-23T17:54:38.000Z,8292f28ab14bc11e05dde77e6650e8b1,gap,"[163.56341833333335, 9.487005, 173.577935, 11.695168]",10.6307,168.5526,[],['8318'],"['ACAP', 'WCPFC', 'FFA', 'IWC', 'SPC']","['71', '71.6.2']",['71'],[],[],[],[],217,334,463.97375,564.948625,a1405f60d-da27-0f6d-7647-bb1f0781f8ea,SLC787-12 82%,991278712,,gear,,True,1121.6764560938109,42217.6,0.014346074474720458,87,148.99913863491417,9.487005,163.56341833333335,11.695168,173.577935
2021-05-04T13:03:22.000Z,2024-05-25T01:05:29.000Z,9dbe8946ca25aca7df49ebaf1b43bc2f,gap,"[-31.751571666666667, -18.075193333333335, 126.231988, 29.920897]",27.8612,33.8843,[],['8381'],"['ICCAT', 'ACAP', 'IWC']","['41', '41.1.4', '41.1']",['41'],[],[],[],[],367,293,843.583,308.715688,9c44e3bd5-5edc-b8db-cbd3-3edfc089c635,AMELIA I - BOIA 5,918000190,,gear,,True,17427.054635224995,26796.033333333333,0.3511660325776205,79,38.621497973557126,-18.075193333333335,-31.751571666666667,29.920897,126.231988
2021-05-06T18:00:41.000Z,2024-12-28T07:21:52.000Z,3ef5f66c04a07f1b0c5f841c035b44c6,gap,"[61.055445, -35.815578333333335, 77.872768, -7.181112]",-21.7082,70.3154,[],[],"['ACAP', 'IOTC', 'IWC', 'SIOFA', 'CCSBT']","['51', '51.7']",['51'],[],[],[],[],1385,595,1698.8985,602.4108120000001,39fcd6107-7b46-58a3-1a3c-10d5021c1517,FK005             9V,994038015,,gear,,True,3615.0888287206067,31957.35,0.06108115373034606,77,174.32679411625324,-35.815578333333335,61.055445,-7.181112,77.872768
2021-05-08T23:49:08.000Z,2024-02-02T05:52:53.000Z,0685dd2edca4d96fa67af719d86e19e6,gap,"[93.16238333333334, 6.926066666666666, 157.560915, 45.577655]",30.0879,119.1457,[],[],"['ACAP', 'PICES', 'WCPFC', 'NPFC', 'IWC', 'NPAFC']",['61'],['61'],[],[],[],[],420,57,570.7785620000001,85.343922,39e2c64ec-c9a2-5bcf-5967-0f5b3a4acdd6,GS,635961355,ATF,cargo,,True,7480.2379152719095,23982.05,0.16841785226110886,210,276.6833065153926,45.577655,157.560915,6.926066666666666,93.16238333333334
2021-05-09T01:09:45.000Z,2026-07-28T21:59:13.000Z,4946d0f290401c19068a5968e8e8f75a,gap,"[-132.05405833333333, -12.960841666666667, 118.847407, 24.826258]",10.1453,176.2563,[],[],"['ACAP', 'SPRFMO', 'WCPFC', 'IATTC', 'IWC']",['77'],['77'],[],[],[],[],759,5,772.457188,3.00311,954be755c-ca49-3481-10c9-1a059fa92363,ZHONGYANG13-5    8V0,900130005,,gear,,True,12515.501258969927,45764.816666666666,0.14766430952102186,115,154.0946985996804,-12.960841666666667,-132.05405833333333,24.826258,118.847407
2021-05-10T10:24:20.000Z,2025-10-17T17:25:21.000Z,bdd37d3fb5612b7a4ed99271846a6fee,gap,"[-155.05967, -35.118451666666665, 88.009212, 0.582023]",-30.3961,137.2093,[],[],"['ACAP', 'SPRFMO', 'WCPFC', 'IWC']",['81'],['81'],[],[],[],[],1312,863,1438.8435,968.183688,7c9f17a07-7332-bd24-9069-1d94e0bc5ce9,NETMARK992-11     9,992000011,,gear,,True,12465.465112226988,38911.01666666667,0.17297961534253392,151,278.0205580023768,-35.118451666666665,-155.05967,0.582023,88.009212
2021-05-11T21:18:37.000Z,2025-11-18T09:56:23.000Z,7edae987d4641780e7d3f8d0c7fd4dd5,gap,"[-132.46497666666667, -13.323918333333333, 120.141357, 26.366108]",10.9109,177.0523,[],[],"['ACAP', 'SPRFMO', 'WCPFC', 'IATTC', 'IWC']",['77'],['77'],[],[],[],[],705,8,746.2875,8.275079999999999,70a050117-76db-cc7c-4c88-75c99d0c613d,ZHONGYANG22-9    7V9,900220009,,gear,,True,12374.13064836306,39636.61666666667,0.16856877787080593,125,158.04829561951823,-13.323918333333333,-132.46497666666667,26.366108,120.141357
2021-05-15T12:00:39.000Z,2025-09-17T20:47:35.000Z,20dcc097a0a4d2c69318649f0eeb53ff,gap,"[162.33712, 7.006048333333333, 172.705657, 9.059763]",8.0655,167.5082,[],['8316'],"['ACAP', 'WCPFC', 'FFA', 'IWC', 'SPC']","['71', '71.6.2']",['71'],[],[],[],[],194,166,195.854984,262.250375,3ed3b8598-8f8c-5ac1-6800-7371ff21134d,CFA27-06 93%,991302706,,gear,,True,1164.140686418205,38072.76666666667,0.016510113103008688,16,146.2427687821648,7.006048333333333,162.33712,9.059763,172.705657
2021-05-16T01:35:47.000Z,2026-01-08T06:45:26.000Z,4a43c0338eea03bdc4bd9ed4d2e6bc67,gap,"[43.792966666666665, -34.72291833333333, 101.259593, -33.383852]",-37.6238,72.7744,[],[],"['ACAP', 'IOTC', 'IWC', 'SIOFA', 'CCSBT']","['51', '51.7']",['51'],[],[],[],[],1019,1272,1115.496375,1285.394625,829b05205-542a-d162-7cf2-bc09ae82548e,994165896         9V,994165896,,gear,,True,5221.697758813737,40757.15,0.06917783089497134,34,134.17716592197968,-34.72291833333333,43.792966666666665,-33.383852,101.259593
2021-05-16T14:55:40.000Z,2024-08-06T03:25:55.000Z,1aa58733b67798bb8ffed4d6d3feffc8,gap,"[-43.668081666666666, -27.019185, 3.08368, 22.313548333333333]",-2.5628,-20.7595,[],[],"['ICCAT', 'ACAP', 'NAMMCO', 'IWC']",['31'],['31'],[],[],[],[],1936,1179,1951.791,1197.033625,6e0b76aab-bb7f-97ea-69b4-2bf68f421159,SF2005 BUOY,102000205,,gear,,True,7439.963298834393,28260.5,0.1421510164599536,15,29.956643602551154,22.313548333333333,-43.668081666666666,-27.019185,3.08368
2021-05-20T15:36:32.000Z,2025-05-02T00:30:11.000Z,d4ceeb99881d9d4ea5e81f388cc20d21,gap,"[-174.83007333333333, 12.175975, 118.38349, 23.438928]",21.0386,152.9728,[],[],"['ACAP', 'NPFC', 'WCPFC', 'IWC']",['77'],['77'],[],[],[],[],759,77,1613.830625,64.22132,6a7287a21-1668-c8e7-b12c-ab078d3a920b,LQ16008,111111355,,gear,,True,7123.397105877197,34616.88333333333,0.11111129485569528,75,138.34416267653572,12.175975,-174.83007333333333,23.438928,118.38349
2021-05-21T14:21:34.000Z,2025-10-17T23:27:11.000Z,63d9e26bb1437c2fd0fb44eda7d398ec,gap,"[-157.06562333333332, -26.750140000000002, 88.062287, 0.44659]",-23.385,140.4407,[],[],"['ACAP', 'SPRFMO', 'WCPFC', 'IWC']",['81'],['81'],[],[],[],[],540,862,675.69725,971.813,22282fa59-99c5-61c1-5d4c-588d2db6bb4c,NETMARK992-09     9,992000009,,gear,,True,12484.60537274265,38649.083333333336,0.17441934007418733,51,209.11849394437405,-26.750140000000002,-157.06562333333332,0.44659,88.062287
2021-05-21T14:24:48.000Z,2025-10-17T17:06:54.000Z,d3c597d8eb9a7d0a84d11a4584a17d05,gap,"[-157.06505833333333, -26.749053333333332, 88.010158, 0.61155]",-23.2633,140.4114,[],[],"['ACAP', 'SPRFMO', 'WCPFC', 'IWC']",['81'],['81'],[],[],[],[],540,862,675.69725,966.315125,f6b0ab5aa-a66f-7785-8fab-8bd66abc8dd4,NETMARK992-08     9,992000008,,gear,,True,12498.616484358025,38642.7,0.1746439302769468,67,209.11849394437405,-26.749053333333332,-157.06505833333333,0.61155,88.010158
2021-05-25T19:23:48.000Z,2024-08-10T20:23:54.000Z,92f67f155f6210c6c2c84de35181da87,gap,"[147.947187, -3.415765, 163.972295, 3.096512]",-0.1612,155.9585,[],[],"['ACAP', 'SPRFMO', 'WCPFC', 'IWC']",['71'],['71'],[],[],[],[],457,424,458.247156,581.742938,ec30750b6-67e3-dd18-2679-8791089f38e4,NETFISH856-06,898333006,,gear,,True,1922.5338487518318,28153.0,0.03687298801220007,18,119.89125018826469,-3.415765,163.972295,3.096512,147.947187
2021-05-30T07:37:07.000Z,2024-03-07T12:24:24.000Z,12367bb180cf3b4aec492bb65d0ffa75,gap,"[39.589245, -35.37486833333333, 62.916645, -16.369937]",-26.3416,52.213,[],[],"['ACAP', 'IOTC', 'IWC', 'SIOFA', 'CCSBT']","['51', '51.8']",['51'],[],[],[],[],994,367,996.9393120000001,371.83156199999996,04fdba120-0045-986c-6ed0-585b46916ba7,CT4-003119-06     9V,994011226,,gear,,True,3132.5001389234635,24292.783333333333,0.06962622350139884,43,138.13150793005738,-35.37486833333333,39.589245,-16.369937,62.916645
2021-06-08T15:52:57.000Z,2024-11-25T06:32:16.000Z,85502c5301dbcd867a422f555958f473,gap,"[121.331828, -7.974525, 136.506815, 27.68458]",9.9401,129.3458,[],['8492'],"['ACAP', 'SEAFDEC', 'WCPFC', 'APFIC', 'IWC']",['71'],['71'],[],[],[],[],129,12,164.108984,12.627722,a4b54c4d7-76e3-a577-3e50-7e516fcbc608,AIS BUOY_96%,123021415,,gear,,True,4288.037676100874,30374.65,0.07622656118457781,34,17.247608826339484,-7.974525,136.506815,27.68458,121.331828
2021-06-11T05:40:52.000Z,2024-06-26T14:10:46.000Z,2b3ec0ff17cbcb91f87051f22b746cb3,gap,"[55.42501166666667, -5.699386666666666, 109.069267, 17.75224]",6.7462,81.6124,[],['8337'],"['ACAP', 'IOTC', 'SWIOFC', 'IWC']","['51', '51.5']",['51'],[],[],[],[],100,61,115.83344500000001,60.90257,e5400fdb1-11bd-8794-22ff-f897518c7a03,RUBY,412340886,CHN,fishing,,True,6437.434014630053,26672.483333333334,0.13031918511512633,22,38.85855381052831,-5.699386666666666,55.42501166666667,17.75224,109.069267
2021-06-11T11:36:14.000Z,2024-03-28T07:11:26.000Z,33bad45e6a6c5f3429db74b6b6bb4a6c,gap,"[74.735855, -35.078525, 102.21997, -34.437143]",-35.5411,88.5323,[],[],"['ACAP', 'IOTC', 'IWC', 'SIOFA', 'CCSBT']","['51', '51.7']",['51'],[],[],[],[],392,1175,2041.35375,1192.3615,feadaca51-1dee-745c-6b19-782a919c22cd,988100008         9V,988136808,,gear,,True,2503.840196787803,24499.583333333332,0.055183205796894175,35,217.27980618819387,-35.078525,74.735855,-34.437143,102.21997
2021-06-16T12:03:05.000Z,2025-07-30T16:22:06.000Z,e50c71b989e632ee9c9dc05f00a775b0,gap,"[-163.56974666666667, 6.752388, -138.965215, 12.619996666666667]",9.9094,-151.1582,[],[],"['ACAP', 'NPFC', 'WCPFC', 'IWC']",['77'],['77'],[],[],[],[],669,1634,1078.4275,1735.51475,5f4e44247-7238-a102-eb05-b4646fe2885a,DH20108           9V,994010295,,gear,,True,2772.869057975966,36124.316666666666,0.041446583661679026,106,149.00623357933105,12.619996666666667,-163.56974666666667,6.752388,-138.965215
2021-06-17T23:21:15.000Z,2024-01-10T07:08:54.000Z,fd291f37ccc0ead3bd377ec6e3081d8d,gap,"[119.513747, -35.4689433333, 160.0347933333, 23.58243]",-6.3307,138.5275,[],[],"['ACAP', 'SPRFMO', 'WCPFC', 'IWC', 'CCSBT']",['81'],['81'],[],[],[],[],418,1,448.513906,0.0,728b2694d-d624-2807-38dc-a78c45c826bd,994167678         9V,994167678,,gear,,True,7829.464433734832,22471.783333333333,0.1881280415399343,91,117.2123549349256,-35.4689433333,160.0347933333,23.58243,119.513747
2021-06-19T14:59:49.000Z,2024-04-07T09:03:58.000Z,749273eeb5230c22b4f021e1886e3baa,gap,"[-176.001555, -34.654505, 65.201927, -5.605757]",-35.41,115.4787,[],[],"['ACAP', 'SPRFMO', 'WCPFC', 'IWC', 'CCSBT']",['81'],['81'],[],[],[],[],541,674,694.975625,816.063812,cd87d0f96-600b-a29f-12c9-e236c1a1734b,BUOY-014          9V,994008514,,gear,,True,12209.673988344148,24546.066666666666,0.2685846423995753,61,207.28656802398976,-34.654505,-176.001555,-5.605757,65.201927
2021-06-23T09:29:05.000Z,2025-09-23T16:26:21.000Z,c99107a28aeb5af66d9a2766914c1b84,gap,"[65.136507, -32.94598, 66.90397666666667, -3.302712]",-18.1263,65.9437,[],[],"['ACAP', 'IOTC', 'IWC', 'SIOFA', 'CCSBT']","['51', '51.7']",['51'],[],[],[],[],1103,759,1515.465625,917.022875,50b723045-52e5-1b47-61dc-51b3b9c5b4af,994123118         9V,994123118,,gear,,True,3301.316898956749,37278.95,0.04781702596116704,41,181.78024514350668,-32.94598,66.90397666666667,-3.302712,65.136507
2021-06-25T07:32:33.000Z,2024-03-10T23:04:10.000Z,2b71bea1384838a5ff0fd635914cedb2,gap,"[110.581877, 20.555593000000002, 168.54372666666666, 43.643325]",35.5753,135.5037,[],[],"['ACAP', 'PICES', 'WCPFC', 'NPFC', 'IWC', 'NPAFC']",['61'],['61'],[],[],[],[],1038,1,1213.07925,22.263375,a0a05249c-c265-1876-7c00-5b1e8f569f7f,,412003001,CHN,fishing,,True,5893.681856633408,23751.516666666666,0.1339844381541713,292,395.5247290292179,43.643325,168.54372666666666,20.555593,110.581877
2021-06-28T22:47:22.000Z,2024-01-12T05:14:42.000Z,7da3b447d62380ae640c8707a49a532d,gap,"[58.56475666666667, 1.17172, 124.705098, 32.771693]",19.982,88.4164,[],[],"['ACAP', 'IOTC', 'IWC', 'SIOFA']","['51', '51.5']",['51'],[],[],[],[],638,146,683.659312,147.571438,0c271adfc-c411-df56-0b84-1469b15e3832,,123007842,,gear,,True,7721.896709043576,22254.45,0.18735536774130299,16,23.75115540396995,1.17172,58.56475666666667,32.771693,124.705098
2021-06-29T02:04:55.000Z,2024-04-19T07:02:58.000Z,d6b31ae088dfe408a3ecfaa8b5ef1c98,gap,"[44.77435833333333, -31.586041666666667, 55.156992, 1.0757349999999999]",-15.3147,50.3816,[],[],"['ACAP', 'IOTC', 'IWC', 'SIOFA', 'CCSBT']","['51', '51.7']",['51'],[],[],[],[],665,531,755.952312,600.123688,a1259bd4a-aa2a-ac78-5f5e-9b6bd79129dd,MG2015          11V9,119010402,,gear,,True,3793.287038822247,24604.966666666667,0.08324380893583087,27,118.34132301897259,-31.586041666666667,44.77435833333333,1.075735,55.156992
2021-06-30T05:44:07.000Z,2024-01-05T11:39:33.000Z,fa8e84ee0cd12c61fb6f082236d29f34,gap,"[-156.88702166666667, -17.207515, -132.200775, -13.00826]",-15.4484,-144.668,[],[],"['ACAP', 'SPRFMO', 'WCPFC', 'IWC']",['77'],['77'],[],[],[],[],399,460,524.879312,712.1149379999999,6eb604213-30f4-452a-7aca-129511276190,994045016         9V,994045016,,gear,,True,2688.824984870343,22061.916666666668,0.06580794252006547,115,170.8219654353622,-13.00826,-156.88702166666667,-17.207515,-132.200775
2021-07-02T15:29:47.000Z,2024-07-27T22:09:39.000Z,505cfbf6b0d7f61f0d3e0cb666262321,gap,"[-161.10670833333333, 25.270018, -139.737165, 28.476156666666668]",27.2791,-150.2686,[],[],"['ACAP', 'NPFC', 'WCPFC', 'IWC']",['77'],['77'],[],[],[],[],606,1676,715.68825,1687.6345,3adacb8ba-aaca-6331-8fac-77cd6e71d8c8,JAN 02         11.7V,941201246,,gear,,True,2146.3694962863487,26910.65,0.04306647413754957,48,131.7781539399291,28.476156666666668,-161.10670833333333,25.270018,-139.737165
2021-07-02T15:35:15.000Z,2024-07-27T18:36:30.000Z,50980dbe495f3ab7d83e250a831955ba,gap,"[-161.16316333333333, 24.937087, -139.765352, 28.523516666666666]",27.1359,-150.2936,[],[],"['ACAP', 'NPFC', 'WCPFC', 'IWC']",['77'],['77'],[],[],[],[],609,1661,721.158688,1673.56575,6c964589c-c3a8-c7b0-2d74-2c0ce8fe6b6d,JAN 06         12.0V,941209673,,gear,,True,2159.0714792833423,26907.016666666666,0.04332718668994967,49,131.7781539399291,28.523516666666666,-161.16316333333333,24.937087,-139.765352
2021-07-04T08:27:36.000Z,2025-05-08T22:50:20.000Z,3c216712501ef4d3f8d2d439f18ad093,gap,"[-159.39360166666665, -9.832345, 156.564823, 7.866078]",-1.0605,178.5237,[],['8446'],"['ACAP', 'WCPFC', 'FFA', 'IWC', 'SPC']",['77'],['77'],[],[],[],[],171,158,555.711625,200.77290599999998,ef2b1bf62-2194-d14d-93bb-3f6116284fcb,HNY718-09 77%,991171809,,gear,,True,5258.814956594374,33710.36666666667,0.08423322540527635,37,178.43067191696463,-9.832345,-159.39360166666665,7.866078,156.564823
2021-07-06T16:34:58.000Z,2026-09-04T17:42:42.000Z,c67c6a357526338e47d8876b094598ab,gap,"[113.535668, 12.694303333333334, 175.86896166666668, 21.965895]",20.0336,145.5791,[],[],"['ACAP', 'WCPFC', 'IWC']","['71', '71.6.2']",['71'],[],[],[],[],606,10,792.302375,4.549308,1893c5ddf-f0ba-a447-6f80-8bd31ace3dba,FU55905,111111803,,gear,,True,6654.826665437806,45265.11666666667,0.07938384341927118,77,149.96263780220164,12.694303333333334,175.86896166666668,21.965895,113.535668
2021-07-09T15:04:15.000Z,2025-11-30T17:44:54.000Z,3571ddc21a74f7c7fb50d09947aa9361,gap,"[40.771678, -3.886335, 165.32647833333334, -3.208067]",-7.5903,103.0091,[],[],"['ACAP', 'SPRFMO', 'WCPFC', 'IWC']",['71'],['71'],[],[],[],[],410,64,412.794906,155.472172,341c646b1-18b1-d4d0-fdfd-0c1403ee9bee,AIS NET MARK,412888807,CHN,gear,,True,13803.707579037411,38522.666666666664,0.1934810454506763,60,129.51111611317873,-3.886335,165.32647833333334,-3.208067,40.771678
2021-07-10T03:32:41.000Z,2024-03-28T09:52:32.000Z,0acd83cf6757f2692798c0ecb7c2ed82,gap,"[77.805795, -34.761613, 102.269955, -32.27849166666667]",-34.1284,89.8596,[],[],"['ACAP', 'IOTC', 'IWC', 'SIOFA', 'CCSBT']","['51', '51.7']",['51'],[],[],[],[],614,1170,2003.878875,1188.782625,b6ee68f38-86ae-5509-3a12-1ea1d487a1fd,988100007         9V,988136807,,gear,,True,2278.9475665825244,23814.316666666666,0.051671994645871966,15,208.39362909610642,-32.27849166666667,77.805795,-34.761613,102.269955
2021-07-10T10:24:53.000Z,2024-07-02T09:58:33.000Z,cba169a3739917d96649aaa301354c85,gap,"[125.697093, 2.928506666666667, 142.76694166666667, 28.69776]",15.9805,134.7891,[],[],"['ACAP', 'SEAFDEC', 'SPRFMO', 'WCPFC', 'IWC']",['71'],['71'],[],[],[],[],480,264,644.05425,302.813,eba99355b-b9c7-0857-0bc1-4deaa9da4d86,SHENG JI HUI-2,200000206,,gear,,True,3387.2770065456875,26111.55,0.0700449902389357,44,29.246745748133023,2.9285066666666673,142.76694166666667,28.69776,125.697093
2021-07-10T11:28:08.000Z,2025-06-02T22:49:31.000Z,5f8298f72bf4ba8961c042b1c97ca776,gap,"[-156.5351266667, -9.0880666667, 118.170187, 38.706963]",19.6656,166.976,[],['8446'],"['ACAP', 'WCPFC', 'FFA', 'IWC', 'SPC']",['77'],['77'],[],[],[],[],150,36,852.8623120000001,10.906366,b565362e6-6957-47ec-edd6-28ebddc91d71,HX7160007        7V8,43388389,,gear,,True,10234.185080591358,34163.35,0.16175281001688555,52,173.80332826735287,-9.0880666667,-156.5351266667,38.706963,118.170187
2021-07-10T15:07:32.000Z,2026-09-07T21:39:00.000Z,2b3e460266400f3b4ef9634293537951,gap,"[-179.910613, -5.971633333333333, -166.61776833333334, -0.894245]",-3.4561,-173.2819,[],[],"['ACAP', 'SPRFMO', 'WCPFC', 'IWC']",['77'],['77'],[],[],[],[],518,401,896.18925,831.9745,259eaa8c6-62f2-c9c2-b61a-91dd65a2d544,NET FISH 62805    2V,899628005,,gear,,True,1579.3093698224388,45246.51666666667,0.018846950037708178,46,168.42267319743513,-5.971633333333333,-166.61776833333334,-0.894245,-179.910613
2021-07-15T05:17:17.000Z,2026-09-16T05:51:07.000Z,ec2f32c7ccbb338a489c1b7d3b49b11f,gap,"[122.250835, 36.612825, 168.34323166666667, 47.56993]",44.4498,143.1862,[],[],"['ACAP', 'PICES', 'WCPFC', 'NPFC', 'IWC', 'NPAFC']",['61'],['61'],[],[],[],[],647,16,867.815125,19.645516,39684f551-186d-3ac3-6ae9-fd5f2ac23aa3,,412559017,CHN,other,,True,3929.134560247032,45336.55,0.046795862003138684,281,393.08099843907695,47.56993,168.34323166666667,36.612825,122.250835
2021-07-15T09:14:39.000Z,2024-09-27T20:38:49.000Z,b213fa6906ad5695ef7ced6504930594,gap,"[105.48255833333333, -26.221353333333333, 108.373065, -23.481205]",-24.8582,106.9438,[],[],"['ACAP', 'SEAFDEC', 'IOTC', 'IWC', 'SIOFA', 'CCSBT']","['57', '57.3']",['57'],[],[],[],[],506,747,517.783562,770.16825,d449fcab2-2cdd-3155-b853-730a42e6698f,KM BAHARI 19,525201192,IDN,fishing,,True,421.7409809821445,28091.4,0.008106463614394434,66,130.75865274186955,-23.481205,108.373065,-26.221353333333333,105.48255833333333
2021-07-16T17:49:47.000Z,2024-03-25T18:29:47.000Z,e1cc8702a5beaad49146088ec890f9b8,gap,"[-34.514035, -19.138235, 176.37611, 11.73975]",-13.6185,-105.3712,[],[],"['ICCAT', 'ACAP', 'NAMMCO', 'IWC']","['34', '34.4.2', '34.4']",['34'],[],[],[],[],1110,146,1137.758375,154.555562,447aaf37a-a5e7-9ce4-df21-197d3640c9fe,HS78007           7V,994010367,,gear,,True,16609.154877997273,23592.666666666668,0.3801277025074647,61,35.22152212568003,11.73975,-34.514035,-19.138235,176.37611
2021-07-19T15:50:26.000Z,2024-10-27T01:01:15.000Z,2727614131b540f8c8b0403bd2bd9ffb,gap,"[1.9720933333333333, -31.608938333333334, 121.855307, 27.998842]",-3.5984,63.7003,[],[],"['ICCAT', 'ACAP', 'IWC', 'CCSBT']","['47', '47.C', '47.C.1']",['47'],[],[],[],[],1376,34,1392.707875,30.497211,c784f5a18-8233-f071-7e71-82aa25842a4f,KF8009,111111235,,gear,,True,14273.847415951985,28689.166666666668,0.2686470859638832,22,110.31812102030744,-31.608938333333334,1.9720933333333333,27.998842,121.855307
2021-07-22T00:38:09.000Z,2025-01-14T11:43:13.000Z,57899630b243de3e59e0ee94c3f7d29b,gap,"[77.50208833333333, -0.27502333333333334, 122.226193, 25.01511]",13.3386,98.7045,[],[],"['SEAFDEC', 'IOTC', 'IWC', 'SIOFA', 'ACAP']","['51', '51.4']",['51'],[],[],[],[],452,24,466.549781,33.458042999999996,846033143-3b0e-280b-4192-5b20038de591,KRISHEL 02,416000909,TWN,fishing,,True,5567.810777813008,30539.083333333332,0.09844360018995019,41,148.9185135079054,-0.27502333333333334,77.50208833333333,25.01511,122.226193
2021-07-23T13:51:07.000Z,2025-06-17T01:51:55.000Z,9191bfa48ea59658f9c47db80aa220b7,gap,"[26.474455, -43.77889, 157.163143, -39.899583]",-64.97,95.5982,[],[],"['ACAP', 'IOTC', 'IWC', 'CCSBT']","['47', '47.D.0', '47.D']",['47'],[],[],[],[],937,679,1076.553375,701.1518120000001,d82aa95de-ee3e-91ee-b6a2-815132ebcbd7,T8014  89%,168803639,,gear,,True,9480.19730537987,34188.0,0.14972788794730543,17,169.68655056261778,-43.77889,26.474455,-39.899583,157.163143
2021-07-25T05:43:41.000Z,2026-07-08T23:49:51.000Z,f102b155139a7904aefbc69b638ed644,gap,"[-167.235202, -10.777598333333334, -163.15168166666666, -9.915488]",-10.353,-165.1962,[],['8446'],"['ACAP', 'WCPFC', 'FFA', 'IWC', 'SPC']",['77'],['77'],[],[],[],[],232,187,274.68590600000005,582.606562,d408482b8-8832-1b4d-0574-0ac8947398db,HNY719-12 50%,991171912,,gear,,True,456.84724659320574,43434.1,0.005679357438925086,74,176.85789239661702,-10.777598333333334,-163.15168166666666,-9.915488,-167.235202
2021-07-25T21:13:02.000Z,2025-09-30T04:30:39.000Z,806bd3aeabebf68a7466950450f1885a,gap,"[-112.37937, -32.51490666666667, 108.628725, 19.127453]",-18.328,169.49,[],[],"['ACAP', 'SPRFMO', 'IATTC', 'IWC']","['87', '87.2.6', '87.2']",['87'],[],[],[],[],655,2,658.589625,0.0,388a45489-98fd-d773-17cd-0eeb0792fdf0,ZHONGYANG12-9    7V9,900120009,,gear,,True,15680.377882713577,36655.28333333333,0.23098243823499337,151,197.03550255094035,-32.51490666666667,-112.37937,19.127453,108.628725
2021-07-26T10:25:21.000Z,2026-02-22T16:46:37.000Z,45d01b639e3ba930e66faacfc1cef919,gap,"[-164.867095, -10.937746666666667, -162.61866833333335, -6.827002]",-8.8841,-163.7492,[],['8446'],"['ACAP', 'WCPFC', 'FFA', 'IWC', 'SPC']",['77'],['77'],[],[],[],[],180,459,262.326312,739.395312,240985d5b-b122-c1ad-db22-1cd3e7e408e9,HNY719-03 79%,991171903,,gear,,True,519.5421236371207,40134.35,0.006989780682624684,117,178.26500064885818,-10.937746666666667,-162.61866833333335,-6.827002,-164.867095
2021-08-03T16:32:44.000Z,2024-09-09T06:13:20.000Z,1efda071777b113d3b624cc1876f3cf5,gap,"[68.816798, -21.766297, 75.20223833333333, -14.335603333333333]",-18.0772,72.0772,[],[],"['ACAP', 'IOTC', 'IWC', 'SIOFA']","['51', '51.7']",['51'],[],[],[],[],821,600,840.98925,607.717562,ba39cc32e-e490-3799-3a47-a6a2e86e060e,TAIHONG6100%,890106009,,gear,,True,1066.559364755311,27181.666666666668,0.02118692692215506,56,75.57015174837886,-14.335603333333333,75.20223833333333,-21.766297,68.816798
2021-08-03T18:30:25.000Z,2024-03-22T11:43:41.000Z,1098ccea565441ae6750f6e0a6e37e88,gap,"[47.326537, -14.122408333333333, 75.16373166666666, 1.5829870000000001]",-6.4577,61.03,[],[],"['ACAP', 'IOTC', 'IWC', 'SIOFA']","['51', '51.7']",['51'],[],[],[],[],797,171,816.664812,225.191953,e9c28486d-d3c0-4f0e-1b20-5c6e15e315a9,TAIHONG6 67%,890106011,,gear,,True,3528.8412079582954,23081.216666666667,0.08255291937464282,27,75.57015174837886,-14.122408333333333,75.16373166666666,1.582987,47.326537
2021-08-07T17:40:23.000Z,2024-05-11T23:01:42.000Z,2abf982c9cb27b39be3bad4f163538ba,gap,"[133.504422, 3.000325, 143.51427666666666, 14.933607]",9.0007,138.5921,[],[],"['ACAP', 'SEAFDEC', 'SPRFMO', 'WCPFC', 'IWC']",['71'],['71'],[],[],[],[],457,768,660.890812,783.41275,cecb1c303-3ce5-5704-00c4-05ed409bd12f,NET FISH 9551-13  9V,955111113,,gear,,True,1721.8366751710312,24197.35,0.03842228290280469,22,32.476969354277436,3.000325,143.51427666666666,14.933607,133.504422
2021-08-07T21:14:04.000Z,2024-09-15T11:58:34.000Z,bd4c45f4432c1f7601b6ac25228b1a07,gap,"[143.69268, 2.950383, 149.823832, 3.041428333333333]",3.0002,146.7584,[],[],"['ACAP', 'SEAFDEC', 'SPRFMO', 'WCPFC', 'IWC']",['71'],['71'],[],[],[],[],453,417,654.036438,548.0765,c0f13cf62-20b0-39bc-c366-6d7b0dd33b0b,NET FISH 9551-14  9V,955111114,,gear,,True,680.896600239554,27230.733333333334,0.013501463484245222,32,32.476969354277436,3.041428333333333,143.69268,2.950383,149.823832
2021-08-14T09:47:40.000Z,2025-05-03T18:27:00.000Z,c50643d944c9a2fad1eef087ad5cbad7,gap,"[-159.439415, -11.398385, -156.199362, -10.36707]",-10.887,-157.8166,[],['8446'],"['ACAP', 'WCPFC', 'FFA', 'IWC', 'SPC']",['77'],['77'],[],[],[],[],199,236,448.602688,753.05975,581fce3f2-2169-4271-626c-895ba6f1ad73,SLC884-06 98%,991288406,,gear,,True,371.9131684680953,32600.65,0.006159909253622941,74,177.59498418030972,-11.398385,-159.439415,-10.36707,-156.199362
2021-08-17T09:54:48.000Z,2024-05-11T21:14:00.000Z,7feee7de0325b7940f8124ab9c587ab6,gap,"[-151.449043, -18.127053333333333, -121.50048666666666, -7.575432]",-13.287,-136.7976,[],[],"['ACAP', 'SPRFMO', 'IATTC', 'IWC']",['77'],['77'],[],[],[],[],799,291,1175.837,895.889,797f8a989-9ab4-05cd-8c1b-3e2ec9e5ce51,XSJ209-5 90%,209000005,CYP,fishing,,True,3445.4199219141656,23963.316666666666,0.07763440902098728,170,189.7962924723288,-18.127053333333333,-121.50048666666666,-7.575432,-151.449043
2021-08-18T05:09:07.000Z,2025-03-19T12:22:34.000Z,eccd2addedc3a22a4deefc8acbf11698,gap,"[147.005195, 13.028458, 152.11435, 25.624]",19.344,149.6587,[],[],"['ACAP', 'NPFC', 'WCPFC', 'IWC']",['61'],['61'],[],[],[],[],489,489,506.315875,621.170125,ef0850bf9-9821-ccb0-e501-fd0274b6ad66,NETFISH333-04,886333004,,gear,,True,1499.1230558659954,31423.216666666667,0.025759988285694674,42,28.49500231885692,25.624,147.005195,13.028458,152.11435
2021-08-18T09:02:48.000Z,2024-10-16T13:18:51.000Z,9fc0778ab16b81b4bb7a620767d5de00,gap,"[-157.7637716667, -10.5105866667, 118.690655, 24.546775]",9.3675,162.4526,[],['8446'],"['ACAP', 'WCPFC', 'FFA', 'IWC', 'SPC']",['77'],['77'],[],[],[],[],156,5,656.994875,8.952872,90dc7daf1-181e-8b28-8b48-100d3f9ef10f,ZY180003         7V7,44742980,KWT,gear,,True,9849.829096279404,27724.266666666666,0.1918349111757283,57,175.24165176856675,-10.5105866667,-157.7637716667,24.546775,118.690655
2021-08-19T08:42:01.000Z,2025-03-09T00:32:28.000Z,2722dbb4e270030ed293dc37015375e0,gap,"[146.48266833333332, 12.281802, 154.448445, 25.184288333333335]",18.7752,150.6185,[],[],"['ACAP', 'NPFC', 'WCPFC', 'IWC']",['61'],['61'],[],[],[],[],452,452,477.083312,608.3971879999999,e0b734e80-0064-afc4-e59c-d913623ca7ce,NETFISH333-05,886333005,,gear,,True,1660.6805539866039,31143.833333333332,0.028792080727324944,43,25.230692205897025,25.184288333333335,146.48266833333332,12.281802,154.448445
2021-08-20T22:29:59.000Z,2024-08-21T19:52:54.000Z,cd350445b4e2aa7c2d6556dc35952bb0,gap,"[-123.584302, -17.870577, -121.43702666666667, -17.485723333333333]",-17.6811,-122.5095,[],[],"['ACAP', 'SPRFMO', 'IATTC', 'IWC']",['77'],['77'],[],[],[],[],867,763,1229.543,1045.862188,d5b9ec63f-fd51-9adc-e959-fd9947bfa639,XSJ209-3 90%,209000003,CYP,fishing,,True,231.47958371174278,26325.366666666665,0.004747853189240322,79,187.01621718943244,-17.485723333333333,-121.43702666666667,-17.870577,-123.584302
2021-08-21T20:51:08.000Z,2025-06-11T05:13:26.000Z,3bf4164e413ad7919e77f47314fdfe97,gap,"[96.452373, -21.197427, 159.31402, 19.211456666666667]",-1.1637,128.1066,[],[],"['ACAP', 'WCPFC', 'IWC']","['71', '71.6.1']",['71'],[],[],[],[],766,997,1364.374875,1014.018312,d56f015f6-61da-1aaf-5d33-4844a8b707f6,994164186         9V,994164186,,gear,,True,8182.149493421825,33344.36666666667,0.13249636228003278,108,93.49645648008652,19.211456666666667,159.31402,-21.197427,96.452373
2021-08-23T04:23:33.000Z,2024-07-10T07:47:38.000Z,2ab74d1a4f363537998da23d68710615,gap,"[39.2637, -30.5904416667, 98.292333, -19.127078]",-28.0225,70.286,[],[],"['ACAP', 'IOTC', 'IWC', 'SIOFA', 'CCSBT']","['51', '51.8']",['51'],[],[],[],[],704,781,705.95225,797.220875,ec67bd440-01dd-b672-d098-f760715a63ac,BUOY61070-06      9V,994161486,,gear,,True,6024.2269474808245,25251.4,0.12881750421178934,19,107.95083362235485,-30.5904416667,39.2637,-19.127078,98.292333
2021-08-23T11:10:57.000Z,2024-03-22T04:24:03.000Z,b5703b4f850523cf1450ca1983d39e24,gap,"[54.311453, -29.834495, 64.60503833333334, 1.417907]",-14.2632,59.0928,[],[],"['ACAP', 'IOTC', 'IWC', 'SIOFA', 'CCSBT']","['51', '51.7']",['51'],[],[],[],[],1121,577,1134.979875,653.43825,4f3c3a25b-b5d4-8172-57fd-6a820ef875fa,MG2018          12V1,119010405,,gear,,True,3642.8929051552004,22601.216666666667,0.08703092569791462,15,158.32741840521302,-29.834495,64.60503833333334,1.417907,54.311453
2021-08-25T23:00:08.000Z,2024-05-15T02:20:04.000Z,7642a2307dac317c40c19e1d8d3d4ca3,gap,"[69.21996333333334, -29.37523, 90.488007, 1.339302]",-14.2519,80.5916,[],[],"['ACAP', 'IOTC', 'IWC', 'SIOFA', 'CCSBT']","['51', '51.7']",['51'],[],[],[],[],1210,574,1227.278375,697.660125,a82c63277-760a-f982-a704-5f788bb7536a,932555504,932555504,,gear,,True,4095.6158903816195,23835.316666666666,0.09278062864780874,228,175.48885998569813,-29.37523,69.21996333333334,1.339302,90.488007
2021-08-26T17:32:09.000Z,2024-08-16T20:54:49.000Z,3aecc5ff2b4f4ecf9b79d507b1804b82,gap,"[-148.249045, 58.62999333333333, -148.19129666666666, 58.633983]",58.632,-148.2202,[],['8463'],"['ACAP', 'IPHC', 'IWC']",['67'],['67'],[],[],[],[],129,129,149.005531,149.070375,3ca49c348-8219-d44b-533b-6b3fad064241,941214131,941214131,,gear,,True,3.3718267765928687,26067.366666666665,6.984367970024468e-05,64,75.90013429195012,58.62999333333333,-148.19129666666666,58.633983,-148.249045
2021-08-27T02:47:54.000Z,2024-04-17T10:11:28.000Z,c29980c05cc1417b2a169ed03ab7c023,gap,"[123.435537, 3.5356, 140.89156166666666, 22.272008]",13.0496,132.496,[],[],"['ACAP', 'SEAFDEC', 'SPRFMO', 'WCPFC', 'IWC']",['71'],['71'],[],[],[],[],510,193,660.081812,240.262312,bd278c9d8-8532-3b3e-5e00-5af17ec146ca,764231915         9V,764231915,,gear,,True,2807.4441974768015,23143.383333333335,0.06550030187533337,18,25.395216888313474,3.5356,140.89156166666666,22.272008,123.435537
2021-08-30T08:49:28.000Z,2024-08-26T22:37:10.000Z,1bb4e1c0a77eb08a1850df5cab686f90,gap,"[-148.38975, 58.569832, -148.09095, 58.740475]",58.6552,-148.2407,[],['8463'],"['ACAP', 'IPHC', 'IWC']",['67'],['67'],[],[],[],[],116,135,136.844875,156.173734,6c8979a31-125c-957b-a308-5e6376dcdfb5,941214117,941214117,,gear,,True,25.666076575128812,26221.783333333333,0.0005285137356443356,67,75.90013429195012,58.740475,-148.09095,58.569832,-148.38975
2021-08-31T08:40:59.000Z,2024-03-28T09:35:25.000Z,61448440ee1908bd723c05a6dc829967,gap,"[74.07218666666667, -34.727258, 102.263563, -28.466375]",-32.3829,87.6839,[],[],"['ACAP', 'IOTC', 'IWC', 'SIOFA', 'CCSBT']","['51', '51.7']",['51'],[],[],[],[],1084,1171,1456.058,1189.55675,d13d243dd-d9d5-ac30-6a92-ae2b92cd75d2,988100010         9V,988136810,,gear,,True,2749.2642979785846,22560.9,0.06579896910989634,18,180.1382771374899,-28.466375,74.07218666666667,-34.727258,102.263563
2021-08-31T11:21:14.000Z,2024-06-25T05:17:47.000Z,5a7f97773d49bd53c7c30fbdc4ea4bfe,gap,"[171.932358, -8.466378, 175.84426666666667, 12.065291666666667]",1.8005,173.8772,[],[],"['ACAP', 'WCPFC', 'IWC']","['71', '71.6.2']",['71'],[],[],[],[],577,540,737.705125,754.079625,87bf36c81-15dd-0520-bb85-16f364402a2c,NET FISH 9399-0212V3,939988802,,gear,,True,2323.612995026979,24689.933333333334,0.050816283232691904,79,149.96263780220164,12.065291666666667,175.84426666666667,-8.466378,171.932358
2021-09-01T05:09:36.000Z,2024-03-12T13:09:38.000Z,90805d17bca1bb840a17114fbbdd4f2b,gap,"[-112.2096933333, -32.1043866667, 124.496902, 33.113677]",1.0625,-173.2581,[],[],"['ACAP', 'SPRFMO', 'IATTC', 'IWC']","['87', '87.2.6', '87.2']",['87'],[],[],[],[],607,119,610.69975,119.712328,97ed61ec0-031c-a5c8-a54c-8202f58b37e7,776-7A           7V9,42637677,,gear,,True,14769.875624054808,22160.0,0.35988695078534494,18,197.03550255094035,-32.1043866667,-112.2096933333,33.113677,124.496902
2021-09-01T06:59:59.000Z,2025-05-14T13:45:58.000Z,9b5d68dd60de6188791b07bfadb54bfd,gap,"[133.540395, -7.230705, 136.917645, -7.0355583333]",-7.1362,135.2294,[],['8492'],"['ACAP', 'SEAFDEC', 'WCPFC', 'APFIC', 'IWC']",['71'],['71'],[],[],[],[],138,72,139.819469,143.21259400000002,f88a79bc6-682b-cce5-39fe-49715bb576a5,994080156         9V,994080156,,gear,,True,373.257397225044,32430.75,0.006214560905061955,21,17.247608826339484,-7.0355583333,136.917645,-7.230705,133.540395
2021-09-01T07:10:42.000Z,2025-05-02T22:11:26.000Z,3bb9cbe140b40d98dd99b1dbefa467ec,gap,"[118.190387, -7.0452616667, 136.9213766667, 23.398935]",8.2856,127.9254,[],['8492'],"['ACAP', 'SEAFDEC', 'WCPFC', 'APFIC', 'IWC']",['71'],['71'],[],[],[],[],138,64,139.211297,50.578656,fb34ab087-7019-08ea-1142-4ce1741bb0c1,994080069         8V,994080069,,gear,,True,3949.982957426311,32151.0,0.06633759980705099,18,17.247608826339484,-7.0452616667,136.9213766667,23.398935,118.190387
2021-09-01T09:19:53.000Z,2024-01-01T00:16:49.000Z,d66211f7ae62f8692c6ec018b19a37c4,gap,"[-159.65194833333334, -12.433033333333332, 155.97491, 2.7722670000000003]",-5.2145,177.8979,[],['8446'],"['ACAP', 'WCPFC', 'FFA', 'IWC', 'SPC']",['77'],['77'],[],[],[],[],264,161,386.03025,527.338125,927f35b3a-aa55-aacb-4ba7-8268ffd3fffe,,991172205,,gear,,True,5184.1494130808005,20438.933333333334,0.136955128727721,78,176.83681747075386,-12.433033333333332,-159.65194833333334,2.772267,155.97491
2021-09-02T12:37:36.000Z,2026-02-08T22:14:00.000Z,b88011e7b6b3e65abd55c35df808f6b1,gap,"[150.328347, -3.402575, 163.73064, 19.617942]",8.1627,157.2248,[],[],"['ACAP', 'SPRFMO', 'WCPFC', 'IWC']",['71'],['71'],[],[],[],[],475,496,476.13359399999996,689.38925,f5c49ac46-6565-6fd3-9161-01a8b522c2b2,20201014-3-90%,62568733,ERI,gear,,True,2949.19396775729,38889.6,0.040947640181465704,18,119.89125018826469,-3.402575,163.73064,19.617942,150.328347
2021-09-04T11:09:27.000Z,2024-04-22T05:14:12.000Z,ac8e0a7958763345d72415a1fb73901d,gap,"[82.52435, -35.050095, 83.222907, -4.973405]",-20.0121,82.8395,[],[],"['ACAP', 'SEAFDEC', 'IOTC', 'IWC']","['57', '57.2']",['57'],[],[],[],[],1133,591,1147.042875,2587.34575,a0bddc94c-c802-f79b-42b6-c10612489b45,994072021         8V,994072021,,gear,,True,3345.151084575521,23058.066666666666,0.07833428156901756,15,23.10109058553544,-4.973405,82.52435,-35.050095,83.222907
2021-09-07T23:55:38.000Z,2024-06-14T07:53:33.000Z,4ed5745bf6adc1ea7489c36e0310c757,gap,"[-145.14273833333334, -9.722721666666667, 106.703967, 17.825527]",6.8816,162.1535,[],[],"['ACAP', 'SPRFMO', 'WCPFC', 'IATTC', 'IWC']",['77'],['77'],[],[],[],[],516,21,535.867938,22.636889,5835362da-a9f6-a66f-2e1e-bc6174268dfa,0605,111111153,,gear,,True,12245.165524974826,24247.95,0.27267708959527026,30,147.66072062666944,-9.722721666666667,-145.14273833333334,17.825527,106.703967
2021-09-08T08:21:48.000Z,2026-03-02T13:04:19.000Z,c6e206296a17b6d5fd67c64baaaa0ac7,gap,"[-175.25716, -19.253138, 162.62910333333335, 0.5084366666666666]",-9.5462,173.3641,[],[],"['ACAP', 'SPRFMO', 'WCPFC', 'IWC']",['71'],['71'],[],[],[],[],489,50,489.7565,95.32320299999999,ab33f4b4f-fcff-2077-1170-948c4309a07b,994067011         9V,994067011,,gear,,True,3263.300310260647,39268.7,0.04487139131787938,68,131.97676810541353,0.5084366666666666,162.62910333333335,-19.253138,-175.25716
2021-09-10T03:25:04.000Z,2025-06-07T15:10:35.000Z,23177f0935fb9dfba8a11c34325b55f1,gap,"[99.594482, -32.306195, 103.94960833333333, -19.49351]",-25.9161,101.6533,[],[],"['ACAP', 'IOTC', 'IWC', 'SIOFA', 'CCSBT']","['57', '57.3']",['57'],[],[],[],[],1024,856,1022.286062,872.35575,52f325008-8403-80a5-cf01-942f8b0e9f50,994071830         9V,994071830,,gear,,True,1489.3600863379286,32795.75,0.024521168487184112,145,230.24575714814694,-32.306195,103.94960833333333,-19.49351,99.594482
2021-09-10T11:42:34.000Z,2025-08-11T04:14:24.000Z,14bde39d62e897a616b75b915410c04c,gap,"[69.34103666666667, -34.183205, 82.915333, -22.450056666666665]",-28.4847,75.7507,[],[],"['ACAP', 'IOTC', 'IWC', 'SIOFA', 'CCSBT']","['51', '51.7']",['51'],[],[],[],[],679,628,687.0698120000001,2508.72825,0c5a9e883-30be-4688-6e23-eaf04bc04c0e,879-3  82%,398702802,,gear,,True,1858.5943505277185,34336.51666666667,0.029227212363275443,17,126.96321552037595,-22.450056666666665,69.34103666666667,-34.183205,82.915333
2021-09-12T07:11:13.000Z,2025-09-16T03:06:42.000Z,5cac9c07ee57820cbf57943dcbd2f608,gap,"[-102.3270266667, -30.51258, 118.271572, 38.7542]",11.63,-164.3656,[],[],"['ACAP', 'SPRFMO', 'IATTC', 'IWC']","['87', '87.2.6', '87.2']",['87'],[],[],[],[],772,28,780.971812,6.552458,f4c2a100d-d388-0ec1-351b-9350a5628f78,776-9A           8V9,45721694,MNG,gear,,True,16222.12009696805,35155.916666666664,0.2491541948937108,48,170.6173145576133,-30.51258,-102.3270266667,38.7542,118.271572
2021-09-14T14:27:56.000Z,2024-01-02T18:10:04.000Z,a5dda1d8a8ad2e628ed891f4f30def2f,gap,"[-167.41568166666667, -12.078937, -166.667842, -11.471398333333333]",-11.7754,-167.0422,[],['8446'],"['ACAP', 'WCPFC', 'FFA', 'IWC', 'SPC']",['77'],['77'],[],[],[],[],180,147,470.86425,407.535125,c27b06a0d-d88d-eb60-1c18-8d172b5b72ea,HNY721 91%,991172106,,gear,,True,105.78568520763044,20163.7,0.002832798565545289,146,163.34728321770515,-11.471398333333333,-167.41568166666667,-12.078937,-166.667842
2021-09-15T05:50:44.000Z,2024-09-01T23:32:54.000Z,64a17ecf883610036a6d4aae36ce958d,gap,"[66.88762166666666, -27.982936666666667, 79.807455, -21.09112]",-24.6751,73.5259,[],[],"['ACAP', 'IOTC', 'IWC', 'SIOFA', 'CCSBT']","['51', '51.7']",['51'],[],[],[],[],976,1707,987.9275620000001,1714.75825,bf6093bde-efef-df4f-0d3f-d1618f1fc92d,0602-17,412288062,CHN,gear,,True,1513.4777852883963,25985.7,0.03144855158974245,27,153.52802947424368,-27.982936666666667,66.88762166666666,-21.09112,79.807455
2021-09-17T16:30:50.000Z,2026-08-09T12:41:27.000Z,183b8c288d1a587278faa5a25bb25f72,gap,"[-18.356673333333333, 69.65817, 18.971403, 87.49688]",78.8059,15.0092,[],[],"['ICCAT', 'ACAP', 'ICES', 'NAMMCO', 'IWC', 'NASCO']","['27.14.a', '27.14', '27']",['27'],[],[],[],[],446,1,277.987312,0.0,124a7894b-b091-2209-7b59-b2c0dc57c547,LA,877227555,,other,,True,2047.2606389500863,42884.166666666664,0.025777166641492644,17,179.17900175427178,87.49688,-18.356673333333333,69.65817,18.971403
2021-09-20T23:13:47.000Z,2024-06-24T14:35:39.000Z,4e5c011235896a1c5dd680d8a39836ce,gap,"[-172.98401166666667, 3.131245, -148.455785, 3.467991666666667]",3.3765,-160.7178,[],[],"['ACAP', 'SPRFMO', 'WCPFC', 'IWC']",['77'],['77'],[],[],[],[],502,981,1511.982,1010.76375,fdb0d2f25-5786-2fec-8bda-afc5cf328648,NET FISH9327-13 10V8,932700013,,gear,,True,2723.0804558621585,24183.35,0.06079992302555624,82,150.73059775320692,3.4679916666666672,-172.98401166666667,3.131245,-148.455785
2021-09-25T02:24:17.000Z,2025-04-27T22:50:40.000Z,9093154ebf037aa3fa63d6f4794ec2ab,gap,"[-175.84953, 15.15396, 145.655973, 27.772191666666668]",22.6066,164.0337,[],['8453'],"['ACAP', 'WCPFC', 'IWC', 'SPC']",['61'],['61'],[],[],[],[],153,3,1758.053,11.642905,03637a733-3254-a7d4-1e03-ebfc9a044216,SE4,368926098,USA,passenger,,True,4202.321554163514,31460.433333333334,0.07212462998960235,103,136.99441191458703,27.772191666666668,-175.84953,15.15396,145.655973
2021-09-26T23:59:35.000Z,2025-03-18T06:41:43.000Z,ab9e45588754dc76a085b990cdb4b066,gap,"[67.3969016667, -1.1391816667, 86.04341666666667, 14.797861666666666]",6.9199,76.5625,[],[],"['ACAP', 'IOTC', 'IWC', 'SIOFA']","['51', '51.4']",['51'],[],[],[],[],634,433,702.304875,419.262938,11ccd4625-5cef-9c11-5062-7e94667ace06,SIHELI AMEESHA 2,255000000,PRT,passenger,,True,2710.9931665118374,30438.7,0.04809072675180089,38,201.69099527245925,-1.1391816667,67.3969016667,14.797861666666666,86.04341666666667
2021-09-27T03:28:08.000Z,2026-01-27T21:37:41.000Z,42048a53ce832617b9071dc127726303,gap,"[164.098175, 9.968322, 171.77297833333333, 11.05115]",10.5328,167.9288,[],['8318'],"['ACAP', 'WCPFC', 'FFA', 'IWC', 'SPC']","['71', '71.6.2']",['71'],[],[],[],[],128,176,438.79934399999996,420.68590600000005,e08443c8a-a321-64a3-2d40-a1c9c0544377,SLC788-10 91%,991278810,,gear,,True,847.6442972057378,38010.15,0.01204129173882985,31,160.9439726066482,11.05115,171.77297833333333,9.968322,164.098175
2021-09-28T19:15:16.000Z,2025-01-30T22:08:28.000Z,9725dae70ef058dd0dd6be0e52b85ce4,gap,"[-114.5672133333, -15.1568083333, 114.660857, -9.337697]",-27.5206,178.6673,[],[],"['ACAP', 'SPRFMO', 'IWC', 'IATTC']","['87', '87.1', '87.1.4']",['87'],[],[],[],[],1422,64,1431.3785,89.17257000000001,860082af7-7103-5c99-d9c6-be5a12a6dd36,SHUNDA6-009      8V2,43155731,JPN,gear,,True,13946.02342619563,29282.883333333335,0.25715535401376904,20,168.20431455601386,-15.1568083333,-114.5672133333,-9.337697,114.660857
2021-09-29T05:27:54.000Z,2026-03-14T22:38:35.000Z,486f02af7aafc0b025f0836b9cde2e96,gap,"[-168.196535, -11.926366666666667, -162.18906833333332, -10.197368]",-11.0767,-165.2017,[],['8446'],"['ACAP', 'WCPFC', 'FFA', 'IWC', 'SPC']",['77'],['77'],[],[],[],[],179,268,177.51334400000002,527.094875,1ff32eeea-a141-4043-5b2b-fcd1a0aaf8e3,HNY719-01 51%,991171901,,gear,,True,683.1614321686718,39065.166666666664,0.009442623560410516,122,177.75323076813353,-11.926366666666667,-162.18906833333332,-10.197368,-168.196535
2021-09-30T02:39:32.000Z,2024-12-01T19:19:48.000Z,f1469bd6261df848d00114f0f99a7b7d,gap,"[-121.481343, -17.570723333333333, -111.00548, -16.888067]",-17.2973,-116.2531,[],[],"['ACAP', 'SPRFMO', 'IWC', 'IATTC']","['87', '87.1', '87.1.4']",['87'],[],[],[],[],1063,927,1070.5115,1274.466375,ed40f6406-61a7-983d-751b-aeaadabfffd0,XSJ208-10 60%,208000010,VAT,gear,,True,1115.0350502397805,27808.666666666668,0.02165047208790655,153,166.31590778475584,-17.570723333333333,-111.00548,-16.888067,-121.481343
2021-09-30T19:20:04.000Z,2025-06-22T07:16:53.000Z,ceb13328e51936a69611030f9773d23b,gap,"[-141.57503, 27.69093833333333, 52.234608333333334, 34.45566]",78.2527,118.9412,[],[],"['ACAP', 'NPFC', 'IATTC', 'NPAFC', 'IWC']",['77'],['77'],[],[],[],[],1652,2,1681.908625,6.892220999999999,3f2d38dc4-4fbc-b410-0671-7d26f43e692f,CONSTANTINOS P II,538007683,MHL,cargo,,True,12953.575828686215,32651.933333333334,0.21421002322819271,368,439.73027176687316,34.45566,-141.57503,27.69093833333333,52.234608333333334
2021-09-30T19:20:04.000Z,2025-06-22T07:16:53.000Z,ceb13328e51936a69611030f9773d23b,gap,"[-141.57503, 27.69093833333333, 52.234608333333334, 34.45566]",78.2527,118.9412,[],[],"['ACAP', 'NPFC', 'IATTC', 'NPAFC', 'IWC']",['77'],['77'],[],[],[],[],1652,2,1681.908625,6.892220999999999,3f2d38dc4-4fbc-b410-0671-7d26f43e692f,CONSTANTINOS P II,538007683,MHL,cargo,,True,12953.575828686215,32651.933333333334,0.21421002322819271,368,439.73027176687316,34.45566,-141.57503,27.69093833333333,52.234608333333334
2021-10-01T01:33:13.000Z,2024-06-24T15:12:16.000Z,7697af2a77d934902c1a3f9cdecd3090,gap,"[-164.98874666666666, -3.1460866666666667, -148.459503, 3.206135]",0.0303,-156.7244,[],[],"['ACAP', 'SPRFMO', 'WCPFC', 'IWC']",['77'],['77'],[],[],[],[],630,983,999.49475,1011.8645,b410bd1ac-ccae-ddd6-9c3b-544b7c9b4b2a,NET FISH9327-11 12V0,932700011,,gear,,True,1968.1414834414966,23941.65,0.04438755825716591,83,170.5042236256203,-3.1460866666666667,-164.98874666666666,3.206135,-148.459503
2021-10-01T04:03:37.000Z,2024-05-19T21:16:09.000Z,066c8a03fb7eba384b6740536259f2f9,gap,"[-165.32276666666667, -2.9574166666666666, 176.171455, 5.228347]",1.1504,-174.5624,[],[],"['ACAP', 'SPRFMO', 'WCPFC', 'IWC']",['77'],['77'],[],[],[],[],605,409,1006.8505,556.81375,43630207c-ce2f-cd84-8de2-b92469c2cf10,NET FISH 932707 12V0,932700007,,gear,,True,2248.09631300167,23081.2,0.052591498666836184,78,167.36732795540914,-2.9574166666666666,-165.32276666666667,5.228347,176.171455
2021-10-07T14:03:47.000Z,2024-07-10T14:22:43.000Z,6c0f666ab5018f2a1e016db411fa4ea6,gap,"[-64.113635, 40.382383, -54.703565, 45.03408]",42.8045,-59.5854,[],['8493'],"['ICCAT', 'ACAP', 'NAMMCO', 'NAFO', 'NASCO', 'IWC']","['21.3', '21.3.P', '21.3.P.s', '21']",['21'],[],[],[],[],197,358,216.21467199999998,362.652125,33366ae73-31ac-d717-45da-695946c4c1bf,,100872024,,gear,,True,925.7162887872519,24168.3,0.02068191838898309,24,14.423628427990089,45.03408,-54.703565,40.382383,-64.113635
2021-10-07T22:40:13.000Z,2024-03-23T09:39:35.000Z,a27ab6004307f5920397e49899e4382f,gap,"[58.727553, -38.495675, 58.98005, -7.897633333333333]",-23.1967,58.8686,[],['8337'],"['ACAP', 'IOTC', 'SWIOFC', 'IWC']","['51', '51.5']",['51'],[],[],[],[],309,1024,527.2096879999999,1858.008625,a37ca5418-82aa-8ce7-1aea-2177a1124d0d,994013105         1V,994013105,,gear,,True,3402.4465589108627,21538.983333333334,0.08529530569974761,16,41.56178663581592,-7.897633333333333,58.98005,-38.495675,58.727553
2021-10-10T20:16:42.000Z,2024-04-20T07:39:10.000Z,6f9e9b797203e1c9aada72f3e5adb5b6,gap,"[139.002772, 3.370165, 162.92508, 16.552246666666665]",10.1776,150.7176,[],[],"['ACAP', 'WCPFC', 'IWC']","['71', '71.6.2']",['71'],[],[],[],[],494,547,1009.104375,601.68425,519f8c5f1-1725-1167-9995-26d2c5a7ffd9,NET FISH 838-04   9V,838555504,,gear,,True,2996.057326663521,22139.366666666665,0.07307081369726033,37,117.3473251951859,16.552246666666665,162.92508,3.370165,139.002772
2021-10-11T07:49:06.000Z,2024-01-07T01:20:36.000Z,64e814abc8a1e1996ca959d56fb82ca6,gap,"[-161.271575, -15.068686666666666, 151.912663, 5.095505]",-5.4311,174.9357,[],['8446'],"['ACAP', 'WCPFC', 'FFA', 'IWC', 'SPC']",['77'],['77'],[],[],[],[],287,161,283.38475,261.422578,2067741e1-1f31-944f-5fa5-de27a2044211,SLC884-03 72%,991288403,,gear,,True,5623.313595122942,19625.516666666666,0.15471421645723282,116,175.25771563273102,-15.068686666666666,-161.271575,5.095505,151.912663
2021-10-15T05:11:51.000Z,2026-06-02T21:48:32.000Z,fba65eeeaae0136d04fc744bdcd4e8df,gap,"[-179.00834166666667, 2.281903, 176.88339, 12.432308333333333]",7.3618,178.914,[],[],"['ACAP', 'NPFC', 'WCPFC', 'IWC']","['71', '71.6.2']",['71'],[],[],[],[],1124,387,1208.4255,447.003688,cf2c4ef01-1632-e5f4-500c-b3b61432a14a,NET FISH 756-13   9V,756000013,,gear,,True,1215.9788108721752,40600.6,0.016171584454132,146,140.3551864557778,12.432308333333333,-179.00834166666667,2.281903,176.88339
2021-10-17T21:12:59.000Z,2026-03-11T17:14:14.000Z,bd9088ce2171e608689e1f19f9a0139c,gap,"[-163.40452666666667, -6.387925, 108.81753333333333, 19.607403333333334]",9.1312,154.1804,[],[],"['ACAP', 'SPRFMO', 'WCPFC', 'IWC']",['77'],['77'],[],[],[],[],473,15,763.457812,25.161974999999998,1fa16b339-9ea3-00a8-b533-2ebc90e54f30,SGS002006,111111669,,gear,,True,10014.17348119017,38540.01666666667,0.14030147285409023,27,175.7992788861738,-6.387925,-163.40452666666667,19.607403333333334,108.81753333333333
2021-10-20T09:38:16.000Z,2024-02-28T19:05:34.000Z,6b9d7980dfa709a4c032e6dbbcefabcd,gap,"[-56.56719666666667, 6.11681, -52.011145, 7.48878]",6.8081,-54.2859,[],['8460'],"['ICCAT', 'ACAP', 'CRFM', 'NAMMCO', 'IWC']",['31'],['31'],[],[],[],[],158,122,167.968438,130.259031,c3a53ce6f-f98b-25d7-2ba7-509d24e5a9a2,PLUMA DE DIOS III,775993368,VEN,fishing,,True,525.6540432345306,20673.45,0.013729226467207641,44,24.763567908027653,7.48878,-56.56719666666667,6.11681,-52.011145
2021-10-20T13:16:39.000Z,2025-12-29T06:57:57.000Z,d29f5d4c67eea12707435d3d88ad881c,gap,"[-36.20277333333333, -23.245055, 106.998613, 9.447577]",-20.8648,41.4872,[],[],"['ICCAT', 'ACAP', 'IWC']","['41', '41.2.4', '41.2']",['41'],[],[],[],[],512,52,387.26693800000004,86.759719,7579597f6-61ec-d458-b432-a1fb7302c261,941700036      12.2V,941700036,,gear,,True,15816.033200532178,36737.683333333334,0.23245817252064846,53,31.808529534216518,-23.245055,-36.20277333333333,9.447577,106.998613
2021-10-20T14:40:55.000Z,2026-02-26T03:08:38.000Z,0ab43f67b7545d8b029ae5d016182ba2,gap,"[-35.244055, -33.946405, -34.506605, 5.248898]",-14.349,-34.8417,[],[],"['ICCAT', 'ACAP', 'IWC']","['41', '41.2.4', '41.2']",['41'],[],[],[],[],1381,1032,1174.061875,1036.241812,05ce9f5ad-d97d-396a-51e6-58eda33273cf,FISH BUOY AZ-7 55%,710999916,BRA,gear,,True,4359.015434492441,38148.45,0.061697920629087175,48,50.7300711987848,-33.946405,-35.244055,5.248898,-34.506605
2021-10-21T13:44:39.000Z,2025-11-29T19:51:37.000Z,7dc339305e31843bd3aedf0d04df44f1,gap,"[-169.59306333333333, -3.184138, 40.808958, 11.978571666666667]",16.3338,113.4508,[],[],"['ACAP', 'NPFC', 'WCPFC', 'IWC']",['77'],['77'],[],[],[],[],525,67,1443.022125,161.026391,a0cf18751-1515-8dc9-5ad9-5243c53fbbaa,AIS NET MARK,412888806,CHN,gear,,True,16528.364348189276,36006.1,0.24786363365651445,49,143.8787361447657,11.978571666666667,-169.59306333333333,-3.184138,40.808958
2021-10-27T07:48:33.000Z,2025-07-27T15:05:17.000Z,718fd6a8ba7b136f719e56166ae6bdee,gap,"[-47.4770416667, -7.964508, 135.747558, 10.105675]",33.4449,-141.8911,[],[],"['ICCAT', 'ACAP', 'NAMMCO', 'IWC']",['31'],['31'],[],[],[],[],764,159,787.88475,175.52479699999998,d7494cef5-56af-6910-6f87-e264cfecdce5,994163016         5V,994163016,,gear,,True,19588.429221031372,32863.26666666667,0.32184583882633255,111,33.38096661371077,10.105675,-47.4770416667,-7.964508,135.747558
2021-10-28T02:36:57.000Z,2024-04-20T20:19:15.000Z,328a51ed17fe9e62e0610341d36297f1,gap,"[121.146175, -15.121591666666667, 173.00744833333334, 40.677668]",14.1306,150.4183,[],[],"['ACAP', 'SPRFMO', 'WCPFC', 'IWC']",['71'],['71'],[],[],[],[],469,12,497.857281,0.84326,2788bd74c-c5f4-294e-005e-e07ee33d6b2c,107000037     [7.1V],107000037,,gear,,True,8185.534276644231,21737.7,0.2033257852759987,15,96.30381771212583,-15.121591666666667,173.00744833333334,40.677668,121.146175
2021-10-28T23:00:27.000Z,2024-05-27T08:09:19.000Z,e44ba3007f13efe63dc8870c78dd26a8,gap,"[-178.71502166666667, 15.22921, 168.720218, 38.20656]",26.8553,175.6479,[],[],"['ACAP', 'NPFC', 'WCPFC', 'IWC']","['71', '71.6.2']",['71'],[],[],[],[],995,1618,1407.7085,1697.660625,47752315c-ccd7-b869-0b6b-ff92d0ec3612,JIN SHEN 888-24,888888824,,gear,,True,2836.72026389537,22593.133333333335,0.06779521828126335,64,133.57405429520298,15.22921,-178.71502166666667,38.20656,168.720218
2021-10-28T23:12:50.000Z,2026-05-12T01:35:36.000Z,60b17c2096a968fb4f4418a51e5a368f,gap,"[-163.662135, -11.543502, -163.07210833333335, -10.439576666666667]",-10.9917,-163.3666,[],['8446'],"['ACAP', 'WCPFC', 'FFA', 'IWC', 'SPC']",['77'],['77'],[],[],[],[],219,191,312.48806199999996,199.303922,f7a0a12fd-d6ea-5903-bd9f-468d136457aa,HNY719-15 61%,991171915,,gear,,True,138.62044439195535,39746.36666666667,0.0018831671502256917,69,176.85789239661702,-10.439576666666667,-163.07210833333335,-11.543502,-163.662135
2021-10-28T23:46:39.000Z,2024-05-26T05:21:01.000Z,feff2dceeef0c0607dc2762694fef6d8,gap,"[-178.810825, 15.23006, 168.326902, 38.48551]",27.0022,175.431,[],[],"['ACAP', 'NPFC', 'WCPFC', 'IWC']","['71', '71.6.2']",['71'],[],[],[],[],1004,1595,1400.198375,1653.35675,2c61bc1bc-c27e-42f0-7460-01dec3d57595,JIN SHEN 888-25,888888825,,fishing,,True,2876.384388184079,22565.566666666666,0.06882713572835113,178,133.57405429520298,15.23006,-178.810825,38.48551,168.326902
2021-10-31T17:07:18.000Z,2026-08-09T22:32:46.000Z,72084a9c9ee01c17767922c23e482bea,gap,"[135.355308, -8.60531, 136.32651333333334, -7.290845]",-7.9484,135.8401,[],['8492'],"['ACAP', 'SEAFDEC', 'WCPFC', 'APFIC', 'IWC']",['71'],['71'],[],[],[],[],143,83,206.291562,91.772086,a74253c83-34b1-d9d6-6375-7c282e5e06f1,994071220         8V,994071220,,gear,,True,181.11425067077917,41837.416666666664,0.002337473956186888,16,18.234955682606692,-8.60531,136.32651333333334,-7.290845,135.355308
2021-11-01T11:42:32.000Z,2025-01-08T12:38:09.000Z,33e9838ee047f1e7ef1ad79ca783165a,gap,"[61.034258333333334, -23.040231666666667, 81.700132, 8.331676999999999]",-7.474,71.7458,[],[],"['ACAP', 'IOTC', 'IWC', 'SIOFA', 'CCSBT']","['51', '51.7']",['51'],[],[],[],[],435,34,448.127406,56.867684000000004,08989e482-292f-0ebf-f021-c656aad0ce2a,MG2017          12V2,119010404,,gear,,True,4150.2592281584675,27936.916666666668,0.08021503350163546,14,110.92055777698413,-23.040231666666667,61.034258333333334,8.331677000000001,81.700132
2021-11-06T12:39:02.000Z,2024-09-13T18:52:38.000Z,be7c12906b6b83aa5964b73ff2cde122,gap,"[-39.916666666666664, -22.1093266667, -39.91658, -22.108333333333334]",-22.1088,-39.9166,[],['8464'],"['ICCAT', 'ACAP', 'IWC']","['41', '41.2.1', '41.2']",['41'],[],[],[],[],111,111,0.0,0.0,560158179-969e-7461-3f9b-0308a8830c01,PETROBRAS XXV,538002141,MHL,other,,True,0.1108140678692861,25014.216666666667,2.3920321256495604e-06,335,332.40235432240706,-22.1093266667,-39.91658,-22.108333333333334,-39.916666666666664
2021-11-07T08:52:02.000Z,2025-05-31T03:03:44.000Z,f965158c1ff66513550d56acbe838f9a,gap,"[104.793488, -31.14622333333333, 105.61334, -16.397153]",-23.7722,105.18,[],[],"['ACAP', 'IOTC', 'IWC', 'SIOFA', 'CCSBT']","['57', '57.3']",['57'],[],[],[],[],833,652,831.964438,670.6155,3c2f6f900-0be5-32d8-f08e-7a6b81b60a03,994063139         7V,994063139,,gear,,True,1642.1264726926747,31218.183333333334,0.02840259318095573,22,218.38199653823597,-31.14622333333333,105.61334,-16.397153,104.793488
2021-11-10T02:54:29.000Z,2024-09-07T05:01:52.000Z,29534695fd53108c156a78c387edb7d6,gap,"[104.780897, -33.538713333333334, 104.85307333333333, -15.109407]",-24.3241,104.8143,[],[],"['ACAP', 'IOTC', 'IWC', 'SIOFA', 'CCSBT']","['57', '57.3']",['57'],[],[],[],[],938,512,951.969375,529.261188,6f27032fe-e7e8-26a9-5718-75b917f2c51f,994071792         9V,994071792,,gear,,True,2049.2614495215525,24770.116666666665,0.04467127372144123,134,235.96520973303748,-33.538713333333334,104.85307333333333,-15.109407,104.780897
2021-11-12T05:27:30.000Z,2025-08-08T11:58:50.000Z,f659ae8373abd161d1c75fcb37fcf574,gap,"[-149.929915, -13.662513, 110.482248, 36.31984333333333]",17.1434,153.9717,[],[],"['ACAP', 'IATTC', 'NPFC', 'IWC', 'NPAFC']",['77'],['77'],[],[],[],[],1796,599,1820.56125,607.1580620000001,842c6a91e-efa9-3843-9ac1-63c18482e445,994162586         9V,994162586,,gear,,True,11751.362485491325,32766.516666666666,0.19364976107974252,23,90.1307368316651,36.31984333333333,-149.929915,-13.662513,110.482248
2021-11-12T12:49:42.000Z,2024-01-28T23:48:02.000Z,2566b523da412041512a95802422eb77,gap,"[63.722118333333334, 3.784145, 119.993537, 38.62197]",23.701,88.1339,[],[],"['ACAP', 'IOTC', 'IWC', 'SIOFA']","['51', '51.5']",['51'],[],[],[],[],997,77,1078.048125,27.624363000000002,ec6697f80-0c31-5b41-a900-f1c2e2de806a,SADUN3-NET1,151000092,,gear,,True,6860.924983708585,19378.966666666667,0.19116618479585942,14,15.660170874819954,3.784145,63.722118333333334,38.62197,119.993537
2021-11-12T14:59:13.000Z,2024-05-04T14:08:18.000Z,87ed72027a89b1df12ca4bcb0b3036d3,gap,"[-38.08410833333333, -16.57711, 29.69293, 69.993753]",30.0081,-21.8518,[],['8464'],"['ICCAT', 'ACAP', 'IWC']","['41', '41.1.3', '41.1']",['41'],[],[],[],[],102,1,224.506188,2.499987,ae62d6136-6775-6e17-0af3-5a6582e1129d,BOIA 01BOA VIS 12.2V,941500583,,gear,,True,10928.649320571189,21695.15,0.27199620897869725,16,23.992874575729537,-16.57711,-38.08410833333333,69.993753,29.69293
2021-11-13T09:45:09.000Z,2024-05-23T21:36:19.000Z,a3172f4981f28ccf9fbf1820dd134578,gap,"[-161.861282, -13.481375, 168.97665666666666, 3.496145]",-5.1579,-176.6366,[],['8318'],"['ACAP', 'WCPFC', 'FFA', 'IWC', 'SPC']",['71'],['71'],[],[],[],[],123,143,476.761656,137.62621900000002,9122a0ba1-1d10-e53e-6510-7117c51cec99,SLC711-04100%,991271104,,gear,,True,3730.797216957577,22139.85,0.09098839150264898,97,170.8797521606561,3.496145,168.97665666666666,-13.481375,-161.861282
2021-11-17T07:07:23.000Z,2024-12-24T08:58:11.000Z,aa864e01199d56086507587853b231db,gap,"[-173.32511333333332, 5.363591666666666, 153.200313, 38.298118]",22.6875,171.977,[],[],"['ACAP', 'SPRFMO', 'WCPFC', 'IWC']",['77'],['77'],[],[],[],[],623,809,1557.25575,817.169062,eb7f4ab10-0a93-9688-6dcb-b6c2c0b50b9c,665168-20-90%,665168020,SHN,gear,,True,4980.474321326811,27193.833333333332,0.09889157447106044,133,148.34890312831737,5.363591666666666,-173.32511333333332,38.298118,153.200313
2021-11-19T12:33:24.000Z,2024-08-14T15:59:26.000Z,f6390463026476feffa8be2996ec90db,gap,"[41.293988, -29.488715, 68.129105, -19.312425]",-25.0015,55.2636,[],[],"['ACAP', 'IOTC', 'IWC', 'SIOFA']","['51', '51.7']",['51'],[],[],[],[],488,558,495.397781,719.150438,cb9f2a932-2ec3-cc2f-6b53-2c980517c7ea,NETFISH911-07     9V,911156007,,gear,,True,2934.229419205044,23979.433333333334,0.06607150034681246,18,103.31536949624041,-19.312425,68.129105,-29.488715,41.293988
2021-11-23T13:57:40.000Z,2025-01-19T03:31:12.000Z,69cafa316700066634d733daca036eee,gap,"[-121.13791333333333, -17.941486666666666, 109.668, 20.590373]",3.0845,175.2399,[],[],"['ACAP', 'SPRFMO', 'IATTC', 'IWC']",['77'],['77'],[],[],[],[],835,10,1218.204875,17.240498,81510bd9a-a882-4ff7-4d68-26ac0ce528eb,XSJ208-9 90%,208000009,VAT,fishing,,True,14695.059299614628,27661.55,0.28684933584749295,119,187.01621718943244,-17.941486666666666,-121.13791333333333,20.590373,109.668
2021-11-26T09:45:15.000Z,2024-04-16T19:36:31.000Z,9dec8e68929c77af0057c74f073aa8f4,gap,"[168.71208, 2.39339, 171.062193, 11.737805]",7.0671,169.8752,[],['8318'],"['ACAP', 'WCPFC', 'FFA', 'IWC', 'SPC']",['71'],['71'],[],[],[],[],242,142,381.397719,490.161719,21d751c44-4a7a-b529-11f1-268e3ce73e00,HNY767-03 96%,991176703,,gear,,True,1070.8551614858359,20937.85,0.027615802480195177,14,168.0523341981081,2.39339,168.71208,11.737805,171.062193
2021-11-26T11:12:29.000Z,2025-05-20T06:46:04.000Z,c164c2822dc950d3707f7bac47cec0ed,gap,"[-122.2972583333, -19.6229166667, 121.893472, 38.416327]",17.1282,-171.8742,[],[],"['ACAP', 'SPRFMO', 'IATTC', 'IWC']",['77'],['77'],[],[],[],[],614,50,1004.114125,47.096039,a62c5b954-44f9-5c2b-654d-ac2ecc92358f,DYY2608-10       78*,44252897,,gear,,True,13566.314349254044,30499.55,0.24017481342179567,14,193.4350182026462,-19.6229166667,-122.2972583333,38.416327,121.893472
2021-11-30T07:56:57.000Z,2024-03-16T09:35:44.000Z,5bec872e9ec4216e1895a9dd4aba9437,gap,"[-52.37047333333334, 4.944555, -52.351163, 6.358141666666667]",5.6513,-52.3608,[],['8462'],"['ICCAT', 'ACAP', 'NAMMCO', 'IWC']",['31'],['31'],[],[],[],[],125,1,138.579031,3.514996,b22166af5-5d2c-3b00-cc1f-ea41972304dc,VIRGIRIS,775993337,VEN,fishing,,True,157.19843480964934,20089.633333333335,0.004225082805629165,27,28.282475190259042,6.358141666666667,-52.37047333333334,4.944555,-52.351163
2021-12-07T08:00:10.000Z,2025-10-23T16:58:24.000Z,c65080733358c0b0304d670638c28172,gap,"[64.73670833333334, -30.572148, 103.208638, -2.8452116666666667]",-17.6315,82.4919,[],[],"['ACAP', 'IOTC', 'IWC', 'SIOFA']","['51', '51.5']",['51'],[],[],[],[],821,1037,980.46325,1041.154188,c9ffca80e-e378-9a33-a8a5-a8cebe911ff2,994162578         9V,994162578,,gear,,True,5080.899011016112,33992.96666666667,0.08070687138230379,20,26.077711311845697,-2.8452116666666667,64.73670833333334,-30.572148,103.208638
2021-12-08T04:34:28.000Z,2025-03-30T08:19:21.000Z,a89a1e03d3a8b9f1a3fcd40148abb060,gap,"[-39.198387, -28.47698, 84.72186333333333, -5.988523333333333]",-33.243,29.3662,[],[],"['ACAP', 'SEAFDEC', 'IOTC', 'IWC']","['57', '57.2']",['57'],[],[],[],[],1360,668,1367.225625,474.686812,3eaf985d1-1f85-81a9-ab1f-6d6a1a7c7292,BUOY-04           6V,994008019,,gear,,True,12896.702970807783,28995.733333333334,0.24016162761539528,17,25.52178246294133,-5.988523333333333,84.72186333333333,-28.47698,-39.198387
2021-12-08T07:56:34.000Z,2025-03-30T08:34:40.000Z,30016257f205593e65b967a5c412ea32,gap,"[-39.18506, -28.51648, 85.13956333333333, -5.536373333333334]",-33.0756,29.7001,[],[],"['ACAP', 'SEAFDEC', 'IOTC', 'IWC']","['57', '57.2']",['57'],[],[],[],[],1368,673,1371.89675,478.32653100000005,37c8a095c-cab3-fc16-8b30-a0457b5bf105,BUOY-02           6V,994008017,,gear,,True,12960.653855018827,28992.633333333335,0.24137832344487734,18,24.975986644567882,-5.536373333333334,85.13956333333333,-28.51648,-39.18506
2021-12-08T07:57:00.000Z,2025-06-20T07:28:07.000Z,09fd02b4f1f1ab89b1a259f96720c739,gap,"[-51.259175, -39.021332, 85.140405, -5.535023333333333]",-46.5128,34.0667,[],[],"['ACAP', 'SEAFDEC', 'IOTC', 'IWC']","['57', '57.2']",['57'],[],[],[],[],1368,532,1371.89675,549.2945,59adfce38-830a-9beb-07ce-23e8845e7bc8,BUOY-05           7V,994008020,,gear,,True,13337.983353754189,30959.516666666666,0.23262426651488735,25,24.975986644567882,-5.535023333333333,85.140405,-39.021332,-51.259175
2021-12-08T14:44:42.000Z,2025-01-09T02:31:46.000Z,4ffdf00b31418b88fb51c0b294a92e41,gap,"[-162.8918033333, -2.023412, -23.907255, 31.90607]",36.6597,-81.1212,[],[],"['ACAP', 'NPFC', 'WCPFC', 'IWC']",['77'],['77'],[],[],[],[],940,963,1129.405125,964.0166879999999,c1df8a4f7-74a9-8f9c-c601-538e2e809992,Q01217,111112109,,gear,,True,14589.702919813859,27059.783333333333,0.29112610603378797,26,127.94707397699763,31.90607,-162.8918033333,-2.023412,-23.907255
2021-12-11T06:29:57.000Z,2024-08-10T14:21:14.000Z,2812efa06fd0548ea18b5e09d6d35cae,gap,"[-178.70635166666668, -3.9706900000000003, 147.993968, 3.260287]",-0.3707,164.6371,[],[],"['ACAP', 'SPRFMO', 'WCPFC', 'IWC']",['71'],['71'],[],[],[],[],468,406,554.055438,600.078938,9e6edbe85-5ad3-4917-54a1-4bec5a372127,NETFISH856-03,898333003,,gear,,True,3786.5666540409434,23359.85,0.0875254946666174,103,145.807829247313,-3.9706900000000003,-178.70635166666668,3.260287,147.993968
2021-12-13T17:35:44.000Z,2024-12-27T03:47:48.000Z,7faff34c3bc127367742436af9c00723,gap,"[-18.755428333333334, -2.6715733333333334, 106.77994699999999, 20.158187]",18.5456,40.5594,[],[],"['ICCAT', 'ACAP', 'IWC']","['34', '34.4.1', '34.4']",['34'],[],[],[],[],753,22,755.141,51.111773,53444a7eb-b702-9ee9-d241-580d09668edf,NA1018 BUOY,101000118,,gear,,True,13802.654351683612,26626.2,0.2799061496923825,42,46.60077428489081,-2.6715733333333334,-18.755428333333334,20.158187,106.779947
2021-12-14T18:59:41.000Z,2024-03-14T23:08:08.000Z,1f47b3c8815d72ef1ebdbdc64685a99b,gap,"[-57.74134, 10.77422, 25.989475, 70.946308]",46.6571,-40.0613,[],['8420'],"['ICCAT', 'ACAP', 'CRFM', 'NAMMCO', 'IWC']",['31'],['31'],[],[],[],[],307,3,281.852531,2.339246,f0dc567c1-188e-9109-1eec-84c44a2991b7,941500527      11.9V,941500527,,gear,,True,8648.417431877278,19708.133333333335,0.23694642980565786,14,23.284031676991034,10.77422,-57.74134,70.946308,25.989475
2021-12-15T19:10:47.000Z,2024-08-18T20:05:53.000Z,8ff2fbecb9e1adaca95671fe0cb6de4b,gap,"[-171.94108, 7.101851666666667, 171.36002666666667, 11.02293]",9.1578,179.6636,[],[],"['ACAP', 'NPFC', 'WCPFC', 'IWC']",['77'],['77'],[],[],[],[],682,1,1598.4435,0.0,db70a6cd0-0747-1af7-d080-379ca8723656,MATHAWMARFACH,510046000,FSM,fishing,,True,1884.2473268457713,23448.916666666668,0.0433884506472709,406,464.3598850351293,11.02293,-171.94108,7.101851666666667,171.36002666666667
2021-12-16T08:29:08.000Z,2024-11-06T16:22:23.000Z,fee4e7c3bb6dd9aa9ccad9f3716fab9a,gap,"[-166.446188, -12.507567, 158.28140833333333, 3.4262183333333334]",-4.7636,175.7152,[],['8316'],"['ACAP', 'WCPFC', 'FFA', 'IWC', 'SPC']",['71'],['71'],[],[],[],[],285,153,392.618,371.27406199999996,890006d2d-dd5b-14e6-d047-3b21e3343f39,SLC881-06 95%,991288106,,gear,,True,4280.350820499614,25351.883333333335,0.09116500404793286,74,113.58032440590198,3.4262183333333334,158.28140833333333,-12.507567,-166.446188
2021-12-18T06:13:34.000Z,2024-03-14T19:30:36.000Z,57237f982c09e2c3db1bf0128ffd2fc1,gap,"[-163.650402, -10.386065, 154.8920516667, 0.208005]",-5.4392,175.4418,[],['8316'],"['ACAP', 'WCPFC', 'FFA', 'IWC', 'SPC']",['71'],['71'],[],[],[],[],93,232,446.193125,323.401406,bcda6fd14-4938-2a1e-27c7-52393c1769cb,SLC883-05 95%,991288305,,gear,,True,4733.044940236337,19621.283333333333,0.13024835191083997,37,78.29744317518315,0.208005,154.8920516667,-10.386065,-163.650402
2021-12-19T16:01:45.000Z,2024-03-17T20:23:54.000Z,4665a7436b20f5445102635249772422,gap,"[-162.567522, -11.88542, 155.28386833333334, 0.343205]",-6.1816,176.1191,[],['8316'],"['ACAP', 'WCPFC', 'FFA', 'IWC', 'SPC']",['71'],['71'],[],[],[],[],95,163,483.184188,162.183578,47efc3dd7-7bda-f718-6ac6-2955e36394b6,SLC883-02 83%,991288302,,gear,,True,4847.242302466129,19660.366666666665,0.13312577041874293,41,84.69397211082305,0.343205,155.28386833333334,-11.88542,-162.567522
2021-12-20T02:04:50.000Z,2024-03-24T22:20:45.000Z,1360d181ad63353d132452aab734a593,gap,"[159.65854166666668, 27.855391666666666, 178.202688, 37.337022]",32.9382,168.4346,[],[],"['ACAP', 'NPFC', 'WCPFC', 'IWC']",['61'],['61'],[],[],[],[],691,1043,1723.0335,1664.36325,19f524dd3-3b4b-caca-7623-dd54fb4cc803,994160021         9V,994160021,,gear,,True,2026.4377204261993,19820.25,0.05520560204454705,75,77.86402543341318,27.855391666666666,159.65854166666668,37.337022,178.202688
2021-12-22T00:57:41.000Z,2024-03-16T19:02:02.000Z,322aeb24bdf50f2f581ddca555177531,gap,"[133.917193, 3.4220916666666668, 145.09925333333334, 13.13182]",8.316,139.5775,[],[],"['ACAP', 'SEAFDEC', 'SPRFMO', 'WCPFC', 'IWC']",['71'],['71'],[],[],[],[],429,564,628.573875,608.890188,303176a2d-da59-223e-4471-52e86ebe1084,994320012         9V,994320012,,gear,,True,1635.7621963404258,19578.066666666666,0.045113797076474525,39,38.57495650468418,3.4220916666666668,145.09925333333334,13.13182,133.917193
2021-12-24T13:42:42.000Z,2024-08-01T23:49:54.000Z,72705071036fd4c6c68cc544cfa84c20,gap,"[-161.80475666666666, 16.178993333333334, 111.509738, 19.756033]",24.0316,155.4,[],[],"['ACAP', 'NPFC', 'WCPFC', 'IWC']",['77'],['77'],[],[],[],[],620,36,687.63375,74.596766,6cee71c4d-df75-0c16-4981-ae4a257d27ff,JOE-06-99%,366000006,USA,gear,,True,9071.202455559569,22834.116666666665,0.21450610737019918,36,146.8269809696785,16.178993333333334,-161.80475666666666,19.756033,111.509738
2021-12-27T16:54:58.000Z,2024-08-10T16:26:28.000Z,4e0f76af8cbf759915ad81761908c1bb,gap,"[148.044208, -6.136011666666667, 171.50367833333334, 3.264867]",-1.4662,159.7494,[],[],"['ACAP', 'SPRFMO', 'WCPFC', 'IWC']",['71'],['71'],[],[],[],[],510,404,805.3146879999999,601.389875,c08aadc36-6475-6767-e706-7965c2856e34,NETFISH856-02,898333002,,gear,,True,2806.7297686349816,22967.516666666666,0.06598505428476162,79,130.7042540551679,-6.136011666666667,171.50367833333334,3.264867,148.044208
2021-12-28T13:25:42.000Z,2024-01-02T03:22:33.000Z,78b812b6f69b8b18922f8d4760db1a1d,gap,"[-168.25847166666668, 2.6070029999999997, 149.704058, 4.479588333333333]",3.7951,170.7005,[],[],"['ACAP', 'SPRFMO', 'WCPFC', 'IWC']",['77'],['77'],[],[],[],[],625,436,989.409625,567.850125,68ee47e15-52db-70a6-b037-17ff3c288639,NET FISH 9399-0312V2,939988803,,gear,,True,4669.435719667982,17629.933333333334,0.14301208844430682,62,153.28265500525723,4.479588333333333,-168.25847166666668,2.607003,149.704058
2021-12-28T14:07:27.000Z,2024-05-21T17:37:32.000Z,af32bc1c6009366ed5fabdef433893d2,gap,"[-168.22273333333334, -7.016587, 170.960807, 4.548301666666666]",-1.2548,-178.608,[],[],"['ACAP', 'SPRFMO', 'WCPFC', 'IWC']",['77'],['77'],[],[],[],[],618,521,985.514812,826.009,1d0cf2d9d-dedf-8cb3-8617-e289bfc3afcc,NET FISH 9399-0111V9,939988801,,gear,,True,2643.99310316241,21003.5,0.06797162684041012,68,153.28265500525723,4.548301666666666,-168.22273333333334,-7.016587,170.960807
2021-12-30T23:19:06.000Z,2024-12-28T18:55:21.000Z,033abd33e78dc1bceb6bbd58cf7dd7ad,gap,"[63.171017, -10.402326666666667, 157.26536166666668, -5.792262]",-11.7935,109.8657,[],['8314'],"['ACAP', 'WCPFC', 'FFA', 'IWC', 'SPC']",['71'],['71'],[],[],[],[],182,774,200.152812,828.7915,3bef5f157-7421-5a9f-c406-ff0ec1c7e71b,BOUY4267113       8V,994161353,,gear,,True,10336.733611934646,26251.6,0.212611408038884,42,69.21538806015204,-10.402326666666667,157.26536166666668,-5.792262,63.171017
2022-01-02T23:15:07.000Z,2024-11-20T08:58:14.000Z,d0f29090358371729e64d9b0ccd29303,gap,"[-114.73395, -20.9684566667, 122.234412, 38.915753]",18.0848,-166.7335,[],[],"['ACAP', 'SPRFMO', 'IATTC', 'IWC']","['87', '87.2.6', '87.2']",['87'],[],[],[],[],865,22,871.052188,12.111722,7b175eff8-8a95-8ee6-d36a-72405f10c08c,SHUNDA6-007      8V0,45228471,,gear,,True,14274.922046318206,25257.716666666667,0.30516777820545726,16,180.18722763848245,-20.9684566667,-114.73395,38.915753,122.234412
2022-01-03T08:47:56.000Z,2024-04-12T12:28:36.000Z,67129ddcb294d854bc69cdd6a698aa3f,gap,"[-150.551623, -18.799643333333332, -118.31901333333333, -10.678942]",-15.3142,-134.7445,[],[],"['ACAP', 'SPRFMO', 'IATTC', 'IWC']","['87', '87.2.6', '87.2']",['87'],[],[],[],[],932,82,1297.691,541.185,758f5d8a4-47f5-5348-fbff-5653c607fb53,XSJ208-6 90%,208000006,VAT,gear,,True,3575.4875579211093,19923.666666666668,0.09690027768838366,99,185.05591336232837,-18.799643333333332,-118.31901333333333,-10.678942,-150.551623
2022-01-05T12:46:21.000Z,2024-01-05T16:51:20.000Z,88ec8844f1a0b3e300fea6941bb370b7,gap,"[150.09882833333333, 3.6458500000000003, 167.322403, 3.832865]",3.7819,158.7097,[],['8316'],"['ACAP', 'WCPFC', 'FFA', 'IWC', 'SPC']",['71'],['71'],[],[],[],[],347,172,464.339,486.945938,3434f499e-e235-c0c3-4524-60ea3afe12b1,SLC761-05 92%,991276105,,gear,,True,1911.181212720796,17524.066666666666,0.05888788932812518,28,60.39582414175593,3.6458500000000003,150.09882833333333,3.832865,167.322403
2022-01-06T04:15:06.000Z,2024-07-01T06:16:04.000Z,4abf650b2ed6d667cf8f62e9a2bc3f6c,gap,"[-176.772942, -8.299045, 143.37818, 2.3023533333333335]",-3.1889,163.2017,[],[],"['ACAP', 'SEAFDEC', 'SPRFMO', 'WCPFC', 'IWC']",['71'],['71'],[],[],[],[],392,385,599.486188,444.962219,cbb4faf97-7fe6-8fff-958a-aeda33f9cd8e,994099006         9V,994099006,,gear,,True,4572.808510483042,21770.0,0.11341842288174328,15,31.776245706917017,2.3023533333333335,143.37818,-8.299045,-176.772942
2022-01-07T15:12:06.000Z,2024-06-24T13:24:01.000Z,9b54e8fe93ad48a5c36502681cdc4a74,gap,"[-148.474713, -7.5417616667, -146.8646, 3.016042]",-2.2631,-147.6726,[],[],"['ACAP', 'SPRFMO', 'WCPFC', 'IATTC', 'IWC']",['77'],['77'],[],[],[],[],453,978,753.542188,1008.2713120000001,729ade15e-ed1f-85d9-cf45-dfae45274191,NET FISH9327-14 11V5,932700014,,gear,,True,1187.490159707773,21574.183333333334,0.02972040150322889,61,152.19847153611104,-7.5417616667,-146.8646,3.016042,-148.474713
2022-01-09T17:42:28.000Z,2024-10-21T23:35:54.000Z,cae69a90e9a31f230d9dd922222edd21,gap,"[-124.202815, -17.122835, 109.67492, 20.641322]",3.8777,173.9203,[],[],"['ACAP', 'SPRFMO', 'IATTC', 'IWC']",['77'],['77'],[],[],[],[],837,8,1074.20875,19.429662,464c30a3d-d2af-234d-1623-08b072e35716,DYY2601-13       99*,45064733,LBN,gear,,True,14357.975454857757,24389.883333333335,0.31786484686071614,31,188.2422365495424,-17.122835,-124.202815,20.641322,109.67492
2022-01-12T13:29:06.000Z,2024-11-08T21:25:53.000Z,746a9e71b27bf4722525396be9af247c,gap,"[-40.09837, -22.487266666666667, -40.09627, -22.485686666666666]",-22.4865,-40.0973,[],['8464'],"['ICCAT', 'ACAP', 'IWC']","['41', '41.2.1', '41.2']",['41'],[],[],[],[],107,107,0.0,0.0,fd8f6dcee-ef33-9695-674e-5da769572339,PETROBRAS 37,352897000,PAN,gear,,True,0.2782390801455993,24751.933333333334,6.0697110924080815e-06,105,321.9824965515851,-22.485686666666666,-40.09837,-22.487266666666667,-40.09627
2022-01-16T00:39:06.000Z,2024-01-02T07:43:04.000Z,1594f1f5f6a779affcd02a62f268f050,gap,"[41.68213166666666, -6.691381666666667, 43.458718, -5.125552]",-5.9092,42.5717,[],['8479'],"['ACAP', 'IOTC', 'SWIOFC', 'IWC']","['51', '51.5']",['51'],[],[],[],[],222,399,255.428312,437.053781,955ddd94a-a288-3dd1-6f6b-bc5cd2a9217c,TAIXIANG6-8 87%,890019608,,gear,,True,262.53426744092843,17191.05,0.008245986361798364,16,40.43978699343458,-6.691381666666667,41.68213166666666,-5.125552,43.458718
2022-01-17T10:58:54.000Z,2026-09-12T21:37:19.000Z,0e13087abeea0cde323403deb282960e,gap,"[1.01163, -32.151407, 52.22969666666667, -10.610893333333333]",-23.4556,28.6651,[],['8337'],"['ACAP', 'IOTC', 'SWIOFC', 'IWC']","['51', '51.6']",['51'],[],[],[],[],126,1331,369.770219,1498.56575,2577396bf-f426-dcda-d4a8-d9400cc8666c,994162533         6V,994162533,,gear,,True,5753.2792320245635,40786.63333333333,0.07616520437280963,47,46.810298281720904,-10.610893333333333,52.22969666666667,-32.151407,1.01163
2022-01-18T12:13:42.000Z,2024-05-29T10:42:29.000Z,beac992640e0d4f99131530dd646ecc9,gap,"[171.3768483333, -19.858645, 172.794795, -9.297615]",-14.5792,172.1029,[],['8313'],"['ACAP', 'WCPFC', 'FFA', 'IWC', 'SPC']",['71'],['71'],[],[],[],[],129,512,172.386953,706.3415,41cb875c7-7f5a-ef5e-6303-3530d29350b1,LURONGYU139-2#[8.0V],13900002,,gear,,True,1184.173668411197,20686.466666666667,0.03090922384353125,16,84.97141997908508,-19.858645,171.3768483333,-9.297615,172.794795
2022-01-19T12:53:09.000Z,2024-10-31T00:22:52.000Z,a9436e6a6be85148be5a8f7c85fbccd3,gap,"[74.10455333333333, -13.125512, 90.621547, -12.386298333333333]",-12.8851,82.3509,[],[],"['ACAP', 'IOTC', 'IWC', 'SIOFA']","['51', '51.7']",['51'],[],[],[],[],578,665,596.5344379999999,689.036625,330b7d0fe-e002-ac99-42d9-f6dc03345898,202-4-99%,123021510,,gear,,True,1792.8465871895107,24371.483333333334,0.03972100093642302,33,62.7889736870129,-12.386298333333333,74.10455333333333,-13.125512,90.621547
2022-01-24T00:55:42.000Z,2024-04-20T02:19:28.000Z,5bff5339bc2defbe9c84d329ecb7ca03,gap,"[71.95198333333333, -35.71686, 92.334837, -11.624413333333333]",-24.0045,81.18,[],[],"['ACAP', 'IOTC', 'IWC', 'SIOFA']","['51', '51.7']",['51'],[],[],[],[],466,1335,483.8855,2093.3735,91acefd07-7a2a-44ac-2907-77ec531830b8,202-04-99%,123020204,,gear,,True,3373.0193010747394,19609.383333333335,0.09287822512535793,21,56.76975210560005,-11.624413333333333,71.95198333333333,-35.71686,92.334837
2022-01-24T09:24:34.000Z,2025-02-26T13:59:55.000Z,6580d97292fb913a12b7ddd8a192c4ee,gap,"[72.28503333333333, -11.092643333333333, 125.91664, 32.085018]",11.7199,96.9785,[],[],"['ACAP', 'IOTC', 'IWC', 'SIOFA']","['51', '51.7']",['51'],[],[],[],[],404,124,422.683219,128.313234,758ab6c34-4b37-3f7c-a389-41c696367f84,327-04-99%,123032704,,gear,,True,7449.444469670955,27100.583333333332,0.14842404585501962,41,56.91258835344669,-11.092643333333333,72.28503333333333,32.085018,125.91664
2022-01-24T10:36:39.000Z,2025-01-17T01:50:35.000Z,6201d22cca458be8239d7accfc583f22,gap,"[-151.221278, -14.352443333333333, -130.30006, 3.326023]",-5.6058,-140.9195,[],[],"['ACAP', 'SPRFMO', 'WCPFC', 'IATTC', 'IWC']",['77'],['77'],[],[],[],[],793,685,1005.942188,711.718375,4af03172d-dee3-8f91-2336-61fbba38fef9,CC226 BOUY-17  100%,111103129,,gear,,True,3030.1210811219876,26127.216666666667,0.0626218442599676,57,167.1702314641607,-14.352443333333333,-130.30006,3.326023,-151.221278
2022-01-25T22:08:39.000Z,2024-03-29T10:52:23.000Z,161eac79c3b69bfe432a5e83fc4ebb42,gap,"[-2.4102616667, 3.3544216667, 2.8083216666666666, 6.279645]",4.822,0.1934,[],['8400'],"['ICCAT', 'ACAP', 'NAMMCO', 'IWC']","['34', '34.3.4', '34.3']",['34'],[],[],[],[],158,12,125.502984,29.862893,c254d769d-d182-9428-079b-9db705561fd6,BLUEFOSS,671076100,TGO,other,,True,663.3826456230055,19044.716666666667,0.018808259480464783,28,241.8540871589129,3.3544216667,-2.4102616667,6.279645,2.8083216666666666
2022-01-26T05:07:57.000Z,2024-02-05T18:23:34.000Z,2f84ac665473c02c71b5c74c5c533358,gap,"[-169.778103, -7.22789, -167.61734333333334, 12.38314]",2.5781,-168.6893,[],[],"['ACAP', 'SPRFMO', 'WCPFC', 'IWC']",['77'],['77'],[],[],[],[],448,482,831.4933120000001,1486.79925,65779c6b3-3c99-50f7-f529-d86ab872d4da,BUOY-09  90%,168801613,,gear,,True,2193.691036774939,17773.25,0.06664500864987935,28,165.79086662875784,-7.22789,-167.61734333333334,12.38314,-169.778103
2022-02-01T02:39:23.000Z,2025-02-03T12:09:42.000Z,89e9fa83b09d2fd91229a33b438f5e15,gap,"[69.68995166666667, 10.8366, 121.31042833333333, 26.77172]",20.7137,94.1798,[],['8480'],"['ACAP', 'IOTC', 'IWC']","['51', '51.4']",['51'],[],[],[],[],265,64,323.709969,56.046043,6271a0891-131c-6817-49ab-f295da44fc59,ARISTON BULKER,354345000,PAN,cargo,,True,5672.617885064123,26361.5,0.11619098383798306,14,69.69900835299106,10.8366,69.68995166666667,26.77172,121.31042833333333
2022-02-01T02:39:23.000Z,2025-02-03T12:09:42.000Z,89e9fa83b09d2fd91229a33b438f5e15,gap,"[69.68995166666667, 10.8366, 121.31042833333333, 26.77172]",20.7137,94.1798,[],['8480'],"['ACAP', 'IOTC', 'IWC']","['51', '51.4']",['51'],[],[],[],[],265,64,323.709969,56.046043,6271a0891-131c-6817-49ab-f295da44fc59,ARISTON BULKER,354345000,PAN,cargo,,True,5672.617885064123,26361.5,0.11619098383798306,14,69.69900835299106,10.8366,69.68995166666667,26.77172,121.31042833333333
2022-02-01T08:24:06.000Z,2026-04-01T08:24:27.000Z,b2e17602e29acff5ec4813f3f55ccf87,gap,"[29.32625, -35.4918, 119.81740666666667, 33.54445]",-1.3827,73.8964,[],['8323'],"['ACAP', 'FFA', 'IOTC', 'IWC', 'CCSBT']","['57.5.2', '57', '57.5']",['57'],[],[],[],[],119,244,174.382531,248.138484,3d150e941-1499-e315-50ec-72c674775ebf,ALPHA HOPE,537985052,,other,,True,12127.48776130796,36480.0,0.1795043729589982,59,608.9202766934797,-35.4918,119.81740666666667,33.54445,29.32625
2022-02-04T00:57:21.000Z,2024-04-16T18:20:10.000Z,c17e0e01a238b541f35e8a7d048ccc7f,gap,"[164.88432666666668, 7.933026666666667, 171.257738, 11.736795]",9.8498,168.0527,[],['8318'],"['ACAP', 'WCPFC', 'FFA', 'IWC', 'SPC']","['71', '71.6.2']",['71'],[],[],[],[],146,162,325.93293800000004,506.58856199999997,41a865506-645e-7146-ba02-7b81c325ab75,HNY767-04 87%,991176704,,gear,,True,816.2576466376106,19265.366666666665,0.02287752303397993,27,158.0851636671083,7.933026666666667,164.88432666666668,11.736795,171.257738
2022-02-04T10:21:20.000Z,2025-07-09T17:28:16.000Z,439a4afe451965c2c7c6da2ee33b746f,gap,"[-147.839292, -16.746081666666665, -22.046243333333333, 3.697825]",-14.08,-87.2502,[],[],"['ICCAT', 'ACAP', 'IWC']","['41', '41.1.4', '41.1']",['41'],[],[],[],[],871,1060,1284.986,1088.00825,7c48769bb-b8b9-ae83-424c-68220ca777e4,HUYU0003          6V,994010553,,gear,,True,13929.742960442367,30031.1,0.250455677010843,61,52.43528250104125,-16.746081666666665,-22.046243333333333,3.697825,-147.839292
2022-02-04T16:49:44.000Z,2024-06-05T06:59:59.000Z,d3dc29a96940006b7749860eb65e11b3,gap,"[58.094478333333335, -19.381395, 104.866107, -11.287235]",-16.6332,80.9996,[],['8343'],"['ACAP', 'IOTC', 'SWIOFC', 'IWC']","['51', '51.7']",['51'],[],[],[],[],179,977,790.805625,985.333938,89b4e3042-204c-3cbc-4280-ac16394e6b15,BUOY6001296-15    8V,994161395,,gear,,True,5080.406385500465,20438.166666666668,0.13421947461877096,18,51.11560917813648,-11.287235,58.094478333333335,-19.381395,104.866107
2022-02-05T06:09:39.000Z,2025-05-20T06:45:19.000Z,f994c83c2fc9b1439b8a26626b09f83f,gap,"[-105.5924483333, -20.1670333333, 121.980845, 38.421437]",21.3186,-160.2483,[],[],"['ACAP', 'SPRFMO', 'IATTC', 'IWC']","['87', '87.2.6', '87.2']",['87'],[],[],[],[],853,51,856.0311879999999,46.701871,8ccc7c7ab-b2da-d94f-04ee-2556623bdaca,XINLONG8-0056    8V0,44612459,,gear,,True,15041.08836744016,28800.583333333332,0.28199213541547674,28,159.74472054086613,-20.1670333333,-105.5924483333,38.421437,121.980845
2022-02-05T21:35:30.000Z,2024-07-27T07:37:46.000Z,4eab9803eca43f031a5e4d4cd9250f0d,gap,"[-171.252597, -13.56073, -130.67760166666667, 7.591827]",-3.1814,-151.1713,[],[],"['ACAP', 'SPRFMO', 'WCPFC', 'IATTC', 'IWC']",['77'],['77'],[],[],[],[],817,935,934.648375,1379.09625,b4ebf1c9a-a2b6-dca4-9492-e95ae53512b2,2016004--100%,196605004,,gear,,True,5059.1902517934495,21658.033333333333,0.12613075963034878,144,162.80721248631053,-13.56073,-130.67760166666667,7.591827,-171.252597
2022-02-06T10:16:31.000Z,2024-10-17T04:56:48.000Z,e04456a6db91c696b544ef78dd847d61,gap,"[-177.059973, 12.430258333333333, 179.99151333333333, 38.976318]",25.7106,-178.7017,[],[],"['ACAP', 'WCPFC', 'IWC']","['71', '71.6.2']",['71'],[],[],[],[],1021,1179,1114.20825,1432.55925,9127be4cc-c512-dba8-696d-cee297f97b66,665168-18-60%,665168018,SHN,gear,,True,2966.086948202263,23610.666666666668,0.06783200364198538,47,141.81801994388945,12.430258333333333,179.99151333333333,38.976318,-177.059973
2022-02-07T04:07:07.000Z,2024-08-07T18:29:05.000Z,05b22263d03e8f5f5340579a167b3b96,gap,"[-150.947652, -16.227733333333333, -129.49227666666667, -9.304883]",-12.9857,-140.3687,[],[],"['ACAP', 'SPRFMO', 'IATTC', 'IWC']",['77'],['77'],[],[],[],[],769,104,949.49075,698.5090620000001,0e443b48b-b1ce-53a4-7e6f-872d8bb28707,994111006         9V,994111006,,gear,,True,2448.5935511182474,21902.35,0.060364972106833635,149,178.18373409551407,-16.227733333333333,-129.49227666666667,-9.304883,-150.947652
2022-02-07T04:09:26.000Z,2025-08-01T16:09:13.000Z,e5ac3ea1e654691da4b1d70a7cb9fe9d,gap,"[-132.153542, -16.228971666666666, -129.48966333333334, -14.119308]",-15.1781,-130.8283,[],[],"['ACAP', 'SPRFMO', 'IATTC', 'IWC']",['77'],['77'],[],[],[],[],769,661,949.49075,815.904938,1e4e10f9d-ddfc-775c-982d-b35eba2f0808,994111005         8V,994111005,,gear,,True,369.79247744064133,30515.983333333334,0.006543192853389555,224,178.18373409551407,-16.228971666666666,-129.48966333333334,-14.119308,-132.153542
2022-02-07T04:12:06.000Z,2025-04-08T11:26:43.000Z,2ea720b8393c94aab74ed2dbfcd3dc7c,gap,"[-154.407468, -16.245961666666666, -129.46075333333334, -7.585102]",-12.195,-142.1366,[],[],"['ACAP', 'SPRFMO', 'IATTC', 'IWC']",['77'],['77'],[],[],[],[],771,270,949.5535,1012.7454379999999,e7f9cb4c8-8e02-a05c-30e0-fa7c3aff9a2c,994111004         9V,994111004,,gear,,True,2876.3204384225924,27751.233333333334,0.055964676271866416,138,178.18373409551407,-16.245961666666666,-129.46075333333334,-7.585102,-154.407468
2022-02-07T07:07:11.000Z,2025-03-23T16:28:58.000Z,ea4253b9f455794c24b1aa6e1df7279d,gap,"[-150.73053, -16.336868333333335, -129.26683666666668, -9.758375000000001]",-13.2717,-140.1433,[],[],"['ACAP', 'SPRFMO', 'IATTC', 'IWC']",['77'],['77'],[],[],[],[],787,58,953.551125,641.96225,7bbc6009f-f5ab-7ffe-9607-1b3b4c9ef48f,994111003         9V,994111003,,gear,,True,2435.306613006045,27369.35,0.0480449982989486,204,178.18373409551407,-16.336868333333335,-129.26683666666668,-9.758375,-150.73053
2022-02-08T04:39:21.000Z,2026-02-06T12:34:09.000Z,34d72b255f64c85f1b9f77155baed1af,gap,"[139.64236666666667, -9.917481666666667, 140.36802333333333, -9.01276]",-9.4653,140.0047,[],['8492'],"['ACAP', 'SEAFDEC', 'WCPFC', 'APFIC', 'IWC']",['71'],['71'],[],[],[],[],94,111,99.333016,160.12445300000002,9671a59a1-12d5-3a5f-6bdd-223c23d19e85,KM PULAU KUMBANG 1,525677899,IDN,other,,True,128.27727331787466,35023.9,0.0019776263196484623,16,23.007954986320307,-9.01276,139.64236666666667,-9.917481666666667,140.36802333333333
2022-02-08T05:34:23.000Z,2026-08-14T16:55:42.000Z,064946127d08d4f2bdc31380720c8684,gap,"[-162.624002, -16.679708333333334, -160.84496166666668, -9.808187]",-13.2455,-161.7471,[],['8446'],"['ACAP', 'WCPFC', 'FFA', 'IWC', 'SPC']",['77'],['77'],[],[],[],[],262,168,264.795344,386.216812,97b03cc7d-d64c-133c-1a65-6e372185be80,HNY722-04100%,991172204,,gear,,True,787.9368932723204,39563.35,0.010753687092123284,213,174.9133480878952,-16.679708333333334,-160.84496166666668,-9.808187,-162.624002
2022-02-08T10:47:48.000Z,2024-01-12T04:43:20.000Z,5efea2537d6b017f9adb502e214f3e7c,gap,"[68.21941166666667, -4.515726666666667, 78.872003, 6.0374]",0.7641,73.5392,[],[],"['ACAP', 'IOTC', 'IWC', 'SIOFA']","['51', '51.4']",['51'],[],[],[],[],393,130,554.57425,129.785016,9e1b5be9f-f947-b9a5-64b8-114a53855cf4,IMULA 0739 CHW,417073932,LKA,fishing,,True,1666.0901536370254,16865.916666666668,0.05333933111414462,18,28.616573019086978,-4.515726666666667,68.21941166666667,6.0374,78.872003
2022-02-10T05:28:15.000Z,2024-12-29T10:42:30.000Z,17b973b559587ff1cb25580d9af37cc8,gap,"[-35.23937333333333, 4.912171666666667, 115.197322, 22.407823]",43.3239,31.9124,[],[],"['ICCAT', 'ACAP', 'NAMMCO', 'IWC']","['41', '41.1.4', '41.1']",['41'],[],[],[],[],1006,34,980.102562,35.218965,1a5448f11-1de3-59e5-4880-62470e4ddb9f,12 N PESCA IX91%,123025865,,gear,,True,15592.109767304697,25277.233333333334,0.33306911551836277,14,36.355004385390586,4.9121716666666675,-35.23937333333333,22.407823,115.197322
2022-02-10T20:59:19.000Z,2025-03-24T18:02:02.000Z,dbee49024df7f334907460ef3407df9c,gap,"[79.20949166666666, -12.17547, 111.884665, 20.906717]",4.5485,95.1663,[],[],"['IOTC', 'IWC', 'SIOFA', 'ACAP']","['51', '51.7']",['51'],[],[],[],[],909,72,922.306875,61.29766,bf8c35da6-6695-017f-c8fe-ddab7422dec0,YJ8851100%,413100001,CHN,gear,,True,5126.307165541521,27309.033333333333,0.10135783265749564,16,62.1220408098621,-12.17547,79.20949166666666,20.906717,111.884665
2022-02-13T04:55:17.000Z,2025-03-20T03:27:25.000Z,8392286443e5a3e0686fcce0762b1eee,gap,"[-10.54468, -5.479966666666667, 171.496682, 34.314547]",69.7733,-20.3635,[],[],"['ICCAT', 'ACAP', 'IWC']","['34', '34.4.1', '34.4']",['34'],[],[],[],[],497,1169,506.202406,2169.7725,7ebcd48a6-6c1c-3249-b6b1-a927ef3415d1,994024007         6V,994024007,,gear,,True,16801.968139352888,27142.533333333333,0.3342479825620513,19,49.13234855870143,-5.479966666666667,-10.54468,34.314547,171.496682
2022-02-14T07:16:44.000Z,2024-05-20T04:16:17.000Z,9fa4516939edbab63b9ab48ee28a9a75,gap,"[-145.57074666666668, -7.274596666666667, 176.040708, 5.491867]",-0.9438,-164.7997,[],[],"['ACAP', 'SPRFMO', 'WCPFC', 'IATTC', 'IWC']",['77'],['77'],[],[],[],[],541,412,623.808938,545.937875,8572fb0bc-c51e-0dfa-f707-aee67823eaed,NET FISH9327-10 12V0,932700010,,gear,,True,4489.503088037048,19820.983333333334,0.12230158795625264,24,149.79883726917004,-7.274596666666667,-145.57074666666668,5.491867,176.040708
2022-02-14T14:54:06.000Z,2024-05-15T11:51:53.000Z,b96a6b3488dea7052a83b936ac5b8c77,gap,"[70.37127, -12.728085, 90.629813, 1.4590130000000001]",-5.7231,80.6262,[],[],"['ACAP', 'IOTC', 'IWC', 'SIOFA']","['51', '51.7']",['51'],[],[],[],[],627,555,644.042875,677.160875,736100ac7-7919-6301-d9e9-d8422455c086,932555509,932555509,,gear,,True,2736.2587231205694,19700.95,0.0749944298911485,52,61.86398666177315,-12.728085,70.37127,1.459013,90.629813
2022-02-14T15:17:25.000Z,2024-01-30T19:06:06.000Z,88ad87e8afe3cf6961a5807fe0b3871e,gap,"[169.524788, 3.5728, 171.17072, 5.400155]",4.4869,170.3467,[],['8318'],"['ACAP', 'WCPFC', 'FFA', 'IWC', 'SPC']","['71', '71.6.2']",['71'],[],[],[],[],97,143,187.863984,439.73465600000003,496e397ff-f4b3-f2a1-9bb6-d869b5869f03,HNY769-05100%,991176905,,gear,,True,273.08547990251094,17163.8,0.008591009147061375,82,175.93498407011242,5.400155,171.17072,3.5728,169.524788
2022-02-19T07:53:36.000Z,2025-11-16T03:51:01.000Z,3301d33226fbdae91448f7e93d526611,gap,"[-11.0223733333, -5.500775, 124.411005, 33.015315]",32.2952,44.9039,[],[],"['ICCAT', 'ACAP', 'IWC']","['34', '34.4.1', '34.4']",['34'],[],[],[],[],453,132,461.020688,132.553594,f2ba24ee4-4b20-7da6-f6b7-215c3c9f7bf3,KAIHO MARU NO.88,413500020,CHN,gear,,True,14489.421945322105,32779.95,0.23867217483606096,384,326.1856061699257,-5.500775,-11.0223733333,33.015315,124.411005
2022-02-21T05:03:02.000Z,2024-03-24T21:00:01.000Z,28d98985cedf0bc126d3e382ec5ad0d6,gap,"[-162.960855, -10.29735, -159.431575, -8.804775]",-9.5555,-161.2001,[],['8446'],"['ACAP', 'WCPFC', 'FFA', 'IWC', 'SPC']",['77'],['77'],[],[],[],[],244,170,495.088031,517.71375,4d8f4518e-eef6-cf5e-d290-14d0b10f582e,HNY718-10 89%,991171810,,gear,,True,421.0731062024614,18303.933333333334,0.012421444304116062,104,178.3256708773928,-8.804775,-162.960855,-10.29735,-159.431575
2022-02-21T08:16:30.000Z,2024-07-04T16:14:43.000Z,a41f236142d5627fe235499a9eacef10,gap,"[-162.77674833333333, -8.801825000000001, -159.940375, -7.008198]",-7.9074,-161.3555,[],['8446'],"['ACAP', 'WCPFC', 'FFA', 'IWC', 'SPC']",['77'],['77'],[],[],[],[],227,298,496.12575,775.69925,df8be19a6-6d01-4f14-3923-4a1878bf47cb,HNY718-08 79%,991171808,,gear,,True,370.61894491395657,20743.966666666667,0.009647056612245786,136,178.3256708773928,-8.801825000000001,-162.77674833333333,-7.008198,-159.940375
2022-02-21T08:36:50.000Z,2024-10-29T03:31:04.000Z,fc9f3b27f8f7d79c7f09e20355ea29e2,gap,"[100.1845, -32.47535, 151.28540833333332, 1.898885]",-16.8427,128.0495,[],[],"['ACAP', 'SEAFDEC', 'SPRFMO', 'WCPFC', 'IWC']",['71'],['71'],[],[],[],[],400,1368,493.936969,1365.8395,d2a0d9fbe-e516-cce5-64c2-2f94328d811a,BUOY42036-11      9V,994161471,,gear,,True,6585.510207575507,23538.9,0.15106445249385098,69,62.66744059482149,1.898885,151.28540833333332,-32.47535,100.1845
2022-02-22T05:13:30.000Z,2024-07-22T21:09:30.000Z,2b101b1c2bd1283649518ac79bdd636c,gap,"[167.90339, 2.952188, 169.166017, 3.809495]",3.381,168.535,[],['8318'],"['ACAP', 'WCPFC', 'FFA', 'IWC', 'SPC']",['71'],['71'],[],[],[],[],122,187,494.96643800000004,453.22009399999996,c14048940-000c-1ecb-99f7-f508be4bb8ff,SLC721-08 94%,991272108,,gear,,True,169.4996976990904,21159.933333333334,0.004325274258408769,63,168.07401368670324,3.809495,167.90339,2.952188,169.166017
2022-02-22T10:49:28.000Z,2024-12-22T05:58:01.000Z,b0b19494e657be023164aa4fe8b35410,gap,"[65.054313, -3.8312, 158.49480666666668, 29.379443333333334]",18.2555,107.6679,[],[],"['ACAP', 'NPFC', 'WCPFC', 'IWC']",['61'],['61'],[],[],[],[],719,744,1614.388125,898.71425,6113135f1-1b21-9d6a-8022-5683f177d886,994161334         6V,994161334,,gear,,True,10549.473021114785,24811.133333333335,0.22958482605753064,34,69.4137775556745,29.379443333333334,158.49480666666668,-3.8312,65.054313
2022-02-23T14:04:56.000Z,2024-05-21T10:11:51.000Z,650a5f3b30892f8cdce982cfba870242,gap,"[79.38061166666667, -25.255805, 87.287052, -2.497398]",-13.9083,83.5307,[],[],"['ACAP', 'IOTC', 'IWC', 'SIOFA', 'CCSBT']","['51', '51.7']",['51'],[],[],[],[],1402,1087,1751.741,1179.4515,c15b62214-45fc-82f2-3304-ab8ef013bd25,932555512,932555512,,gear,,True,2668.532132875005,19628.1,0.07340965658347329,98,163.73483676324435,-25.255805,79.38061166666667,-2.497398,87.287052
2022-02-23T15:29:04.000Z,2024-05-16T01:34:02.000Z,160667691c7a894a363751e399015b49,gap,"[79.356945, -25.197395, 90.632922, 1.32687]",-11.9915,85.2767,[],[],"['ACAP', 'IOTC', 'IWC', 'SIOFA', 'CCSBT']","['51', '51.7']",['51'],[],[],[],[],1408,560,1747.8225,686.739438,441319f67-747b-c9ee-5e8c-93e47812de48,932555506,932555506,,gear,,True,3189.476886797773,19498.066666666666,0.08832566704859139,273,163.73483676324435,-25.197395,79.356945,1.32687,90.632922
2022-02-25T03:14:51.000Z,2024-11-17T05:51:20.000Z,6f67f596b7f6fa7a4cef373d63bd2e82,gap,"[5.930946666666666, -13.891636666666667, 122.330488, 33.20363]",17.7754,57.3112,[],[],"['ICCAT', 'ACAP', 'IWC']","['47', '47.A.0', '47.A']",['47'],[],[],[],[],661,127,668.72075,95.829156,984a0cdf4-454a-b6af-05dc-cd37051d34d3,LU RONG YUAN YU 616,412100726,CHN,other,,True,13289.30533958481,23906.6,0.3001535488655556,43,358.3716240546446,-13.891636666666667,5.930946666666666,33.20363,122.330488
2022-02-25T03:47:38.000Z,2024-12-06T09:51:08.000Z,b8a585846a01c699c18513cbcc3543f7,gap,"[5.976681666666667, -13.842526666666666, 122.363395, 33.103963]",17.7295,57.3941,[],[],"['ICCAT', 'ACAP', 'IWC']","['47', '47.A.0', '47.A']",['47'],[],[],[],[],658,122,665.494875,91.18146899999999,ed01ae471-1abf-72e9-913a-3575949f9efb,LU RONG YUAN YU 619,412100729,CHN,other,,True,13285.790887237366,24366.05,0.2944159262110137,32,358.3716240546446,-13.842526666666666,5.976681666666667,33.103963,122.363395
2022-02-26T15:37:35.000Z,2026-08-17T01:29:22.000Z,a81c73d1c70c741c2a3d781b3a81a4f1,gap,"[-168.898925, 12.614125, 113.757455, 22.497217]",22.0538,153.6834,[],[],"['ACAP', 'NPFC', 'WCPFC', 'IWC']",['77'],['77'],[],[],[],[],461,7,1430.5665,0.0,cfd8ea159-93a9-1e4e-cb50-d9772ee3f05d,LQ2602,111111227,,gear,,True,8192.167500937567,39177.85,0.11290605730483198,24,144.02608749763482,12.614125,-168.898925,22.497217,113.757455
2022-02-28T23:32:49.000Z,2025-08-20T16:23:26.000Z,7d7d668c122999813ad0a7ee62695261,gap,"[-128.461187, -16.557783333333333, -21.299665, -12.267387]",-23.4046,-75.628,[],[],"['ICCAT', 'ACAP', 'IWC']","['41', '41.1.4', '41.1']",['41'],[],[],[],[],951,1092,1217.50775,1130.9815,be52232b9-92fd-1810-9f23-4074c7b1dd1c,HUYU0002          7V,994010552,,gear,,True,11393.464794094843,30448.833333333332,0.20204317069087843,71,53.72570431056911,-16.557783333333333,-21.299665,-12.267387,-128.461187
2022-03-01T08:12:57.000Z,2026-05-26T14:30:12.000Z,00918439634227e1058cfe1085587e90,gap,"[-107.75872166666667, -19.583849999999998, 12.45166, 36.626477]",16.5808,-55.5775,[],[],"['ACAP', 'SPRFMO', 'IATTC', 'IWC']","['87', '87.2.6', '87.2']",['87'],[],[],[],[],844,39,847.912188,40.355422,1a55740d2-21df-d325-67e8-65511a8f9c7a,ZYY2602-3-99%,260100003,,gear,,True,13952.854127194727,37134.28333333333,0.20288363844203441,187,161.8901333096199,-19.583849999999998,-107.75872166666667,36.626477,12.45166
2022-03-01T09:45:49.000Z,2024-01-20T01:31:44.000Z,6d89e8c46c688b2a6261f499cdf15247,gap,"[-123.496523, -20.376822, -122.36186833333333, -18.74928]",-19.5639,-122.9263,[],[],"['ACAP', 'SPRFMO', 'IATTC', 'IWC']",['77'],['77'],[],[],[],[],701,492,1062.402625,853.42125,82e76967b-bedd-6aa2-f003-d8caebefa48f,HONG WEI YU YE 76,898518519,,gear,,True,216.5273130046861,16551.75,0.007063627458780325,58,190.74895828889086,-18.74928,-122.36186833333333,-20.376822,-123.496523
2022-03-01T14:23:09.000Z,2024-08-27T17:04:30.000Z,67af301cd06efb0de1f740df24c4c6d8,gap,"[-99.10717666666666, -13.52947, 164.65014666666667, 9.829283333333333]",-2.7702,-146.8018,[],['8313'],"['ACAP', 'WCPFC', 'FFA', 'IWC', 'SPC']",['71'],['71'],[],[],[],[],207,693,290.80775,673.883312,77c02bbbe-e390-4b1c-3c0e-d8a17e94d126,SUIYUANYU--------7V9,412018069,CHN,gear,,True,10928.879770164365,21842.683333333334,0.2701647456035945,16,82.06397167091937,-13.52947,164.65014666666667,9.829283333333333,-99.10717666666666
2022-03-01T23:45:12.000Z,2025-07-30T14:36:13.000Z,8943c7fa2bc02f3740c8a0b01a8d5618,gap,"[-133.940722, -16.488895, -21.247565, -12.386175]",-24.9165,-78.3877,[],[],"['ICCAT', 'ACAP', 'IWC']","['41', '41.1.4', '41.1']",['41'],[],[],[],[],960,551,1208.101,558.2505620000001,0399af3b8-8767-9131-a59d-5fcb8e666f4a,HUYU0004          9V,994010554,,gear,,True,11951.685282185139,29918.85,0.2156965852924663,68,53.72570431056911,-16.488895,-21.247565,-12.386175,-133.940722
2022-03-03T12:22:59.000Z,2024-06-13T10:58:23.000Z,91fbcee228f5f4dc7bdeb6ce32cf189c,gap,"[-41.064035, -23.513061666666665, 103.939255, 1.2374866666666666]",-32.9721,39.2396,[],['8464'],"['ICCAT', 'ACAP', 'IWC']","['41', '41.2.1', '41.2']",['41'],[],[],[],[],111,7,1.019647,1.5723479999999999,787a9ea78-810c-59b4-6a2b-fb351f443c21,PETROBRAS 63,538005076,MHL,other,,True,15503.896922932077,19990.583333333332,0.4187689015384794,114,317.32486588682303,-23.513061666666665,-41.064035,1.2374866666666666,103.939255
2022-03-04T03:33:38.000Z,2024-05-19T18:37:39.000Z,b3434c716157e6296897771422d57817,gap,"[-144.78104166666665, -4.758776666666667, 176.314633, 4.96107]",0.1073,-164.2302,[],[],"['ACAP', 'SPRFMO', 'IATTC', 'IWC']",['77'],['77'],[],[],[],[],573,408,687.748812,544.698375,7c2ba8284-4a2f-7f99-435b-d29adcfa2834,NET FISH9327-12 12V0,932700012,,gear,,True,4453.856265774933,19383.066666666666,0.12407169792460145,20,150.75544055163007,-4.758776666666667,-144.78104166666665,4.96107,176.314633
2022-03-05T02:57:52.000Z,2024-11-03T19:45:41.000Z,a37a0f44b2b82965c0d88cc540e8ec49,gap,"[168.808668, 2.711293, 170.72018, 4.339781666666667]",3.526,169.7636,[],['8318'],"['ACAP', 'WCPFC', 'FFA', 'IWC', 'SPC']",['71'],['71'],[],[],[],[],202,207,312.544688,417.6155,42d50d781-1559-5ae6-7ecd-62c84101fcc1,HNY769-04 47%,991176904,,gear,,True,278.9155160453607,23392.783333333333,0.0064379825321366135,62,175.41887994160183,4.339781666666667,170.72018,2.711293,168.808668
2022-03-08T09:47:30.000Z,2024-03-14T17:24:33.000Z,a928f871d866fbbe1c3442e44af25704,gap,"[-163.951255, -10.327808, 152.74907833333333, 4.84329]",-2.95,174.2538,[],['8316'],"['ACAP', 'WCPFC', 'FFA', 'IWC', 'SPC']",['71'],['71'],[],[],[],[],111,210,307.159031,337.314438,9662574d1-1924-5460-fddc-eae3c2a9a6ba,SLC883-06 98%,991288306,,gear,,True,5082.712042012347,17695.616666666665,0.15509179469628925,40,73.40226865204359,4.84329,152.74907833333333,-10.327808,-163.951255
2022-03-10T02:28:35.000Z,2024-09-16T05:50:32.000Z,477a3ebbd2f45008b90e1b789f24ecdd,gap,"[66.45529333333333, -2.9809330000000003, 76.861513, 1.7723900000000001]",-0.6068,71.6561,[],[],"['ACAP', 'IOTC', 'IWC']","['51', '51.4']",['51'],[],[],[],[],720,481,783.250938,562.548188,ed93e8837-7353-897d-0b7f-78565efd66a5,IMULA 0852 CHW BU-1,994177498,,gear,,True,1271.7591608761882,22107.35,0.0310618419336664,81,16.210964459933578,1.7723900000000001,66.45529333333333,-2.980933,76.861513
2022-03-10T20:31:03.000Z,2026-03-26T05:17:42.000Z,7e00ea91cb90a6e4b3731922d7ff89fd,gap,"[-33.210115, -22.376983, 43.93198, -6.766206666666666]",-18.3844,6.9886,[],[],"['ACAP', 'IOTC', 'IWC', 'SIOFA']","['51', '51.5']",['51'],[],[],[],[],382,451,503.510281,669.980688,fa1b8fdba-a59b-2414-691f-61dd3cc3e3fc,BUOY-BBB          9V,994008029,,gear,,True,8403.013915028878,35432.76666666667,0.12805278728689803,49,41.5849748073374,-6.766206666666666,43.93198,-22.376983,-33.210115
2022-03-11T09:32:50.000Z,2024-01-16T23:58:02.000Z,dcd63f2be43779b7251485324efbf65c,gap,"[-162.231735, -8.557988333333334, 151.521625, 4.7719000000000005]",-2.0583,174.5505,[],['8446'],"['ACAP', 'WCPFC', 'FFA', 'IWC', 'SPC']",['77'],['77'],[],[],[],[],202,218,530.2765,300.09490600000004,d284e6739-9c11-8a3d-74d2-da6afabd79f6,HNY722-06100%,991172206,,gear,,True,5337.5785454856805,16238.416666666666,0.1774841666386377,156,178.3256708773928,-8.557988333333334,-162.231735,4.7719,151.521625
2022-03-14T05:14:23.000Z,2024-07-23T23:39:25.000Z,15ea2e5d44fc6724b4b05f2e9f382d08,gap,"[115.72022666666666, -32.23869833333333, 161.09658833333333, -13.086563333333334]",-24.3404,140.0953,[],['8314'],"['ACAP', 'WCPFC', 'FFA', 'IWC', 'SPC']",['71'],['71'],[],[],[],[],152,1,176.77582800000002,0.0,bddfca741-1b17-726a-b5f9-4551a49d3d93,TE-MATAILI 2,572211301,TUV,other,,True,5071.892625777757,20706.416666666668,0.13225866038396858,475,370.0075472426397,-13.086563333333334,161.09658833333333,-32.23869833333333,115.72022666666666
2022-03-14T17:56:04.000Z,2025-07-30T11:29:33.000Z,68012cb0839a72c3611492d00eb05293,gap,"[-25.587086666666668, 6.305066666666667, -25.3723, 12.67075]",9.4879,-25.4807,[],[],"['ICCAT', 'ACAP', 'NAMMCO', 'IWC']","['34', '34.4.2', '34.4']",['34'],[],[],[],[],945,247,963.51875,265.825,b141a9ad2-201b-6f44-c13c-1e577fc8a552,BUOY-Z5  71%,168803907,,gear,,True,708.2242346132508,29609.55,0.012915106573779315,24,36.80369574965577,6.305066666666667,-25.587086666666668,12.67075,-25.3723
2022-03-15T00:38:06.000Z,2025-08-17T10:56:37.000Z,e1b0c0e2ffa5cfc9ee791ba2cd8c46a1,gap,"[-26.7297, 6.2800183333333335, -25.056226666666667, 12.829525]",9.5558,-25.8849,[],[],"['ICCAT', 'ACAP', 'NAMMCO', 'IWC']","['34', '34.4.2', '34.4']",['34'],[],[],[],[],944,307,961.489375,333.04596899999996,f83031fa9-9035-313f-c294-2895710407dd,BUOY-Z2  81%,168803904,,gear,,True,751.008821892595,30034.3,0.013501640552174494,14,36.80369574965577,6.2800183333333335,-25.056226666666667,12.829525,-26.7297
2022-03-17T00:45:16.000Z,2024-12-20T20:00:54.000Z,2c700dac507befdfb761a6732ce6692d,gap,"[164.540608, 29.917841666666668, 168.901245, 31.8516]",30.903,166.7429,[],[],"['ACAP', 'NPFC', 'WCPFC', 'IWC']",['61'],['61'],[],[],[],[],1196,1332,2353.75975,2042.393625,4f097c33a-ac7a-8947-23b6-497e0860a89a,HS212018004       5V,994018004,,gear,,True,468.3378948413536,24235.25,0.010434480050163298,24,113.83261797859488,29.917841666666668,168.901245,31.8516,164.540608
2022-03-17T02:34:55.000Z,2024-12-20T17:23:39.000Z,e90e6df8a0c2a937580ca5192146c2a5,gap,"[164.150617, 30.57578, 164.43960333333334, 32.035447]",31.3057,164.2962,[],[],"['ACAP', 'PICES', 'WCPFC', 'NPFC', 'IWC']",['61'],['61'],[],[],[],[],1245,1315,2139.6315,2001.624375,d6cc054f9-9357-2418-695e-ada04bbd0545,HF66 BUOY-16  100%,168803560,,gear,,True,164.61331195661325,24230.8,0.0036682271212817043,35,96.34078271998534,30.57578,164.43960333333334,32.035447,164.150617
2022-03-17T08:00:17.000Z,2024-12-20T17:32:49.000Z,65c8609a050b5f9b41d292f265257f1d,gap,"[164.15571, 30.18886, 164.37715666666668, 32.029797]",31.1094,164.2675,[],[],"['ACAP', 'PICES', 'WCPFC', 'NPFC', 'IWC']",['61'],['61'],[],[],[],[],1218,1315,2168.56675,2003.079125,cad748981-1006-02e3-1549-240ba36d98c5,HF66 BUOY-17  100%,168803561,,gear,,True,205.78576341356924,24225.533333333333,0.00458670698723468,43,96.34078271998534,30.18886,164.37715666666668,32.029797,164.15571
2022-03-19T05:50:18.000Z,2025-05-02T22:13:23.000Z,e52632d5571c3ce4a987bfe07393e854,gap,"[91.20345333333333, -10.020356666666666, 118.177467, 23.399383]",6.8772,104.2066,[],[],"['ACAP', 'SEAFDEC', 'IOTC', 'IWC']","['57', '57.2']",['57'],[],[],[],[],622,63,661.1784379999999,50.195086,c6f72b1bc-c5db-e48f-c8b1-a192f99eeeb3,994080060         8V,994080060,,gear,,True,4734.6217565161505,27376.383333333335,0.09338308855821775,46,42.71653246424547,-10.020356666666666,91.20345333333333,23.399383,118.177467
2022-03-20T09:51:37.000Z,2024-04-03T04:56:03.000Z,ba110aaa1b80cdfccbedd472cf530f97,gap,"[-166.13493333333332, -5.753328333333333, 163.775913, 36.184958]",15.7237,-179.5746,[],[],"['ACAP', 'SPRFMO', 'WCPFC', 'IWC']",['77'],['77'],[],[],[],[],556,1540,897.22775,1668.150875,690b59242-271f-db97-9e5d-377b0dde6a23,665168013-13 90%,665168013,SHN,fishing,,True,5618.877202903085,17875.066666666666,0.1697308899634754,124,168.42267319743513,-5.753328333333333,-166.13493333333332,36.184958,163.775913
2022-03-20T15:06:55.000Z,2025-03-02T23:49:55.000Z,e29ca698d298864508e5f5414a1f977d,gap,"[-160.519335, 17.241755, -157.5478, 27.942852]",22.5991,-159.0915,[],[],"['ACAP', 'NPFC', 'WCPFC', 'IWC']",['77'],['77'],[],[],[],[],489,658,515.59675,666.688188,c8b0f0ad3-3a31-5c24-78ac-f3b3b9efffba,CK01           11.9V,941210317,,gear,,True,1228.2240343814935,25880.716666666667,0.02562478976427587,27,146.16919661325778,17.241755,-160.519335,27.942852,-157.5478
2022-03-21T00:00:18.000Z,2024-10-29T10:03:44.000Z,12ebe4799480c4161bbf06178aff0f0e,gap,"[-7.36333, -9.377025, -5.644467, -3.894403]",-6.6365,-6.4991,[],[],"['ICCAT', 'ACAP', 'IWC']","['47', '47.A.0', '47.A']",['47'],[],[],[],[],743,939,748.38325,959.994375,a586eb64f-fe10-4210-5b25-ecba7cc8f5e1,994024015         7V,994024015,,gear,,True,638.4948576601909,22882.05,0.015066816232160751,101,50.27227302871023,-9.377025,-7.36333,-3.894403,-5.644467
2022-03-21T12:40:02.000Z,2025-03-22T18:30:22.000Z,a5746fc10775e34f662a43f4f7eeb1d6,gap,"[-107.7024, -19.620113333333332, 123.482973, 36.644432]",18.8674,-162.6245,[],[],"['ACAP', 'SPRFMO', 'IATTC', 'IWC']","['87', '87.2.6', '87.2']",['87'],[],[],[],[],841,90,844.714938,87.523656,babc56c8f-f412-8960-9b1c-896a8bdc0e53,RUNDA3-8         7V4,43889765,JOR,gear,,True,14720.738607559064,26333.833333333332,0.30183843204413274,33,161.8901333096199,-19.620113333333332,-107.7024,36.644432,123.482973
2022-03-21T23:25:08.000Z,2025-08-27T16:32:42.000Z,936b1a9a223136aef6aa220153563c8a,gap,"[157.81903333333332, -16.065898, 169.421763, -13.24706]",-14.7287,163.5829,[],['8314'],"['ACAP', 'WCPFC', 'FFA', 'IWC', 'SPC']",['71'],['71'],[],[],[],[],300,122,305.94696899999997,140.16475,b7445eda4-4c70-3840-cacc-d5d831f5710d,706             11V9,987706008,,gear,,True,1286.6583577225304,30113.116666666665,0.023071007284492805,90,64.20158757721202,-13.24706,157.81903333333332,-16.065898,169.421763
2022-03-24T01:50:48.000Z,2024-04-03T05:08:33.000Z,a618679314f2b483fe1fc965e94520b3,gap,"[163.80448, 17.166105, 172.45281333333332, 36.185005]",26.7407,168.4933,[],[],"['ACAP', 'WCPFC', 'IWC']","['71', '71.6.2']",['71'],[],[],[],[],462,1540,1063.13975,1668.7265,7fa5f7d84-4afa-e736-c598-880741432d92,665168-10 90%,665168010,SHN,gear,,True,2280.0314890529307,17787.283333333333,0.0692134089020947,79,134.91943499658313,17.166105,172.45281333333332,36.185005,163.80448
2022-03-26T02:53:00.000Z,2024-05-25T17:04:08.000Z,b8a7f9e6f082659c8858ba2583e84fe9,gap,"[-167.13386833333334, -13.8806, -164.856322, -8.520946666666667]",-11.2029,-166.0057,[],['8446'],"['ACAP', 'WCPFC', 'FFA', 'IWC', 'SPC']",['77'],['77'],[],[],[],[],297,196,684.973,201.716188,921477a1d-d21b-ab01-59a8-7903423cb5bb,HNY717-03 83%,991171703,,gear,,True,645.6336765998752,18998.183333333334,0.01834987535932304,38,165.52218391163242,-8.520946666666667,-167.13386833333334,-13.8806,-164.856322
2022-03-28T03:08:26.000Z,2024-07-07T01:20:43.000Z,8f4f6ef8e7f395eff4cd8b6b30dcac29,gap,"[22.736138333333333, -38.530818333333336, 61.947412, -32.151848]",-36.9684,43.1482,[],[],"['ACAP', 'IOTC', 'IWC', 'CCSBT']","['47', '47.C', '47.C.0']",['47'],[],[],[],[],469,1344,478.650188,1362.11475,ee768d7b9-9d0f-b032-f797-1038bc21d074,HOYUNG-8          7V,994166623,,gear,,True,3598.638249949948,19966.2,0.09731993099520556,93,139.8970942887667,-38.530818333333336,22.736138333333333,-32.151848,61.947412
2022-03-29T02:08:01.000Z,2024-06-08T02:38:41.000Z,040a174bae38f6c367c6114dd9a8c25e,gap,"[-20.27199, -13.542385, 115.341955, -5.34378]",-23.7559,45.8613,[],[],"['ICCAT', 'ACAP', 'IWC']","['41', '41.1.4', '41.1']",['41'],[],[],[],[],707,517,706.465062,530.490625,87e95ce3c-cd08-4e86-1675-f1128cbf5162,994161267         6V,994161267,,gear,,True,14684.747352496492,19248.5,0.4119349164874616,16,46.320259406899844,-5.34378,-20.27199,-13.542385,115.341955
2022-03-30T22:17:22.000Z,2024-08-13T09:18:00.000Z,40e03c100aacce6ffef2389360ed04a1,gap,"[-177.58231333333333, -6.211338, -149.29578, 11.86378]",2.9144,-163.3257,[],[],"['ACAP', 'NPFC', 'WCPFC', 'IWC']","['71', '71.6.2']",['71'],[],[],[],[],1019,421,1321.60875,980.382938,705345922-25c5-f6ca-bd00-b10f7bd5fb38,CC226 BOUY-04  100%,177700004,,gear,,True,3718.2171918839804,20795.0,0.09654612500523158,43,140.46226984150547,11.86378,-177.58231333333333,-6.211338,-149.29578
2022-03-31T00:16:23.000Z,2024-08-13T13:10:13.000Z,96ad43d297cea13e9d9d3bac97af92cf,gap,"[-177.464705, -6.198525, -149.101983, 11.839335]",2.9089,-163.1701,[],[],"['ACAP', 'NPFC', 'WCPFC', 'IWC']","['71', '71.6.2']",['71'],[],[],[],[],1009,428,1332.83475,974.500188,1596f9b54-49a3-1c90-4617-67c041a60985,CC226 BOUY-07  100%,177700007,,gear,,True,3723.134494356778,20796.883333333335,0.09666505159388276,22,140.46226984150547,11.839335,-177.464705,-6.198525,-149.101983
2022-03-31T02:27:38.000Z,2024-08-13T13:38:07.000Z,9adb716e06068148c9a1f190603499f8,gap,"[-177.34629, -6.19907, -149.054812, 11.836465]",2.9067,-163.0877,[],[],"['ACAP', 'NPFC', 'WCPFC', 'IWC']","['71', '71.6.2']",['71'],[],[],[],[],999,430,1343.923875,972.835438,dbe15eef3-35d9-3b9d-1441-6f3e7ddbc271,CC226 BOUY-08  100%,177700008,,gear,,True,3716.3669406989156,20795.166666666668,0.09649730853010617,22,140.46226984150547,11.836465,-177.34629,-6.19907,-149.054812
2022-03-31T02:39:25.000Z,2026-06-09T00:37:53.000Z,c9ea9b255503ca896561f92dafd7d8d0,gap,"[158.85913333333335, -18.819485, 172.543658, -14.818891666666667]",-16.9329,165.6288,[],['8314'],"['ACAP', 'WCPFC', 'FFA', 'IWC', 'SPC']",['71'],['71'],[],[],[],[],373,257,379.911562,328.887844,0744ecb38-8e31-7cee-70b3-6cb508f8472f,BEHH            11V1,987747008,,gear,,True,1522.3358658441562,36741.96666666667,0.022372117839107097,86,65.04083301445694,-14.818891666666667,158.85913333333335,-18.819485,172.543658
2022-03-31T07:08:29.000Z,2024-08-13T19:21:29.000Z,9594fd0188d4c7cf41792a22c6fd03fb,gap,"[-177.19558, -6.194085, -148.885732, 11.792026666666667]",2.8865,-162.9289,[],[],"['ACAP', 'NPFC', 'WCPFC', 'IWC']","['71', '71.6.2']",['71'],[],[],[],[],989,437,1357.022125,968.763062,d532b4c1e-eeaa-d91a-029d-5ceb6b0bc303,CC226 BOUY-13  100%,177700013,,gear,,True,3715.2236398091354,20796.216666666667,0.09646275151046604,25,140.46226984150547,11.792026666666667,-177.19558,-6.194085,-148.885732
2022-03-31T10:16:17.000Z,2024-08-13T15:38:43.000Z,5bf5901dc911174154f89dfbfa76446b,gap,"[-177.314425, -6.271733, -148.816675, 11.743513333333333]",2.8226,-162.9553,[],[],"['ACAP', 'NPFC', 'WCPFC', 'IWC']","['71', '71.6.2']",['71'],[],[],[],[],1002,431,1343.84275,958.05825,ca2812fc9-90f7-248e-994c-6d49018823e0,CC226 BOUY-14  100%,177700014,,gear,,True,3734.6009093014536,20789.366666666665,0.09699781631166823,64,140.46226984150547,11.743513333333333,-177.314425,-6.271733,-148.816675
2022-03-31T11:08:01.000Z,2024-08-13T18:57:17.000Z,ad5c0840bb4d6bbf3bea3b1b3a024813,gap,"[-177.46783666666667, -6.303365, -148.85685, 11.719428333333333]",2.7945,-163.0527,[],[],"['ACAP', 'NPFC', 'WCPFC', 'IWC']","['71', '71.6.2']",['71'],[],[],[],[],1018,426,1326.82975,956.093,e630871b5-5bb2-ae2d-45cf-cd654abeebb8,CC226 BOUY-15  100%,177700015,,gear,,True,3745.6801998418587,20791.816666666666,0.0972741122095635,20,140.46226984150547,11.719428333333333,-177.46783666666667,-6.303365,-148.85685
2022-03-31T13:43:04.000Z,2024-08-13T19:01:17.000Z,7114a3ac8474412cdd269dd86bf1d8cb,gap,"[-177.60833666666667, -6.307215, -148.973173, 11.708353333333333]",2.787,-163.1814,[],[],"['ACAP', 'NPFC', 'WCPFC', 'IWC']","['71', '71.6.2']",['71'],[],[],[],[],1031,421,1312.267625,958.532688,b10c23e46-6c0e-e0ff-6d7a-8458bd46c4b1,CC226 BOUY-17  100%,177700017,,gear,,True,3747.5361965605603,20789.3,0.09733409328498123,29,140.46226984150547,11.708353333333333,-177.60833666666667,-6.307215,-148.973173
2022-03-31T15:08:35.000Z,2024-08-13T19:14:02.000Z,2c8e725018f13cb83d36d819df31ffcb,gap,"[-177.75555166666666, -6.310482, -149.034523, 11.702555]",2.7829,-163.2856,[],[],"['ACAP', 'NPFC', 'WCPFC', 'IWC']","['71', '71.6.2']",['71'],[],[],[],[],1045,419,1296.715625,960.503312,a4bc2b37c-c4eb-a741-d73f-0ba7ae4a006c,CC226 BOUY-18  100%,177700018,,gear,,True,3755.4288135875527,20788.083333333332,0.0975447955097795,21,140.46226984150547,11.702555,-177.75555166666666,-6.310482,-149.034523
2022-03-31T15:22:14.000Z,2025-10-16T18:24:23.000Z,1b6fa81f3af6b5006318de8122a41fed,gap,"[-155.791895, -9.631202, 152.04420166666668, 5.388975]",-2.3613,177.9892,[],['8316'],"['ACAP', 'WCPFC', 'FFA', 'IWC', 'SPC']","['71', '71.6.1']",['71'],[],[],[],[],132,240,230.12503099999998,819.579438,ae72da739-9f18-710d-3ce3-70da60c05661,HNY736-15 92%,991173615,,gear,,True,6015.64964788662,31083.033333333333,0.1045004494815202,41,74.53792251835374,5.388975,152.04420166666668,-9.631202,-155.791895
2022-03-31T16:13:55.000Z,2024-08-13T20:35:59.000Z,1b57fce2088480cf39e30fd6f3a32ca2,gap,"[-177.82958, -6.304585, -149.111652, 11.696871666666667]",2.7829,-163.3612,[],[],"['ACAP', 'NPFC', 'WCPFC', 'IWC']","['71', '71.6.2']",['71'],[],[],[],[],1052,417,1289.662875,964.251562,b5c9e4f5e-ea4d-91a6-cb39-114da622eac1,CC226 BOUY-19  12.1V,177700019,,gear,,True,3754.4663687559837,20788.366666666665,0.09751846749971532,46,140.46226984150547,11.696871666666667,-177.82958,-6.304585,-149.111652
2022-04-02T13:17:09.000Z,2025-11-11T13:10:12.000Z,22b36e43507b6d57bc62b810eea7b096,gap,"[49.22556, -32.34116, 100.880735, -3.7446883333333334]",-19.8803,72.752,[],[],"['ACAP', 'IOTC', 'IWC', 'SIOFA']","['51', '51.5']",['51'],[],[],[],[],487,1300,694.34275,1298.324625,154ccdecd-d95c-0918-44bb-489b606f6592,994163699         9V,994163699,,gear,,True,6236.27635966054,31655.883333333335,0.10637263895533271,50,38.873045548107974,-3.7446883333333334,49.22556,-32.34116,100.880735
2022-04-03T08:54:51.000Z,2025-11-25T18:51:34.000Z,54309439bcd8268a33e7c6938ce759ab,gap,"[165.808397, 7.101723, 171.04866666666666, 11.391111666666667]",9.2559,168.4125,[],['8318'],"['ACAP', 'WCPFC', 'FFA', 'IWC', 'SPC']","['71', '71.6.2']",['71'],[],[],[],[],122,203,464.232469,278.501281,ee1481cfc-cd2c-0fe4-b805-09fb83032204,HNY705-06 92%,991170506,,gear,,True,747.0484257363773,31977.933333333334,0.012614132244961987,70,160.9439726066482,11.391111666666667,171.04866666666666,7.101723,165.808397
2022-04-03T12:55:03.000Z,2024-04-03T05:53:51.000Z,5795c6b40a612134b411ce09074cad89,gap,"[-163.21872, -6.914406666666666, 163.907093, 36.184942]",15.2238,-177.9132,[],[],"['ACAP', 'SPRFMO', 'WCPFC', 'IWC']",['77'],['77'],[],[],[],[],414,1546,705.078562,1676.775875,438f123b8-83a8-b067-0b0a-c19c63ef6797,665168011-11 90%,665168011,SHN,gear,,True,5892.964017091409,17536.966666666667,0.18144221141711758,93,175.7992788861738,-6.914406666666666,-163.21872,36.184942,163.907093
2022-04-03T19:35:49.000Z,2025-01-04T06:34:15.000Z,63fe5d13fedb18234faae2c03b973faa,gap,"[53.103465, -7.980038, 55.414881666666666, -1.6448516666666666]",-4.8134,54.2646,[],['8337'],"['ACAP', 'IOTC', 'SWIOFC', 'IWC']","['51', '51.5']",['51'],[],[],[],[],230,116,296.42071899999996,453.91009399999996,075d26dba-a6b4-7ffd-5bc7-8395a6619459,GRAN FRER B3,664000143,SYC,gear,,True,749.5086292258127,24154.966666666667,0.016754412837080474,21,31.921772464482604,-1.6448516666666666,55.414881666666666,-7.980038,53.103465
2022-04-04T03:30:55.000Z,2024-07-27T07:47:55.000Z,073fe5dfc276f45cbeced67261f6d122,gap,"[-171.225487, 7.572215, -166.74380333333335, 11.957191666666667]",9.772,-168.9994,[],[],"['ACAP', 'NPFC', 'WCPFC', 'IWC']",['77'],['77'],[],[],[],[],608,932,1212.724875,1376.342625,211b88152-217b-7660-6f7d-a7db05a4a955,2020615 76%,890906015,,gear,,True,691.9614383931937,20284.283333333333,0.018419644423691584,49,147.22569760455949,11.957191666666667,-166.74380333333335,7.572215,-171.225487
2022-04-04T23:46:50.000Z,2024-10-15T12:38:34.000Z,6954b63f14f9b90d1353b1f66e7e9c77,gap,"[89.834097, -2.61748, 93.57017666666667, 6.088382]",1.7364,91.7064,[],[],"['ACAP', 'SEAFDEC', 'IOTC', 'IWC']","['57', '57.2']",['57'],[],[],[],[],552,434,596.457125,463.2565,b2a5374dc-cda1-fe23-27f3-916cd8d66fb2,IMULA 1347 MTR BU-1,994177529,,other,,True,1053.1919655301638,22188.85,0.025629005880562435,16,11.15109406156861,-2.61748,93.57017666666667,6.088382,89.834097
2022-04-05T11:54:32.000Z,2024-04-13T07:43:06.000Z,e97f8c2e11b4e294b75fa945459d11e4,gap,"[168.341355, 31.403315, 179.851423, 31.90609]",31.7842,174.0808,[],[],"['ACAP', 'PICES', 'WCPFC', 'NPFC', 'IWC']",['61'],['61'],[],[],[],[],1330,428,2335.5775,2236.62975,54bbd5014-4c54-7caf-118a-44ba33513318,BUOY-01  100%,168801032,,gear,,True,1090.3738943629307,17731.8,0.033203329756244536,36,111.97498721037697,31.403315,168.341355,31.90609,179.851423
2022-04-07T10:07:21.000Z,2025-10-09T03:36:31.000Z,c0195fd1ea4b72ce47a56fd7057859bf,gap,"[-175.93313666666666, -4.568318, 84.082647, 11.4525]",5.3447,133.497,[],[],"['ACAP', 'NPFC', 'WCPFC', 'IWC']","['71', '71.6.2']",['71'],[],[],[],[],902,1227,1474.468625,1233.858375,a02ed154b-b8b4-e90a-3bc0-ac9d9924f237,BUOY-A43          9V,994208143,,gear,,True,11194.31843064851,30737.483333333334,0.19664747211504935,58,139.68155235640722,11.4525,-175.93313666666666,-4.568318,84.082647
2022-04-07T11:23:58.000Z,2024-09-07T00:08:28.000Z,168f5b90ebbce58553dd881851ad0265,gap,"[39.57510333333333, -36.68558, 40.994437, -31.140708]",-33.9152,40.3079,[],[],"['ACAP', 'IOTC', 'IWC', 'SIOFA', 'CCSBT']","['51', '51.8']",['51'],[],[],[],[],1067,730,1090.535,880.95225,0224eefbc-c5cd-e963-27a5-7ec22a377b6f,10_   99%,928006010,,gear,,True,630.2951742639015,21204.733333333334,0.01604982067820256,30,143.54403994488024,-36.68558,39.57510333333333,-31.140708,40.994437
2022-04-08T02:38:58.000Z,2024-07-14T12:27:36.000Z,cc0f448c109927e55fb6e333503bf79b,gap,"[44.29343, -37.83778, 47.2792, -33.275277]",-35.5657,45.8288,[],[],"['ACAP', 'IOTC', 'IWC', 'SIOFA', 'CCSBT']","['51', '51.7']",['51'],[],[],[],[],1034,871,1442.17125,913.40475,22367c3fb-b0ba-3586-9832-284e439050dd,NET FISH 8621-06  9V,868255506,,gear,,True,574.6578067541371,19881.8,0.015606755546069311,147,149.0054778458788,-37.83778,44.29343,-33.275277,47.2792
2022-04-09T03:42:34.000Z,2024-07-26T20:23:36.000Z,6bbf36e27ea4d87da5d9b046dc4d933e,gap,"[-172.75909, 8.744583, -167.69826833333335, 12.208576666666668]",10.4866,-170.2428,[],[],"['ACAP', 'NPFC', 'WCPFC', 'IWC']",['77'],['77'],[],[],[],[],538,949,1305.2445,1576.8175,ecee24242-2c70-47eb-d68a-bab60398acae,2020610100%,890906010,,gear,,True,674.1348950938927,20152.683333333334,0.018062295577819222,59,145.18999996199045,12.208576666666668,-167.69826833333335,8.744583,-172.75909
2022-04-09T19:04:40.000Z,2024-07-27T07:48:32.000Z,0282685005911d6a1b15f8d78fb9959b,gap,"[-171.224118, 7.570537, -168.152305, 12.348845]",9.9632,-169.6995,[],[],"['ACAP', 'NPFC', 'WCPFC', 'IWC']",['77'],['77'],[],[],[],[],507,931,1351.182125,1375.287375,ee2632220-06d9-c5c6-45d6-1ea1895e2958,2020612100%,890906012,,gear,,True,628.8192024094418,20148.716666666667,0.01685145570815907,74,144.02608749763482,12.348845,-168.152305,7.570537,-171.224118
2022-04-11T22:32:04.000Z,2024-05-09T03:05:28.000Z,0548def17935d309aae2cb7fd44502e3,gap,"[40.688156666666664, -38.96463333333333, 45.373077, -35.169152]",-37.0899,43.0893,[],[],"['ACAP', 'IOTC', 'IWC', 'SIOFA', 'CCSBT']","['51', '51.7']",['51'],[],[],[],[],879,1061,1323.53725,1133.379,d08bee406-6032-b7e8-0d4b-02e008f7d596,AIS BUOY_11_94%,999003511,,gear,,True,592.1960850291463,18196.55,0.017572578598214043,55,153.47013541466364,-38.96463333333333,40.688156666666664,-35.169152,45.373077
2022-04-15T07:16:23.000Z,2024-06-28T01:53:07.000Z,537a1c808e255dd5fcb48e0b8afd4244,gap,"[162.406, 17.058478333333333, 167.771727, 39.941997]",28.5263,164.7938,[],[],"['ACAP', 'WCPFC', 'IWC']","['71', '71.6.2']",['71'],[],[],[],[],508,1450,1086.595,1491.3085,c3d3ddaf1-1a18-95e5-2862-8f1059e2fa01,665168-16-40%,665168016,SHN,gear,,True,2596.652269775563,19314.6,0.07259172125097399,81,113.63500007600726,17.058478333333333,162.406,39.941997,167.771727
2022-04-15T14:50:02.000Z,2024-12-24T09:18:10.000Z,ed74e8cd01655134c3b71705a0826419,gap,"[153.244633, 17.129983333333332, 162.42190666666667, 38.297853]",27.789,158.2846,[],[],"['ACAP', 'WCPFC', 'IWC']","['71', '71.6.2']",['71'],[],[],[],[],503,812,1092.578875,819.355625,e23a84980-061e-7bfb-2ca7-da51e98b03a3,665168-17-40%,665168017,SHN,gear,,True,2517.711349167457,23610.466666666667,0.05757850496195149,42,113.63500007600726,17.129983333333332,162.42190666666667,38.297853,153.244633
2022-04-15T15:02:33.000Z,2024-12-24T19:16:48.000Z,7c1e7abdef2b1fe846617e1e11baba49,gap,"[153.68372, 17.121221666666667, 162.39968666666667, 38.370895]",27.8138,158.4726,[],[],"['ACAP', 'WCPFC', 'IWC']","['71', '71.6.2']",['71'],[],[],[],[],505,830,1092.784625,838.01525,14b3b8942-20fa-6015-3f87-45c8c1c62253,665168-19-50%,665168019,SHN,gear,,True,2510.571445722831,23620.233333333334,0.057391479311369245,56,113.63500007600726,17.121221666666667,162.39968666666667,38.370895,153.68372
2022-04-16T16:46:41.000Z,2024-10-11T23:29:20.000Z,e3fe68f9301736e2676f1668d3a584fd,gap,"[69.433562, -33.91641, 87.03451, -11.221372]",-22.8087,77.4942,[],[],"['ACAP', 'IOTC', 'IWC', 'SIOFA', 'CCSBT']","['57', '57.3']",['57'],[],[],[],[],956,532,2589.422,544.471625,e9d341f6c-c0a7-ec5c-c918-87e81329c524,LUQING116004      9V,994010954,,gear,,True,3092.8049234362443,21822.7,0.0765249515491098,180,227.2808571016003,-33.91641,87.03451,-11.221372,69.433562
2022-04-17T18:15:50.000Z,2025-03-12T23:46:28.000Z,e1ffa6b44bb0dff06310f50c597409e8,gap,"[-35.682825, -27.960015, -29.45485, 3.5042933333333335]",-12.2453,-32.7591,[],[],"['ICCAT', 'ACAP', 'NAMMCO', 'IWC']","['41', '41.1.4', '41.1']",['41'],[],[],[],[],845,824,817.989562,1171.47675,6952f518c-cdbc-88eb-581d-69bd8af3ce97,MTANOS SEIF I,710987546,BRA,fishing,,True,3561.678473222877,25445.5,0.07557927819608522,107,35.9848741561625,3.5042933333333335,-35.682825,-27.960015,-29.45485
2022-04-17T21:52:02.000Z,2024-05-09T18:24:06.000Z,62842f76aced50bf6023875ff7b03e81,gap,"[171.21012666666667, 11.495157, 171.519988, 11.848436666666666]",11.6718,171.3652,[],['8318'],"['ACAP', 'WCPFC', 'FFA', 'IWC', 'SPC']","['71', '71.6.2']",['71'],[],[],[],[],162,150,510.487188,486.46759399999996,ca2fc4101-1929-e7cd-d104-dcde405aafea,,991278608,,gear,,True,51.78524591586689,18068.533333333333,0.0015475409838227074,20,160.9439726066482,11.848436666666666,171.21012666666667,11.495157,171.519988
2022-04-17T23:11:42.000Z,2024-11-10T05:11:17.000Z,ea4d8a11789dd25ea82452e945885a1b,gap,"[-60.35847166666667, -46.43637, 123.076607, 15.747703]",-58.5086,131.63,[],[],"['ICCAT', 'IWC', 'ACAP', 'CCSBT']","['41.3.1', '41', '41.3']",['41'],[],[],[],[],419,109,439.84143800000004,220.606719,0e71953d4-43c7-7528-a835-1c042077184f,LUYANYUANYU 017,412331077,CHN,fishing,,True,16587.841644574448,22493.983333333334,0.3981828303998692,392,403.3415130607,-46.43637,-60.35847166666667,15.747703,123.076607
2022-04-20T10:45:33.000Z,2026-01-18T02:20:05.000Z,52d88bfa5a27cb63ef599ba43ea670a1,gap,"[-170.92482666666666, -32.067093, 97.974475, 5.361813333333333]",-18.6658,148.2108,[],[],"['ACAP', 'SPRFMO', 'WCPFC', 'IWC']",['77'],['77'],[],[],[],[],811,1559,1292.014625,1559.5735,123c3ea4f-f8d7-9965-812c-97d6ca0cffae,R005              9V,994165890,,gear,,True,10427.192612925313,32847.566666666666,0.17140489124893937,105,150.03494691000643,5.361813333333333,-170.92482666666666,-32.067093,97.974475
2022-04-20T23:58:30.000Z,2024-07-06T01:44:38.000Z,70e4bb467f2eacd4cb3ea2e102eb8336,gap,"[117.474005, -12.317773, 171.47519166666666, -7.830605]",-11.2766,144.6778,[],[],"['ACAP', 'SPRFMO', 'WCPFC', 'IWC']",['71'],['71'],[],[],[],[],523,339,779.468375,388.34040600000003,4aed6a980-0543-ddf4-83e8-dd9b97f52c90,994162543         9V,994162543,,gear,,True,5924.127845794787,19369.766666666666,0.16514257450417033,105,125.56699719000937,-7.830605,171.47519166666666,-12.317773,117.474005
2022-04-21T01:12:00.000Z,2024-03-19T08:27:06.000Z,96f40bac7e086eb6756871fea282dc85,gap,"[-124.36304166666666, -34.347341666666665, 151.760782, -13.55124]",-30.7743,-170.4893,[],[],"['ACAP', 'SPRFMO', 'IWC', 'IATTC']",['81'],['81'],[],[],[],[],1074,259,1170.319625,386.394125,9b5606662-2b62-f93c-7f5d-7cca0ed0e450,658-23  41%,398704106,,gear,,True,8608.566224635424,16759.25,0.27735452964727236,39,237.51061733773756,-34.347341666666665,-124.36304166666666,-13.55124,151.760782
2022-04-22T18:56:23.000Z,2024-09-25T08:11:02.000Z,a208ea4b5056e853a9aca3d282f14716,gap,"[-51.59871666666667, -63.51000333333333, 58.410828, 86.99415]",13.5196,-45.0331,[],[],"['ICCAT', 'ACAP', 'IWC', 'CCAMLR']","['48.1', '48']",['48'],[],[],[],[],149,572,385.45918800000004,334.696719,3981c9127-78c1-5052-512c-79dde88dafc3,AWI_FLOW_02,211002340,DEU,fishing,,True,17167.811406539822,21277.233333333334,0.4356711431501567,176,657.8660471220471,-63.51000333333333,-51.59871666666667,86.99415,58.410828
2022-04-23T01:48:03.000Z,2024-04-27T18:08:33.000Z,c9b07613939cd108f246302a5fe3be11,gap,"[166.18217333333334, 32.005293333333334, 178.475555, 33.52327]",32.9148,172.2763,[],[],"['ACAP', 'PICES', 'WCPFC', 'NPFC', 'IWC']",['61'],['61'],[],[],[],[],1406,645,2139.87425,2076.773,aa10b161d-dc93-588e-f2e7-b22948f3fdeb,YA BUOY-2  100%,168801424,,gear,,True,1161.0966238160386,17656.333333333332,0.035508053097034545,16,102.3232778722825,32.005293333333334,166.18217333333334,33.52327,178.475555
2022-04-24T17:15:46.000Z,2024-02-10T17:25:14.000Z,e798a90d3e37e2c6dac1b24e00b9a43d,gap,"[-61.393953333333336, -49.87029666666667, -59.64124666666667, -49.655413333333335]",-49.7662,-60.5195,[],['8389'],"['ICCAT', 'ACAP', 'IWC', 'CCSBT']","['41.3.2', '41', '41.3']",['41'],[],[],[],[],151,149,220.54546900000003,319.09040600000003,c7c24eed5-5bf4-55a3-fe93-d88f09d03d90,YI DA FA,416059950,TWN,fishing,,True,128.13554562696714,15768.15,0.0043878108481839794,437,458.3131256757413,-49.87029666666667,-59.64124666666667,-49.655413333333335,-61.393953333333336
2022-04-25T04:45:02.000Z,2024-08-22T17:31:05.000Z,fce267ce8b5a3d3fcf1bc7a64a462d1d,gap,"[168.780162, 11.525468333333333, 171.61244666666667, 11.972785]",11.7526,170.1975,[],['8318'],"['ACAP', 'WCPFC', 'FFA', 'IWC', 'SPC']","['71', '71.6.2']",['71'],[],[],[],[],158,135,490.363156,372.50006199999996,b476b40ee-efd4-82f5-7354-cac5ed6ae72b,SLC722-10,991272210,,gear,,True,312.32174446146576,20412.766666666666,0.00826150876767293,117,160.9439726066482,11.525468333333333,171.61244666666667,11.972785,168.780162
2022-04-26T19:55:21.000Z,2024-04-03T04:04:03.000Z,603caa7a141d9e2f62fcd1d9e8e70f0f,gap,"[-164.23684666666668, -7.592285, 163.654873, 36.184872]",14.8451,-178.6034,[],[],"['ACAP', 'SPRFMO', 'WCPFC', 'IWC']",['77'],['77'],[],[],[],[],402,1533,641.3704379999999,1659.5515,aea1ba83d-dbaa-a214-b370-b5ded2dbf485,665168014-14 90%,665168014,SHN,gear,,True,5910.466473802108,16976.133333333335,0.18799313845279303,61,174.68701663967198,-7.592285,-164.23684666666668,36.184872,163.654873
2022-04-27T01:07:23.000Z,2024-06-06T09:18:56.000Z,69f824c68b84af5f0ecbe6841df8a039,gap,"[-44.102048333333336, -31.580303, 11.735668, 10.956895]",-11.627,-18.3324,[],[],"['ICCAT', 'ACAP', 'NAMMCO', 'IWC']",['31'],['31'],[],[],[],[],1087,545,1127.1385,561.285438,dbbf78f9f-f962-393c-6adb-e2eccd826318,006-BUOY-008  100%,168804297,,gear,,True,7592.068280669893,18512.183333333334,0.22144275727146032,15,35.12992796885636,10.956895,-44.102048333333336,-31.580303,11.735668
2022-04-28T16:53:19.000Z,2024-06-01T09:10:12.000Z,98593b3d38699b244513198e23bd98de,gap,"[-43.41809, -32.373498, 10.447983, 11.356388333333333]",-11.7451,-18.6508,[],[],"['ICCAT', 'ACAP', 'NAMMCO', 'IWC']",['31'],['31'],[],[],[],[],1172,687,1213.273875,705.385125,40b3a3406-662a-d7ba-98b4-ac50de3c448f,006-BUOY-006  100%,168804295,,gear,,True,7504.583410768585,18352.266666666666,0.2207983865614487,18,35.610473573453476,11.356388333333333,-43.41809,-32.373498,10.447983
2022-04-29T13:43:35.000Z,2024-06-02T03:18:52.000Z,b3d0596848094f6d5609764aff3c6b49,gap,"[-45.28145, -32.577093, 10.712625, 10.792616666666667]",-12.2846,-19.6139,[],[],"['ICCAT', 'ACAP', 'NAMMCO', 'IWC']",['31'],['31'],[],[],[],[],982,669,1014.209062,678.329938,00394ab9e-ed98-4c1b-877c-f106df56114e,006-BUOY-005  100%,168804294,,gear,,True,7646.800472117455,18349.583333333332,0.22501556926841712,14,34.61639308620649,10.792616666666667,-45.28145,-32.577093,10.712625
2022-04-29T15:36:51.000Z,2024-05-30T06:55:32.000Z,b5ef1ae0baff2dd3ae01750ef77dbbcc,gap,"[-45.16233666666667, -31.97666, 11.95506, 10.787476666666667]",-12.0128,-18.8863,[],[],"['ICCAT', 'ACAP', 'NAMMCO', 'IWC']",['31'],['31'],[],[],[],[],991,538,1024.27175,571.007125,53966c16a-af98-6ca9-a84a-9e5532bd9a47,006-BUOY-004  100%,168804293,,gear,,True,7707.134422059366,18279.3,0.22766296665292166,18,34.61639308620649,10.787476666666667,-45.16233666666667,-31.97666,11.95506
2022-04-29T15:59:42.000Z,2024-09-13T04:09:29.000Z,707a680eeba70fba69a0e2ae1a70797b,gap,"[120.302922, -7.073933333333334, 137.179465, 40.058355]",16.6599,129.8387,[],['8492'],"['ACAP', 'SEAFDEC', 'WCPFC', 'APFIC', 'IWC']",['71'],['71'],[],[],[],[],114,11,114.75057799999999,11.199636,84cf419ca-a506-9458-3004-835c16805eb9,-69%,262000017,MNE,gear,,True,5519.663133805266,20820.15,0.14314880833624602,17,18.415394243548747,-7.073933333333334,137.179465,40.058355,120.302922
2022-04-29T20:21:41.000Z,2024-06-02T03:15:07.000Z,408191b8ae1302c4ff7eaa9d85a1ed71,gap,"[-45.32065, -32.586248, 10.713608, 10.690113333333333]",-12.3493,-19.6417,[],[],"['ICCAT', 'ACAP', 'NAMMCO', 'IWC']",['31'],['31'],[],[],[],[],971,669,1003.72,678.212812,1faaaec1c-ce9d-dfc8-0346-bb480b6d085a,006-BUOY-002  75%,168804291,,gear,,True,7643.042258521752,18342.883333333335,0.22498712942740295,19,34.61639308620649,10.690113333333333,-45.32065,-32.586248,10.713608
2022-04-30T04:39:26.000Z,2024-06-02T03:08:26.000Z,275c4e6b676582b98c4b5a7f3102e33d,gap,"[-45.75192833333333, -32.602828, 10.71509, 10.78214]",-12.331,-19.8761,[],[],"['ICCAT', 'ACAP', 'NAMMCO', 'IWC']",['31'],['31'],[],[],[],[],946,668,974.775062,677.1656879999999,5535a462f-fbeb-3876-0e65-a57d5cabf541,006-BUOY-001  100%,168804290,,gear,,True,7686.18607528227,18334.483333333334,0.22636080812977954,24,34.61639308620649,10.78214,-45.75192833333333,-32.602828,10.71509
2022-04-30T08:57:48.000Z,2024-06-06T09:13:38.000Z,e070e01224855e16e9400061a9f926e6,gap,"[-45.584475, -31.724032, 11.706615, 10.812675]",-11.8661,-19.1859,[],[],"['ICCAT', 'ACAP', 'NAMMCO', 'IWC']",['31'],['31'],[],[],[],[],961,553,990.8475,572.451062,fdc9d11c2-2c9b-7213-91cd-2b9fff4094f7,006-BUOY-009  100%,168804298,,gear,,True,7710.21508591723,18432.25,0.22586407474659712,18,34.61639308620649,10.812675,-45.584475,-31.724032,11.706615
2022-05-01T01:42:01.000Z,2024-10-22T08:12:22.000Z,1dd9829c508bc0bd4efcbba24f6a0de0,gap,"[-145.83900666666668, -9.904776666666667, 109.921525, 20.433767]",8.5301,163.8806,[],[],"['ACAP', 'SPRFMO', 'WCPFC', 'IATTC', 'IWC']",['77'],['77'],[],[],[],[],479,1,507.469,1.111949,a8ba12859-9d46-a88f-c51f-fd5e330d441b,ZHANG    YANG88,412484405,CHN,other,,True,11862.885828468732,21726.5,0.2948218034059871,17,147.66072062666944,-9.904776666666667,-145.83900666666668,20.433767,109.921525
2022-05-02T01:53:57.000Z,2026-03-10T10:17:51.000Z,06dfe67e241e4be9a41ca43991750212,gap,"[-18.171848333333333, -33.507553, 97.97415, -5.646523333333334]",-33.6572,31.8434,[],[],"['ICCAT', 'ACAP', 'IWC']","['34', '34.4.1', '34.4']",['34'],[],[],[],[],484,1574,484.332219,1588.165125,76d379ccf-f3ca-703a-c470-07794ef54c5b,994164723         8V,994164723,,gear,,True,12024.563511861723,33800.38333333333,0.1920908651474422,74,47.69302364559668,-5.6465233333333344,-18.171848333333333,-33.507553,97.97415
2022-05-04T03:33:19.000Z,2026-06-24T05:13:47.000Z,9aff087a5f059b5e4e35f047814d4b30,gap,"[96.34769, -35.797691666666665, 96.600642, -17.91218]",-26.855,96.4842,[],[],"['ACAP', 'IOTC', 'IWC', 'SIOFA', 'CCSBT']","['57', '57.4']",['57'],[],[],[],[],1686,632,1730.922875,647.852125,4fd8734d5-50e8-2bf6-8348-dd4d50ab8ed7,994063138         9V,994063138,,gear,,True,1988.937299058183,36289.666666666664,0.029593554444515436,168,251.74568275276698,-35.797691666666665,96.34769,-17.91218,96.600642
2022-05-04T20:32:34.000Z,2024-10-17T05:49:30.000Z,6ea3d2c36babcf48c1bdbe86966255fe,gap,"[-178.83822, 11.557366666666667, 107.42764, 19.393007]",19.0869,145.1094,[],[],"['ACAP', 'NPFC', 'WCPFC', 'IWC']","['71', '71.6.2']",['71'],[],[],[],[],1127,87,1182.374375,121.344031,6bd9b37c0-01c1-8e2a-8b87-f863200f2462,FU109,111111708,,gear,,True,7896.1783983885025,21513.266666666666,0.19818446512895874,67,141.4258987692543,11.557366666666667,-178.83822,19.393007,107.42764
2022-05-04T21:48:52.000Z,2025-04-16T02:53:28.000Z,4bfc2e2a6aef2d634d5d7e5c165726ab,gap,"[99.06351833333333, -36.364716666666666, 121.70721, 40.75883]",2.2406,110.0345,[],[],"['ACAP', 'IOTC', 'IWC', 'SIOFA', 'CCSBT']","['57', '57.4']",['57'],[],[],[],[],1468,9,1493.401875,19.402111,7d715c60f-fc23-3f03-65b5-a4dd25ffca2f,YJ8853 72%,413100003,CHN,gear,,True,8881.475754524014,25853.066666666666,0.18549494805447825,141,258.60404626528646,-36.364716666666666,99.06351833333333,40.75883,121.70721
2022-05-05T02:35:26.000Z,2024-05-08T22:16:13.000Z,9630b10d3c4490b73d41bd9ec3dd4daa,gap,"[41.289263, -37.63065666666667, 58.31175666666667, -34.479025]",-36.3571,49.6288,[],[],"['ACAP', 'IOTC', 'IWC', 'SIOFA', 'CCSBT']","['51', '51.7']",['51'],[],[],[],[],1093,1052,1760.473375,1057.743875,61ef250ee-ec33-f344-4072-8e930045e9aa,NET FISH 793-03   9V,793666603,,gear,,True,1567.4727719812677,17635.666666666668,0.04799181133665984,49,170.4474146531986,-37.63065666666667,58.31175666666667,-34.479025,41.289263
2022-05-06T03:52:04.000Z,2024-01-17T12:28:37.000Z,bdd914b5ec63a258754ae751f472666d,gap,"[-146.63488333333333, -10.348698333333333, 113.087052, 20.340602]",7.7636,164.8717,[],[],"['ACAP', 'SPRFMO', 'WCPFC', 'IATTC', 'IWC']",['77'],['77'],[],[],[],[],395,141,461.478656,142.126172,30fa8bb94-4e74-3882-6623-963e1327d6ad,ZY280003         7V8,45656844,,gear,,True,11466.62840165512,14912.6,0.41518474432173536,31,148.96388129238935,-10.348698333333333,-146.63488333333333,20.340602,113.087052
2022-05-06T06:03:14.000Z,2025-02-01T22:38:36.000Z,8483d2d8f4ce2ed750a7820c2495b53e,gap,"[62.89402833333333, 0.34006, 161.859757, 0.976473]",1.0132,112.3726,[],[],"['ACAP', 'IOTC', 'IWC', 'SIOFA']","['51', '51.5']",['51'],[],[],[],[],926,490,941.272938,501.026875,1ba1a600e-e59b-9517-fe3a-1c00e7a78b11,NETFISH967-09     9V,967094009,,gear,,True,11003.68817609982,24064.583333333332,0.24689878114616848,18,21.636273832640327,0.34006,62.89402833333333,0.976473,161.859757
2022-05-09T19:36:53.000Z,2024-04-03T05:03:41.000Z,c7bb917c3dbac7c2ad7eb826e11ad8c4,gap,"[61.95661833333333, -39.598863, 62.225608, -37.260171666666665]",-38.4296,62.0889,[],[],"['ACAP', 'IOTC', 'IWC', 'SIOFA', 'CCSBT']","['51', '51.7']",['51'],[],[],[],[],1293,1107,1877.090875,2129.251,a93bb4d82-2f3e-acf5-591c-3eacf00eb2af,RCT168-19,836777019,,gear,,True,261.1040442177196,16665.433333333334,0.008459720324413713,26,181.58768621435937,-37.260171666666665,61.95661833333333,-39.598863,62.225608
2022-05-10T10:42:24.000Z,2024-01-30T10:02:44.000Z,13cb8e879c410fb954fab32db1ca37c7,gap,"[-166.89272, -2.31812, -137.12188333333333, 4.015368]",0.8781,-151.9948,[],[],"['ACAP', 'SPRFMO', 'IATTC', 'IWC']",['77'],['77'],[],[],[],[],725,505,781.8341879999999,835.505188,c395ce841-1955-a0a7-0b71-89b6e5def1db,BUOY-07  100%,168801611,,gear,,True,3382.4330948237694,15119.333333333334,0.12079684477604123,29,138.429167332681,-2.31812,-137.12188333333333,4.015368,-166.89272
2022-05-10T14:57:04.000Z,2024-05-14T02:51:37.000Z,1d06b85dbe2f189c8e151db2414f29b2,gap,"[-174.808215, -26.653165, -151.38081, 3.2002816666666667]",-11.968,-162.4372,[],[],"['ACAP', 'SPRFMO', 'WCPFC', 'IWC']",['77'],['77'],[],[],[],[],664,416,691.464875,529.076312,08b47ae65-5c5f-bc23-3e3b-c30a33fef8a4,AIB1561803-01,81561803,,gear,,True,4165.7609800059645,17627.9,0.12760062076166775,23,159.56699762048353,3.2002816666666667,-151.38081,-26.653165,-174.808215
2022-05-11T11:34:55.000Z,2024-03-13T05:52:44.000Z,b17e9d61b749b4130d099beb350f6f68,gap,"[61.152368333333335, -0.2771416666666667, 80.335045, 3.462453]",1.6152,70.7349,[],[],"['ACAP', 'IOTC', 'IWC', 'SIOFA']","['51', '51.5']",['51'],[],[],[],[],723,273,743.661375,277.143562,002d27495-524b-adea-9b69-173af3b9595d,IMULA 0721 CHW BU-2,994178815,,other,,True,2171.9839884404155,16122.283333333333,0.07274264490381119,25,24.510332406033427,-0.2771416666666667,61.152368333333335,3.462453,80.335045
2022-05-12T03:22:53.000Z,2026-01-05T11:40:08.000Z,ef31d4c67993032d5fc78069af02b630,gap,"[-178.459555, -5.0515566666666665, 150.605635, 15.269357]",5.2998,166.3271,[],[],"['ACAP', 'SPRFMO', 'WCPFC', 'IWC']",['71'],['71'],[],[],[],[],413,493,462.81768800000003,522.459,329bd2f74-447b-b08a-2dfd-10312308124e,NET FISH 838-18   1V,838555518,,gear,,True,4088.381718358975,32024.283333333333,0.0689336120647591,87,140.49353397980644,-5.0515566666666665,-178.459555,15.269357,150.605635
2022-05-12T20:13:01.000Z,2024-01-05T03:34:24.000Z,66e2ccde65d9dba13e11e7baf03d5adc,gap,"[-55.82866, -8.669726666666667, -19.067138333333332, 32.632202]",12.601,-35.9255,[],[],"['ICCAT', 'ACAP', 'IWC']","['47', '47.A.0', '47.A']",['47'],[],[],[],[],518,829,518.578844,829.203438,a8f2630cc-c9aa-b35a-fed8-4c534a7eb913,029-BUOY-005      9V,994118065,,gear,,True,6021.0970406979595,14455.35,0.2249085848071466,107,48.12878625773294,-8.669726666666667,-19.067138333333332,32.632202,-55.82866
2022-05-13T04:07:12.000Z,2024-04-03T05:18:14.000Z,507d9222e76b2cc0224eeead912bdc87,gap,"[-168.2008, -7.014376666666666, 163.8268, 36.185207]",15.0065,179.2829,[],[],"['ACAP', 'SPRFMO', 'WCPFC', 'IWC']",['77'],['77'],[],[],[],[],419,1541,851.839062,1670.716125,e62c1c087-71f9-4c13-7690-5c276ef00ebb,665168012-12 90%,665168012,SHN,fishing,,True,5621.0553425059925,16585.183333333334,0.1830023228436176,41,162.09644344385188,-7.014376666666666,-168.2008,36.185207,163.8268
2022-05-13T05:55:07.000Z,2025-06-16T08:05:20.000Z,298c23f1d1e282b91ac9d26aa3691f48,gap,"[108.37443333333333, -15.827686666666667, 169.609505, 21.56128]",3.3301,139.5665,[],['8313'],"['ACAP', 'WCPFC', 'FFA', 'IWC', 'SPC']",['71'],['71'],[],[],[],[],143,2,164.005953,0.0,612ce4346-6f63-76e3-c919-1894e2985bf2,SUIYUANYU--------7V9,412018060,CHN,gear,,True,7862.649313740676,27122.166666666668,0.1565321473877119,26,87.68885406232707,-15.827686666666667,169.609505,21.56128,108.37443333333333
2022-05-13T14:39:18.000Z,2025-08-08T22:37:34.000Z,b32ce2d9c7cd9fd75598ca1b077353f1,gap,"[77.346855, -8.250835, 104.993245, 2.3960933333333334]",-3.0145,91.2372,[],[],"['ACAP', 'IOTC', 'IWC', 'SIOFA']","['51', '51.4']",['51'],[],[],[],[],545,51,554.6195620000001,102.048234,ee83f0b49-9738-da7a-e48f-c5c85b54ab21,HELVETIA ONE,636015419,LBR,cargo,,True,3286.2358987481553,28399.966666666667,0.062479842040524716,288,265.59927512326584,-8.250835,77.346855,2.3960933333333334,104.993245
2022-05-14T13:44:52.000Z,2024-09-02T07:58:34.000Z,544b8af6b54a929a9bb6cc4dfbd10ddf,gap,"[69.138193, -4.705545, 78.012815, 2.663137]",-1.0243,73.5704,[],[],"['SEAFDEC', 'IOTC', 'IWC', 'SIOFA', 'ACAP']","['51', '51.4']",['51'],[],[],[],[],640,413,682.451312,505.63968800000004,22f4d3ca7-7206-9f35-8d75-c26828cd94cd,IMULA 1701 MTR BU-3,994177676,,other,,True,1281.9913904436237,20202.216666666667,0.03426455545266225,30,24.56081420767743,-4.705545,78.012815,2.663137,69.138193
2022-05-14T23:19:28.000Z,2024-04-12T19:09:22.000Z,00b244071c3686b26af1694c3e75aeeb,gap,"[82.11915666666667, -37.645855, 88.502032, -34.913895]",-36.3223,85.2547,[],[],"['ACAP', 'IOTC', 'IWC', 'SIOFA', 'CCSBT']","['57', '57.3']",['57'],[],[],[],[],519,961,2497.92225,2439.428,a44351e4d-d456-2206-f089-24b15db0d3ec,202-2-97%,123021508,,gear,,True,647.5786550141593,16771.816666666666,0.020848337869239102,128,225.21265671668317,-34.913895,82.11915666666667,-37.645855,88.502032
2022-05-17T06:35:21.000Z,2024-06-09T16:39:21.000Z,279421a540dc1ad09aa8610a35ed2d7d,gap,"[-167.375468, -12.000572, 157.24691, 4.25857]",-4.0625,174.7591,[],['8316'],"['ACAP', 'WCPFC', 'FFA', 'IWC', 'SPC']",['71'],['71'],[],[],[],[],173,204,318.097281,437.22934399999997,fd0aced02-2e6b-8717-7b31-770f94b6bc12,HNY736-02 91%,991173602,,gear,,True,4308.721767913848,18106.066666666666,0.12849414926025837,56,108.17790511206553,4.25857,157.24691,-12.000572,-167.375468
2022-05-17T09:03:16.000Z,2024-04-10T15:12:21.000Z,99eba5422c222a5ec694a754460c5877,gap,"[73.46845333333333, -37.922287, 101.23525, -36.115876666666665]",-37.8388,87.1835,[],[],"['ACAP', 'IOTC', 'IWC', 'SIOFA', 'CCSBT']","['51', '51.7']",['51'],[],[],[],[],405,1304,2074.65875,1339.58975,5a8033a2e-e8ce-0e8b-9106-c534cafd4820,988100003         9V,988136803,,gear,,True,2464.2479661661882,16662.15,0.07985688850078548,72,218.88794908433164,-36.115876666666665,73.46845333333333,-37.922287,101.23525
2022-05-19T07:20:38.000Z,2026-02-28T04:25:52.000Z,0d591c51e41a927f0e40adf4629ae56c,gap,"[64.76616833333334, -32.661362, 99.573228, -1.3444766666666668]",-17.7624,80.6307,[],[],"['ACAP', 'IOTC', 'IWC', 'SIOFA']","['51', '51.5']",['51'],[],[],[],[],888,1428,990.2699379999999,1426.173375,d4c11590a-a019-0405-8438-1394a36b3e1c,994164724         7V,994164724,,gear,,True,5034.240042217059,33141.083333333336,0.08202122222994107,15,23.80951936051982,-1.3444766666666668,64.76616833333334,-32.661362,99.573228
2022-05-19T22:33:39.000Z,2025-02-24T11:10:38.000Z,2c07ac9e9fb8a9b02c3b672e2722c295,gap,"[-10.433961666666667, -3.8035183333333333, 149.65616, 34.15644]",54.18,41.6187,[],[],"['ICCAT', 'ACAP', 'IWC']","['34', '34.4.1', '34.4']",['34'],[],[],[],[],628,822,635.267562,820.744875,d4e459ddf-fd67-847a-4c14-33524d50a7a9,994024002         6V,994024002,,gear,,True,16061.793321549862,24276.6,0.3572442013984887,32,48.128900915705856,-3.8035183333333333,-10.433961666666667,34.15644,149.65616
2022-05-20T02:45:30.000Z,2025-06-06T10:27:46.000Z,d5e56104047546eda20521dbd8199f48,gap,"[105.01365166666666, -23.5169, 135.275358, -4.664522]",-14.5747,120.7901,[],[],"['ACAP', 'SEAFDEC', 'IOTC', 'IWC', 'SIOFA', 'CCSBT']","['57', '57.3']",['57'],[],[],[],[],831,24,856.406,147.695234,8224a1f8a-a582-1319-4249-7d1c327ce006,KM WIRTA - 7,525700781,IDN,fishing,,True,3862.1094803268384,26719.7,0.07804624638724705,53,138.0372762209681,-23.5169,105.01365166666666,-4.664522,135.275358
2022-05-20T12:47:47.000Z,2024-09-19T02:42:11.000Z,2b865b23dfe3e97277d340c30693f775,gap,"[53.313022, -6.17359, 57.50966666666667, -3.5392733333333335]",-4.8597,55.4154,[],['8337'],"['ACAP', 'IOTC', 'SWIOFC', 'IWC']","['51', '51.5']",['51'],[],[],[],[],200,18,206.506281,291.83225,1b271ecdd-df6a-15f1-72f8-8e6935415cf1,ANGLE3-NET9 100%,993160019,,gear,,True,549.5110694371728,20461.9,0.014500717944904035,40,33.960387392794175,-3.5392733333333335,57.50966666666667,-6.17359,53.313022
2022-05-21T01:24:24.000Z,2024-12-20T05:24:48.000Z,e918f38338c7d867d820f0bc1b92f6ca,gap,"[60.73452666666667, -36.478408333333334, 88.821662, -0.323268]",-18.9215,76.334,[],[],"['ACAP', 'IOTC', 'IWC', 'SIOFA', 'CCSBT']","['51', '51.7']",['51'],[],[],[],[],1307,818,1758.50075,959.0630620000001,d3c74be71-15f8-723d-a5c2-ee8e879acd7a,994068102         9V,994068102,,gear,,True,4952.915793645742,22660.0,0.11802120828430375,150,174.1244807010873,-36.478408333333334,60.73452666666667,-0.323268,88.821662
2022-05-21T04:30:17.000Z,2024-12-20T05:11:55.000Z,3e07805b408757de91361ceeb365cb87,gap,"[60.72023, -36.60577, 88.883872, -0.320317]",-18.988,76.3741,[],[],"['ACAP', 'IOTC', 'IWC', 'SIOFA', 'CCSBT']","['51', '51.7']",['51'],[],[],[],[],1294,812,1771.959875,954.121562,e99c7dd21-1427-af81-0f12-d4aa9eca22b2,994068103         9V,994068103,,gear,,True,4968.277499164614,22656.683333333334,0.11840458718788295,170,174.1244807010873,-36.60577,60.72023,-0.320317,88.883872
2022-05-21T06:29:59.000Z,2024-10-19T12:50:03.000Z,b4db6c9e5ac42d9256480f9ce8aeab8a,gap,"[-41.09567666666667, 2.2318533333333335, 121.005578, 40.447428]",62.299,-0.7224,[],[],"['ICCAT', 'ACAP', 'NAMMCO', 'IWC']","['41', '41.1.1', '41.1']",['41'],[],[],[],[],553,17,593.43475,18.288486000000002,202df88b1-12d3-7d05-0749-622cb23112b8,,123025884,,gear,,True,14932.975279193235,21174.333333333332,0.3807988412623705,27,32.75546464489885,2.2318533333333335,-41.09567666666667,40.447428,121.005578
2022-05-21T13:21:43.000Z,2024-11-04T08:35:57.000Z,37ae4707310bebb5bf0c7d675341100d,gap,"[-40.93996, 1.9335983333333333, 121.168618, 40.352073]",62.1087,-0.4485,[],[],"['ICCAT', 'ACAP', 'NAMMCO', 'IWC']","['41', '41.1.1', '41.1']",['41'],[],[],[],[],523,33,577.208875,11.466538,d3ca5b847-7193-bc26-39fa-a108ed52b2b4,BOIA BETA 1594%,123025876,,gear,,True,14974.14303248428,21547.233333333334,0.37524030492587634,14,32.51847740194757,1.9335983333333333,-40.93996,40.352073,121.168618
2022-05-22T00:19:53.000Z,2024-08-27T15:19:57.000Z,2ef070fac7000e08f1faa04b4433d58a,gap,"[-132.14615166666667, -35.364202, 32.334727, -5.0193433333333335]",-65.5369,-86.1056,[],[],"['ACAP', 'SPRFMO', 'WCPFC', 'IATTC', 'IWC']",['77'],['77'],[],[],[],[],892,467,919.55775,481.977219,f6435ade2-2908-ef29-f774-6703926f8d63,SGS 2 BUOY-27     9V,994008987,,gear,,True,15240.766961915348,19887.0,0.4138057932805053,98,135.59593332936947,-5.0193433333333335,-132.14615166666667,-35.364202,32.334727
2022-05-22T05:23:52.000Z,2026-04-19T14:29:07.000Z,173c20620266199e2cde0c40383c7405,gap,"[154.14657666666668, 2.9900183333333334, 163.747053, 4.468775]",3.7425,158.9428,[],['8316'],"['ACAP', 'WCPFC', 'FFA', 'IWC', 'SPC']",['71'],['71'],[],[],[],[],132,121,557.98125,131.28140599999998,8ff069bfe-e504-a4ec-c936-417ee9a0bc62,HNY736-04 97%,991173604,,gear,,True,1077.8462323677531,34281.083333333336,0.01697701325792661,51,82.89715740922837,2.9900183333333334,154.14657666666668,4.468775,163.747053
2022-05-22T07:19:58.000Z,2024-04-16T16:46:05.000Z,af0ff4aa0ed707f02e39a8c117f3cb36,gap,"[162.69547166666666, 10.571416666666666, 171.487822, 11.726657]",11.1811,167.0829,[],['8318'],"['ACAP', 'WCPFC', 'FFA', 'IWC', 'SPC']","['71', '71.6.2']",['71'],[],[],[],[],95,172,580.032188,511.877375,f97fa3608-8cb2-d33e-907c-987397663331,HNY767-06100%,991176706,,gear,,True,967.7255559180252,16689.433333333334,0.03130903173041085,70,140.4843339528349,10.571416666666666,162.69547166666666,11.726657,171.487822
2022-05-22T08:10:30.000Z,2024-10-04T18:07:01.000Z,e56aebbdc3e5b4e70100765c6a4836e1,gap,"[-178.96389833333333, 14.031958333333334, 124.506935, 31.043102]",25.2155,154.6826,[],[],"['ACAP', 'NPFC', 'WCPFC', 'IWC']","['71', '71.6.2']",['71'],[],[],[],[],1053,164,1306.813125,133.99225,703fc66d2-251d-c6f9-c985-979cc9991f58,0607,111111156,,gear,,True,6038.540625122465,20793.933333333334,0.1568029983173932,49,135.24198166976933,14.031958333333334,-178.96389833333333,31.043102,124.506935
2022-05-22T16:54:01.000Z,2024-11-03T12:33:44.000Z,ef8e55c355df2f3836c1ecf942362397,gap,"[-40.391978333333334, 6.452581666666667, 121.140458, 40.338628]",64.4771,1.3409,[],[],"['ICCAT', 'ACAP', 'NAMMCO', 'IWC']",['31'],['31'],[],[],[],[],993,32,1043.403438,8.770305,c01e5cf9e-e4e5-ccd0-d1a2-2d0d1c5f5c63,AIS BUOY_99%,123025885,,gear,,True,14479.248438870933,21499.65,0.36364167339905645,29,35.679471742548586,6.452581666666667,-40.391978333333334,40.338628,121.140458
2022-05-23T08:11:29.000Z,2024-08-09T16:23:51.000Z,972c4286f3ecff3c3bba69c70ae59195,gap,"[-61.52662, 9.239618333333333, -59.128413333333334, 10.783887]",10.0139,-60.3247,[],['8460'],"['ICCAT', 'ACAP', 'CRFM', 'NAMMCO', 'IWC']",['31'],['31'],[],[],[],[],113,3,119.415219,12.388802,30b48da29-9c37-f690-b196-8bfef376b6e7,MARIMAGDALENA,775993329,VEN,fishing,,True,313.75816640864025,19424.2,0.008721896221833505,35,21.088295835376513,9.239618333333333,-59.128413333333334,10.783887,-61.52662
2022-05-26T00:03:42.000Z,2024-05-19T20:01:57.000Z,bac01829d3200110c1e1b85ee93b2b51,gap,"[-150.82773166666666, -3.6346133333333333, 176.238473, 5.103633]",0.7659,-167.278,[],[],"['ACAP', 'SPRFMO', 'WCPFC', 'IWC']",['77'],['77'],[],[],[],[],454,408,966.558688,550.94475,00409af77-7873-5667-789a-683351450625,NET FISH 932704 12V2,932700004,,gear,,True,3785.0344907980525,17395.966666666667,0.11748442404969228,40,163.71043855408706,-3.6346133333333333,-150.82773166666666,5.103633,176.238473
2022-05-27T03:33:50.000Z,2024-07-29T08:46:10.000Z,0169e34f7ab4d8d53e79581e313def6d,gap,"[48.336416666666665, -32.15876, 80.870772, -5.937103333333333]",-19.7767,63.2594,[],[],"['ACAP', 'IOTC', 'IWC', 'SIOFA']","['51', '51.5']",['51'],[],[],[],[],422,695,711.541875,2223.99475,2e5b9313d-d6ee-7bf5-dc28-70c87f55a977,994018245         9V,994018245,,gear,,True,4458.6401300010175,19061.2,0.12630228277100924,23,41.452478138567656,-5.937103333333333,48.336416666666665,-32.15876,80.870772
2022-05-27T03:45:29.000Z,2024-01-11T23:29:41.000Z,153c2f1a1c062654f1789fdc100b00f0,gap,"[48.33734666666667, -18.049852, 71.413382, -5.9661566666666666]",-12.2481,59.612,[],[],"['ACAP', 'IOTC', 'IWC', 'SIOFA']","['51', '51.5']",['51'],[],[],[],[],419,853,708.241562,859.930938,aef519fa9-9c53-6edc-c4ee-26349063f516,994018241         9V,994018241,,gear,,True,2841.493927991863,14275.733333333334,0.10747496766522215,46,41.452478138567656,-5.9661566666666666,48.33734666666667,-18.049852,71.413382
2022-05-27T07:28:09.000Z,2024-08-12T00:57:48.000Z,9f5660932a86dbcb01101b1fe3416482,gap,"[48.24288833333333, -30.506073, 97.183165, -6.027433333333334]",-19.9234,70.8467,[],[],"['ACAP', 'IOTC', 'IWC', 'SIOFA']","['51', '51.5']",['51'],[],[],[],[],411,1609,703.355812,1614.981125,5e7ff7471-101a-5c13-6ec4-6632c5c764b1,994018064         9V,994018064,,gear,,True,5778.625930249263,19385.483333333334,0.16095592418366744,53,42.421449358590905,-6.027433333333334,48.24288833333333,-30.506073,97.183165
2022-05-27T12:54:29.000Z,2024-08-11T00:05:08.000Z,7d41759b2f3fedbc619d8e3bcda60855,gap,"[48.303518333333336, -30.473188, 97.17668, -6.064883333333333]",-19.921,70.8819,[],[],"['ACAP', 'IOTC', 'IWC', 'SIOFA']","['51', '51.5']",['51'],[],[],[],[],408,1609,699.011375,1614.75575,cac0af7ee-e2b5-8061-9437-733cbd50c47a,994018352         9V,994018352,,gear,,True,5769.031100133847,19355.166666666668,0.16094036520127758,35,42.421449358590905,-6.064883333333333,48.303518333333336,-30.473188,97.17668
2022-05-28T11:41:55.000Z,2024-08-10T14:41:43.000Z,1401f0a1f53076a86d98cd9e9a494282,gap,"[148.001138, -7.897036666666667, 170.834265, 3.261577]",-2.3645,159.372,[],[],"['ACAP', 'SPRFMO', 'WCPFC', 'IWC']",['71'],['71'],[],[],[],[],456,405,733.8665,600.33725,d66a3fe4b-bd02-fa3c-596f-2ae9e04b30b7,NETFISH856-01,898333001,,gear,,True,2820.3766265803933,19322.983333333334,0.07881192678992388,87,123.79290753236472,-7.897036666666667,170.834265,3.261577,148.001138
2022-05-29T21:12:29.000Z,2024-08-10T14:51:58.000Z,67f96fc9e5f8764d0f571905ff3aada5,gap,"[148.00516, -7.985943333333333, 171.30591, 3.261997]",-2.4116,159.6076,[],[],"['ACAP', 'SPRFMO', 'WCPFC', 'IWC']",['71'],['71'],[],[],[],[],498,405,754.161875,600.5975,17ce4a425-54a8-4933-abf9-dde6adcd1925,NETFISH856-04,898333004,,gear,,True,2871.2256036777962,19289.65,0.08037148413590153,29,125.56699719000937,-7.985943333333333,171.30591,3.261997,148.00516
2022-05-30T02:54:11.000Z,2024-03-08T10:22:23.000Z,0d1839fa0a41ac75090c5c5791bbcf92,gap,"[-11.705878, -5.36073, 176.57637333333332, 12.076105]",38.8775,-90.4812,[],[],"['ACAP', 'WCPFC', 'IWC']","['71', '71.6.2']",['71'],[],[],[],[],653,405,794.653875,412.244844,6ddf419fe-ec75-a39e-7aeb-23483b96941d,368000021         9V,994014041,,gear,,True,18838.17695610263,15559.466666666667,0.6537371768623463,156,147.76917153165294,12.076105,176.57637333333332,-5.36073,-11.705878
2022-05-30T21:29:56.000Z,2024-04-27T03:12:36.000Z,2d5b193879f8239e1b595795ca5658a1,gap,"[97.57541, -37.749518, 98.21464833333333, -34.348906666666664]",-36.0496,97.9019,[],[],"['ACAP', 'IOTC', 'IWC', 'SIOFA', 'CCSBT']","['57', '57.3']",['57'],[],[],[],[],1544,1616,1560.34825,1647.363,d0b6bfd5c-ca5b-0e25-2cfd-0d3202707a93,994072019         9V,994072019,,gear,,True,382.470231096939,16733.7,0.012341407064789919,183,247.1190224469705,-34.348906666666664,98.21464833333333,-37.749518,97.57541
2022-06-01T07:02:03.000Z,2026-03-20T15:25:11.000Z,20bbda6f0a149c934f87f852b404c8f8,gap,"[35.72505, -34.09417666666667, 130.800485, 15.491467]",-13.5919,87.9886,[],[],"['ACAP', 'IOTC', 'IWC', 'SIOFA', 'CCSBT']","['51', '51.8']",['51'],[],[],[],[],617,678,637.856125,784.018312,7620e4ae3-3ab4-21bc-0c22-5b1b46b06335,CT4-267909        9V,994011209,,gear,,True,11422.83790657864,33320.38333333333,0.18510708537554055,33,129.59828294364524,-34.09417666666667,35.72505,15.491467,130.800485
2022-06-01T09:28:22.000Z,2024-08-10T17:28:07.000Z,a79360468f618983f1c75e2902f81ca0,gap,"[148.067358, -7.76325, 171.88958833333334, 3.265212]",-2.2985,159.9327,[],[],"['ACAP', 'SPRFMO', 'WCPFC', 'IWC']",['71'],['71'],[],[],[],[],516,401,805.5601879999999,603.277688,a3f418a92-2a91-227c-02fe-abd3798e19b3,NETFISH856-08     9V,898333008,,gear,,True,2913.386207729209,19231.983333333334,0.08179617654050882,16,125.56699719000937,-7.76325,171.88958833333334,3.265212,148.067358
2022-06-01T14:59:25.000Z,2024-08-10T10:26:14.000Z,29d0dc0108dbfede780ce4b14befacea,gap,"[147.931358, -8.093653333333334, 171.90491166666666, 3.244648]",-2.4785,159.867,[],[],"['ACAP', 'SPRFMO', 'WCPFC', 'IWC']",['71'],['71'],[],[],[],[],528,410,784.273812,596.401438,e5692d1fe-ea04-0194-28c9-f0f2acaceb42,NETFISH856-09     9V,898333009,,gear,,True,2942.6927889229623,19219.433333333334,0.08267293651698286,22,120.52906395552628,-8.093653333333334,171.90491166666666,3.244648,147.931358
2022-06-01T20:17:48.000Z,2026-01-04T01:18:44.000Z,0c210f4b4297e9d7b6db2f211acef638,gap,"[-46.747095, -25.499726666666668, -39.993273333333335, -22.390346666666666]",-23.982,-43.3294,[],['8464'],"['ICCAT', 'ACAP', 'IWC']","['41', '41.2.1', '41.2']",['41'],[],[],[],[],114,112,106.38848399999999,3.278785,70b84714d-dfce-b8ef-5689-d64b887b8ccc,GSC II BACURA,710031595,BRA,other,,True,768.345443763682,31493.0,0.01317350997886537,26,13.47864756896169,-25.499726666666668,-46.747095,-22.390346666666666,-39.993273333333335
2022-06-01T21:19:01.000Z,2024-08-03T06:34:35.000Z,028b52ce8b8bcd508341b94e091ce9ce,gap,"[66.175968, -35.86880333333333, 97.88769666666667, -11.611798]",-24.5623,80.4941,[],[],"['ACAP', 'IOTC', 'IWC', 'SIOFA', 'CCSBT']","['57', '57.4']",['57'],[],[],[],[],1570,781,1592.776,833.343938,bceefb6cb-b0c4-47a6-01b6-d7eaa33f1a23,932555521         9V,932555521,,gear,,True,4171.380113837524,19041.25,0.11828871908443414,99,252.54308707557973,-35.86880333333333,97.88769666666667,-11.611798,66.175968
2022-06-05T21:40:31.000Z,2025-05-15T09:22:10.000Z,6fe0a302c4efaa74a32fd0fba0496b0f,gap,"[43.29354166666667, -34.384845, 67.273615, -33.908273]",-34.736,55.3179,[],[],"['ACAP', 'IOTC', 'IWC', 'SIOFA', 'CCSBT']","['51', '51.7']",['51'],[],[],[],[],990,1020,1093.948375,1627.38175,f996f9a08-8971-5727-7daa-b78ed1fec754,AIS BUOY_04_99%,999111104,,gear,,True,2202.269608013806,25787.683333333334,0.046112341404229436,40,134.17716592197968,-34.384845,43.29354166666667,-33.908273,67.273615
2022-06-08T12:26:19.000Z,2024-12-20T05:33:29.000Z,7a570cb6d4940886e7b928eae5acd263,gap,"[54.42176666666667, -35.524145, 88.896298, -0.180433]",-18.6262,73.4825,[],[],"['ACAP', 'IOTC', 'IWC', 'SIOFA', 'CCSBT']","['51', '51.7']",['51'],[],[],[],[],1205,803,1363.368125,942.044625,31baf6955-59b0-a944-df90-a45c6716e3bb,994068110         9V,994068110,,gear,,True,5306.150932613375,22217.116666666665,0.12895878161031357,108,150.66988887714575,-35.524145,54.42176666666667,-0.180433,88.896298
2022-06-08T13:34:00.000Z,2025-05-27T07:12:57.000Z,4dca013e18159ce26ba67f88cd931f6e,gap,"[-166.248525, -22.076063333333334, 121.702192, 31.457797]",5.7906,159.4508,[],[],"['ACAP', 'SPRFMO', 'WCPFC', 'IWC']",['77'],['77'],[],[],[],[],497,4,508.614469,4.547765,eec9e8d99-9887-8121-5f0e-b2818e3de86b,NETMARK992-02     9,992000002,,gear,,True,9704.895243456343,26009.633333333335,0.20147243701485,37,175.61865016623403,-22.076063333333334,-166.248525,31.457797,121.702192
2022-06-09T11:07:04.000Z,2024-09-17T13:44:07.000Z,bbe037bf20bfef0d86d51a8009481f85,gap,"[-166.88402, -14.401534999999999, -107.725492, -7.276775]",-12.416,-137.6924,[],[],"['ACAP', 'SPRFMO', 'WCPFC', 'IWC']",['77'],['77'],[],[],[],[],414,1411,781.445,1418.45325,8af260c57-71c3-cd66-a1a7-013e12176779,000210005-5 90%,210005,CYP,gear,,True,6493.251540474651,19946.616666666665,0.1757729345492333,31,169.2051741090293,-7.276775,-166.88402,-14.401535,-107.725492
2022-06-10T10:21:33.000Z,2025-06-18T21:24:49.000Z,ff1c9296c6761d4eabfa90af1d412093,gap,"[67.74557166666666, -9.277317, 68.955415, -6.32632]",-7.8022,68.3484,[],[],"['ACAP', 'IOTC', 'IWC', 'SIOFA']","['51', '51.4']",['51'],[],[],[],[],386,384,523.299438,437.484,1f832b93d-d76b-e564-69d5-d80635d93056,IMULA 0152 PTM BU-4,994177138,,gear,,True,354.1663528258659,26507.05,0.007214478101615476,19,35.56582528750952,-6.32632,67.74557166666666,-9.277317,68.955415
2022-06-12T07:37:02.000Z,2024-09-13T22:48:10.000Z,15f8f0f927b040d2682f7d8d000b0c39,gap,"[45.719791666666666, -35.57763333333333, 70.690012, -11.182745]",-23.8792,59.3903,[],[],"['ACAP', 'IOTC', 'IWC', 'SIOFA', 'CCSBT']","['51', '51.7']",['51'],[],[],[],[],1108,455,1174.669,471.058438,99945295f-ff6d-7e42-1723-b428fc109606,994141004         9V,994141004,,gear,,True,3698.935152722418,19791.183333333334,0.10091691677122246,17,139.92711388531268,-35.57763333333333,45.719791666666666,-11.182745,70.690012
2022-06-13T04:41:21.000Z,2024-03-28T08:19:45.000Z,0c1ece753a77d384f02ddf58318baa19,gap,"[73.954695, -34.571898, 102.238027, -34.06359833333333]",-35.1433,88.0527,[],[],"['ACAP', 'IOTC', 'IWC', 'SIOFA', 'CCSBT']","['51', '51.7']",['51'],[],[],[],[],526,1173,1907.05475,1190.804375,453402ac1-123a-51e4-9e4f-670a90910ef7,988100015         9V,988136815,,gear,,True,2589.584333544715,15699.633333333333,0.08906346086765239,30,211.22143247124725,-34.06359833333333,73.954695,-34.571898,102.238027
2022-06-13T17:38:25.000Z,2024-08-23T09:29:28.000Z,cc44207e371aaf7bbdc3649a63f15c1a,gap,"[-177.072375, 34.64794, 179.983352, 40.958712]",37.8125,-178.4815,[],[],"['ACAP', 'NPFC', 'WCPFC', 'IWC', 'NPAFC']",['61'],['61'],[],[],[],[],702,1143,1913.97275,1239.060625,07dbc68f8-88d7-591e-e062-a35158b92a98,NETFISHING,994169382,,gear,,True,747.7557131840821,19239.85,0.020985391500278422,55,138.08211764642573,34.64794,-177.072375,40.958712,179.983352
2022-06-14T19:52:29.000Z,2024-12-22T04:45:19.000Z,0c6c1be31d5f0e31926994c06e2444ea,gap,"[54.219385, -35.298015, 86.499695, -2.186715]",-19.447,72.0315,[],[],"['ACAP', 'IOTC', 'IWC', 'SIOFA', 'CCSBT']","['51', '51.7']",['51'],[],[],[],[],1224,1094,1332.965375,1101.5065,6b3ff56f6-658f-5d14-a52b-3bfb3116a4a0,994068104         9V,994068104,,gear,,True,4963.511053725873,22112.866666666665,0.12120009598425227,136,150.66988887714575,-35.298015,54.219385,-2.186715,86.499695
2022-06-16T03:44:01.000Z,2024-01-04T18:23:42.000Z,5ce4c3edbdc1cb9d6a00f6218c0bef22,gap,"[-85.07425333333333, -0.9304316666666667, -80.71186, 2.494571666666667]",0.7826,-82.8922,[],[],"['ACAP', 'CPPS', 'IWC', 'IATTC']","['87', '87.1', '87.1.4']",['87'],[],[],[],[],401,1,404.365875,0.0,73e228ac7-731f-b399-6a97-b61061ab48ec,JOLINDA,735059299,ECU,fishing,,True,616.6257779188519,13622.65,0.024441006997424304,253,241.110170134315,2.494571666666667,-85.07425333333333,-0.9304316666666667,-80.71186
2022-06-17T04:06:20.000Z,2024-12-26T17:36:34.000Z,f2847891c5a6b7fd587972d7691caa36,gap,"[53.866278333333334, -35.48411333333333, 84.617703, -3.970863]",-20.3931,70.8357,[],[],"['ACAP', 'IOTC', 'IWC', 'SIOFA', 'CCSBT']","['51', '51.7']",['51'],[],[],[],[],1197,1184,1332.8015,1188.080625,b123f5c51-13ce-413e-f11b-a8354049ce9e,994068114         7V,994068114,,gear,,True,4716.123271315724,22165.5,0.11488587427681707,64,148.42003703483294,-35.48411333333333,53.866278333333334,-3.970863,84.617703
2022-06-18T01:08:42.000Z,2024-10-10T23:22:40.000Z,391c5e8eda6204adf69ddbf587f6c598,gap,"[-159.08243666666667, -14.376885, 167.949815, -4.433432]",-9.8005,-175.8106,[],[],"['ACAP', 'SPRFMO', 'WCPFC', 'IWC']",['77'],['77'],[],[],[],[],459,429,452.91709399999996,448.780781,04bbdddaf-f14d-0751-1fee-ca29d0e3fb64,994048203         9V,994048203,,gear,,True,3775.760038860328,20302.216666666667,0.100419937126679,111,175.18840504554063,-14.376885,-159.08243666666667,-4.433432,167.949815
2022-06-18T06:24:32.000Z,2025-08-29T23:28:40.000Z,53ded6c17a59c882e060bcf85900d9e7,gap,"[-170.266668, -10.491508333333334, -164.100695, -6.254147]",-8.3848,-167.2005,[],['8446'],"['ACAP', 'WCPFC', 'FFA', 'IWC', 'SPC']",['77'],['77'],[],[],[],[],186,225,325.252781,858.4765620000001,a49656526-6aed-b007-9ce1-0bf64a96f6b5,HNY717-04 82%,991171704,,gear,,True,825.7648402425694,28049.066666666666,0.015896334407211554,86,174.6906187484084,-10.491508333333334,-164.100695,-6.254147,-170.266668
2022-06-18T09:53:04.000Z,2024-12-24T05:03:20.000Z,0b775c87239b883dfa2b177ddf956f16,gap,"[67.369653, -32.005775, 89.690405, -9.438937]",-21.0848,77.6769,[],[],"['ACAP', 'IOTC', 'IWC', 'SIOFA', 'CCSBT']","['57', '57.3']",['57'],[],[],[],[],1279,529,2333.86875,601.7499379999999,b2ac74224-4c99-2730-3348-547f0c2949b1,LUQING115002      9V,994010942,,gear,,True,3402.415488017707,22075.166666666668,0.08322280953431624,77,224.0130287966372,-32.005775,89.690405,-9.438937,67.369653
2022-06-18T13:10:39.000Z,2024-03-12T19:52:57.000Z,df3ff00485bbd4cd0393cd5f09b6b4d8,gap,"[54.609567, -3.5647866666666665, 59.64096833333333, 1.677738]",-0.9444,57.1234,[],[],"['ACAP', 'IOTC', 'IWC', 'SIOFA']","['51', '51.5']",['51'],[],[],[],[],425,601,431.450156,674.792062,fa3b11132-2442-1278-637b-2ec454c3df18,XIN SHI JI 825    7V,994010125,,gear,,True,807.7887456245606,15198.7,0.028697916858346197,17,32.422116914121844,-3.5647866666666665,59.64096833333333,1.677738,54.609567
2022-06-18T13:15:30.000Z,2024-05-21T06:43:12.000Z,14fdffaf9b0b39bba1a288fdbc4e6fdc,gap,"[57.118745, -3.6755883333333332, 59.62128, 2.983548]",-0.3461,58.3696,[],[],"['ACAP', 'IOTC', 'IWC', 'SIOFA']","['51', '51.5']",['51'],[],[],[],[],420,769,426.752,823.640938,1ba5547dd-d04a-833d-872e-5b6bb1f5a0ac,XIN SHI JI 827    5V,994010127,,gear,,True,790.9677147076078,16865.45,0.025323273252133714,18,32.422116914121844,-3.6755883333333332,59.62128,2.983548,57.118745
2022-06-18T23:29:01.000Z,2024-03-17T02:35:16.000Z,227e2506327d1e728d5a6a7631c18218,gap,"[-176.51694333333333, 11.340281666666666, 115.23858, 22.772647]",20.3313,150.553,[],[],"['ACAP', 'NPFC', 'WCPFC', 'IWC']","['71', '71.6.2']",['71'],[],[],[],[],959,2,1409.55625,1.025291,8766aacba-a058-a930-7b21-cdfdcfc21233,FU206,111111201,,gear,,True,7307.75102089478,15291.1,0.258050099841911,57,139.88714210893374,11.340281666666666,-176.51694333333333,22.772647,115.23858
2022-06-20T05:30:23.000Z,2025-01-03T19:36:58.000Z,7a565d929a6f62f0ab5a34e1a433ce01,gap,"[151.911477, 2.84106, 155.10206666666667, 20.883778]",11.8669,153.56,[],['8316'],"['ACAP', 'WCPFC', 'FFA', 'IWC', 'SPC']",['71'],['71'],[],[],[],[],111,433,571.8984379999999,905.366,599cefda5-5bed-0057-f602-26af00face34,NET FISH 3009-04 29%,981300904,,gear,,True,2035.8052947681556,22286.1,0.04932432859142023,25,89.66472862599694,2.84106,155.10206666666667,20.883778,151.911477
2022-06-20T13:15:59.000Z,2024-06-09T21:27:45.000Z,8ddb8de9c182687f2815eb1da5f2fe15,gap,"[-167.867468, -11.697033, -164.01872166666666, -10.642415]",-11.1759,-165.9396,[],['8446'],"['ACAP', 'WCPFC', 'FFA', 'IWC', 'SPC']",['77'],['77'],[],[],[],[],183,235,306.635406,417.51790600000004,145222143-343e-844d-e2ed-2b4d1bb5c364,HNY736-01 86%,991173601,,gear,,True,435.9153092373045,17288.183333333334,0.013614816109646464,63,174.6906187484084,-10.642415,-164.01872166666666,-11.697033,-167.867468
2022-06-22T01:59:35.000Z,2025-04-07T17:04:39.000Z,e2fe15f3ce150a15af55bfddef41015e,gap,"[158.699823, -25.442858, 162.59797, -12.082675]",-18.7729,160.7265,[],['8314'],"['ACAP', 'WCPFC', 'FFA', 'IWC', 'SPC']",['71'],['71'],[],[],[],[],133,541,252.729219,553.763,83933c877-74e3-4cf1-08ff-8a05b2d3c499,BOUY4291711       8V,994161371,,gear,,True,1540.901412642189,24495.083333333332,0.03396682468430135,27,79.84209025670334,-12.082675,162.59797,-25.442858,158.699823
2022-06-22T14:49:02.000Z,2024-08-06T06:03:34.000Z,376372df9d72622b902662dad5eec54e,gap,"[3.116705, -26.690712, 11.131915, -25.6042]",-26.203,7.143,[],['8395'],"['ICCAT', 'ACAP', 'IWC', 'CCSBT']","['47', '47.1', '47.1.5']",['47'],[],[],[],[],368,1173,415.551688,1194.042125,e786c2e55-5617-1b04-55eb-e66152ac8077,HS3007 BUOY,103000307,,gear,,True,808.9687370858259,18615.233333333334,0.02346509256965941,22,67.78434252203903,-25.6042,11.131915,-26.690712,3.116705
2022-06-22T16:21:05.000Z,2024-11-03T14:58:48.000Z,3731f321c7594d214611a41b7d7abf4f,gap,"[10.992583333333334, -32.925165, 101.989835, -28.528843333333334]",-40.2907,55.1613,[],[],"['ICCAT', 'ACAP', 'IWC', 'CCSBT']","['47', '47.C', '47.C.1']",['47'],[],[],[],[],444,1210,460.31503100000003,1218.35775,998004252-2093-5f3e-16d0-bcf25fa4c29f,994161928         9V,994161928,,gear,,True,8419.029239379455,20758.616666666665,0.21898916432111012,148,83.54179791022915,-28.528843333333334,10.992583333333334,-32.925165,101.989835
2022-06-22T17:36:28.000Z,2024-10-29T09:34:00.000Z,e9f8aa1f599ba292025a8861b73403b3,gap,"[11.030743333333334, -29.541517, 101.747212, -28.459863333333335]",-38.2689,56.0854,[],[],"['ICCAT', 'ACAP', 'IWC', 'CCSBT']","['47', '47.C', '47.C.1']",['47'],[],[],[],[],438,1161,453.38718800000004,1169.77,0d9573e1e-e675-4d2b-2979-4a49f49be3a0,994161931         8V,994161931,,gear,,True,8559.10443014014,20631.95,0.22399950894327444,132,82.08968822400175,-28.459863333333335,11.030743333333334,-29.541517,101.747212
2022-06-22T20:39:22.000Z,2024-08-06T04:37:52.000Z,3c06ff073c314efc1390949fbfe92576,gap,"[3.022845, -26.928137, 11.131476666666666, -25.653448333333333]",-26.3478,7.0995,[],['8395'],"['ICCAT', 'ACAP', 'IWC', 'CCSBT']","['47', '47.1', '47.1.5']",['47'],[],[],[],[],369,1185,414.016656,1203.1375,498878fbf-f903-300c-5a2a-36a5a87593d7,HS3017 BUOY,103000317,,gear,,True,820.5454235447545,18607.966666666667,0.023810182591369383,51,67.78434252203903,-25.653448333333333,11.131476666666666,-26.928137,3.022845
2022-06-22T21:42:23.000Z,2024-08-06T03:59:35.000Z,3660ce1e8e53fbea9f89c2ba69a4e360,gap,"[2.981398, -27.025743, 11.13263, -25.716615]",-26.429,7.0801,[],['8395'],"['ICCAT', 'ACAP', 'IWC', 'CCSBT']","['47', '47.1', '47.1.5']",['47'],[],[],[],[],370,1189,411.983875,1206.9255,752db347f-f27d-3ea1-73a4-e051f4e37742,BUOY-05  100%,168804760,,gear,,True,824.8359018689732,18606.283333333333,0.023936846976354207,37,67.78434252203903,-25.716615,11.13263,-27.025743,2.981398
2022-06-23T00:08:57.000Z,2024-08-16T05:50:07.000Z,5f25d92e624f5b826d0147b827fcfcc7,gap,"[0.560527, -26.251208, 11.113951666666667, -25.83109]",-26.1373,5.8467,[],['8395'],"['ICCAT', 'ACAP', 'IWC', 'CCSBT']","['47', '47.1', '47.1.5', '47.B.1', '47.B']",['47'],[],[],[],[],372,1307,411.01893800000005,1319.916875,ae41f6797-76ae-a706-251c-66ab8122196c,SF2016 BUOY,102000216,,gear,,True,1055.0979040997868,18845.683333333334,0.03023012121947755,99,67.78434252203903,-25.83109,11.113951666666667,-26.251208,0.560527
2022-06-23T01:18:18.000Z,2024-08-06T03:41:06.000Z,d5928fb678a64b286c4461e8c315986a,gap,"[3.034317, -27.01762, 11.117773333333334, -25.87618833333333]",-26.5038,7.0961,[],['8395'],"['ICCAT', 'ACAP', 'IWC', 'CCSBT']","['47', '47.B.1', '47.B']",['47'],[],[],[],[],371,1184,408.834781,1201.986125,857d61060-0a59-43bd-e11e-a40d2972c373,HS3011 BUOY,103000311,,gear,,True,814.5678701526386,18602.366666666665,0.02364384442295097,83,67.78434252203903,-25.87618833333333,11.117773333333334,-27.01762,3.034317
2022-06-23T02:41:02.000Z,2024-08-06T03:26:52.000Z,630b7feeca3f087d967c4d17f4eddca5,gap,"[3.085588, -27.018488, 11.119273333333334, -25.92066833333333]",-26.5258,7.1216,[],['8395'],"['ICCAT', 'ACAP', 'IWC', 'CCSBT']","['47', '47.B.1', '47.B']",['47'],[],[],[],[],371,1178,407.91975,1196.043125,31f38f938-896d-a552-748e-be42993af62a,BUOY-04  97%,168804759,,gear,,True,808.7760056296202,18600.75,0.023477768730371516,24,67.78434252203903,-25.92066833333333,11.119273333333334,-27.018488,3.085588
2022-06-23T03:38:51.000Z,2024-08-06T03:21:59.000Z,3517822f88a3803eab93100c3efe9149,gap,"[3.096233, -27.01888, 11.133568333333333, -25.968516666666666]",-26.5501,7.1333,[],['8395'],"['ICCAT', 'ACAP', 'IWC', 'CCSBT']","['47', '47.B.1', '47.B']",['47'],[],[],[],[],371,1177,405.859438,1195.052625,5fe1235ac-c700-e199-76e3-d16f67fce308,SF2017 BUOY,102000217,,gear,,True,808.1912707633713,18599.716666666667,0.02346209799659363,29,67.78434252203903,-25.968516666666666,11.133568333333333,-27.01888,3.096233
2022-06-23T08:39:16.000Z,2024-08-06T04:57:53.000Z,ab7eaf450b3aa687c5d03ea428b97e20,gap,"[3.046092, -26.877072, 11.125551666666667, -26.162908333333334]",-26.577,7.0984,[],[],"['ICCAT', 'ACAP', 'IWC', 'CCSBT']","['47', '47.B.1', '47.B']",['47'],[],[],[],[],372,1181,402.426969,1200.287875,5ad4a3441-1480-ab2c-f209-9a52844f0098,BUOY-06  100%,168804761,,gear,,True,807.6373324022666,18596.3,0.023450324653583536,18,72.26460835091848,-26.162908333333334,11.125551666666667,-26.877072,3.046092
2022-06-24T08:35:18.000Z,2024-01-10T15:49:17.000Z,736a97171a04741a6ff92340ac69dae4,gap,"[-164.96608166666667, -11.924033, -163.470295, -8.14387]",-10.0348,-164.2226,[],['8446'],"['ACAP', 'WCPFC', 'FFA', 'IWC', 'SPC']",['77'],['77'],[],[],[],[],316,150,603.431938,152.962391,bb3791233-3d8d-aec7-1146-0b98b4b32547,HNY721 94%,991172109,,gear,,True,451.104505740278,13567.216666666667,0.01795334687492973,103,175.0153951705151,-8.14387,-164.96608166666667,-11.924033,-163.470295
2022-06-24T12:47:29.000Z,2026-03-12T09:46:10.000Z,c3caa5079dcc8dc0db919fe952378abf,gap,"[33.562021666666666, -35.62379, 113.713863, -14.878582]",-31.5819,77.7924,[],[],"['ACAP', 'IOTC', 'IWC', 'SIOFA', 'CCSBT']","['51', '51.8']",['51'],[],[],[],[],570,635,593.26175,588.805438,10d7886be-e707-af2d-9d16-e91ff3f74d4f,BUOY6001296-14    8V,994161394,,gear,,True,8173.4239580207195,32564.966666666667,0.13552281256221038,60,134.10862314802822,-35.62379,33.562021666666666,-14.878582,113.713863
2022-06-24T18:39:44.000Z,2024-05-18T23:10:00.000Z,1421c03cd0c8b9fe7940564920d3318a,gap,"[150.2037, -0.18998833333333334, 158.65031666666667, 2.7094300000000002]",1.2631,154.4294,[],[],"['ACAP', 'SPRFMO', 'WCPFC', 'IWC']",['71'],['71'],[],[],[],[],451,451,731.260438,557.4688120000001,d66c5cf6f-fe42-54fb-575d-cee646d1fb53,NET FISH 976-08   9V,976586008,,gear,,True,992.706175675977,16660.5,0.03217301121747586,23,101.64597770496988,-0.18998833333333334,158.65031666666667,2.70943,150.2037
2022-06-26T00:04:29.000Z,2024-01-04T17:01:55.000Z,ffbede63f411e059bdb7dbead2234b73,gap,"[133.004582, -0.7376983333333333, 160.02699, 16.563592]",8.1351,146.8069,[],[],"['ACAP', 'SPRFMO', 'WCPFC', 'IWC']",['71'],['71'],[],[],[],[],422,896,751.294375,959.144,88137bf45-5a45-27fd-8540-68aef8f4acff,NET FISH 9588-17  9V,958833317,,gear,,True,3533.2326693370305,13384.95,0.1425326966481426,36,114.9797369921894,-0.7376983333333333,160.02699,16.563592,133.004582
2022-06-26T23:15:09.000Z,2024-12-20T19:11:35.000Z,909bdab310b3fdf6bb3401f70998f0cd,gap,"[-164.41340833333334, -37.75662166666667, 164.400178, 31.902963]",-3.0383,179.4246,[],[],"['ACAP', 'SPRFMO', 'WCPFC', 'IWC']",['81'],['81'],[],[],[],[],1195,1324,1535.116875,2029.204875,8f00754ed-d04a-cf94-0b8c-6125a9a33d42,HF66 BUOY-10  100%,168803554,,gear,,True,8393.77381039966,21787.933333333334,0.20801767686060638,65,280.08696773844713,-37.75662166666667,-164.41340833333334,31.902963,164.400178
2022-06-27T08:53:22.000Z,2024-11-25T23:49:38.000Z,ce838101506d0b65f1d8d1d2d2621576,gap,"[-160.75392166666666, -8.973268333333333, 162.939697, 4.941422]",-2.1214,-178.9878,[],['8446'],"['ACAP', 'WCPFC', 'FFA', 'IWC', 'SPC']",['77'],['77'],[],[],[],[],120,37,541.079438,45.643691,3aa2fe0be-e5c8-de33-a471-73f0dce44da0,SLC882-05 86%,991288205,,gear,,True,4311.644657575801,21182.933333333334,0.10990460246023105,81,178.9555080119344,-8.973268333333333,-160.75392166666666,4.941422,162.939697
2022-06-27T10:17:25.000Z,2024-11-25T22:35:55.000Z,9031e4f15efc39dfd70589f59afcdbcb,gap,"[-160.69264166666667, -8.999818333333334, 162.911518, 5.094967]",-2.0551,-178.9699,[],['8446'],"['ACAP', 'WCPFC', 'FFA', 'IWC', 'SPC']",['77'],['77'],[],[],[],[],120,21,541.3029379999999,29.436072,c5fcf125c-c5fa-9097-42ea-aa780e5e7f5e,SLC882-02 82%,991288202,,gear,,True,4328.019130806956,21180.3,0.11033570700914262,61,178.9555080119344,-8.999818333333334,-160.69264166666667,5.094967,162.911518
2022-06-27T22:24:47.000Z,2024-10-05T22:06:13.000Z,bcea24b3a1ed3cb6fc6495d25af393ea,gap,"[-167.06844666666666, -2.77574, 171.727687, 38.840635]",18.3203,-176.3438,[],[],"['ACAP', 'SPRFMO', 'WCPFC', 'IWC']",['77'],['77'],[],[],[],[],418,1480,1131.0325,1704.7005,49cbd6206-6933-4a2d-acac-f117d6687e94,665168005-5 90%,665168005,SHN,gear,,True,5112.492014028338,19943.683333333334,0.13841599866228266,46,163.38366325084655,-2.77574,-167.06844666666666,38.840635,171.727687
2022-06-29T04:25:57.000Z,2024-06-10T22:05:02.000Z,ab824786f1dcc195682b11d8ebad133d,gap,"[-167.338722, -11.17142, -165.11098833333332, -10.029376666666666]",-10.6024,-166.2228,[],['8446'],"['ACAP', 'WCPFC', 'FFA', 'IWC', 'SPC']",['77'],['77'],[],[],[],[],121,164,419.07971899999995,500.004406,ce833601a-a28e-724e-d55e-260ab597ce5a,HNY736-03 50%,991173603,,gear,,True,274.6073344566851,17105.65,0.00866825280060848,58,171.80455289709738,-10.029376666666666,-165.11098833333332,-11.17142,-167.338722
2022-06-29T08:54:21.000Z,2024-04-03T15:36:01.000Z,eb1448ba84552cb7e4177655665828b0,gap,"[-167.20862666666667, -1.5535266666666667, 164.6124, 35.61318]",17.5206,-179.8175,[],[],"['ACAP', 'SPRFMO', 'WCPFC', 'IWC']",['77'],['77'],[],[],[],[],458,1618,1059.6805,1766.085,2608d2f1f-f091-35ed-8df1-3d84c11ee59d,665168015-15 90%,665168015,SHN,gear,,True,5062.486296039946,15462.683333333332,0.17678198919429478,51,162.30712725303692,-1.5535266666666667,-167.20862666666667,35.61318,164.6124
2022-06-29T17:55:30.000Z,2025-10-30T10:11:12.000Z,35d88691e192cb0f508f7a7b9cbcd045,gap,"[119.57734, -9.789408333333334, 138.96472166666666, 23.149147]",6.7756,129.6099,[],['8492'],"['ACAP', 'SEAFDEC', 'WCPFC', 'APFIC', 'IWC']",['71'],['71'],[],[],[],[],155,12,212.523688,42.364938,806f803d3-3545-20b2-edd3-ad9e3c6bfb94,SAMPURNA J ABADI  7V,994080086,,gear,,True,4226.821723265418,29248.25,0.07803205820764005,22,21.743356398467828,-9.789408333333334,138.96472166666666,23.149147,119.57734
2022-06-30T03:12:54.000Z,2025-08-05T20:21:33.000Z,29ca36141763f033cf653451e868a92e,gap,"[-166.569175, -9.696788333333334, -164.939735, -8.764557]",-9.2316,-165.7534,[],['8446'],"['ACAP', 'WCPFC', 'FFA', 'IWC', 'SPC']",['77'],['77'],[],[],[],[],153,252,545.830312,537.7181879999999,09e136b3c-cd6e-6228-e872-cfb137ea412a,HNY719-02 71%,991171902,,gear,,True,206.70764117432972,27185.133333333335,0.004105670397485529,60,168.8589597169336,-9.696788333333334,-166.569175,-8.764557,-164.939735
2022-06-30T06:57:33.000Z,2024-11-25T23:30:02.000Z,22b1659ba60585f2dfcf0f8979938296,gap,"[-158.978615, -7.483578333333333, 162.931825, 4.98196]",-1.3232,-178.0706,[],['8446'],"['ACAP', 'WCPFC', 'FFA', 'IWC', 'SPC']",['77'],['77'],[],[],[],[],192,33,784.5515,41.276047,b9dbda1b0-0be4-1c1f-24f8-3436229b7bc6,SLC882-03 59%,991288203,,gear,,True,4447.402087070443,21112.533333333333,0.11374310115714219,90,177.02901112100432,-7.483578333333333,-158.978615,4.98196,162.931825
2022-07-01T06:45:45.000Z,2024-10-31T20:32:34.000Z,dd8a6e12fa79e28e934d25ed782493ab,gap,"[166.556247, 3.331573, 171.61494, 9.65358]",6.4989,169.0697,[],['8318'],"['ACAP', 'WCPFC', 'FFA', 'IWC', 'SPC']","['71', '71.6.2']",['71'],[],[],[],[],105,273,282.147562,430.971531,708cb6ffb-b5e1-3edf-8335-878123f8ac23,SLC784-08100%,991278408,,gear,,True,897.8899822786768,20485.766666666666,0.023666275837993724,71,168.95844922711018,9.65358,171.61494,3.331573,166.556247
2022-07-01T17:57:55.000Z,2024-05-19T21:16:13.000Z,d7d17535ffe91aea9d200ac6d1e0b5ac,gap,"[-133.90373666666667, -8.069156666666666, 176.171368, 5.228472]",-1.5666,-158.9433,[],[],"['ACAP', 'SPRFMO', 'WCPFC', 'IATTC', 'IWC']",['77'],['77'],[],[],[],[],570,409,587.035625,556.81375,34e4427e3-3ffc-1848-be64-d5910cbc3553,NET FISH 932708 11V4,932700008,,gear,,True,5730.949966511194,16515.3,0.18736961633649227,95,140.18594758534172,-8.069156666666666,-133.90373666666667,5.228472,176.171368
2022-07-03T07:21:55.000Z,2025-04-07T13:34:27.000Z,1d40c8f1b495a845d0a3135fa5acdc23,gap,"[-159.26576166666666, -6.463473333333333, 122.367872, 26.10282]",12.5771,163.9108,[],['8446'],"['ACAP', 'WCPFC', 'FFA', 'IWC', 'SPC']",['77'],['77'],[],[],[],[],306,59,864.1735,106.481805,4f70133b3-376f-5440-70f0-635e90b53e71,PINTAIRONG688-00100%,412699738,CHN,gear,,True,9174.370316259698,24222.2,0.2045133666507031,89,177.240154289204,-6.463473333333333,-159.26576166666666,26.10282,122.367872
2022-07-03T10:28:38.000Z,2024-07-05T04:36:45.000Z,aba5530a377954be3458bc7fdc269900,gap,"[3.692603, -29.234627, 10.037056666666667, -25.212573333333335]",-27.2593,6.9222,[],[],"['ICCAT', 'ACAP', 'IWC', 'CCSBT']","['47', '47.B.1', '47.B']",['47'],[],[],[],[],464,1154,515.449094,1160.868625,0e50b1b83-310f-7fa4-1498-ce477e9d8eb0,HS3003 BUOY,103000303,,gear,,True,770.1819335249393,17586.133333333335,0.023647322980159067,23,69.30346678444921,-25.212573333333335,10.037056666666667,-29.234627,3.692603
2022-07-03T12:22:56.000Z,2024-07-03T11:02:29.000Z,88d7c31ad2e165fb9f63944f00858ab9,gap,"[3.039595, -27.766887, 9.924408333333334, -25.095465]",-26.4724,6.5219,[],[],"['ICCAT', 'ACAP', 'IWC', 'CCSBT']","['47', '47.B.1', '47.B']",['47'],[],[],[],[],473,1191,520.6058439999999,1202.86925,5407c6aea-a7a2-6f82-2006-1403681d9e23,NA1009BUOY,101000109,,gear,,True,746.9497441905621,17542.65,0.022990859204008878,14,70.86574553712744,-25.095465,9.924408333333334,-27.766887,3.039595
2022-07-03T13:42:48.000Z,2024-07-04T07:11:47.000Z,f1c7e5761ea8bb87729f37a11b47b0fb,gap,"[2.20043, -29.71543, 9.885743333333334, -25.03384]",-27.4273,6.1245,[],[],"['ICCAT', 'ACAP', 'IWC', 'CCSBT']","['47', '47.B.1', '47.B']",['47'],[],[],[],[],475,1306,519.94025,1313.226625,94ebaf354-4d17-a7b1-cdc9-bb7ba5d57ca2,NA1005BUOY,101000105,,gear,,True,919.8483674993562,17561.466666666667,0.028282283798178473,20,70.86574553712744,-25.03384,9.885743333333334,-29.71543,2.20043
2022-07-03T14:54:39.000Z,2024-07-04T05:06:52.000Z,c3d54ae4bd2b47e8a5b7133396484d49,gap,"[2.281423, -29.55557, 9.844646666666666, -24.962031666666668]",-27.3097,6.1413,[],[],"['ICCAT', 'ACAP', 'IWC', 'CCSBT']","['47', '47.B.1', '47.B']",['47'],[],[],[],[],478,1295,521.248,1302.046125,6de40eafe-e376-1bd1-4a86-9ec5cfe091d6,NA1004BUOY,101000104,,gear,,True,905.035885010062,17558.2,0.027832026260251896,53,66.69936114209119,-24.962031666666668,9.844646666666666,-29.55557,2.281423
2022-07-03T16:00:22.000Z,2024-07-04T05:23:00.000Z,8a40b05fe9c08cdf93f6741ad7744bc6,gap,"[2.311363, -29.480807, 9.800518333333333, -24.896483333333332]",-27.2384,6.133,[],[],"['ICCAT', 'ACAP', 'IWC', 'CCSBT']","['47', '47.B.1', '47.B']",['47'],[],[],[],[],481,1291,522.237375,1297.469,e47b76d08-85c2-6381-e07e-1fbff6f189ac,NA1008BUOY,101000108,,gear,,True,898.8116060185937,17557.366666666665,0.02764192665726476,41,66.69936114209119,-24.896483333333332,9.800518333333333,-29.480807,2.311363
2022-07-03T16:01:38.000Z,2024-07-01T06:53:55.000Z,f1f564d6e8a30a52ebff1de295be5d98,gap,"[8.147395, -24.77629, 9.725036666666666, -24.187127]",-24.4838,8.9344,[],[],"['ICCAT', 'ACAP', 'IWC', 'CCSBT']","['47', '47.B.1', '47.B']",['47'],[],[],[],[],485,640,523.548875,657.959812,03cedba03-3bfd-0de1-c531-9dd243f94edc,NA1010BUOY,101000110,,gear,,True,172.57062211745037,17486.866666666665,0.005328609365251489,32,66.69936114209119,-24.77629,9.725036666666666,-24.187127,8.147395
2022-07-03T23:00:21.000Z,2024-07-18T07:20:54.000Z,f5cb7cbfae5982083ab107db9692edca,gap,"[5.140885, -25.372538, 9.475383333333333, -24.464016666666666]",-24.9339,7.3161,[],[],"['ICCAT', 'ACAP', 'IWC', 'CCSBT']","['47', '47.B.1', '47.B']",['47'],[],[],[],[],507,953,534.9620620000001,983.563812,f6891238d-d666-aee5-324e-3b41ffd54ad6,HS3004 BUOY,103000304,,gear,,True,448.6046034006854,17888.333333333332,0.013541066300256595,61,66.69936114209119,-24.464016666666666,9.475383333333333,-25.372538,5.140885
2022-07-04T02:31:40.000Z,2024-07-01T07:01:30.000Z,b21035a808f646b7042d517b39932498,gap,"[8.127322, -24.220521666666667, 9.295175, -24.193067]",-24.2079,8.7112,[],[],"['ICCAT', 'ACAP', 'IWC', 'CCSBT']","['47', '47.B.1', '47.B']",['47'],[],[],[],[],523,642,545.008562,659.9491879999999,085dd0a38-825b-b4aa-16a5-6ea89bdb4656,HS3006 BUOY,103000306,,gear,,True,118.4801689011852,17476.483333333334,0.003660586174723072,116,66.69936114209119,-24.220521666666667,9.295175,-24.193067,8.127322
2022-07-04T03:28:55.000Z,2024-08-20T09:09:44.000Z,215baad59b466614e50b393f3d89df62,gap,"[-1.691422, -25.96192, 9.251475, -24.186835]",-25.175,3.8198,[],[],"['ICCAT', 'ACAP', 'IWC', 'CCSBT']","['47', '47.B.1', '47.B']",['47'],[],[],[],[],529,1178,549.0955620000001,1191.9925,c6810c282-2626-9672-1bf0-4e5150e181c4,KS7003 BUOY,107007003,,gear,,True,1119.2898308244405,18677.666666666668,0.03235779768310437,49,66.69936114209119,-24.186835,9.251475,-25.96192,-1.691422
2022-07-04T14:41:40.000Z,2024-11-25T22:37:42.000Z,271607b1d91ef895d3bfe064e8bde5a3,gap,"[-165.038455, -8.926375, 162.912363, 5.091398]",-1.9949,178.8692,[],['8446'],"['ACAP', 'WCPFC', 'FFA', 'IWC', 'SPC']",['77'],['77'],[],[],[],[],231,21,524.476875,29.436072,dee6b74fb-bf17-56e4-a681-ceb87f0fc243,SLC882-09 78%,991288209,,gear,,True,3879.577608879217,21007.933333333334,0.09971491679883575,54,172.37632127468513,-8.926375,-165.038455,5.091398,162.912363
2022-07-04T17:46:20.000Z,2025-01-24T06:20:12.000Z,7b6ceb6ab8e909fc1300baf303f8983f,gap,"[0.375055, -10.438868, 83.235315, -3.92418]",-9.5395,41.4426,[],[],"['ICCAT', 'ACAP', 'IWC']","['34', '34.4.1', '34.4']",['34'],[],[],[],[],642,1230,851.38175,1240.144125,b0dfe1253-389a-09f3-f89d-187dc2867905,994230156         9V,994230156,,gear,,True,9149.045280317525,22428.55,0.2202589665507545,32,38.06166824971566,-3.92418,0.375055,-10.438868,83.235315
2022-07-05T09:02:25.000Z,2025-04-16T22:50:11.000Z,6762688e41e4ec981771c2eb0f841398,gap,"[109.383273, 13.849896666666666, 174.81819833333333, 17.376807]",18.3738,142.4174,[],[],"['ACAP', 'WCPFC', 'IWC']","['71', '71.6.2']",['71'],[],[],[],[],582,89,838.91525,91.57241400000001,cfebce6b1-122c-c662-e16d-ad4bc7d616bb,FU107,111111196,,gear,,True,6985.832443901346,24397.783333333333,0.154606166648456,61,147.99166638867004,13.849896666666666,174.81819833333333,17.376807,109.383273
2022-07-06T16:48:04.000Z,2024-09-09T17:27:59.000Z,c5c5736870ee94f34afda781ea39c8ac,gap,"[-167.929253, -6.583272, -163.72385, -1.433385]",-4.011,-165.8199,[],[],"['ACAP', 'SPRFMO', 'WCPFC', 'IWC']",['77'],['77'],[],[],[],[],426,434,762.083938,906.712938,45fc1f666-6090-c9a6-990a-ee43e321e885,NET FISH 805-09   9V,805666609,,gear,,True,738.491793509101,19104.65,0.02087207398206501,27,168.42674742802612,-1.433385,-163.72385,-6.583272,-167.929253
2022-07-07T05:51:04.000Z,2025-06-01T00:14:55.000Z,5c0eeb3b6f1e03141485c4e7f2779a46,gap,"[122.476107, 36.921473, 167.524755, 45.171508333333335]",43.2984,143.5087,[],[],"['ACAP', 'PICES', 'WCPFC', 'NPFC', 'IWC', 'NPAFC']",['61'],['61'],[],[],[],[],911,1,1038.96325,0.0,e6816c2f5-5692-fe14-5b23-bd08a6652344,,412329000,CHN,cargo,,True,3834.9996889167455,25434.383333333335,0.08141475836637858,350,386.1631505172727,45.171508333333335,167.524755,36.921473,122.476107
2022-07-08T14:45:17.000Z,2026-06-17T12:02:34.000Z,545d742a0a07604ebdf27ad6d55eb0db,gap,"[-175.066115, -16.887043333333335, 120.522592, 22.198607]",3.1376,153.3224,[],['8448'],"['ACAP', 'WCPFC', 'FFA', 'IWC', 'SPC']",['71'],['71'],[],[],[],[],146,14,174.313391,20.408508,2bcf8255c-c830-071a-fe19-ee9904517856,994125012         9V,994125012,,gear,,True,8246.570839769294,34557.28333333333,0.12885249072278568,100,122.68073025256336,-16.887043333333335,-175.066115,22.198607,120.522592
2022-07-08T16:29:07.000Z,2024-08-10T10:10:20.000Z,eb6f918ac064ffac58706e641c65520c,gap,"[147.929577, -5.9683633333333335, 170.873285, 3.228365]",-1.3979,159.3791,[],[],"['ACAP', 'SPRFMO', 'WCPFC', 'IWC']",['71'],['71'],[],[],[],[],578,411,747.680875,595.31725,83b88e94d-d825-52e1-cee4-7b3cd6208304,NETFISH856-117   7V6,898333017,,gear,,True,2745.3111112914935,18329.683333333334,0.08087152326569207,33,134.2735965863915,-5.9683633333333335,170.873285,3.228365,147.929577
2022-07-08T19:37:42.000Z,2024-08-21T07:37:23.000Z,bc3f336af4b75729661e0896174e7861,gap,"[147.83202, -6.136523333333334, 170.98335833333334, 3.131158]",-1.5339,159.3827,[],[],"['ACAP', 'SPRFMO', 'WCPFC', 'IWC']",['71'],['71'],[],[],[],[],567,426,770.1209379999999,582.066812,6852d8ae7-7d9e-fa7a-5871-cc75c3c2ff61,NETFISH856-10    8V0,898333010,,gear,,True,2769.4652170826084,18587.983333333334,0.0804493719991717,41,129.00067772981876,-6.136523333333334,170.98335833333334,3.131158,147.83202
2022-07-10T10:27:46.000Z,2025-06-16T20:47:01.000Z,5f04985f1fcf23dce58b6c3b4709041e,gap,"[168.483837, 3.379095, 169.89318833333334, 10.870057]",7.1251,169.1943,[],['8318'],"['ACAP', 'WCPFC', 'FFA', 'IWC', 'SPC']",['71'],['71'],[],[],[],[],186,107,404.687656,246.132688,4542cc713-37f8-d030-3b71-2cbfdecc334f,SLC723-03 88%,991272303,,gear,,True,847.3279004824327,25738.316666666666,0.017775850322638703,72,172.7610315131157,3.379095,169.89318833333334,10.870057,168.483837
2022-07-11T05:12:18.000Z,2024-11-24T20:50:39.000Z,8421287d8805e819259d93f55c82bdc5,gap,"[68.42826833333334, -4.867995, 79.924465, 6.088877]",0.6135,74.1705,[],['8344'],"['ACAP', 'IOTC', 'SWIOFC', 'IWC']","['51', '51.4']",['51'],[],[],[],[],354,19,513.90375,34.921039,7a7487668-8101-84ca-132f-e4e60153792a,IMULA 0736 NBO NET 4,964172266,,gear,,True,1764.4569342035122,20823.633333333335,0.045752367551667145,31,28.616573019086978,-4.867995,68.42826833333334,6.088877,79.924465
2022-07-11T07:37:22.000Z,2025-01-21T22:14:16.000Z,19d6af91b521159dcf5ef6d0c9f6e9b7,gap,"[-178.574935, -12.13285, -160.56608166666666, -3.979113]",-8.1551,-169.6621,[],['8446'],"['ACAP', 'WCPFC', 'FFA', 'IWC', 'SPC']",['77'],['77'],[],[],[],[],192,452,302.36818800000003,559.74475,1294d3b20-0ccf-86c2-1886-43b463e69a8e,SLC881-03 80%,991288103,,gear,,True,2178.433163781912,22214.6,0.05294985314422136,82,177.58838117943142,-12.13285,-160.56608166666666,-3.979113,-178.574935
2022-07-11T10:58:09.000Z,2024-11-25T22:38:19.000Z,003679c8da8cc2b6b3e2220b25995479,gap,"[-167.59680166666666, -11.043508333333333, 162.911802, 5.092068]",-3.0769,177.5464,[],['8446'],"['ACAP', 'WCPFC', 'FFA', 'IWC', 'SPC']",['77'],['77'],[],[],[],[],190,21,490.607031,29.436072,c8f62617d-d973-ce6a-0aec-956f69d279b1,SLC882-04 52%,991288204,,gear,,True,3724.4371561294693,20843.666666666668,0.09648183372225266,103,163.34728321770515,-11.043508333333333,-167.59680166666666,5.092068,162.911802
2022-07-12T21:35:15.000Z,2024-09-11T02:16:18.000Z,b1cdb4216b44598acb58907ceceffb7f,gap,"[40.808583, -30.962526666666665, 40.95601, -29.478602]",-30.2206,40.8817,[],[],"['ACAP', 'IOTC', 'IWC', 'SIOFA', 'CCSBT']","['51', '51.7']",['51'],[],[],[],[],714,584,873.47275,735.168375,c54735777-76c5-9ca1-9785-568ea0a6ba40,AIS BUOY_10_99%,999000910,,gear,,True,165.61199194936637,18988.683333333334,0.004709295542884659,28,108.99861365535214,-30.962526666666665,40.95601,-29.478602,40.808583
2022-07-12T23:49:25.000Z,2024-05-05T23:01:53.000Z,6c192167d0f899e0e3304bb8753be2b5,gap,"[-164.098135, -11.664202, 156.73065333333332, 7.271411666666666]",-2.3311,176.1859,[],['8316'],"['ACAP', 'WCPFC', 'FFA', 'IWC', 'SPC']","['71', '71.6.1']",['71'],[],[],[],[],115,144,159.73915599999998,206.910469,ca01658d2-2f42-4217-0f23-db09db96ac95,HNY732-07 33%,991173207,,gear,,True,4816.753089951063,15911.2,0.16345961344747442,15,103.32389904713081,7.271411666666666,156.73065333333332,-11.664202,-164.098135
2022-07-14T04:42:45.000Z,2025-12-15T23:59:13.000Z,ba6992e5814939080958bcf27a4ddf6b,gap,"[149.581547, -6.029285, 170.29011333333332, 14.469582]",4.2897,160.0755,[],[],"['ACAP', 'SPRFMO', 'WCPFC', 'IWC']",['71'],['71'],[],[],[],[],544,414,717.428375,421.2815,decf0d9e0-0332-c40c-853f-49a1326e110a,NET FISH 9760-07  9V,976015607,,gear,,True,3226.6810923101466,30019.266666666666,0.05803834010074005,40,129.00067772981876,-6.029285,170.29011333333332,14.469582,149.581547
2022-07-15T12:08:43.000Z,2026-02-17T00:55:46.000Z,3a271fcd02beb924600663a5e8ef4663,gap,"[-167.576375, -10.630806666666667, 144.118763, 5.548573]",-2.7845,168.1091,[],['8446'],"['ACAP', 'WCPFC', 'FFA', 'IWC', 'SPC']",['77'],['77'],[],[],[],[],190,191,526.538688,794.157625,0e113568b-b278-31af-0631-c7b4da23cec1,SLC884-02 81%,991288402,,gear,,True,5641.961875980082,31500.783333333333,0.09670920457871987,101,164.25769594457796,-10.630806666666667,-167.576375,5.548573,144.118763
2022-07-17T01:00:11.000Z,2024-01-02T20:06:13.000Z,c7221f95c7582ec5f81711e3e248ce14,gap,"[-161.245122, -16.499488, 154.26295166666668, 10.087981666666666]",-3.4629,176.1988,[],['8316'],"['ACAP', 'WCPFC', 'FFA', 'IWC', 'SPC']","['71', '71.6.1']",['71'],[],[],[],[],210,300,396.090531,267.866719,bfb94a7d7-763b-0009-7323-8897361dbf3d,HNY732-02 19%,991173202,,gear,,True,5717.266026702317,12835.1,0.24051831994173695,30,87.07369767255241,10.087981666666666,154.26295166666668,-16.499488,-161.245122
2022-07-17T23:49:39.000Z,2025-03-26T10:40:04.000Z,9e7617c12601c965df489d9b900535a4,gap,"[-166.9256, -28.982836666666667, 168.029893, 2.259627]",-13.6737,179.7071,[],[],"['ACAP', 'SPRFMO', 'WCPFC', 'IWC']",['81'],['81'],[],[],[],[],1065,267,1124.893625,334.287656,016ad707b-b8ee-51da-0afe-a3edb964b308,JIN HSIAN,403421847,SAU,fishing,,True,4380.440478540669,23578.833333333332,0.10031236936465103,28,211.16927076713012,-28.982836666666667,-166.9256,2.259627,168.029893
2022-07-18T17:12:48.000Z,2024-08-09T20:51:07.000Z,28cc31f75a893bb0e07fda8be2bb14b6,gap,"[-170.442755, -6.36847, -158.11987333333335, 3.733503333333333]",-1.3251,-164.2687,[],['8441'],"['ACAP', 'FFA', 'WCPFC', 'IWC', 'SPC']",['77'],['77'],[],[],[],[],127,229,138.33665599999998,841.987188,6501b4a35-5b1d-06ec-cc01-a0acde099c75,XIN7516           9V,994110466,,gear,,True,1770.1630974767243,18075.633333333335,0.05287845742844314,15,161.18242893389947,3.733503333333333,-158.11987333333335,-6.36847,-170.442755
2022-07-19T14:24:57.000Z,2024-11-25T22:36:56.000Z,68e6c93bff6d820f93bf672fd1b8a63b,gap,"[-164.45066833333334, -11.823598333333333, 162.911672, 5.093133]",-3.5061,179.0838,[],['8446'],"['ACAP', 'WCPFC', 'FFA', 'IWC', 'SPC']",['77'],['77'],[],[],[],[],109,21,215.494891,29.436072,1c6a6e480-03fc-3cb7-0ea5-baf4e0744614,SLC882-06 00%,991288206,,gear,,True,4070.06474355163,20648.183333333334,0.1064335352562563,87,174.09212856163307,-11.823598333333333,-164.45066833333334,5.093133,162.911672
2022-07-19T21:15:55.000Z,2025-07-28T08:50:23.000Z,cb93767a47b98e17e1c9b3ba5601b20d,gap,"[84.17637833333333, -31.188903333333332, 88.52672, -30.901557]",-31.0635,86.3548,[],[],"['ACAP', 'IOTC', 'IWC', 'SIOFA', 'CCSBT']","['57', '57.3']",['57'],[],[],[],[],952,1265,2439.33075,2260.74625,4cd68676c-c08a-62f4-2b63-d3a69641bd5d,LUQING115003      5V,994010943,,gear,,True,415.64896219266245,26507.566666666666,0.008466732831703612,166,210.95525172752642,-31.188903333333332,84.17637833333333,-30.901557,88.52672
2022-07-20T08:50:23.000Z,2024-11-30T12:48:31.000Z,ea74d7289e42ca310e1081383d807142,gap,"[-163.99592833333332, -10.683845, 124.598962, 30.329152]",12.0231,162.9659,[],['8446'],"['ACAP', 'WCPFC', 'FFA', 'IWC', 'SPC']",['77'],['77'],[],[],[],[],182,161,301.721906,145.498453,a382db863-33da-74c0-667e-1afbcfc9ce41,ZY190004         7V9,42343875,AZE,gear,,True,8874.911485266675,20739.966666666667,0.23105479934251336,35,176.85789239661702,-10.683845,-163.99592833333332,30.329152,124.598962
2022-07-21T04:38:26.000Z,2024-08-03T20:00:18.000Z,935c38574ea1903049f29a1269664b47,gap,"[121.300083, -2.392986666666667, 163.20408, 27.209987]",13.2538,143.5273,[],[],"['ACAP', 'SPRFMO', 'WCPFC', 'IWC']",['71'],['71'],[],[],[],[],460,33,461.33906199999996,32.509072,d81749ed7-7922-4afe-9d3f-72301a055f6d,SHENG FENG NO215,413003189,CHN,fishing,,True,5564.3656267068955,17871.35,0.16811920067905106,27,124.57948103788726,-2.392986666666667,163.20408,27.209987,121.300083
2022-07-21T09:12:08.000Z,2025-09-22T22:05:13.000Z,c5e9579ead38ac421d2c9351b23deaf6,gap,"[-165.28848166666666, -11.151412, -157.264748, -8.697805]",-9.9485,-161.2917,[],['8446'],"['ACAP', 'WCPFC', 'FFA', 'IWC', 'SPC']",['77'],['77'],[],[],[],[],247,239,559.078875,677.27425,0caa4f592-2f3f-22ff-8134-744bddd169e9,SHENLIANCHENG885 90%,991288509,,gear,,True,920.1324996387433,27828.883333333335,0.017853098786236858,97,172.37632127468513,-8.697805,-165.28848166666666,-11.151412,-157.264748
2022-07-21T23:29:14.000Z,2024-12-08T04:49:19.000Z,5b1d1b9ccbacfc06e9f1ac7a642b099a,gap,"[-14.815446666666666, -5.5621, -5.789358, 3.9238116666666665]",-0.8217,-10.3078,[],[],"['ICCAT', 'ACAP', 'NAMMCO', 'IWC']","['34', '34.3.3', '34.3']",['34'],[],[],[],[],452,977,478.48690600000003,987.307,a420c4c5d-d563-1a4e-11f8-4a5e087f81fa,994069015         9V,994069015,,gear,,True,1455.1262140440645,20885.333333333332,0.037619954952112906,42,43.13741727951305,3.9238116666666665,-14.815446666666666,-5.5621,-5.789358
2022-07-23T07:51:43.000Z,2024-03-31T08:15:04.000Z,b1591713a7bba42a991ef3e964cf413b,gap,"[131.063322, -4.855441666666667, 165.28263666666666, 15.020107]",5.3163,148.4478,[],[],"['ACAP', 'SPRFMO', 'WCPFC', 'IWC']",['71'],['71'],[],[],[],[],467,677,514.373062,777.9443120000001,89cecaac6-611e-4cc6-1b2f-6bedf1561360,994121010         6V,994121010,,gear,,True,4369.983507473502,14808.383333333333,0.1593423314845053,83,124.43699656017408,-4.855441666666667,165.28263666666666,15.020107,131.063322
2022-07-24T16:42:58.000Z,2025-04-26T20:05:42.000Z,6ef7735dbc5cf8bef736f713c75bb01e,gap,"[167.711377, -6.272185, 171.05400666666668, -6.247188]",-6.2623,169.3827,[],[],"['ACAP', 'SPRFMO', 'WCPFC', 'IWC']",['71'],['71'],[],[],[],[],561,394,786.36475,642.198875,e089947b4-4da3-7ae6-9667-71e9ed600c2c,994013309         9V,994013309,,gear,,True,369.47786264738005,24171.366666666665,0.008253653523772572,51,130.7042540551679,-6.272185,171.05400666666668,-6.247188,167.711377
2022-07-26T00:15:05.000Z,2025-08-11T11:15:35.000Z,e58aa359d4da4dd99046157da96de1d5,gap,"[-141.27023333333332, 7.440916666666666, 71.99856666666666, 66.6493]",56.4364,-159.4994,[],[],"['ACAP', 'IATTC', 'IWC']",['77'],['77'],[],[],[],[],1703,17,1812.831875,48.281734,ea547adda-a123-ddba-1de6-17a3dc3be0f9,MB-1224,273444910,RUS,other,,True,11353.61459871876,26699.0,0.22961389738913135,65,477.8267069405242,7.440916666666666,-141.27023333333332,66.6493,71.99856666666666
2022-07-26T06:27:55.000Z,2025-06-13T08:35:59.000Z,067d1225d930493ed1231709caad19f4,gap,"[-140.29773333333333, 9.330517, 106.88337, 58.64797166666666]",47.8454,138.3054,[],['8463'],"['ACAP', 'IPHC', 'IWC']",['67'],['67'],[],[],[],[],96,47,105.059359,101.24443,663ba4bfa-a1c6-15ed-54ee-d554e032a5ec,PB#14,941216507,,other,,True,10394.226847062155,25274.133333333335,0.2220623523945435,29,63.71049565521073,58.64797166666666,-140.29773333333333,9.330517,106.88337
2022-07-27T13:20:56.000Z,2025-10-17T23:29:43.000Z,4910b358c7e281736f9bdad27e16adbd,gap,"[-158.80854333333335, -14.123811666666667, 88.06745, 0.550892]",-12.1834,143.3001,[],[],"['ACAP', 'SPRFMO', 'WCPFC', 'IWC']",['77'],['77'],[],[],[],[],471,857,474.51875,964.55675,0323b086d-d940-e03e-dc9a-0d3ed48750ef,NETMARK992-07     9,992000007,,gear,,True,12512.868845263894,28282.133333333335,0.23889317627204226,52,173.91541697323876,-14.123811666666667,-158.80854333333335,0.550892,88.06745
2022-07-27T20:10:13.000Z,2024-12-21T17:18:08.000Z,082b06dee6fcb4ac435e4b7ccef0bd60,gap,"[51.41880666666667, -33.61261666666667, 87.185977, -1.7117930000000001]",-18.4918,70.9844,[],[],"['ACAP', 'IOTC', 'IWC', 'SIOFA', 'CCSBT']","['51', '51.7']",['51'],[],[],[],[],1040,1050,1042.647562,1102.368125,51b7b870c-cdc2-bda3-d546-5cc9391aa2ca,994068107         9V,994068107,,gear,,True,5138.766168311379,21069.116666666665,0.13169568510376542,42,135.68596967166195,-33.61261666666667,51.41880666666667,-1.711793,87.185977
2022-07-28T04:59:56.000Z,2024-07-18T11:46:12.000Z,7b8d57edd92776e3cd7fcd53e85ebcda,gap,"[61.3774, -2.3897983333333332, 70.101135, -0.072422]",-1.2347,65.7374,[],['8344'],"['ACAP', 'IOTC', 'SWIOFC', 'IWC']","['51', '51.4']",['51'],[],[],[],[],365,758,508.110219,778.169625,4a33121d2-2c34-6cfa-ea89-e5e097f2c381,IMULA 2185CHW NET 8,964170995,,gear,,True,1003.3976209816383,17310.766666666666,0.03129794205265257,14,21.808372594472957,-2.3897983333333332,70.101135,-0.072422,61.3774
2022-08-01T09:11:20.000Z,2024-05-12T17:38:04.000Z,22cc9f2f140a8c3c7afee63bbe0b2537,gap,"[-179.218752, -29.751391666666667, -153.75137166666667, -3.613362]",-17.0768,-167.3857,[],[],"['ACAP', 'SPRFMO', 'WCPFC', 'IWC']",['81'],['81'],[],[],[],[],791,450,888.003812,570.72775,7f8cee8e1-18a7-1359-f231-f54d9164c184,NETFISH938-12     9V,938699012,,gear,,True,3953.718582103024,15608.433333333332,0.13677460138146544,123,231.83138460556918,-29.751391666666667,-153.75137166666667,-3.613362,-179.218752
2022-08-01T09:13:15.000Z,2024-05-12T17:43:36.000Z,ea35e78c3b4d2d85db55a9ca1cede3f9,gap,"[-179.218712, -29.754546666666666, -153.75328, -3.626643]",-17.0852,-167.3867,[],[],"['ACAP', 'SPRFMO', 'WCPFC', 'IWC']",['81'],['81'],[],[],[],[],791,451,888.003812,568.6128120000001,7cc731b91-1ce9-95e9-3a50-3c91bd83464b,NETFISH938-13     9V,938699013,,gear,,True,3952.684262120145,15608.5,0.13673823616901937,97,231.83138460556918,-29.754546666666666,-153.75328,-3.626643,-179.218712
2022-08-01T09:14:15.000Z,2024-05-12T17:25:49.000Z,48d361b606682d92391123a18ceb0a9c,gap,"[-179.218933, -29.75608, -153.75414833333335, -3.583835]",-17.0641,-167.3876,[],[],"['ACAP', 'SPRFMO', 'WCPFC', 'IWC']",['81'],['81'],[],[],[],[],792,450,888.803688,573.901562,9da44b359-90ef-7b31-7884-00c3441d300a,BUOY938-10        9V,938699010,,gear,,True,3956.4036343498196,15608.183333333332,0.13686968008774048,136,231.83138460556918,-29.75608,-153.75414833333335,-3.583835,-179.218933
2022-08-01T09:36:49.000Z,2024-05-12T17:25:33.000Z,4f41d3ae56fbcca0e07a0c2e0c6c43f9,gap,"[-179.21894700000001, -29.822068333333334, -153.75408666666667, -3.5831020000000002]",-17.0974,-167.3918,[],[],"['ACAP', 'SPRFMO', 'WCPFC', 'IWC']",['81'],['81'],[],[],[],[],799,450,893.6175,573.901562,2e6326f79-9510-e1d9-4349-b76d8bde48a0,BUOY938-07        9V,938699007,,gear,,True,3961.4302149482437,15607.8,0.13704693781163096,99,231.83138460556918,-29.822068333333334,-153.75408666666667,-3.583102,-179.21894699999999
2022-08-01T15:30:25.000Z,2026-05-18T12:58:57.000Z,33a0afc48991267aaf48132d49933635,gap,"[-158.30076333333332, 8.876102, 107.198645, 18.707908333333332]",19.8769,153.1405,[],['8453'],"['ACAP', 'WCPFC', 'IWC', 'SPC']",['77'],['77'],[],[],[],[],255,54,262.149562,150.896031,9e20b80f5-51e9-b41e-2bd6-9ed349b4608a,941211908      12.2V,941211908,,gear,,True,10160.116392359767,33261.46666666667,0.1649363218085195,22,144.96408470743327,18.707908333333332,-158.30076333333332,8.876102,107.198645
2022-08-01T20:41:34.000Z,2024-08-15T05:30:25.000Z,3d272d7ba103cc3c26cf0a7f8e0a3af1,gap,"[35.07119333333333, -33.42416333333333, 39.15163, -27.293932]",-30.3749,37.1754,[],[],"['ACAP', 'IOTC', 'IWC', 'SIOFA', 'CCSBT']","['51', '51.8']",['51'],[],[],[],[],526,501,542.278375,627.9455,80378ea01-1851-aada-aa7e-be0ac15bb9f2,994013110         9V,994013110,,gear,,True,785.8840887012173,17864.8,0.02375304847643542,41,123.10920951543876,-33.42416333333333,35.07119333333333,-27.293932,39.15163
2022-08-02T10:41:37.000Z,2024-05-12T17:23:07.000Z,739245e8c17154df5c6abba3292f96ed,gap,"[-179.218928, -29.73415, -153.27459333333334, -3.577343]",-17.0648,-167.164,[],[],"['ACAP', 'SPRFMO', 'WCPFC', 'IWC']",['81'],['81'],[],[],[],[],785,450,854.857438,573.901562,017323b03-3f78-560a-7947-9c05dd04bbd5,BUOY938-06        9V,938699006,,gear,,True,3989.638195554408,15582.683333333332,0.1382452714294876,129,231.83138460556918,-29.73415,-153.27459333333334,-3.577343,-179.218928
2022-08-02T15:47:11.000Z,2024-11-25T22:37:18.000Z,2680bd183efe69378a0584dca4f1a923,gap,"[-155.995895, -10.692601666666667, 162.9119, 5.092355]",-2.99,-176.6876,[],['8446'],"['ACAP', 'WCPFC', 'FFA', 'IWC', 'SPC']",['77'],['77'],[],[],[],[],275,21,712.4225620000001,29.436072,3788fb80c-c598-d8c8-4455-805ef574c7d1,SLC882-08 51%,991288208,,gear,,True,4875.728808757084,20310.833333333332,0.12961964183777747,84,171.01174944764264,-10.692601666666667,-155.995895,5.092355,162.9119
2022-08-02T22:44:16.000Z,2024-05-12T17:15:06.000Z,febed132fa8fc36c836e3c79c5c63c3c,gap,"[-179.219732, -28.786981666666666, -154.77898166666665, -3.519727]",-16.5061,-167.8049,[],[],"['ACAP', 'SPRFMO', 'WCPFC', 'IWC']",['81'],['81'],[],[],[],[],706,448,893.249875,580.254688,761ee0361-1d58-29f2-2155-835003b1331b,BUOY938-05        9V,938699005,,gear,,True,3815.7947601883106,15570.5,0.132324866982716,78,223.77309258696368,-28.786981666666666,-154.77898166666665,-3.519727,-179.219732
2022-08-03T03:49:03.000Z,2024-07-27T19:11:40.000Z,b973fcd37ebe53600d5bfb8b9a21b5e7,gap,"[167.35608833333333, 3.5389369999999998, 167.719797, 4.898638333333333]",4.2188,167.5381,[],['8318'],"['ACAP', 'WCPFC', 'FFA', 'IWC', 'SPC']",['71'],['71'],[],[],[],[],112,157,427.830625,461.429062,d29ae5802-20f3-f3d2-23e0-17d38ac8b128,HNY762-04100%,991176204,,gear,,True,156.47918641047903,17391.366666666665,0.004858272666029001,52,170.1530173491684,4.8986383333333325,167.35608833333333,3.538937,167.719797
2022-08-03T07:08:13.000Z,2024-05-19T20:20:29.000Z,1e8fb1cfaadd577720628f5afa8df8b1,gap,"[-129.34066166666668, -11.610376666666667, 176.221822, 5.134752]",-3.6399,-156.8048,[],[],"['ACAP', 'SPRFMO', 'IATTC', 'IWC']",['77'],['77'],[],[],[],[],1021,408,1026.2045620000001,551.9805,bd78c63d1-12ec-65dd-6a81-963dd19ec5b7,NETFISH9327-09  11V5,932700009,,gear,,True,6301.946250261533,15733.2,0.21628014344449956,67,156.36776943626472,-11.610376666666667,-129.34066166666668,5.134752,176.221822
2022-08-04T00:04:43.000Z,2024-05-17T19:22:42.000Z,49f66be9d3f25d8dc5069c54ee6af346,gap,"[-163.291105, -33.35026, -115.587405, 0.782895]",-17.6999,-141.7098,[],[],"['ACAP', 'SPRFMO', 'IATTC', 'IWC']","['87', '87.2.6', '87.2']",['87'],[],[],[],[],903,384,907.37475,554.886625,4e87feec1-1462-19d1-e6a7-a250a22b4eeb,NET MARK-FH17-0006,98349640,,gear,,True,6262.305776331665,15667.283333333333,0.21582392666993058,85,206.9223092054704,-33.35026,-115.587405,0.782895,-163.291105
2022-08-04T00:08:09.000Z,2024-05-07T19:56:51.000Z,f70d0c7fe4450bb7e727b016b4beff5b,gap,"[-165.817103, -33.35919166666667, -115.58721833333334, -3.379275]",-20.1235,-143.0888,[],[],"['ACAP', 'SPRFMO', 'IATTC', 'IWC']","['87', '87.2.6', '87.2']",['87'],[],[],[],[],904,545,908.1946879999999,1078.607375,cefd58545-5e63-70d2-81b8-f70743eb344d,FENGHUI17-14     8V2,900171714,,gear,,True,6176.056701124034,15427.8,0.21615550073894105,167,206.9223092054704,-33.35919166666667,-115.58721833333334,-3.379275,-165.817103
2022-08-04T07:51:43.000Z,2024-09-04T14:30:42.000Z,9f2913616b3adec1286ed82343d6cc4e,gap,"[122.477382, 38.710942, 167.35399833333332, 47.179161666666666]",45.1871,143.2858,[],[],"['ACAP', 'PICES', 'WCPFC', 'NPFC', 'IWC', 'NPAFC']",['61'],['61'],[],[],[],[],724,40,856.786062,39.328184,3d8163550-0782-80ba-0fd6-0667802ee50d,LU PENG YUAN YU 089,412331149,CHN,fishing,,True,3717.2621493129127,18294.633333333335,0.1097131028088357,230,385.17970530416346,47.179161666666666,167.35399833333332,38.710942,122.477382
2022-08-04T14:34:17.000Z,2025-02-06T00:08:42.000Z,2fc5a73259576edc8b37f088556473e5,gap,"[-174.43208666666666, -26.751438333333333, 118.951865, 24.819403]",-1.1558,151.9532,[],[],"['ACAP', 'SPRFMO', 'WCPFC', 'IWC']",['81'],['81'],[],[],[],[],437,7,565.863625,3.003219,9809cfde3-31a4-d8fd-c446-e2dc85b7f293,"H3).,/.'1-2",900100002,,gear,,True,9159.411836815394,21993.566666666666,0.22486969993989261,70,160.18582386254573,-26.751438333333333,-174.43208666666666,24.819403,118.951865
2022-08-04T17:46:53.000Z,2024-08-24T00:31:31.000Z,5e491b3b31c237766f5dabef0ca938a8,gap,"[146.757748, 25.526576666666667, 147.88701166666667, 27.425192]",26.477,147.327,[],[],"['ACAP', 'NPFC', 'WCPFC', 'IWC']",['61'],['61'],[],[],[],[],578,450,593.018312,452.179562,8d733a2b0-0560-2287-e98f-068a10bba2c7,994026005         9V,994026005,,gear,,True,239.16888850001573,18006.733333333334,0.007171809907434266,22,28.49500231885692,25.526576666666667,147.88701166666667,27.425192,146.757748
2022-08-06T00:21:37.000Z,2024-04-15T11:01:21.000Z,e36af7da69de54c74d3815abfc7f39b6,gap,"[40.161755, -28.164416666666668, 63.136117, -9.677037]",-19.278,52.2985,[],[],"['ACAP', 'IOTC', 'IWC', 'SIOFA', 'CCSBT']","['51', '51.6']",['51'],[],[],[],[],521,713,636.561312,1001.4638120000001,11fea6bf4-40a8-3cd7-ad4b-45910534e3bd,994030981         9V,994030981,,gear,,True,3160.466735765913,14842.65,0.11497377598153344,91,96.70792724748988,-28.164416666666668,40.161755,-9.677037,63.136117
2022-08-07T12:56:22.000Z,2024-03-28T07:52:53.000Z,bb31896105fa942c558061d75d1663f4,gap,"[68.25107666666666, -34.518872, 102.230918, -31.832576666666668]",-34.3567,84.9727,[],[],"['ACAP', 'IOTC', 'IWC', 'SIOFA', 'CCSBT']","['51', '51.7']",['51'],[],[],[],[],1075,1174,1434.47425,1191.593375,7ca855df2-2de3-ed0c-7df2-e41131f846d0,988100013         9V,988136813,,gear,,True,3161.766212573031,14370.933333333332,0.11879654145046788,67,183.76030146812738,-31.832576666666668,68.25107666666666,-34.518872,102.230918
2022-08-08T05:34:31.000Z,2025-02-21T21:45:51.000Z,c16aecbce88e7688874477d6f3ae3206,gap,"[149.92355833333335, 6.730715, 165.91286, 10.706108333333333]",8.8026,157.961,[],['8316'],"['ACAP', 'WCPFC', 'FFA', 'IWC', 'SPC']","['71', '71.6.1']",['71'],[],[],[],[],191,240,419.326312,299.445281,4a5af43cc-cabd-c79f-7973-1c9fbbbbdb2e,CFA27-11 70%,991302711,,gear,,True,1811.6359180205984,22288.183333333334,0.043888957870200765,21,57.1117293038658,10.706108333333333,149.92355833333335,6.730715,165.91286
2022-08-08T09:23:06.000Z,2024-02-15T04:53:40.000Z,b1c7d2abe781c68478bd051f7dfa7e33,gap,"[110.319907, 13.142565, 175.84398833333333, 17.86168]",18.2538,143.5033,[],[],"['ACAP', 'WCPFC', 'IWC']","['71', '71.6.2']",['71'],[],[],[],[],626,66,829.907625,75.748758,03135b305-5488-3346-3184-63b2dd6a1102,LU023,111113223,,gear,,True,7006.993369748777,13339.5,0.2836293520570485,120,146.18237525124567,13.142565,175.84398833333333,17.86168,110.319907
2022-08-08T20:14:35.000Z,2025-05-16T23:16:40.000Z,933646e22edf06316c1cbf0da04dd4a2,gap,"[116.342883, -5.383835, 166.50389333333334, 22.562003]",9.4663,142.4311,[],[],"['ACAP', 'SPRFMO', 'WCPFC', 'IWC']",['71'],['71'],[],[],[],[],487,39,541.212688,40.082684,d4df5f1dd-df43-7c4f-e6b7-1d05cdca3205,SHENG FENG NO215,413006799,CHN,fishing,,True,6274.4621886434925,24291.033333333333,0.13947280464741077,75,123.2617966835182,-5.383835,166.50389333333334,22.562003,116.342883
2022-08-09T09:56:38.000Z,2024-02-10T01:11:44.000Z,948fe741af48d45b5703cc021832262c,gap,"[-168.833343, 3.5009083333333333, -22.553833333333333, 12.36746]",25.6511,-93.6517,[],[],"['ICCAT', 'ACAP', 'NAMMCO', 'IWC']","['34', '34.4.2', '34.4']",['34'],[],[],[],[],1089,488,1145.114,1407.125125,d6220414a-af06-6cbf-9231-814e6b40dc82,HCS-BUOY-08       9V,994208158,,gear,,True,15892.68615796657,13191.25,0.6505345601198258,16,40.49176956332454,3.5009083333333333,-22.553833333333333,12.36746,-168.833343
2022-08-09T20:36:14.000Z,2025-10-17T17:17:34.000Z,0b9566bf109fb77f0f31c0d14dfb7446,gap,"[-160.08030666666667, -10.383085, 88.023683, 0.673755]",-8.6243,143.2748,[],['8446'],"['ACAP', 'WCPFC', 'FFA', 'IWC', 'SPC']",['77'],['77'],[],[],[],[],98,859,458.882719,961.676312,126fcc0bd-ddb9-75e5-c388-4285f517afc6,NETMARK992-06     9,992000006,,gear,,True,12414.758948923014,27956.683333333334,0.23977928561150763,20,178.85284042788413,-10.383085,-160.08030666666667,0.673755,88.023683
2022-08-09T20:56:26.000Z,2025-05-26T13:36:31.000Z,24c3b9d85ebc594eb1af5f24bc7ff42f,gap,"[-160.11017666666666, -10.353226666666666, 121.791472, 31.353205]",13.4015,164.1185,[],['8446'],"['ACAP', 'WCPFC', 'FFA', 'IWC', 'SPC']",['77'],['77'],[],[],[],[],95,1,458.892562,0.0,4639649ff-f373-eb2d-80c1-bf25f94981af,NETMARK992-04     9,992000004,,gear,,True,9498.98530497422,24496.666666666668,0.2093771291881931,31,178.85284042788413,-10.353226666666666,-160.11017666666666,31.353205,121.791472
2022-08-09T21:01:44.000Z,2026-05-11T01:55:53.000Z,22a549b3681492a8d269b0a40ee2aa61,gap,"[-160.118905, -10.345923333333333, 85.034555, -0.450477]",-9.9534,141.7243,[],['8446'],"['ACAP', 'WCPFC', 'FFA', 'IWC', 'SPC']",['77'],['77'],[],[],[],[],94,845,458.118875,850.8773120000001,fdc6f6468-8a84-5537-0816-59d37520681e,NETMARK992-05     9,992000005,,gear,,True,12712.525866809892,32884.9,0.2087345508391654,54,178.85284042788413,-10.345923333333333,-160.118905,-0.450477,85.034555
2022-08-09T21:03:06.000Z,2025-05-26T13:34:39.000Z,9e3f1c4c352c4bbb57aa6a1ee843bf80,gap,"[-160.12125666666665, -10.344058333333333, 121.791607, 31.353173]",13.4063,164.113,[],['8446'],"['ACAP', 'WCPFC', 'FFA', 'IWC', 'SPC']",['77'],['77'],[],[],[],[],94,1,458.90628100000004,0.0,0779d740a-a267-bbbf-6118-e045aea459e4,NETMARK992-03     9,992000003,,gear,,True,9497.40014779856,24496.516666666666,0.2093434709402314,16,178.85284042788413,-10.344058333333333,-160.12125666666665,31.353173,121.791607
2022-08-09T22:03:54.000Z,2026-01-18T23:09:52.000Z,905699fbf4e3bf801bd3579047e47ef4,gap,"[75.45165833333333, -27.082491666666666, 155.346012, 14.685677]",-8.0584,117.3865,[],[],"['ACAP', 'IOTC', 'IWC', 'SIOFA', 'CCSBT']","['51', '51.7']",['51'],[],[],[],[],1206,728,1476.657125,891.404375,e8ae9b678-89d0-1ca1-7067-e4de9c4f38f8,994162515         7V,994162515,,gear,,True,9780.054218802195,30193.083333333332,0.1749012101648478,79,174.75238121866425,-27.082491666666666,75.45165833333333,14.685677,155.346012
2022-08-10T01:24:19.000Z,2024-05-20T00:36:11.000Z,155e4c0a829be600b766ccff3efc5784,gap,"[-129.80411166666667, -10.174446666666666, 175.99054, 5.554265]",-2.5947,-157.0702,[],[],"['ACAP', 'SPRFMO', 'IATTC', 'IWC']",['77'],['77'],[],[],[],[],966,411,970.862,538.531375,f7113bb11-1aa6-621c-27b8-d347b2360e38,NET FISH 932702 11V9,932700002,,gear,,True,6252.317870087162,15575.183333333332,0.21675388976617904,83,152.28281219083857,-10.174446666666666,-129.80411166666667,5.554265,175.99054
2022-08-10T10:29:34.000Z,2025-09-06T12:35:10.000Z,f28d6e36c86cafbd0d23030f50bc94ff,gap,"[109.08592, -1.9854616666666667, 163.59277333333333, 21.265973]",10.8155,137.3706,[],[],"['ACAP', 'SPRFMO', 'WCPFC', 'IWC']",['71'],['71'],[],[],[],[],402,17,403.195812,11.369719,e130f82a1-1d1c-fa89-0787-da4c22e7e370,SHENG FENG NO215,412006899,CHN,fishing,,True,6462.3779742548095,26954.083333333332,0.1294573779619526,99,129.23979029817514,-1.9854616666666667,163.59277333333333,21.265973,109.08592
2022-08-11T13:56:14.000Z,2025-06-10T05:06:56.000Z,e58761052c8c9464ea28ddf154dace9f,gap,"[-157.67551666666665, -13.288043333333333, 167.271882, 13.24826]",-0.0209,-175.2033,[],[],"['ACAP', 'SPRFMO', 'WCPFC', 'IWC']",['77'],['77'],[],[],[],[],438,206,557.6575,499.68006199999996,ef1bccb1d-d3a4-2282-040e-e34d4e6e1c1d,NETFISH805-14     9V,805458014,,gear,,True,4860.486854900498,24807.166666666668,0.10579414330847817,42,172.9183919897953,-13.288043333333333,-157.67551666666665,13.24826,167.271882
2022-08-13T23:01:24.000Z,2024-06-29T03:00:17.000Z,4031ecffedf4b3a128660304c01ae1d2,gap,"[70.74051833333333, -32.909467, 92.512652, -31.917875]",-32.8863,81.566,[],[],"['ACAP', 'IOTC', 'IWC', 'SIOFA', 'CCSBT']","['51', '51.7']",['51'],[],[],[],[],899,1460,1544.598125,2079.815125,f9a854cbf-ff87-89fc-5de5-11bd77fc2dd7,994030898         9V,994030898,,gear,,True,2043.122897955352,16443.966666666667,0.067088320683807,115,189.7054618963625,-31.917875,70.74051833333333,-32.909467,92.512652
2022-08-14T00:24:59.000Z,2024-04-14T06:39:16.000Z,6e072f75a62dd1e747a579fba14c2948,gap,"[70.68951333333334, -38.493718, 101.723097, -31.971053333333334]",-36.2392,85.5661,[],[],"['ACAP', 'IOTC', 'IWC', 'SIOFA', 'CCSBT']","['51', '51.7']",['51'],[],[],[],[],898,1281,1547.073,1319.813375,fb74f2475-5ae0-c531-8dc6-c5b1784de484,994030896         9V,994030896,,gear,,True,2895.4631527325937,14622.233333333334,0.10692108331422166,165,189.7054618963625,-31.971053333333334,70.68951333333334,-38.493718,101.723097
2022-08-15T10:46:13.000Z,2024-07-26T17:25:44.000Z,e344b4d93ba42ea4d952a11b6ddf479f,gap,"[-131.38299666666666, 37.911358, -122.348032, 38.06758]",38.076,-126.8607,[],[],"['ACAP', 'IATTC', 'NPFC', 'IWC', 'NPAFC']",['77'],['77'],[],[],[],[],653,1,687.761375,0.0,ccf8fd803-3a7f-8b2b-6a36-74ebdad8cd1e,ATHENA,367459260,USA,passenger,,True,791.662464232023,17070.65,0.02504084692748104,28,33.31945171974063,38.06758,-131.38299666666666,37.911358,-122.348032
2022-08-15T13:37:38.000Z,2024-01-19T16:48:10.000Z,8276e02ab157b4d8c1543e770aeef83f,gap,"[112.59105166666667, -27.342021666666668, 123.1349, 26.256997]",-0.5448,117.8883,[],['8323'],"['ACAP', 'FFA', 'IOTC', 'IWC', 'CCSBT']","['57.5.2', '57', '57.5']",['57'],[],[],[],[],122,65,143.504875,169.720922,4897c612e-eaa8-3d12-6598-6e6c045f97a5,FISHING BUOY 22   9,994168301,,gear,,True,6065.775125687765,12531.166666666666,0.26136884413642825,146,158.6198600648217,-27.342021666666668,112.59105166666667,26.256997,123.1349
2022-08-15T22:52:59.000Z,2024-10-26T22:29:39.000Z,f94af322f4e0589d8c6ee92b77a64748,gap,"[163.45055333333335, -3.3845216666666667, 173.879947, 12.573563]",4.6135,168.6063,[],[],"['ACAP', 'SPRFMO', 'WCPFC', 'IWC']",['71'],['71'],[],[],[],[],459,413,498.243719,666.3455,5079745b4-44af-1eec-5b29-fb0540478af3,NET FISH          9V,950555502,,gear,,True,2115.687390589554,19271.6,0.05927789081001662,29,119.89125018826469,-3.3845216666666667,163.45055333333335,12.573563,173.879947
2022-08-16T17:02:45.000Z,2024-09-17T05:03:04.000Z,8a40dd77ff1c45a42991ffaa994f1e09,gap,"[39.12628333333333, -29.307053333333332, 79.568677, -2.1766]",-16.7148,60.7826,[],[],"['ACAP', 'IOTC', 'IWC', 'SIOFA', 'CCSBT']","['51', '51.8']",['51'],[],[],[],[],655,718,673.752562,755.8955,eeae9d06a-ae86-a78d-9db6-6bcfe36ba360,994030562         9V,994030562,,gear,,True,5228.230353169999,18300.0,0.15426330870097602,32,101.67401248141354,-29.307053333333332,39.12628333333333,-2.1766,79.568677
2022-08-16T18:36:49.000Z,2024-04-13T01:40:44.000Z,5598712f6706e27ff32e3272d3a1ecef,gap,"[32.157538333333335, -35.870132, 40.211267, -34.98916]",-35.4966,36.1623,[],[],"['ACAP', 'IOTC', 'IWC', 'SIOFA', 'CCSBT']","['51', '51.8']",['51'],[],[],[],[],428,1070,448.21965600000004,1075.852875,b4346f34a-a41a-8df1-54f9-7ce34c7999bf,NETFISH8376-07    9V,837683007,,gear,,True,736.034771152093,14527.05,0.02735772109709467,30,126.43061598397863,-34.98916,32.157538333333335,-35.870132,40.211267
2022-08-19T07:46:37.000Z,2024-02-11T17:27:55.000Z,3664b7a269c46f1d2083f90576465416,gap,"[-166.07584166666666, -15.642692, -130.318242, -2.809805]",-9.6856,-148.5347,[],[],"['ACAP', 'SPRFMO', 'WCPFC', 'IWC']",['77'],['77'],[],[],[],[],525,714,1052.49675,957.316,491d37da6-6844-5afa-f4d3-78b42a17bb5f,DONGYU1530-020 82%,590797368,,gear,,True,4165.99270451797,12993.683333333332,0.1731192030962266,59,165.48868538125117,-2.809805,-166.07584166666666,-15.642692,-130.318242
2022-08-20T06:09:31.000Z,2024-02-12T10:17:07.000Z,cd8b6ccf3c939293610143cb79aaee36,gap,"[-169.361853, 3.8515266666666665, -23.256546666666665, 12.250042]",25.8716,-94.3573,[],[],"['ICCAT', 'ACAP', 'NAMMCO', 'IWC']","['34', '34.4.2', '34.4']",['34'],[],[],[],[],1111,496,1180.372125,1442.270875,0fe9d8eb2-2c98-c92d-5af6-5bb5b4c66caf,HCS-BUOY-09       9V,994208159,,gear,,True,15863.404270554427,12988.116666666667,0.6594915399734199,63,40.025741240164244,3.8515266666666665,-23.256546666666665,12.250042,-169.361853
2022-08-21T02:10:09.000Z,2024-07-15T19:53:47.000Z,5787e1a17d6143594353a36cf3134958,gap,"[126.96931166666667, 30.973321666666667, 163.30223, 41.308445]",37.54,143.8942,[],[],"['ACAP', 'PICES', 'WCPFC', 'NPFC', 'IWC', 'NPAFC']",['61'],['61'],[],[],[],[],1081,172,1172.0785,239.53956200000002,865e7e729-9cc0-a721-bb8c-a37fd88247fd,,440000088,KOR,other,,True,3429.743074683853,16673.716666666667,0.11106780475543034,190,355.46409764416177,41.308445,163.30223,30.973321666666667,126.96931166666667
2022-08-21T12:16:27.000Z,2024-09-06T22:46:04.000Z,98b3db19b1620f3d211cd2ca20b9665f,gap,"[-165.625335, -13.059328, 150.59241833333334, 7.0425683333333335]",-3.2417,172.2691,[],['8316'],"['ACAP', 'WCPFC', 'FFA', 'IWC', 'SPC']","['71', '71.6.1']",['71'],[],[],[],[],111,168,145.225062,273.67331199999995,e7ebb2afc-c065-238b-11ab-755fb6691731,HNY732-05 72%,991173205,,gear,,True,5327.404868109407,17938.483333333334,0.16035739754840753,64,63.57264281977742,7.0425683333333335,150.59241833333334,-13.059328,-165.625335
2022-08-22T00:15:25.000Z,2024-12-12T06:18:00.000Z,37fdf87e5c4ea816ddd0c1a10157e7d7,gap,"[66.01617833333333, -1.6574466666666667, 120.30699, 36.072222]",19.1632,90.056,[],[],"['ACAP', 'IOTC', 'IWC', 'SIOFA']","['51', '51.4']",['51'],[],[],[],[],750,1,866.0116879999999,0.0,5cdc60870-0415-4d89-7c40-ed9c0b857f9c,VI CHI NO 8,412235544,CHN,other,,True,7001.3659075015885,20238.033333333333,0.18679854376026847,46,204.7027829785986,-1.6574466666666667,66.01617833333333,36.072222,120.30699
2022-08-22T20:41:39.000Z,2024-05-09T17:36:14.000Z,e7d1cecb1549b1ed5680d76b073b8215,gap,"[125.14166666666667, -6.52364, 153.692675, 6.0216666666666665]",-0.259,139.4102,[],['8324'],"['ACAP', 'WCPFC', 'FFA', 'IWC', 'SPC']",['71'],['71'],[],[],[],[],133,1,162.590547,0.0,983eba246-6ce1-3565-dda3-fb73e1d9eaf8,PURPLE BEAUTY-888,548750200,PHL,fishing,,True,3461.823091949378,15020.9,0.12444227249087576,142,347.75285182417474,-6.52364,153.692675,6.0216666666666665,125.14166666666667
2022-08-23T07:34:25.000Z,2025-11-04T10:28:04.000Z,a3c8c00eee6aa2786d9fb55633e3a143,gap,"[159.555267, 37.476837, 169.13317666666666, 39.508221666666664]",38.5902,164.2765,[],[],"['ACAP', 'PICES', 'WCPFC', 'NPFC', 'IWC', 'NPAFC']",['61'],['61'],[],[],[],[],1470,1214,1596.201875,1285.110375,d90fed3db-babd-9e90-12f7-cc2edc23f874,NETFISH872-16,872023016,,gear,,True,863.1535364609425,28058.883333333335,0.016610269870764176,18,103.34285470311842,39.508221666666664,169.13317666666666,37.476837,159.555267
2022-08-24T06:00:40.000Z,2024-07-11T10:37:20.000Z,685c664c31624e75cf8f6944a21cb3ce,gap,"[119.444628, 34.862527, 163.62058, 41.60709333333333]",40.3699,140.4532,[],[],"['ACAP', 'PICES', 'WCPFC', 'NPFC', 'IWC', 'NPAFC']",['61'],['61'],[],[],[],[],1078,9,1153.979125,8.546146,515d81267-76b5-ca5a-317b-652973c8f21d,LUPENGYUANYU 029,412311010,CHN,fishing,,True,3887.0946270318072,16492.6,0.12726090425657646,278,355.46409764416177,41.60709333333333,163.62058,34.862527,119.444628
2022-08-24T12:21:11.000Z,2025-04-02T12:05:26.000Z,d09e98bff6132c9e6470c0082c5d929e,gap,"[-141.18632, -38.010735, 60.902432, -13.248245]",-65.5949,168.2081,[],['8440'],"['ACAP', 'SPC', 'WCPFC', 'IATTC', 'IWC']",['77'],['77'],[],[],[],[],97,1171,339.416,1925.152625,46e1aab75-521b-ae5f-a9d0-f7a6d8859b1f,994165511         9V,994165511,,gear,,True,13867.82088315378,22847.733333333334,0.32773597825740164,86,143.6545118960448,-13.248245,-141.18632,-38.010735,60.902432
2022-08-24T19:24:15.000Z,2024-01-27T21:27:36.000Z,7bcae5a25639fe052a247cf782cbe6ad,gap,"[-172.357267, -35.85355666666667, -145.760915, 12.350082]",-12.0633,-160.3192,[],[],"['ACAP', 'SPRFMO', 'WCPFC', 'IWC', 'IATTC']",['81'],['81'],[],[],[],[],911,571,1344.96025,1713.212625,160f91052-2ba1-7beb-40bc-8be67eca2e3d,BUOY SL-01  100%,168803515,,gear,,True,6044.465968320591,12506.05,0.26097373054252077,96,279.512380265064,-35.85355666666667,-145.760915,12.350082,-172.357267
2022-08-25T14:56:24.000Z,2026-06-19T05:38:29.000Z,6809b49cbd7c3c6ae70d9057b8385e9d,gap,"[-100.16676166666667, -29.350053333333335, 122.064963, 39.094665]",13.1701,-160.5126,[],[],"['ACAP', 'SPRFMO', 'IATTC', 'IWC']","['87', '87.2.6', '87.2']",['87'],[],[],[],[],924,1,931.427375,0.863047,e543ae5bc-ca03-9c26-20a4-c6f0ae2a7194,ZHONGYANG22-1,900222001,,other,,True,16022.52699738492,33446.7,0.25866445600884375,45,163.93867159920765,-29.350053333333335,-100.16676166666667,39.094665,122.064963
2022-08-27T01:22:28.000Z,2025-05-28T07:22:59.000Z,1663457f48dea64f6f3f117a6d53132f,gap,"[121.069855, 31.783403333333332, 163.63842166666666, 41.736333333333334]",38.7097,140.9026,[],[],"['ACAP', 'PICES', 'WCPFC', 'NPFC', 'IWC', 'NPAFC']",['61'],['61'],[],[],[],[],1069,2,1141.8985,0.0,5b88e4fe7-76fb-1b2f-b44b-2949be270e46,LUPENGYUANYU 029,412231000,CHN,cargo,,True,3906.961747611484,24126.0,0.08744054449407627,149,355.46409764416177,41.736333333333334,163.63842166666666,31.783403333333332,121.069855
2022-08-27T16:55:30.000Z,2024-03-13T16:57:35.000Z,23675f6090467d6746eef10b3690a17d,gap,"[30.650198, -37.21016, 79.61126833333333, -31.19399]",-36.7483,56.0624,[],[],"['ACAP', 'IOTC', 'IWC', 'SIOFA', 'CCSBT']","['51', '51.7']",['51'],[],[],[],[],757,521,2064.670875,527.32,975e9f0bb-b9ee-d016-14d7-811fd2607ed0,SH02-2,107000746,,gear,,True,4502.250514295774,13536.033333333333,0.17959624774781635,81,205.30961056055327,-31.19399,79.61126833333333,-37.21016,30.650198
2022-08-27T23:47:33.000Z,2024-03-13T16:48:00.000Z,e6a023045073bea60eb23e325b7f3661,gap,"[30.642543, -37.209983, 79.87805833333333, -31.471698333333332]",-36.9217,56.1592,[],[],"['ACAP', 'IOTC', 'IWC', 'SIOFA', 'CCSBT']","['51', '51.7']",['51'],[],[],[],[],734,520,2103.44875,526.8913120000001,ca7de00f1-1512-a651-e89f-59561353c0a3,01-2          [7.2V],208000560,VAT,gear,,True,4514.734487314917,13529.0,0.18018786327310796,52,205.30961056055327,-31.471698333333332,79.87805833333333,-37.209983,30.642543
2022-08-28T18:35:14.000Z,2024-12-20T18:34:35.000Z,7878c3d13184d78026e25253bf6c1caa,gap,"[164.261452, -26.441403333333334, 178.607865, 31.958838]",2.7804,171.6289,[],[],"['ACAP', 'SPRFMO', 'WCPFC', 'IWC']",['81'],['81'],[],[],[],[],457,1318,397.425125,2015.228375,6b797ec32-2da9-f71f-9dc1-7b93ef0709c3,HF66 BUOY-4  100%,168803548,,gear,,True,6669.556887419417,20279.983333333334,0.17757769117481653,34,122.34417035544043,-26.441403333333334,178.607865,31.958838,164.261452
2022-08-30T08:31:33.000Z,2025-01-10T17:55:00.000Z,1a485f07e07d57f1db6b9f9e9111534d,gap,"[55.664852, -6.061191666666667, 55.953113333333334, -5.667268]",-5.8642,55.8089,[],['8337'],"['ACAP', 'IOTC', 'SWIOFC', 'IWC']","['51', '51.5']",['51'],[],[],[],[],119,97,163.79065599999998,113.873867,f12f6f2b1-17ce-4590-22c3-d8b64c788e90,RS3 NET 2,664000172,SYC,gear,,True,54.178686473444664,20745.383333333335,0.0014101523164735136,51,40.55630559661772,-6.061191666666667,55.953113333333334,-5.667268,55.664852
2022-08-31T09:56:13.000Z,2024-11-20T17:44:04.000Z,8dc72cb1f5913b00f6ba31fa7b82f17a,gap,"[-167.05858, -20.562085, -129.19577, -6.597653333333334]",-14.3246,-148.7085,[],[],"['ACAP', 'SPRFMO', 'WCPFC', 'IWC']",['77'],['77'],[],[],[],[],492,405,856.58175,509.711625,def2528d4-4536-3e7b-6403-982c5b97ca10,000210002-2 90%,210002,CYP,gear,,True,4361.86289690841,19495.783333333333,0.12080651013903625,19,165.7941946672739,-6.597653333333334,-167.05858,-20.562085,-129.19577
2022-08-31T10:17:14.000Z,2026-08-07T13:43:42.000Z,f9bb169f69b5f3875f34fd9f53864cf3,gap,"[-148.572195, -3.383638, -147.690905, -1.8714016666666666]",-2.6276,-148.1318,[],[],"['ACAP', 'SPRFMO', 'IATTC', 'IWC']",['77'],['77'],[],[],[],[],742,774,1079.253125,1036.0019379999999,7940546d7-73a3-739b-88c5-03a2e1ec2740,NET FISH 9766-03  8V,976633303,,gear,,True,194.57087896215185,34491.433333333334,0.0030459699611393555,59,160.50319002632614,-1.8714016666666666,-148.572195,-3.383638,-147.690905
2022-09-02T06:12:45.000Z,2024-03-09T06:10:07.000Z,a7b1fea3325d795662180189cbf0d421,gap,"[-86.986348, -26.730978333333333, 164.00572833333334, 7.733028]",-16.0351,-137.3283,[],[],"['ACAP', 'WCPFC', 'SPRFMO', 'IWC']",['81'],['81'],[],[],[],[],458,239,521.755812,241.356172,138a83b3f-f559-a66c-19cf-a3a44fc7c0a4,108010182,108010182,,gear,,True,12277.282657004349,13295.95,0.4985880887487137,55,76.44177308964528,-26.730978333333333,164.00572833333334,7.733028,-86.986348
2022-09-03T04:20:35.000Z,2024-03-19T13:51:42.000Z,7361cd1695147390a65bf7c6f947007b,gap,"[152.83694, 12.883713, 158.51393833333333, 32.161008333333335]",22.5471,155.4754,[],[],"['ACAP', 'PICES', 'WCPFC', 'NPFC', 'IWC']",['61'],['61'],[],[],[],[],977,477,1652.48375,613.620312,5a1b1bd4d-d17c-96a9-8b39-6039634bcc4d,992067007,992067007,,gear,,True,2220.328160277552,13521.516666666666,0.08866470571320484,22,63.545876178371536,32.161008333333335,158.51393833333333,12.883713,152.83694
2022-09-04T18:14:22.000Z,2024-09-05T12:30:18.000Z,4c2592aa97d477d2e734a44b64457afa,gap,"[-26.974436666666666, 11.908037, -25.615485, 14.009556666666667]",12.9597,-26.2921,[],['8362'],"['ICCAT', 'ACAP', 'NAMMCO', 'IWC', 'SRFC']","['34.3.2', '34', '34.3']",['34'],[],[],[],[],255,335,283.145094,354.527312,e0f0f0ee0-099c-adcd-4b58-9a9ac44e7877,BUOY-01  100%,168805161,,gear,,True,276.2036362155362,17562.25,0.008491966149769447,23,26.99312600174879,14.009556666666667,-26.974436666666666,11.908037,-25.615485
2022-09-07T10:52:54.000Z,2024-10-11T19:16:07.000Z,d09fa4ab95c9e390a2efd75604ea4998,gap,"[-166.15082833333332, -12.71311, -163.362775, -10.143688]",-11.4317,-164.7505,[],['8446'],"['ACAP', 'WCPFC', 'FFA', 'IWC', 'SPC']",['77'],['77'],[],[],[],[],150,247,334.820125,346.885688,6d81f75bf-f58b-f1fd-0677-ddcfdce01521,SLC881-07 77%,991288107,,gear,,True,417.07094231415863,18368.383333333335,0.012260213037777024,106,166.58206419147163,-12.71311,-166.15082833333332,-10.143688,-163.362775
2022-09-08T00:28:39.000Z,2025-06-10T05:05:59.000Z,6e8342ce1732882214e661d19eb9af98,gap,"[-156.69782666666666, -12.506535, 167.270222, 13.248423]",0.3901,-174.6862,[],[],"['ACAP', 'SPRFMO', 'WCPFC', 'IWC']",['77'],['77'],[],[],[],[],401,206,559.388375,499.68006199999996,202e1d941-1681-3927-de1c-c9d7b1810acb,NETFISH805-12     9V,805458012,,gear,,True,4896.982427573771,24148.616666666665,0.10949525658840016,23,171.64712957719303,-12.506535,-156.69782666666666,13.248423,167.270222
2022-09-08T04:35:44.000Z,2025-09-03T21:32:45.000Z,1b9b54a75f31152c490254abe6dabf8a,gap,"[-174.62854, -15.204248333333334, 109.496565, 20.580233]",3.4065,148.1109,[],['8448'],"['ACAP', 'WCPFC', 'FFA', 'IWC', 'SPC']",['77'],['77'],[],[],[],[],112,27,123.51656200000001,34.517516,58b5d5355-58c2-fc81-19f1-a2f49cb6f5bc,R)45.!2-10,900200010,,other,,True,9188.034013027085,26200.95,0.18934967914203754,35,126.8872272682046,-15.204248333333334,-174.62854,20.580233,109.496565
2022-09-08T09:22:36.000Z,2026-05-20T04:42:36.000Z,3f2dcc82a7ae0354013b5d62ffb7441b,gap,"[-168.7033, -12.744758333333333, -157.17709833333333, 2.8689]",-4.9629,-163.0087,[],[],"['ACAP', 'SPRFMO', 'WCPFC', 'IWC']",['77'],['77'],[],[],[],[],411,709,567.7725,1042.580938,54d665d92-2b29-886d-3ed9-30f894e5a4d5,,259004,NOR,gear,,True,2152.7554214594375,32395.333333333332,0.0358815550385822,37,173.75224548610598,-12.744758333333333,-157.17709833333333,2.8689,-168.7033
2022-09-08T15:48:32.000Z,2025-05-22T00:50:22.000Z,ab75a7561e36867dd862a0691e3f6565,gap,"[42.920098333333335, -35.44165, 100.104925, -29.281765]",-35.8131,70.4478,[],[],"['ACAP', 'IOTC', 'IWC', 'SIOFA', 'CCSBT']","['51', '51.6']",['51'],[],[],[],[],464,1369,615.398875,1390.227375,d4bec6673-3e0f-9775-996c-f8cc9f8e437f,994030010         8V,994030010,,gear,,True,5340.892762904615,23673.016666666666,0.12182018981630072,45,104.94173362088256,-29.281765,42.920098333333335,-35.44165,100.104925
2022-09-08T18:32:15.000Z,2024-07-16T04:40:28.000Z,56de97473396fb54c65dace8a371f89d,gap,"[43.01927166666667, -29.33885, 78.248705, -8.189555]",-19.6146,61.7876,[],[],"['ACAP', 'IOTC', 'IWC', 'SIOFA', 'CCSBT']","['51', '51.6']",['51'],[],[],[],[],465,642,614.10125,651.186,1ee3511ed-d638-2ffa-8d2d-168e9b6f2394,994230127         9V,994230127,,gear,,True,4362.200406608834,16234.133333333333,0.1450893459615397,77,105.93123369393791,-29.33885,43.01927166666667,-8.189555,78.248705
2022-09-09T22:19:22.000Z,2024-10-08T18:11:39.000Z,a62776608791563ac79ee2301a173d11,gap,"[43.91407, -31.365850000000002, 52.13816, -24.582703]",-28.0354,48.1558,[],[],"['ACAP', 'IOTC', 'IWC', 'SIOFA', 'CCSBT']","['51', '51.7']",['51'],[],[],[],[],651,471,761.490875,496.673969,bbef47f48-89f7-0512-a95a-2d024f31b51a,AIS BUOY_17_73%,999111117,,gear,,True,1104.3130849382324,18235.866666666665,0.03269827391573987,43,117.59016400126809,-31.365850000000002,43.91407,-24.582703,52.13816
2022-09-12T11:04:15.000Z,2026-02-24T02:24:57.000Z,4790f31386827eca0fe1e294fe531177,gap,"[58.284128333333335, -24.654268333333334, 58.831357, -24.105628]",-24.3802,58.5583,[],[],"['ACAP', 'IOTC', 'IWC', 'SIOFA', 'CCSBT']","['51', '51.7']",['51'],[],[],[],[],447,420,466.443875,460.075062,14c5c0846-66e1-4ca5-bd5f-5099d2124460,NETFISH87206      9,872668006,,gear,,True,82.42224472444302,30255.333333333332,0.0014709622037455312,29,107.03035859604603,-24.654268333333334,58.284128333333335,-24.105628,58.831357
2022-09-12T20:15:30.000Z,2024-09-04T05:17:40.000Z,925924ecc6f5cc9a4d80e8ac4299e303,gap,"[-36.328311666666664, -29.772556666666667, 85.474632, -0.266312]",-28.6935,31.8083,[],[],"['ICCAT', 'ACAP', 'IWC']","['41', '41.2.4', '41.2']",['41'],[],[],[],[],939,853,783.6321879999999,860.302062,d9e80c0b3-38b7-567e-11dd-31eda9f65736,BUOY-06           9V,994008686,,gear,,True,13017.937058835521,17337.033333333333,0.4054398204542856,68,40.01516594191357,-29.772556666666667,-36.328311666666664,-0.266312,85.474632
2022-09-13T08:42:31.000Z,2024-02-21T13:40:02.000Z,b2068130a7a2936e1ec0928fffa26149,gap,"[32.302435, -36.658425, 101.791102, -29.67178]",-38.485,68.6317,[],[],"['ACAP', 'IOTC', 'IWC', 'SIOFA', 'CCSBT']","['51', '51.8']",['51'],[],[],[],[],568,1159,568.562688,1166.747375,806bb43a9-9d7f-caff-ea81-4166bc248a99,HOYUNG-2          9V,994167128,,gear,,True,6374.923137082052,12628.95,0.2725628907688096,99,139.44239149066513,-36.658425,32.302435,-29.67178,101.791102
2022-09-13T10:58:34.000Z,2025-06-28T20:03:52.000Z,d5251379cdb00aff8fd763413943a2b1,gap,"[171.920592, 9.899886666666667, 172.495215, 10.692892]",10.2965,172.2083,[],['8318'],"['ACAP', 'WCPFC', 'FFA', 'IWC', 'SPC']","['71', '71.6.2']",['71'],[],[],[],[],183,122,333.986094,401.483719,ee8f32490-0393-8b4f-60a1-dff165ff31a0,HNY703-01 53%,991170311,,gear,,True,108.29366061816488,24465.083333333332,0.0023900960411703735,115,167.6722736435421,9.899886666666667,172.495215,10.692892,171.920592
2022-09-13T14:36:45.000Z,2024-04-22T19:09:05.000Z,be47c6032d586910888ade65798bd65b,gap,"[-148.14241833333332, 58.68351333333333, -147.364862, 59.192418]",58.9385,-147.7565,[],['8463'],"['ACAP', 'IPHC', 'IWC']",['67'],['67'],[],[],[],[],123,62,143.451547,97.989188,0e5165cc2-282d-b06b-0c51-9a81c44d6b25,941213773,941213773,,other,,True,72.05646418531616,14092.533333333333,0.002760850526271014,23,75.90013429195012,58.68351333333333,-148.14241833333332,59.192418,-147.364862
2022-09-14T16:01:01.000Z,2024-07-13T09:37:33.000Z,49f17045026a99849527837f5841c099,gap,"[-162.38732833333333, -14.21247, -125.771133, -7.983466666666667]",-11.6738,-144.2816,[],['8446'],"['ACAP', 'WCPFC', 'FFA', 'IWC', 'SPC']",['77'],['77'],[],[],[],[],265,1149,591.253,1289.210375,13645ebc3-393e-a697-fa6e-da3e042df881,PING TAI RONG 39-4B,98353713,,gear,,True,4050.228260094651,16025.6,0.13646592355897716,37,177.8248143993624,-7.983466666666667,-162.38732833333333,-14.21247,-125.771133
2022-09-18T20:03:25.000Z,2024-01-05T10:26:31.000Z,2acb7c290226bed99e14e80614cef7d7,gap,"[15.56969, -33.31073666666666, 16.557073333333335, -33.09009666666667]",-33.2014,16.064,[],['8396'],"['ICCAT', 'ACAP', 'IWC', 'CCSBT']","['47', '47.1', '47.1.6']",['47'],[],[],[],[],123,217,129.777508,223.86242199999998,f3d2d612b-bb53-06be-0750-6ff612731bb2,ADISA,353024000,PAN,other,,True,95.08883085898073,11366.383333333333,0.004517167831599075,482,538.0291196442876,-33.09009666666667,16.557073333333335,-33.310736666666664,15.56969
2022-09-19T22:09:31.000Z,2024-01-20T07:19:24.000Z,f7eb1d430ba85ad79b9f66527c99d9aa,gap,"[-150.753078, 57.955133333333336, -149.47718333333333, 58.224788]",58.0916,-150.1127,[],['8463'],"['ACAP', 'IPHC', 'IWC']",['67'],['67'],[],[],[],[],140,61,167.821922,91.775078,1d512506a-ab00-1b3c-65cb-345a0e74028b,941217228,941217228,,gear,,True,80.76294235654203,11697.15,0.00372813037299832,21,74.8825379925233,57.955133333333336,-149.47718333333333,58.224788,-150.753078
2022-09-20T05:08:40.000Z,2025-01-11T15:08:55.000Z,55789fc6bbd0cb2432522c65a234db5e,gap,"[163.441443, -4.75635, 166.666415, -3.718302]",-4.239,165.0528,[],[],"['ACAP', 'SPRFMO', 'WCPFC', 'IWC']",['71'],['71'],[],[],[],[],467,449,471.109031,523.884156,624781194-4cc6-71b9-5793-2405e3d83764,NET FISH 858-09   9V,858899509,,gear,,True,375.78195046474116,20266.0,0.010012139582024016,14,128.4460919253625,-4.75635,166.666415,-3.718302,163.441443
2022-09-20T05:25:23.000Z,2025-06-10T19:02:39.000Z,1362c0bbd8af50e44b48dec5145b2095,gap,"[169.00654, 3.682758333333333, 173.352047, 11.687317]",7.6905,171.1588,[],['8318'],"['ACAP', 'WCPFC', 'FFA', 'IWC', 'SPC']",['71'],['71'],[],[],[],[],105,311,458.277188,553.4765,c8a3283d8-8a75-3a04-9772-326edb55b255,SLC782-09 82%,991278209,,gear,,True,1010.5102883183579,23869.616666666665,0.022858846572993512,63,172.7610315131157,3.682758333333333,169.00654,11.687317,173.352047
2022-09-21T06:11:11.000Z,2024-08-08T16:11:30.000Z,cae9d9464ea89c075da461a418590308,gap,"[158.344672, -14.782806666666668, 158.57898333333333, -11.863263]",-13.3231,158.4611,[],['8314'],"['ACAP', 'WCPFC', 'FFA', 'IWC', 'SPC']",['71'],['71'],[],[],[],[],384,167,387.529281,192.37996900000002,cf1585062-20d0-594c-8c0d-f4865a0e760c,ZS738 4#        11V6,987738004,,gear,,True,325.627187079664,16498.0,0.01065732907345219,71,65.04083301445694,-14.782806666666668,158.57898333333333,-11.863263,158.344672
2022-09-23T13:29:22.000Z,2024-03-08T17:58:49.000Z,c6068f6dbd406bbbda52ab4bf895d30d,gap,"[-170.710593, -15.641635, -132.46072166666667, 11.718007]",-2.0763,-151.7513,[],[],"['ACAP', 'SPRFMO', 'WCPFC', 'IATTC', 'IWC']",['77'],['77'],[],[],[],[],521,568,867.417312,1524.701375,3e09772a6-6a2e-5594-16ea-31aaf8b14eb7,BUOY-A007         5V,994008117,,gear,,True,5193.703218231688,12772.483333333334,0.2195638322341977,100,166.44959885893192,-15.641635,-132.46072166666667,11.718007,-170.710593
2022-09-24T05:27:18.000Z,2026-03-10T00:19:07.000Z,a7032e1a727b1a9cbfecc68f325d5d13,gap,"[149.321403, 0.6610266666666667, 158.67007333333333, 15.315105]",8.0144,154.0803,[],[],"['ACAP', 'SPRFMO', 'WCPFC', 'IWC']",['71'],['71'],[],[],[],[],433,357,702.46425,384.140719,087ee6f36-61c8-3ae3-4977-f230c45d9258,NET FISH 939-07 11V6,939760007,,gear,,True,1925.8029721136875,30306.85,0.03431073888932828,16,104.97501886631053,0.6610266666666667,158.67007333333333,15.315105,149.321403
2022-09-24T06:43:07.000Z,2024-07-02T02:05:04.000Z,f5aa512d62e594a49794620fc5ed07d3,gap,"[130.426958, 2.9895316666666667, 141.43120166666668, 13.159233]",8.1113,135.9987,[],[],"['ACAP', 'SEAFDEC', 'SPRFMO', 'WCPFC', 'IWC']",['71'],['71'],[],[],[],[],524,541,610.588375,609.5406879999999,edf646eed-d60b-dac3-7d35-bbe449d09e5d,2361-14           9V,236100014,GIB,gear,,True,1655.9824622837646,15523.35,0.05760090424511975,14,26.9589971643403,2.9895316666666667,141.43120166666668,13.159233,130.426958
2022-09-24T06:58:24.000Z,2024-10-08T06:02:03.000Z,a16137e652b80490257a5c624571701d,gap,"[-145.375378, -16.470656666666667, -132.25731666666667, -9.301992]",-12.9683,-138.9108,[],[],"['ACAP', 'SPRFMO', 'WCPFC', 'IATTC', 'IWC']",['77'],['77'],[],[],[],[],488,531,786.465438,574.490312,6868a691b-b2c1-6190-e2b6-963513c53318,BUOY-05  100%,168805378,,gear,,True,1629.0424754145615,17879.05,0.04919794774993335,55,170.79756918219147,-16.470656666666667,-132.25731666666667,-9.301992,-145.375378
2022-09-25T03:31:00.000Z,2025-08-03T19:25:28.000Z,c9b9589e2a265e45cd8af16e21af4c91,gap,"[-150.114845, -15.17861, -143.82473, -13.788058333333334]",-14.5043,-146.9599,[],['8440'],"['ACAP', 'SPC', 'WCPFC', 'IATTC', 'IWC']",['77'],['77'],[],[],[],[],131,153,249.682328,197.052562,a5c6d67cf-f634-379f-b037-0cc2c1c50a3f,BUOY 070          9V,994161070,,fishing,,True,694.5900499277951,25047.9,0.014973256164036252,150,144.28227159121064,-13.788058333333334,-143.82473,-15.17861,-150.114845
2022-09-25T04:00:30.000Z,2026-03-20T18:02:52.000Z,a7a23fcea7849ed05dc64008b66097e2,gap,"[145.186172, 32.612548, 177.96662666666666, 40.91163]",37.9047,160.6631,[],[],"['ACAP', 'PICES', 'WCPFC', 'NPFC', 'IWC', 'NPAFC']",['61'],['61'],[],[],[],[],1165,502,1284.961375,528.853,7f63168f7-72da-0883-1bb5-ad3432b277dd,NET FISH 770221 11V5,770222221,URY,gear,,True,3042.036882540673,30542.033333333333,0.05378058799046591,43,124.58780559870841,40.91163,177.96662666666666,32.612548,145.186172
2022-09-26T11:00:37.000Z,2025-06-08T00:41:29.000Z,a3463d957285dda0665ee43213aba0aa,gap,"[118.652797, 38.478518, 157.2087, 43.51125]",42.635,137.1654,[],[],"['ACAP', 'PICES', 'WCPFC', 'NPFC', 'IWC', 'NPAFC']",['61'],['61'],[],[],[],[],555,31,757.673875,16.685351999999998,06f27f99a-aaa2-85c6-6458-7995820928e3,YUNJUN,412987612,CHN,other,,True,3254.0204245862806,23653.666666666668,0.07428152647958361,59,281.0370041176446,43.51125,157.2087,38.478518,118.652797
2022-09-28T02:24:14.000Z,2024-12-27T14:44:06.000Z,c664ededa2a389c23b567366f39cf984,gap,"[-161.06861, -20.959056666666665, -151.12101666666666, -19.496666666666666]",-20.2981,-156.0714,[],['8446'],"['ACAP', 'WCPFC', 'FFA', 'IWC', 'SPC']",['77'],['77'],[],[],[],[],131,209,136.476328,251.834438,a7208f391-1492-19fa-8df0-594be3bfe4ef,FRENCH WARSHIP,228763000,FRA,other,,True,1050.370962074666,19716.316666666666,0.028765765772235167,17,532.9737453650887,-20.959056666666665,-161.06861,-19.496666666666666,-151.12101666666666
2022-09-28T15:09:11.000Z,2026-09-12T21:16:46.000Z,ec86cce180589a984709274afebf7847,gap,"[1.076628, -32.177433, 159.07266833333333, 1.532225]",-52.8613,103.1956,[],[],"['ACAP', 'SPRFMO', 'WCPFC', 'IWC']",['71'],['71'],[],[],[],[],479,1334,605.623062,1493.578375,5d3ff4751-1a3f-9e99-efc1-07b0db33bc18,994162545         9V,994162545,,gear,,True,15901.671576378487,34686.11666666667,0.24754041614106118,139,115.2554977690483,1.532225,159.07266833333333,-32.177433,1.076628
2022-09-29T10:08:56.000Z,2024-02-15T18:31:07.000Z,b4e1a65196750fe76bd252bff2001dbf,gap,"[-31.778763, -31.63303, 8.377255, 10.213465]",-11.3813,-13.2147,[],[],"['ICCAT', 'ACAP', 'IWC', 'CCSBT']","['47', '47.C', '47.C.1']",['47'],[],[],[],[],815,918,847.864875,946.188812,75555e8b7-7c4d-1cfe-f03c-862cd3e99317,BUOY-20           9V,994208220,,gear,,True,6316.920801000811,12104.366666666667,0.2817879247482065,37,102.31329089968787,-31.63303,8.377255,10.213465,-31.778763
2022-09-29T23:48:35.000Z,2024-12-22T04:45:27.000Z,43e7c31dc9ab8c8726165aec00215ece,gap,"[64.52470666666666, -15.677078333333334, 86.331442, -2.273885]",-9.1377,75.6329,[],[],"['ACAP', 'IOTC', 'IWC', 'SIOFA']","['51', '51.7']",['51'],[],[],[],[],455,1092,459.785469,1098.891125,ac71aa8a5-5171-558f-fdad-23f61847750b,994068108         9V,994068108,,gear,,True,2815.638522081496,19540.933333333334,0.07780197343371122,49,72.35632421076804,-15.677078333333334,64.52470666666666,-2.273885,86.331442
2022-09-30T22:19:53.000Z,2025-11-21T10:03:44.000Z,3feeede0dc67f4a8cec6c47b4b46be8e,gap,"[-18.07520166666667, -5.971561666666667, 120.469503, 39.368543]",38.8212,32.8764,[],[],"['ICCAT', 'ACAP', 'IWC']","['34', '34.4.1', '34.4']",['34'],[],[],[],[],458,63,457.959,47.607695,21630ba3a-abeb-c56a-0c95-830c011733ad,FYY-13-96%,178800013,,gear,,True,14450.889488507819,27539.716666666667,0.28333102296404394,17,47.69302364559668,-5.971561666666667,-18.07520166666667,39.368543,120.469503
2022-10-01T01:22:01.000Z,2024-08-01T22:26:06.000Z,ca94709800c85f869ce052d8280d74e5,gap,"[31.25817, -37.16551666666667, 32.17057, -35.649348]",-36.4083,31.7188,[],[],"['ACAP', 'IOTC', 'IWC', 'SIOFA', 'CCSBT']","['51', '51.8']",['51'],[],[],[],[],551,478,551.9881879999999,487.61518800000005,d722fcb8b-bd01-0a78-0077-0282cb06c2b8,B-BUOY-012        9V,994008972,,gear,,True,187.31998556581163,16101.066666666668,0.006281863352499704,78,144.56606453777368,-37.16551666666667,31.25817,-35.649348,32.17057
2022-10-02T10:21:50.000Z,2024-09-03T06:00:17.000Z,555dd41f4bf8c2adfc036745cb694cb8,gap,"[-47.587255, -31.903076666666667, -37.35626833333333, -25.735718]",-28.916,-42.6238,[],[],"['ICCAT', 'ACAP', 'IWC']","['41', '41.2.4', '41.2']",['41'],[],[],[],[],1087,69,872.279938,56.997051,1a9efa168-813f-e50f-e338-57538c4cefe1,B1 LUKA F 85%,710000054,BRA,gear,,True,1208.8514915903636,16843.633333333335,0.038752184539666786,35,41.006228044745804,-31.903076666666667,-37.35626833333333,-25.735718,-47.587255
2022-10-02T20:10:36.000Z,2025-11-18T09:54:47.000Z,354875e02b1e3ad07c4c864a83c5bdcf,gap,"[-99.26906166666667, -16.03565, 120.142372, 26.341928]",14.9059,-163.9886,[],[],"['ACAP', 'SPRFMO', 'IWC', 'IATTC']","['87', '87.1', '87.1.4']",['87'],[],[],[],[],1600,7,1605.99875,8.048859,736326e6d-d21f-e770-3a2d-ababfc8ec48f,ZHONGYANG22-8    8V1,900220008,,gear,,True,15789.73287983249,27421.733333333334,0.3109130115728433,49,131.2427389062572,-16.03565,-99.26906166666667,26.341928,120.142372
2022-10-04T11:04:14.000Z,2024-02-15T09:38:07.000Z,6e361a0606a3ce5cfa49a885733eda4b,gap,"[170.204468, -16.390776666666667, 173.12748333333334, -16.358158]",-16.3795,171.6659,[],[],"['ACAP', 'SPRFMO', 'WCPFC', 'IWC']",['71'],['71'],[],[],[],[],407,182,432.608906,209.455094,4ea4f5d57-76b5-a25e-af88-9d7708deb9a2,706              6V0,987706002,,gear,,True,311.8602733535047,11974.55,0.014062413729516896,80,93.9688451661845,-16.390776666666667,173.12748333333334,-16.358158,170.204468
2022-10-04T17:25:49.000Z,2025-08-03T06:35:02.000Z,3591e945f0f5b3990a849ed542fe82c6,gap,"[-176.31328, 37.76377333333333, 170.02481, 42.312695]",40.2392,176.6267,[],[],"['ACAP', 'PICES', 'WCPFC', 'NPFC', 'IWC', 'NPAFC']",['61'],['61'],[],[],[],[],1503,1014,1800.790125,1062.202375,a9d02ea9e-e26e-d454-07b3-6c8de2d971b7,994169396         8V,994169396,,gear,,True,1266.3803441869377,24805.15,0.027566480452903438,78,111.12360279616057,37.76377333333333,170.02481,42.312695,-176.31328
2022-10-05T05:46:49.000Z,2026-03-13T09:05:36.000Z,8b2a42fe652083aec73fb39dd8edd59f,gap,"[-60.452708333333334, -45.94383166666667, 156.39535166666667, 43.84962]",-3.3049,-135.1579,[],[],"['ACAP', 'PICES', 'WCPFC', 'NPFC', 'IWC', 'NPAFC']",['61'],['61'],[],[],[],[],482,411,684.105625,427.382781,f23a4b613-31c0-8a4a-a737-5275cd885f78,LUPENGYUANYU 029,410200000,BTN,other,,True,17129.267296879763,30123.3,0.3070402119011483,136,267.0527615601181,43.84962,156.39535166666667,-45.94383166666667,-60.452708333333334
2022-10-07T03:45:18.000Z,2025-10-29T16:42:00.000Z,2032578514460ff492ff2ff093403448,gap,"[161.342605, 15.724755, 177.89093333333332, 29.89412]",23.0239,170.0523,[],[],"['ACAP', 'WCPFC', 'IWC']","['71', '71.6.2']",['71'],[],[],[],[],962,957,1191.85875,1893.689,84071bc1b-b312-eba3-a9b1-4f5b504367be,NETFISH96868-02   9,968686802,,gear,,True,2309.5281817763407,26844.933333333334,0.04645366181537156,19,136.6854130341454,15.724755,177.89093333333332,29.89412,161.342605
2022-10-07T17:10:03.000Z,2024-06-29T11:11:55.000Z,458f1e539ba54c5bd1fb670f88a90c50,gap,"[-19.680225, 23.529963333333335, -15.421815, 28.139029999999998]",25.85,-17.5925,[],['8368'],"['ICCAT', 'ACAP', 'NAMMCO', 'IWC']","['34', '34.1.31', '34.1.3', '34.1']",['34'],[],[],[],[],330,1,365.999531,0.0,0fe2d4ebd-dcee-727b-f6e9-8d92e6b76576,STORMFUGLEN,258036000,NOR,fishing,,True,666.420953133606,15138.016666666666,0.023770519978504788,243,213.66600912983176,23.529963333333335,-19.680225,28.13903,-15.421815
2022-10-10T01:59:43.000Z,2025-03-02T02:00:56.000Z,26afff00c1a05894b1fdcbd32ef6f571,gap,"[-127.04568166666667, -8.653953333333334, 115.201315, 14.018635]",5.1785,174.969,[],[],"['ACAP', 'SPRFMO', 'IATTC', 'IWC']",['77'],['77'],[],[],[],[],1285,325,1289.840625,456.116719,2e70471fe-e4ac-83e2-216a-ab6ccee46aac,ESSIEN 108,577000009,VUT,fishing,,True,13219.749391872896,20976.016666666666,0.3402978619608315,289,147.34977352456025,-8.653953333333334,-127.04568166666667,14.018635,115.201315
2022-10-10T09:19:19.000Z,2024-08-16T06:39:23.000Z,e358cb7fdeaaf5b98cd1904172d2e962,gap,"[166.01651, 38.00484333333333, 177.740673, 40.906337]",39.603,171.756,[],[],"['ACAP', 'PICES', 'WCPFC', 'NPFC', 'IWC', 'NPAFC']",['61'],['61'],[],[],[],[],1507,1167,1604.641625,1290.665125,5c83ac02a-a101-3bb3-ab4d-24640464f99f,888268011         9V,888268011,,gear,,True,1056.039401745627,16221.333333333334,0.03515220654014446,18,91.88826730747176,38.00484333333333,166.01651,40.906337,177.740673
2022-10-10T10:35:32.000Z,2025-04-19T21:04:09.000Z,47843a25322138c87b833d54b99e9f33,gap,"[61.137595, -2.8752416666666667, 72.52049833333334, 14.598093]",5.8903,66.9191,[],['8345'],"['ACAP', 'IOTC', 'SWIOFC', 'IWC']","['51', '51.4']",['51'],[],[],[],[],252,601,415.04071899999997,669.722938,1c0cead5b-bcac-5bc1-c134-df26ea7f44f8,IMULA1879MTR NET12,964172308,,gear,,True,2312.4959534710492,22138.466666666667,0.05640173467481292,19,20.77208016909888,-2.8752416666666667,72.52049833333334,14.598093,61.137595
2022-10-11T00:56:22.000Z,2025-01-18T04:43:28.000Z,52e6b262738bd93f9c96ebb902893919,gap,"[-163.90457, -4.414305, 109.637382, 21.322712]",11.524,154.6946,[],[],"['ACAP', 'SPRFMO', 'WCPFC', 'IWC']",['77'],['77'],[],[],[],[],619,12,986.78025,5.3190420000000005,9caebf008-874e-e428-54e0-6897ae153304,DYY2605-3        86%,45097944,LBN,gear,,True,9820.271988326476,19923.783333333333,0.26614035011167797,15,173.40057755423433,-4.414305,-163.90457,21.322712,109.637382
2022-10-11T11:37:09.000Z,2024-02-01T05:35:47.000Z,c1abb66cafc96a4db1bb3e71a00cbf82,gap,"[-163.332425, -4.6550416666666665, 113.536208, 21.208997]",10.9982,156.7986,[],[],"['ACAP', 'SPRFMO', 'WCPFC', 'IWC']",['77'],['77'],[],[],[],[],598,80,955.469438,65.95098399999999,b7cd7adb7-73e9-8053-0fcf-c1841b872911,DYY2605-2        99*,44869459,,gear,,True,9486.050682268547,11465.966666666667,0.4467183406966742,40,173.40057755423433,-4.6550416666666665,-163.332425,21.208997,113.536208
2022-10-11T20:31:32.000Z,2025-08-18T17:09:11.000Z,33e631f8b64dc9cf3dedcc2e03b7265a,gap,"[-165.94224166666666, -13.259596666666667, -157.827255, -7.534707]",-10.4227,-161.8475,[],['8446'],"['ACAP', 'WCPFC', 'FFA', 'IWC', 'SPC']",['77'],['77'],[],[],[],[],196,158,306.298688,858.902562,40d3eea52-2d8b-174d-3e9a-e27e8da26578,HNY721-13 85%,991172113,,gear,,True,1091.8696625617974,25004.616666666665,0.023578144014224613,15,169.3453981085708,-13.259596666666667,-165.94224166666666,-7.534707,-157.827255
2022-10-12T13:16:47.000Z,2024-02-19T21:52:04.000Z,84a1d0295fa960dc2ae0b742287986c1,gap,"[168.92423666666667, 5.316897, 171.167723, 11.420333333333334]",8.3702,170.0548,[],['8318'],"['ACAP', 'WCPFC', 'FFA', 'IWC', 'SPC']","['71', '71.6.2']",['71'],[],[],[],[],94,104,320.71431199999995,196.711938,c18b91c74-4652-1b5f-01b9-56ee93d8cda4,SLC712-05100%,991271205,,gear,,True,722.114164173853,11888.583333333334,0.03279704947890471,157,159.947273336726,11.420333333333334,168.92423666666667,5.316897,171.167723
2022-10-13T02:14:26.000Z,2024-12-20T05:57:39.000Z,44cdac17a0ecc62061cbfb5fa8129354,gap,"[67.66414833333333, -16.280015, 88.845547, -0.17962]",-8.3704,78.474,[],[],"['ACAP', 'IOTC', 'IWC', 'SIOFA']","['51', '51.7']",['51'],[],[],[],[],580,808,586.4685,946.20025,ef14e558d-d88e-b7eb-06c2-3d3a0947bfc4,994068101         9V,994068101,,gear,,True,2932.456266347527,19179.716666666667,0.08255594904603474,19,82.19492900891659,-16.280015,67.66414833333333,-0.17962,88.845547
2022-10-13T11:50:20.000Z,2025-04-22T11:22:13.000Z,55d6ae9fc5a7ee9cd3120d94f51c2fce,gap,"[-47.571682, -26.069438, -26.625441666666667, -7.499105]",-17.0516,-36.5763,[],[],"['ICCAT', 'ACAP', 'IWC']","['41', '41.1.4', '41.1']",['41'],[],[],[],[],756,92,757.64075,71.53180499999999,a88d73408-86c8-6e62-d8ca-c2bac041a33b,B4 SAO MATEUS V 91%,710000075,BRA,gear,,True,3029.1828801556194,22127.516666666666,0.07391827694408984,24,40.74672069468914,-7.499105,-26.625441666666667,-26.069438,-47.571682
2022-10-15T00:20:54.000Z,2024-03-10T09:23:52.000Z,33b843bc61c14e1feb9ef495978e53e2,gap,"[51.879423333333335, -11.0402, 57.929213, -5.324222]",-8.1935,54.9261,[],['8337'],"['ACAP', 'IOTC', 'SWIOFC', 'IWC']","['51', '51.6']",['51'],[],[],[],[],123,234,313.46143800000004,256.930609,403fee174-4dc3-e99b-1f91-7c8a848148fd,VK1-08            9V,994090628,,gear,,True,920.2947363257751,12297.033333333333,0.040409698062426454,17,47.8790378239068,-11.0402,51.879423333333335,-5.324222,57.929213
2022-10-15T10:44:50.000Z,2024-10-09T09:24:36.000Z,144844c5a4676a03ff86658bfbe49581,gap,"[-49.750402, -31.33434, -27.162775, -7.453988333333333]",-19.7458,-37.6048,[],[],"['ICCAT', 'ACAP', 'IWC']","['41', '41.1.4', '41.1']",['41'],[],[],[],[],704,96,705.779562,147.95784400000002,d80d671a8-8a11-09a2-c947-dbc8ee96ab8a,B3 SAO MATEUS V 92%,710000074,BRA,gear,,True,3541.623387742536,17398.65,0.10991218534136213,18,39.533413804708026,-7.453988333333333,-27.162775,-31.33434,-49.750402
2022-10-17T10:13:54.000Z,2024-08-02T02:00:21.000Z,3d8a2960ac0331f9dac6c53b79898a09,gap,"[-128.40137, -35.592353, 31.578735, -12.290861666666666]",-66.2023,-75.8266,[],[],"['ACAP', 'SPRFMO', 'IATTC', 'IWC']",['77'],['77'],[],[],[],[],1095,437,1137.773,441.12925,3461da808-852d-64ec-abf3-492f9935ee9c,SGS 2 BUOY-28     9V,994008988,,gear,,True,14289.533532975021,15711.766666666666,0.49107977562497096,132,162.6055783381208,-12.290861666666666,-128.40137,-35.592353,31.578735000000002
2022-10-18T03:13:48.000Z,2024-03-09T09:25:21.000Z,65a44fe45b520e06b10380781c66d478,gap,"[-19.092573, -8.737988333333334, -18.459865, -5.387837]",-7.063,-18.7774,[],[],"['ICCAT', 'ACAP', 'IWC']","['47', '47.A.0', '47.A']",['47'],[],[],[],[],453,587,453.96825,586.947688,87ff5fc0d-dd2b-9e30-29f7-678a1afaa014,994060020         9V,994060020,,gear,,True,379.00509556232674,12198.183333333332,0.01677679161732539,57,48.81559681131889,-8.737988333333334,-18.459865,-5.387837,-19.092573
2022-10-20T10:09:36.000Z,2024-03-26T05:21:05.000Z,e07eed6bdb92930de2178b817dbfa764,gap,"[64.526108, -4.653723333333334, 74.37051333333334, 1.8279969999999999]",-1.4181,69.4414,[],['8344'],"['ACAP', 'IOTC', 'SWIOFC', 'IWC']","['51', '51.4']",['51'],[],[],[],[],245,932,364.898031,996.7668120000001,df57652d2-2ec8-5f3e-d9bc-024a1e6f326a,IMULA 1885 MTR BU-3,994177472,,gear,,True,1309.849961664079,12547.183333333332,0.056368220621101264,24,25.89414038079736,-4.653723333333334,74.37051333333334,1.827997,64.526108
2022-10-20T12:55:56.000Z,2024-06-09T21:18:23.000Z,e751fa478193fd090fb39569f15fa055,gap,"[-167.850348, -11.707422, 151.313165, 9.663829999999999]",-1.0903,171.6596,[],['8316'],"['ACAP', 'WCPFC', 'FFA', 'IWC', 'SPC']","['71', '71.6.1']",['71'],[],[],[],[],119,234,252.555656,418.330062,b7f6dff2f-f8b1-8079-a7e1-b4c86dec1737,HNY736-05 93%,991173605,,gear,,True,5100.739103778148,14360.366666666667,0.19179028263468162,44,68.95927784992469,9.663829999999999,151.313165,-11.707422,-167.850348
2022-10-24T04:30:00.000Z,2024-01-02T17:54:36.000Z,37c8e697c60faecb6837cf6edbb55b93,gap,"[-179.35079166666668, 3.9783649999999997, 141.525718, 15.810252]",10.4871,161.4554,[],[],"['ACAP', 'SPRFMO', 'WCPFC', 'IWC']",['71'],['71'],[],[],[],[],461,422,901.683375,424.363625,5cd40cb1d-dce0-87bc-eb40-8df6afb4c251,NETFIH9927-08     9V,992766608,,gear,,True,4472.538448834239,10453.4,0.23102316606705528,96,155.48060924440074,3.9783649999999997,-179.35079166666668,15.810252,141.525718
2022-10-25T14:06:13.000Z,2025-08-01T14:21:39.000Z,9ef68a67d942631b8adf338248941ec9,gap,"[119.77109, -4.496815, 168.85851499999998, 38.892258]",18.7634,147.5331,[],[],"['ACAP', 'SPRFMO', 'WCPFC', 'IWC']",['71'],['71'],[],[],[],[],406,70,491.709844,45.005355,57c09e01d-d12b-ad55-a234-d16a98c76462,CCS-007          8V0,44742959,KWT,gear,,True,6969.873749790733,24264.25,0.15510187829530941,61,135.03234879424747,-4.496815,168.85851499999998,38.892258,119.77109
2022-10-26T02:11:02.000Z,2026-03-16T11:15:52.000Z,021d88f6076f311568cb5b2c6647f8a8,gap,"[72.67729833333334, 18.945898333333332, 160.00452333333334, 40.265341666666664]",38.0042,110.5127,[],[],"['ACAP', 'PICES', 'WCPFC', 'NPFC', 'IWC', 'NPAFC']",['61'],['61'],[],[],[],[],978,11,1126.794,1.111949,79dc4b337-7499-936e-b675-968e003693d0,LU PENG YUAN YU 079,411110000,,fishing,,True,8440.450938986643,29697.066666666666,0.15346562540655267,171,325.6012202774016,40.265341666666664,160.00452333333334,18.945898333333332,72.67729833333334
2022-10-27T18:12:37.000Z,2024-09-26T08:22:15.000Z,1c6b632c6bc90f1caccc2ba69e55ed4b,gap,"[100.72763166666667, -31.592863333333334, 135.49811, -8.728373]",-21.0377,119.4445,[],[],"['ACAP', 'IOTC', 'IWC', 'SIOFA', 'CCSBT']","['57', '57.3']",['57'],[],[],[],[],1292,211,1293.48375,236.59125,3f2d437e5-5974-f063-2fae-b8854fc196e1,994271061         9V,994271061,,gear,,True,4397.5133328240445,16790.15,0.14142025189444982,162,225.13408574451674,-31.592863333333334,100.72763166666667,-8.728373,135.49811
2022-10-28T03:47:54.000Z,2024-03-28T07:55:54.000Z,ada1294b649be9c16f3b309937faca16,gap,"[51.96885833333333, -34.524745, 102.231512, -8.956408333333334]",-23.7528,74.6697,[],['8337'],"['ACAP', 'IOTC', 'SWIOFC', 'IWC']","['51', '51.5']",['51'],[],[],[],[],107,1174,470.350656,1191.593375,0a5f57ece-e95f-d5c6-1ccc-83ce3ca0f935,988136817         9V,988136817,,gear,,True,5839.878359454694,12412.133333333333,0.2540483546912224,20,44.20350604294254,-8.956408333333334,51.96885833333333,-34.524745,102.231512
2022-10-28T14:46:07.000Z,2024-01-18T22:14:24.000Z,8f3d5d3163ab3b61ae8237aa1560a582,gap,"[173.289418, -16.447643, 173.60162499999998, -13.969510000000001]",-15.2086,173.4464,[],[],"['ACAP', 'SPRFMO', 'WCPFC', 'IWC']",['71'],['71'],[],[],[],[],403,389,520.546031,414.354031,14270910d-de4b-831c-1ef8-856a552f4444,LRYY138...01,108010169,,gear,,True,277.5847359691596,10735.466666666667,0.01396155112542927,69,102.34605476006902,-13.969510000000001,173.60162499999998,-16.447643,173.289418
2022-10-28T23:37:31.000Z,2024-02-02T10:25:31.000Z,58a8b104284d22017d60b977e774f967,gap,"[63.64234333333333, 0.192703, 64.61536, 2.3888716666666667]",1.2908,64.1291,[],[],"['ACAP', 'IOTC', 'IWC', 'SIOFA']","['51', '51.5']",['51'],[],[],[],[],1018,926,1103.512625,981.498438,1cfece33c-c67f-7a13-d944-294ccee2684c,IMULA 0969 CHW BU-14,994178394,,gear,,True,267.08410025255665,11074.8,0.013021804188447514,16,17.21007257723692,2.3888716666666667,63.64234333333333,0.192703,64.61536
2022-10-29T02:19:24.000Z,2024-02-03T09:44:59.000Z,790c67e41bba3f569cf0a0ac52ccda83,gap,"[63.642669999999995, 0.79897, 64.52393000000001, 2.3185083333333334]",1.5588,64.0835,[],[],"['ACAP', 'IOTC', 'IWC', 'SIOFA']","['51', '51.5']",['51'],[],[],[],[],1019,937,1102.266125,990.679562,c0c1fe6bb-b8b3-ee58-94c5-49890c7e0563,IMULA 0969 CHW BU-13,994178393,,gear,,True,195.30480799450268,11095.416666666666,0.009504479461421354,39,17.21007257723692,2.3185083333333334,63.642669999999995,0.79897,64.52392999999999
2022-10-29T16:33:36.000Z,2024-05-19T18:36:59.000Z,798914590fa2537a555535b83085c887,gap,"[-130.63745166666666, -6.224415, 176.331295, 4.938275]",-0.7187,-157.1844,[],[],"['ACAP', 'SPRFMO', 'WCPFC', 'IATTC', 'IWC']",['77'],['77'],[],[],[],[],980,409,1000.947,544.609875,4fe16ac59-9efe-1d1d-2f8e-cd3b164129b3,NET FISH 932703 12V0,932700003,,gear,,True,6016.368687347809,13634.05,0.23826956809102434,52,138.28922684846688,-6.224415,-130.63745166666666,4.938275,176.331295
2022-10-31T03:24:24.000Z,2024-12-09T08:45:18.000Z,2008caedb35498dced252f19b15cc9f9,gap,"[-168.13948666666664, -15.292267, -132.466473, -6.532431666666667]",-11.449,-150.5752,[],[],"['ACAP', 'SPRFMO', 'WCPFC', 'IWC']",['77'],['77'],[],[],[],[],412,545,903.119688,858.307125,09c4a0479-94e2-ba56-5bec-51f7a715d54e,22-04-99%,928005304,,gear,,True,4008.4875481091713,18485.333333333332,0.1170879682903076,22,162.3861476254248,-6.532431666666667,-168.13948666666664,-15.292267,-132.466473
2022-10-31T17:08:01.000Z,2026-07-20T08:19:07.000Z,3edc8ace295e08459d8b5b51e5e2dc1a,gap,"[68.69905, -10.796568333333333, 110.906473, -5.431963]",-8.689,89.9505,[],[],"['ACAP', 'IOTC', 'IWC', 'SIOFA']","['51', '51.7']",['51'],[],[],[],[],535,57,562.552875,72.971469,877931122-2c06-0180-4a29-2a3bdb8b887f,89-02-99%,123089002,,gear,,True,4680.410193915042,32583.183333333334,0.07756207554412116,38,51.31330096886468,-10.796568333333333,68.69905,-5.431963,110.906473
2022-11-01T00:39:25.000Z,2026-01-09T22:18:49.000Z,a0ef381bc381928e5b662ed3fa1ce4b2,gap,"[-60.62511333333333, -45.508968333333335, 149.83989000000003, 41.43615833333333]",-7.6495,-142.4497,[],['48950'],"['ACAP', 'PICES', 'WCPFC', 'IWC']",['61'],['61'],[],[],[],[],358,383,365.46146899999997,404.029969,1bd2e2460-0238-56fd-c556-f37750497620,LUPENGYUANYU 029,422331041,IRN,other,,True,17530.93675684949,27981.65,0.33829129350173776,76,165.40070375918933,41.43615833333333,149.83989000000003,-45.508968333333335,-60.62511333333333
2022-11-01T13:38:50.000Z,2024-05-27T12:51:51.000Z,432ee365947009ceba3dab345f500753,gap,"[51.291677, -35.567215, 74.41705499999999, -20.791173333333333]",-28.6685,63.6686,[],[],"['ACAP', 'IOTC', 'IWC', 'SIOFA', 'CCSBT']","['51', '51.7']",['51'],[],[],[],[],1147,1154,1154.036625,1238.5915,e2f082f46-6d62-5c03-931b-9e62c8243393,LONGLINE BUOY 0799% ,294907,,gear,,True,2787.1452442547666,13751.216666666667,0.10944035523072204,39,119.58447555179076,-20.791173333333333,74.41705499999999,-35.567215,51.291677
2022-11-02T05:02:49.000Z,2024-12-09T21:48:07.000Z,c6048b2b4212ec14aca60d08dd844c81,gap,"[160.59363166666665, 5.17837, 169.861025, 5.237428]",5.2249,165.2271,[],['8316'],"['ACAP', 'WCPFC', 'FFA', 'IWC', 'SPC']","['71', '71.6.2']",['71'],[],[],[],[],114,67,263.099812,262.6635,66756efdc-c1ab-a9e8-58c7-7882eac0a48e,CFA27-10 94%,991302710,,gear,,True,1026.2464965434135,18448.75,0.03003611506639836,21,131.90862850811112,5.17837,160.59363166666665,5.237428,169.861025
2022-11-04T21:12:20.000Z,2024-09-14T06:07:45.000Z,e55d85867864fbb82e99155944a04b7c,gap,"[151.67149333333333, -13.170941666666666, 151.99062666666666, -1.2641833333333332]",-7.2176,151.8332,[],['8324'],"['ACAP', 'WCPFC', 'FFA', 'IWC', 'SPC']",['71'],['71'],[],[],[],[],147,222,198.31140599999998,343.606594,f412c6030-0d08-9807-5ad2-c9037fca47f3,CEF,324000000,,other,,True,1324.439403107391,16304.916666666666,0.043860393836583446,213,319.1731210570572,-1.2641833333333332,151.99062666666666,-13.170941666666666,151.67149333333333
2022-11-04T22:54:12.000Z,2024-05-12T17:45:53.000Z,05a56414f6603c4ceb476787ebdf3fc7,gap,"[-179.21864, -13.534628333333334, 173.36490166666667, -3.632177]",-8.6011,177.1217,[],[],"['ACAP', 'SPRFMO', 'WCPFC', 'IWC']",['71'],['71'],[],[],[],[],410,451,572.0356879999999,568.6128120000001,fab22889d-dc61-e74d-4eac-c2c07085dc6d,BUOY938-08        9V,938699008,,gear,,True,1369.51720150902,13314.85,0.055537999331906736,59,102.34605476006902,-13.534628333333334,173.36490166666667,-3.632177,-179.21864
2022-11-05T02:21:56.000Z,2024-07-08T21:17:59.000Z,cecf236a81c73bc837029de980c17b12,gap,"[-178.09906, -13.74611, 173.2505933333333, -5.822707]",-9.8118,177.6275,[],[],"['ACAP', 'SPRFMO', 'WCPFC', 'IWC']",['71'],['71'],[],[],[],[],429,398,565.29125,422.116312,0e522b871-14d3-9204-5188-5eb13509f5c2,NETFISH938-14   11V1,938699014,,gear,,True,1293.488781028472,14682.933333333332,0.0475673390087794,29,102.34605476006902,-13.74611,173.2505933333333,-5.822707,-178.09906
2022-11-05T05:27:05.000Z,2024-06-30T17:28:38.000Z,36f73ef867903a2b7e87561c9847fc92,gap,"[-161.515682, -8.51286, 167.62598166666666, 4.7971699999999995]",-1.9273,-177.0047,[],['8318'],"['ACAP', 'WCPFC', 'FFA', 'IWC', 'SPC']",['71'],['71'],[],[],[],[],102,172,437.1355,554.907062,86972253c-c702-afa4-6744-245c5888a294,SLC711-09 95%,991271109,,gear,,True,3728.0251832875138,14484.016666666666,0.13897889014467882,55,170.1530173491684,4.7971699999999995,167.62598166666666,-8.51286,-161.515682
2022-11-05T07:00:11.000Z,2024-07-23T22:58:42.000Z,eec3faa3f316739eb6b6ae0686a3c5fd,gap,"[-177.842397, -14.015039999999999, 173.079755, -6.391672]",-10.2348,177.6732,[],[],"['ACAP', 'SPRFMO', 'WCPFC', 'IWC']",['71'],['71'],[],[],[],[],457,399,553.434562,402.82406199999997,d4bceb8c2-241b-8035-edd0-636e19beef70,NETFISH938-15   12V7,938699015,,gear,,True,1305.3120960365623,15039.966666666667,0.04686261362866446,40,99.10870868708673,-14.015039999999999,173.079755,-6.391672,-177.842397
2022-11-05T09:02:12.000Z,2024-05-20T20:22:29.000Z,ef1103ecbbb61cb2a6cdffed3efc6381,gap,"[-164.54416166666667, -14.884336666666666, -164.528642, -14.120297]",-14.5023,-164.5364,[],['8446'],"['ACAP', 'WCPFC', 'FFA', 'IWC', 'SPC']",['77'],['77'],[],[],[],[],234,176,237.990078,181.366734,a7b85d80e-e6db-e169-3983-8f2442b969af,HNY717-01 66%,991171701,,gear,,True,84.97389392897625,13499.333333333334,0.0033988517069787933,126,171.5063073436691,-14.884336666666666,-164.54416166666667,-14.120297,-164.528642
2022-11-05T09:11:42.000Z,2024-01-19T05:07:34.000Z,6e720cf1949269eed0affd586c3b915a,gap,"[111.395298, 16.253213333333335, 173.97448500000002, 18.829347]",20.2988,142.9324,[],[],"['ACAP', 'WCPFC', 'IWC']","['71', '71.6.2']",['71'],[],[],[],[],561,91,1054.441875,99.96360899999999,3b9c38588-8aba-0005-8e7e-0e98ee70a43a,LONGLINE BUOY 0599%,58805,,gear,,True,6606.856198428917,10555.916666666666,0.3379542550824083,31,137.81353979644337,16.253213333333335,173.97448500000002,18.829347,111.395298
2022-11-05T09:36:13.000Z,2024-05-12T17:45:54.000Z,f7d361cccd7aa6fed222f0b1317f7b48,gap,"[-179.218665, -14.192663333333334, 172.92837999999998, -3.632212]",-8.9331,176.9119,[],[],"['ACAP', 'SPRFMO', 'WCPFC', 'IWC']",['71'],['71'],[],[],[],[],479,451,532.7375,568.6128120000001,900e27db5-58f8-23c7-77a9-5c89b04c79c4,BUOY938-04        9V,938699004,,gear,,True,1456.3011827873079,13304.15,0.059104845595293505,54,97.14706448403341,-14.192663333333334,172.92837999999998,-3.632212,-179.218665
2022-11-05T10:33:02.000Z,2025-07-16T09:41:20.000Z,0180edb3d193cf8d387560d28a8381d5,gap,"[164.62938, -14.295268333333333, 172.85769, -4.602168]",-9.4727,168.6854,[],[],"['ACAP', 'SPRFMO', 'WCPFC', 'IWC']",['71'],['71'],[],[],[],[],490,458,522.381406,518.5868439999999,221fc89eb-b7ea-2e32-3f9f-bac57b5f0536,BUOY938-03        9V,938699003,,gear,,True,1405.0380304712774,23615.133333333335,0.03212600297268403,45,97.14706448403341,-14.295268333333333,172.85769,-4.602168,164.62938
2022-11-05T11:39:02.000Z,2024-09-01T11:48:19.000Z,ce567f6a0672ceea7b77a95d3dff90c5,gap,"[60.58669, -12.064148333333332, 60.85354, -7.098128]",-9.5812,60.7211,[],[],"['ACAP', 'IOTC', 'IWC', 'SIOFA']","['51', '51.7']",['51'],[],[],[],[],461,503,899.653688,634.51825,bb35acd7f-f0a1-d0d4-7ac7-fb4c99b43d16,SLJ03             7V,994018023,,gear,,True,552.9712041578351,15984.15,0.01867978990438196,29,55.420770763716924,-12.064148333333332,60.58669,-7.098128,60.85354
2022-11-05T12:07:37.000Z,2024-01-01T07:37:56.000Z,1d7f791c8da58341d65e4675dde028f1,gap,"[110.801022, 15.976831666666667, 173.94049, 18.548883]",20.0384,142.6164,[],[],"['ACAP', 'WCPFC', 'IWC']","['71', '71.6.2']",['71'],[],[],[],[],550,36,1024.709812,111.239625,85b2e368c-c826-10c0-0899-92cc8e008d4b,LONGLINE BUOY 0357% ,58803,,gear,,True,6676.384480816353,10123.5,0.3560981106240923,54,141.40051410143187,15.976831666666667,173.94049,18.548883,110.801022
2022-11-05T13:01:54.000Z,2024-05-12T19:02:15.000Z,f947d9cc26cf260632e1331c0f9380fe,gap,"[-179.218128, -14.493588333333333, 172.76251, -3.811375]",-9.1746,176.8327,[],[],"['ACAP', 'SPRFMO', 'WCPFC', 'IWC']",['71'],['71'],[],[],[],[],492,456,507.174719,549.617562,e1de129b2-2324-8963-2f74-acb7313b2c32,BUOY938-01        9V,938699001,,gear,,True,1477.6579017162276,13302.0,0.05998131387849842,31,97.14706448403341,-14.493588333333333,172.76251,-3.811375,-179.218128
2022-11-05T15:32:01.000Z,2024-06-13T06:38:22.000Z,f3148ae2edc095b9d0d61efe93abb27f,gap,"[-162.87782, -18.65763666666667, 167.88966, -6.764673]",-13.1216,-177.143,[],['8313'],"['ACAP', 'WCPFC', 'FFA', 'IWC', 'SPC']",['71'],['71'],[],[],[],[],104,409,109.04360199999999,722.093938,9e21b1d92-2096-78c1-4363-d142ebf54b98,999-15  100%,398106500,,gear,,True,3427.8894944955437,14055.1,0.13168972501421333,16,76.71065946990518,-18.65763666666667,167.88966,-6.764673,-162.87782
2022-11-06T15:10:48.000Z,2025-03-23T05:01:37.000Z,b58c82efaa1c1795d8a5b2946f449ca1,gap,"[-148.231825, -13.94173, 122.182057, 24.47425]",7.3967,168.8012,[],['8440'],"['ACAP', 'SPC', 'WCPFC', 'IATTC', 'IWC']",['77'],['77'],[],[],[],[],107,33,119.056484,31.374918,10e65a50f-f5d1-ef2d-8cea-1b779e0df25f,994167845         9V,994167845,,gear,,True,10603.702399384742,20821.833333333332,0.2749777678414919,115,151.68026410110707,-13.94173,-148.231825,24.47425,122.182057
2022-11-06T17:46:08.000Z,2024-02-26T15:48:34.000Z,089939a64b2daea7db56e8908cc76643,gap,"[151.689883, 11.59473, 175.70050666666666, 15.158962]",13.6648,163.7853,[],[],"['ACAP', 'WCPFC', 'IWC']","['71', '71.6.2']",['71'],[],[],[],[],546,610,688.279,638.5071879999999,9a939caf3-3f7f-7748-4cee-93c7dbaac013,888296304         9V,888296304,,gear,,True,2625.982425784025,11446.033333333333,0.12387846822252097,21,153.73635729134472,11.59473,175.70050666666666,15.158962,151.689883
2022-11-08T05:58:12.000Z,2024-04-20T10:38:26.000Z,18270aa731205bd50a14c30f77475f2e,gap,"[122.67408, 3.3150816666666665, 141.03663333333333, 20.103572]",11.8569,132.1386,[],[],"['ACAP', 'SEAFDEC', 'SPRFMO', 'WCPFC', 'IWC']",['71'],['71'],[],[],[],[],536,58,638.188125,343.25525,8c774307f-f053-0284-3f58-eb32ba2108a1,236100006         9V,236100006,GIB,gear,,True,2729.181736828766,12700.666666666666,0.1160285743531416,17,27.530544567051788,3.3150816666666665,141.03663333333333,20.103572,122.67408
2022-11-11T07:21:15.000Z,2024-06-13T15:49:47.000Z,94a301759e9f5aeffc5d433426d04312,gap,"[-166.496268, -22.100085, -134.621175, -13.42238]",-18.4237,-150.1611,[],[],"['ACAP', 'SPRFMO', 'WCPFC', 'IATTC', 'IWC']",['77'],['77'],[],[],[],[],478,479,548.326312,490.88453100000004,1bacd72bf-f792-8af8-0d5a-3e4f7c54eb69,SJW003-99%,5182403,COK,fishing,,True,3502.5275218188976,13928.466666666667,0.1357804566688625,110,153.27413309192102,-13.42238,-134.621175,-22.100085,-166.496268
2022-11-12T05:46:13.000Z,2024-03-19T22:45:50.000Z,ff9f5382b9b1f190349d29ebdb359987,gap,"[157.16337000000001, 2.77915, 168.255667, 3.4869733333333333]",3.1478,162.7114,[],['8316'],"['ACAP', 'WCPFC', 'FFA', 'IWC', 'SPC']",['71'],['71'],[],[],[],[],244,205,402.66068800000005,397.47156199999995,666ccde0b-bc05-0d1a-9f25-d2adb27ed96c,CFA23-02 77%,991302302,,gear,,True,1234.0642746608196,11848.983333333334,0.05623616661947894,17,106.21139363358235,3.4869733333333333,157.16337000000001,2.77915,168.255667
2022-11-12T14:27:30.000Z,2025-04-01T15:01:29.000Z,f6bde860a36e2459fe36ad03a776c2e5,gap,"[-176.156202, -8.433087, -162.83499666666665, -5.760971666666666]",-7.1448,-169.4762,[],[],"['ACAP', 'SPRFMO', 'WCPFC', 'IWC']",['77'],['77'],[],[],[],[],507,400,833.415062,511.47975,b71bbc7f7-7d45-2edd-18d3-84f24eef144c,36-05-88%,928006605,,gear,,True,1499.4471946321441,20904.55,0.03873016707674763,28,175.83632376271356,-5.760971666666666,-162.83499666666665,-8.433087,-176.156202
2022-11-12T16:34:52.000Z,2024-11-12T18:22:07.000Z,5be6e7ef2b88ccd9bf3026d5c6772446,gap,"[144.907085, -11.471616666666668, 157.74317166666665, 3.269098]",-4.127,151.2654,[],['8314'],"['ACAP', 'WCPFC', 'FFA', 'IWC', 'SPC']",['71'],['71'],[],[],[],[],220,443,256.563172,619.244188,4a3674696-6811-c63d-b9dc-f6bc9de4369c,994013171         9V,994013171,,gear,,True,2168.4114152486027,17545.783333333333,0.06673104723287952,55,67.40905999687291,-11.471616666666668,157.74317166666665,3.269098,144.907085
2022-11-14T09:06:21.000Z,2025-10-01T01:23:19.000Z,6f2dc49b1893b6caa7396a46a3306b4c,gap,"[-165.216447, -15.891404999999999, -128.26102166666666, -7.097367]",-12.101,-147.0381,[],[],"['ACAP', 'SPRFMO', 'IATTC', 'IWC']",['77'],['77'],[],[],[],[],905,422,1038.362938,721.749312,23c18caee-ed13-4e8d-cd94-a15052ee9efe,36-08-96%           ,928006608,,gear,,True,4136.709154361389,25240.266666666666,0.08849527151647915,30,175.91411394415604,-15.891404999999999,-128.26102166666666,-7.097367,-165.216447
2022-11-14T13:23:20.000Z,2024-10-05T08:45:29.000Z,6de0b8298c00d442186f3e67d20d7d43,gap,"[172.08649666666668, -19.794294999999998, 178.965613, -19.342251666666666]",-19.6009,175.5212,[],['8313'],"['ACAP', 'WCPFC', 'FFA', 'IWC', 'SPC']",['71'],['71'],[],[],[],[],199,99,261.584812,123.88767999999999,540907ae3-3e54-2a30-2e2c-3509ebba6d02,WANGBIAO-2708  100%,99002708,,other,,True,722.4439112879927,16579.366666666665,0.023528552860791724,21,87.4935763114505,-19.342251666666666,172.08649666666668,-19.794295,178.965613
2022-11-14T16:31:43.000Z,2024-10-25T21:24:31.000Z,3af9aeb12c1055dc9caad82eb09087c8,gap,"[-178.348093, -19.236005, 172.15883, -16.799942]",-18.0759,176.9383,[],['8313'],"['ACAP', 'WCPFC', 'FFA', 'IWC', 'SPC']",['71'],['71'],[],[],[],[],207,69,272.778281,77.145758,a8650d4b3-3511-75d4-f6c5-ae35c03ab86b,YDJ76  100%,398704905,,gear,,True,1039.5206156340716,17068.866666666665,0.03288421192253142,52,87.4935763114505,-19.236005,172.15883,-16.799942,-178.348093
2022-11-15T15:16:22.000Z,2025-11-02T11:13:11.000Z,79b3d32d89910ea1255a7d43ee57cea6,gap,"[89.70013999999999, -8.151123333333334, 119.1386, 23.18158]",7.7668,103.8625,[],[],"['ACAP', 'SEAFDEC', 'IOTC', 'IWC']","['57', '57.2']",['57'],[],[],[],[],858,27,899.654,53.17298,12d044d4f-f9a6-5768-a909-2cea7d5911a3,994080058         9V,994080058,,gear,,True,4731.51734019664,25987.933333333334,0.09830773943193782,17,34.280135996648774,-8.151123333333334,89.70013999999999,23.18158,119.1386
2022-11-16T08:25:17.000Z,2024-10-05T21:11:45.000Z,a12fe91d0c9e263df435511e4ea50ef8,gap,"[172.11105666666666, -20.078818, 178.69333, -19.136593333333334]",-19.6376,175.3925,[],['8313'],"['ACAP', 'WCPFC', 'FFA', 'IWC', 'SPC']",['71'],['71'],[],[],[],[],204,117,272.876938,147.855953,254cab744-47c1-7c12-8306-b036f55705c7,ZHONGRONG13-1  100%,98517810,,gear,,True,697.3364618138819,16548.766666666666,0.022752847655564335,26,87.4935763114505,-19.136593333333334,172.11105666666666,-20.078818,178.69333
2022-11-17T10:41:15.000Z,2025-02-26T12:21:35.000Z,b0ddec26d7ef607f6135d501213ceba0,gap,"[-10.963173333333334, 30.635801666666666, -10.341741666666667, 32.31981333333333]",31.4782,-10.6497,[],['8367'],"['ICCAT', 'ACAP', 'NAMMCO', 'IWC']","['34', '34.1.12', '34.1.1', '34.1']",['34'],[],[],[],[],138,43,152.239297,65.20208600000001,0b3df7d78-8bd4-a267-3fa8-29b250d516d9,,970841487,,other,,True,196.30687835294455,19969.666666666668,0.005307912059882197,15,81.30815737221465,32.31981333333333,-10.963173333333334,30.635801666666666,-10.341741666666667
2022-11-17T18:16:21.000Z,2025-04-04T21:41:44.000Z,5657189a263604a7ac9576a3df22ef8f,gap,"[158.328235, -14.101495, 159.0879, -14.02975]",-14.0659,158.7081,[],['8314'],"['ACAP', 'WCPFC', 'FFA', 'IWC', 'SPC']",['71'],['71'],[],[],[],[],332,284,335.3225,289.07825,063f711bc-c802-07ac-43c2-972031acd28d,ZS738           13V1,429593002,,gear,,True,82.32582167785462,20859.416666666668,0.002131046530465791,32,65.04083301445694,-14.101495,158.328235,-14.02975,159.0879
2022-11-18T12:22:04.000Z,2025-03-12T20:25:04.000Z,b84f46e9a33c3794a43ed6a70725f3c2,gap,"[-128.78144166666667, -38.357043, 29.64233, -14.141245]",-66.532,-78.608,[],[],"['ACAP', 'SPRFMO', 'IATTC', 'IWC']",['77'],['77'],[],[],[],[],941,583,1149.4765,605.840062,3760485c7-78a7-fb2f-cd76-a064c461ac51,SGS 2 BUOY-25     9V,994008985,,gear,,True,13759.882642235389,20288.05,0.36621273347745675,152,171.52796422857875,-14.141245,-128.78144166666667,-38.357043,29.64233
2022-11-19T16:38:05.000Z,2026-09-06T08:57:15.000Z,55ca33078a50e15fce597fcf368ccb7a,gap,"[-177.37472666666667, -6.829681666666667, 109.854338, 17.829463]",6.8196,147.1283,[],[],"['ACAP', 'SPRFMO', 'WCPFC', 'IWC']",['71'],['71'],[],[],[],[],393,43,422.116875,49.207855,11b383031-1f2a-3cb7-f5cb-66a40b4c3b78,DAYANG7-5           ,412007005,CHN,gear,,True,8440.100719740496,33280.316666666666,0.136936491654239,18,138.553382752764,-6.829681666666667,-177.37472666666667,17.829463,109.854338
2022-11-19T16:50:24.000Z,2024-08-25T06:04:58.000Z,5e1e9f069fa854d7f1a825ba827f006c,gap,"[-177.37612833333333, -6.830328333333333, -25.64776833333333, 27.916025]",36.5931,-114.5303,[],[],"['ACAP', 'SPRFMO', 'WCPFC', 'IWC']",['71'],['71'],[],[],[],[],394,737,421.12753100000003,755.08525,3bafd53f5-5092-12e4-2860-3598c3f3b25c,DAYANG7-4           ,412007004,CHN,gear,,True,16227.049253017121,15469.233333333334,0.5664085255794434,22,138.553382752764,-6.830328333333333,-177.37612833333333,27.916025,-25.64776833333333
2022-11-20T05:32:54.000Z,2024-02-06T20:16:04.000Z,64a171e2303637be86457343818c6459,gap,"[-21.554668333333332, -8.380083333333333, 122.13585, 36.692103]",37.6378,32.5888,[],[],"['ICCAT', 'ACAP', 'IWC']","['41', '41.1.4', '41.1']",['41'],[],[],[],[],786,12,786.5480620000001,10.954616,d4464adbb-bf1f-c01c-2b24-dca4433d08c8,WY168-01          8V,994050001,,gear,,True,15187.109660214743,10646.716666666667,0.7702264879026327,17,46.471263492372294,-8.380083333333333,-21.554668333333332,36.692103,122.13585
2022-11-20T12:19:22.000Z,2024-05-12T23:10:22.000Z,cb78ba8a95f2c20e056088b88728bc38,gap,"[-148.40289666666666, 58.550295, -148.021565, 58.914648]",58.7326,-148.2132,[],['8463'],"['ACAP', 'IPHC', 'IWC']",['67'],['67'],[],[],[],[],137,97,158.43675,118.171227,2eb4ed1de-e2c2-2083-3dd8-e236e3e86de9,KS BUOY 2       8.0V,941005630,,gear,,True,46.105874276691324,12946.85,0.0019228754866993684,15,75.90013429195012,58.550295,-148.40289666666666,58.914648,-148.021565
2022-11-20T16:22:01.000Z,2024-12-31T04:45:34.000Z,28f37c81e4fc39115da642e9c9c9721e,gap,"[159.43936666666664, 35.393368, 168.601667, 38.71913]",37.1444,164.1212,[],[],"['ACAP', 'PICES', 'WCPFC', 'NPFC', 'IWC', 'NPAFC']",['61'],['61'],[],[],[],[],1091,1459,1194.523375,1966.68925,7c4290fbf-f001-4edc-6d16-3852d3ee02d7,628000021         9V,628000021,,gear,,True,892.6325563394149,18516.383333333335,0.026030084444939743,27,57.76668867542558,38.71913,159.43936666666664,35.393368,168.601667
2022-11-21T17:10:43.000Z,2024-05-19T18:36:58.000Z,31c836e97ab46b6773d1526bd999dadc,gap,"[-129.87057666666666, -6.702776666666667, 176.315225, 4.959932]",-0.9772,-156.8228,[],[],"['ACAP', 'SPRFMO', 'IATTC', 'IWC']",['77'],['77'],[],[],[],[],1040,409,1053.841625,545.459062,a399ab4eb-b63d-0639-c66e-eca67b7b46d6,NETFISH9327-24    9V,932700024,,gear,,True,6111.78887752469,13081.433333333332,0.2522737303790214,46,138.99396178380513,-6.702776666666667,-129.87057666666666,4.959932,176.315225
2022-11-22T01:25:57.000Z,2024-08-31T16:42:36.000Z,63f36d81ef4e3b6800e242b8d6a32a70,gap,"[-176.226793, -16.971201666666666, -129.19957166666666, -8.905422]",-14.0649,-153.117,[],[],"['ACAP', 'SPRFMO', 'IATTC', 'IWC']",['77'],['77'],[],[],[],[],774,409,903.433125,487.07775,f764f472d-d0f4-8090-9c38-f0f04719197b,36-13-97%           ,928006613,,gear,,True,5162.328776081864,15567.266666666666,0.17905741605167214,14,178.18373409551407,-16.971201666666666,-129.19957166666666,-8.905422,-176.226793
2022-11-22T20:24:21.000Z,2024-01-05T01:11:36.000Z,3a006e3a66c8a8aab403d3f5aaacf265,gap,"[52.39123666666667, -11.934213333333334, 58.422907, -5.960762]",-8.9597,55.4319,[],['8337'],"['ACAP', 'IOTC', 'SWIOFC', 'IWC']","['51', '51.6']",['51'],[],[],[],[],235,266,302.671094,338.697375,7733a63e4-4cba-b6b3-50eb-591e4cb08777,994230141         9V,994230141,,gear,,True,937.9211426527897,9796.783333333333,0.05169420256107941,21,48.25439798189638,-11.934213333333334,52.39123666666667,-5.960762,58.422907
2022-11-22T22:40:05.000Z,2025-10-28T18:44:27.000Z,b6c474a78cfd3557f3306f7f5e0b8643,gap,"[67.94755833333333, -17.65331, 68.496268, -15.35441]",-16.504,68.2203,[],[],"['ACAP', 'IOTC', 'IWC', 'SIOFA']","['51', '51.7']",['51'],[],[],[],[],673,574,680.006875,580.767062,2852d690e-e164-c0f4-3a5c-ad864edf9a3e,NETFISH87208      9,872668008,,gear,,True,262.23375912537205,25700.066666666666,0.005509514981887754,15,76.33066260140072,-15.35441,67.94755833333333,-17.65331,68.496268
2022-11-23T07:24:19.000Z,2024-07-06T15:15:29.000Z,d8da2ed0d2d599254848e4dc8b0cf63b,gap,"[-146.351287, -7.569097, -132.215285, -6.408945]",-7.042,-139.2745,[],[],"['ACAP', 'SPRFMO', 'WCPFC', 'IATTC', 'IWC']",['77'],['77'],[],[],[],[],811,498,833.640438,697.9681879999999,4e77e7523-3e67-e709-8ca9-4eb7ddab8686,NET FISH9327-15 11V7,932700015,,gear,,True,1565.4121955203161,14191.85,0.05955918116269239,34,137.0935787344197,-6.408945,-132.215285,-7.569097,-146.351287
2022-11-23T07:35:26.000Z,2024-05-19T18:38:55.000Z,76af295ffb199ec5ec991b7a027e80a4,gap,"[-132.24037333333334, -6.40948, 176.313412, 4.963158]",-0.8027,-157.9982,[],[],"['ACAP', 'SPRFMO', 'WCPFC', 'IATTC', 'IWC']",['77'],['77'],[],[],[],[],809,408,831.66425,544.698375,4f7d58148-896a-a78f-12ba-047ac476a6aa,NET FISH 932701 11V2,932700001,,gear,,True,5848.883830246597,13043.05,0.2421323706313954,39,137.0935787344197,-6.40948,-132.24037333333334,4.963158,176.313412
2022-11-23T23:32:56.000Z,2024-03-13T04:32:15.000Z,f984f39d01600ef60e2131decb5f3f0a,gap,"[82.506722, -8.306983333333333, 155.61759166666667, -2.010798]",-6.4127,118.8512,[],['8314'],"['ACAP', 'WCPFC', 'FFA', 'IWC', 'SPC']",['71'],['71'],[],[],[],[],97,905,126.48557799999999,914.191,f9418f908-878e-11e6-6822-836e6926ad48,BOUY4267111       3V,994161351,,gear,,True,8117.287424503253,11404.983333333334,0.38430433805685404,15,65.14360014117095,-8.306983333333333,155.61759166666667,-2.010798,82.506722
2022-11-24T11:11:00.000Z,2024-02-19T08:31:26.000Z,ff4b9e5c0610db219a500434958b1d3e,gap,"[-64.03769, 7.2755833333333335, -54.13749833333333, 10.852435]",9.0974,-59.0629,[],['8461'],"['ICCAT', 'ACAP', 'CRFM', 'NAMMCO', 'IWC']",['31'],['31'],[],[],[],[],152,2,185.88098399999998,0.0,1b04cee58-8d88-8457-cb45-7361b8a403f1,YURI,775993429,VEN,seismic_vessel,,True,1157.3684237266118,10845.333333333334,0.05762192228571526,33,26.76160008365579,7.2755833333333335,-54.13749833333333,10.852435,-64.03769
2022-11-24T12:44:05.000Z,2024-03-09T17:56:52.000Z,fc63f700bd5bf8674e5d4a0304e65eb0,gap,"[-147.337142, -18.533335, -120.17574, -11.152205]",-15.25,-133.993,[],[],"['ACAP', 'SPRFMO', 'IATTC', 'IWC']",['77'],['77'],[],[],[],[],830,341,1254.43475,391.63231199999996,d197db72b-baea-2506-df2b-67e6f43ab364,XSJ209-2 90%,209000002,CYP,fishing,,True,3028.481542750586,11309.2,0.1445945967131419,143,188.50216819462412,-18.533335,-120.17574,-11.152205,-147.337142
2022-11-24T13:17:14.000Z,2024-07-20T08:02:31.000Z,a0d2574cd17d52ac5eca4f8097b5f3fb,gap,"[-19.803713, -6.989546666666667, -19.011503333333334, -6.633335]",-6.8116,-19.4078,[],[],"['ICCAT', 'ACAP', 'IWC']","['47', '47.A.0', '47.A']",['47'],[],[],[],[],516,610,516.304375,610.233375,2c32aa47a-a6a1-5bdf-2a6c-5bfa7bf89fb9,994060030         9V,994060030,,gear,,True,96.01828103845163,14490.75,0.0035778496008029713,24,47.37189559542507,-6.9895466666666675,-19.011503333333334,-6.633335,-19.803713
2022-11-24T20:10:52.000Z,2024-10-01T21:55:57.000Z,3b9678fe18358da7e86372c3e74e9242,gap,"[172.933845, -25.76602, 176.42958, -16.816153333333332]",-21.3001,174.6284,[],[],"['ACAP', 'SPRFMO', 'WCPFC', 'IWC']",['71'],['71'],[],[],[],[],414,581,442.46356199999997,525.877,d0ecb522c-c569-6079-c0bb-6629503d61cc,SUIYUANYU--------7V5,412018033,CHN,gear,,True,1058.8508172624706,16249.75,0.03518415376393632,60,91.77955767836,-16.816153333333332,172.933845,-25.76602,176.42958
2022-11-25T00:37:54.000Z,2025-07-12T13:16:47.000Z,6a8950f6dbf35d80d0768b213d8b6972,gap,"[-142.856127, -13.111046666666665, -129.44335666666666, -1.7420499999999999]",-7.4771,-136.2372,[],[],"['ACAP', 'SPRFMO', 'IATTC', 'IWC']",['77'],['77'],[],[],[],[],951,726,1046.87425,845.222875,f7b124802-287d-2ab0-a038-1d8aa38fcdd2,886 BUOY-13  100%,168802427,,gear,,True,1943.6134955217003,23052.633333333335,0.04552483505985444,16,165.0281245385936,-13.111046666666665,-129.44335666666666,-1.74205,-142.856127
2022-11-25T14:34:50.000Z,2024-01-12T17:29:30.000Z,c5e0a76aa5347d9d8ea29cdf567aac41,gap,"[154.37739, 16.357303, 160.50315833333335, 17.562561666666667]",16.9828,157.4304,[],[],"['ACAP', 'WCPFC', 'IWC']","['71', '71.6.2']",['71'],[],[],[],[],672,879,1202.199625,932.866062,4e12c42f4-4e0c-b192-6320-2ade894a8bed,8882983 - 13,888298313,,gear,,True,665.1312680106295,9914.9,0.036222468542645075,28,104.2916806704816,17.562561666666667,160.50315833333335,16.357303,154.37739
2022-11-25T16:17:07.000Z,2024-04-11T23:43:06.000Z,818e257b8ff083fee048e871f5ff1c39,gap,"[141.07079833333333, 2.782226666666667, 142.842887, 3.024732]",2.9038,141.9567,[],[],"['ACAP', 'SEAFDEC', 'SPRFMO', 'WCPFC', 'IWC']",['71'],['71'],[],[],[],[],518,487,579.52425,655.735312,bca78d81e-ea4b-4e8d-ffc7-935b63a0572e,8882597-15        9V,994011265,,gear,,True,198.6333089410699,12079.416666666666,0.008879022018639418,28,26.9589971643403,2.782226666666667,141.07079833333333,3.024732,142.842887
2022-11-27T15:57:46.000Z,2024-07-21T03:15:22.000Z,c8bc7f5f2b93e252d25613e6adc94e06,gap,"[-136.13556166666666, -5.349501666666667, 169.123053, 21.984913]",9.3472,-162.4519,[],[],"['ACAP', 'SPRFMO', 'WCPFC', 'IATTC', 'IWC']",['77'],['77'],[],[],[],[],540,392,546.181625,1475.17075,ab52644b8-8fe8-7955-757b-185ca46e5fd3,SKF02012,111112289,,gear,,True,6685.991471150279,14435.283333333333,0.25009184089640557,18,136.46456699577112,-5.349501666666667,-136.13556166666666,21.984913,169.123053
2022-11-28T19:06:26.000Z,2024-10-10T23:22:14.000Z,9db5a5f28f7510cd4cba051ae404dc5d,gap,"[-178.93868833333332, -4.433185, 167.949153, -3.469735]",-3.9774,174.5091,[],[],"['ACAP', 'SPRFMO', 'WCPFC', 'IWC']",['71'],['71'],[],[],[],[],478,429,595.63675,448.780781,1770a8e83-35fb-09de-4f06-a7d2aa7fda3d,994048204         9V,994048204,,gear,,True,1458.4492593574082,16372.25,0.048099656436042304,88,145.807829247313,-3.469735,-178.93868833333332,-4.433185,167.949153
2022-11-29T14:48:56.000Z,2025-06-02T02:15:05.000Z,e1b8c50ce39362540a5a5db371ac6f79,gap,"[-50.368962, -33.217933, -37.25168166666666, -30.177448333333334]",-31.8661,-43.7024,[],[],"['ICCAT', 'ACAP', 'IWC']","['41', '41.2.4', '41.2']",['41'],[],[],[],[],925,196,741.366062,179.198766,52d8ad657-714d-0f94-6caa-e19e0a14b7ff,KP I B4 94%,710000109,BRA,gear,,True,1285.2067754811994,21971.433333333334,0.03158447297180428,83,39.10243356648371,-30.177448333333334,-37.25168166666666,-33.217933,-50.368962
2022-11-30T12:13:26.000Z,2024-09-19T10:08:15.000Z,537e2c2c7aa44aaf6f12a8002296b385,gap,"[-42.76141666666667, -25.39347666666667, -42.76, -25.393333333333334]",-25.3934,-42.7607,[],['8464'],"['ICCAT', 'ACAP', 'IWC']","['41', '41.2.1', '41.2']",['41'],[],[],[],[],261,261,0.0,0.0,5bb7e2501-183c-7a5f-da8d-5a1c8d67eb8c,FPSO CIDADE DEPARATY,311014200,BHS,other,,True,0.14319664881046382,15813.9,4.8893697795780855e-06,33,321.19368017237514,-25.393476666666672,-42.76141666666667,-25.393333333333334,-42.76
2022-11-30T17:25:02.000Z,2025-05-14T10:31:30.000Z,82ed34f408a09008e0dba594acda40d9,gap,"[159.39463333333333, 15.552140000000001, 160.397927, 16.271578]",15.9124,159.8954,[],[],"['ACAP', 'WCPFC', 'IWC']","['71', '71.6.1']",['71'],[],[],[],[],526,544,961.062375,1060.017375,d95c4ff72-2dcf-d838-dc7f-2323d999bf39,NETFISH896-07     9V,896333307,,gear,,True,133.82798248534704,21497.1,0.003361445480353934,36,105.7955965050584,15.552140000000001,159.39463333333333,16.271578,160.397927
2022-12-01T01:02:12.000Z,2026-01-05T10:56:19.000Z,52440a96b34a64dabeff2593d0c31dda,gap,"[149.43003666666667, 2.6529866666666666, 150.51535, 15.274603]",8.9642,149.9632,[],[],"['ACAP', 'SEAFDEC', 'SPRFMO', 'WCPFC', 'IWC']",['71'],['71'],[],[],[],[],440,484,577.046938,512.804812,0a191558e-e5bd-e2c8-dc53-78139b28d5a8,NET FISH 838-19   9V,838555519,,gear,,True,1408.4935040737828,27153.9,0.028007971236096135,29,53.90616738541791,2.6529866666666666,149.43003666666667,15.274603,150.51535
2022-12-01T01:54:24.000Z,2024-05-07T19:37:45.000Z,f41b58dabdf95f467196152d02fdca05,gap,"[-148.18521666666666, 2.099208, 62.535488, 36.789091666666664]",51.0434,115.3059,[],[],"['ACAP', 'IATTC', 'NPFC', 'IWC', 'NPAFC']",['77'],['77'],[],[],[],[],1918,1007,1940.106375,1033.772125,9ab830076-6409-0753-630e-3543754407a0,994161357         9V,994161357,,gear,,True,14651.497547041135,12569.716666666667,0.6293837793750089,44,87.70854681144303,36.789091666666664,-148.18521666666666,2.099208,62.535488
2022-12-01T16:58:17.000Z,2025-02-06T08:28:23.000Z,f7f18702267130de6e6bdebe64addfd2,gap,"[54.59171, -11.58935, 69.130782, -11.38495]",-11.5777,61.8639,[],['8343'],"['ACAP', 'IOTC', 'SWIOFC', 'IWC']","['51', '51.6']",['51'],[],[],[],[],251,566,534.357,578.547688,b18b03691-1361-8aee-e695-618dcccf2100,994030521         9V,994030521,,gear,,True,1584.2831003293377,19143.5,0.044685895401716115,17,49.08855888349528,-11.58935,54.59171,-11.38495,69.130782
2022-12-01T23:52:06.000Z,2024-02-22T17:13:47.000Z,27fcb0f69ad723f27ca9695013abc683,gap,"[167.81617, 2.353455, 168.854893, 3.503101666666667]",2.9284,168.3358,[],['8318'],"['ACAP', 'WCPFC', 'FFA', 'IWC', 'SPC']",['71'],['71'],[],[],[],[],153,247,459.38584399999996,386.092375,70a423fe4-4efe-d368-88db-8de2234a9b97,CW03-09 80%,991400309,,gear,,True,172.1830441300507,10745.35,0.008652245493886932,16,168.07401368670324,3.503101666666667,167.81617,2.353455,168.854893
2022-12-02T15:44:10.000Z,2024-08-08T17:39:41.000Z,9a59baa1c09c73e749abde03bcf4cb43,gap,"[-167.662535, 2.924875, 146.800518, 3.50471]",3.4858,169.5758,[],[],"['ACAP', 'SPRFMO', 'WCPFC', 'IWC']",['77'],['77'],[],[],[],[],642,427,927.199938,610.496562,ec43ee311-181b-4542-0e0e-57b1884ba44b,0000168-10        9V,994138010,,gear,,True,5055.459682336532,14761.916666666666,0.18491703426545025,53,157.11255660025594,2.924875,-167.662535,3.50471,146.800518
2022-12-02T23:24:09.000Z,2024-05-23T00:26:53.000Z,ec3a5db5d75d2752894fbc17b6a94366,gap,"[157.95072833333333, 25.29142166666667, 179.814447, 37.152822]",31.6873,168.1858,[],[],"['ACAP', 'NPFC', 'WCPFC', 'IWC']",['61'],['61'],[],[],[],[],416,986,1583.14325,1659.21075,3bfd4d717-724f-180e-c630-0137d7318b3d,,200033154,,fishing,,True,2452.5676841499944,12889.033333333333,0.10274475771333545,26,71.7182126212122,25.291421666666672,157.95072833333333,37.152822,179.814447
2022-12-03T04:00:56.000Z,2024-09-15T05:02:52.000Z,4a2c65b3d8d353e7f4c3aef63f411b48,gap,"[-179.549155, -4.312317, 165.85996, -3.3751266666666666]",-3.875,173.1594,[],[],"['ACAP', 'SPRFMO', 'WCPFC', 'IWC']",['71'],['71'],[],[],[],[],409,433,585.2980620000001,436.197906,05bc3f186-6e4f-88ce-2343-4b44f1ee9893,NETFISH928-10     9V,928728010,,gear,,True,1622.098295854501,15649.016666666666,0.055969204287845964,35,145.82429605213002,-3.3751266666666666,-179.549155,-4.312317,165.85996
2022-12-03T08:02:38.000Z,2024-04-18T16:41:25.000Z,3f13642e962ccb7f9130fe2d77c32cbe,gap,"[-124.110028, -28.767105, -103.744375, -16.78776166666667]",-23.1033,-113.4738,[],[],"['ACAP', 'SPRFMO', 'IWC', 'IATTC']","['87', '87.1', '87.1.4']",['87'],[],[],[],[],1274,460,1279.2825,721.461,904ec87d0-0329-5236-f06a-ab486cd2492f,PINTAIRONG688-00 51%,412689768,CHN,gear,,True,2470.3405733167488,12056.633333333333,0.11063430084808842,91,142.5785925418389,-16.78776166666667,-103.744375,-28.767105,-124.110028
2022-12-03T11:35:52.000Z,2024-02-28T17:27:11.000Z,e09528f5f8dfe007d7d463bbd9eeafce,gap,"[-169.965567, -11.389348333333334, 52.88030666666667, 12.025802]",0.8712,121.2893,[],['8337'],"['ACAP', 'IOTC', 'SWIOFC', 'IWC']","['51', '51.6']",['51'],[],[],[],[],231,522,380.337719,1479.210125,3fb4517d7-73d5-f01b-c726-0b02ac02f4d3,SF16-BUOY-03      9V,994008473,,gear,,True,15354.200326499697,10853.85,0.7638400132594059,37,48.25439798189638,-11.389348333333334,52.88030666666667,12.025802,-169.965567
2022-12-04T00:20:37.000Z,2025-01-04T03:49:18.000Z,9182dc0417762691d5c20fdc09b49ff4,gap,"[53.129865, -8.108463, 58.187313333333336, -5.105831666666667]",-6.6135,55.6663,[],['8337'],"['ACAP', 'IOTC', 'SWIOFC', 'IWC']","['51', '51.5']",['51'],[],[],[],[],255,130,275.18481199999997,463.850594,7c996efa9-901e-323f-7a96-8c0edae8a591,GRAN FRER B1        ,664000141,SYC,gear,,True,650.7405415204149,18291.466666666667,0.01920960134480248,26,37.282701434304606,-5.105831666666667,58.187313333333336,-8.108463,53.129865
2022-12-05T00:56:12.000Z,2024-03-18T08:48:13.000Z,e075e9d3d5f088cc78468457dc0f63f2,gap,"[41.944745, -5.904753333333333, 48.939627, 2.28573]",-1.8129,45.4501,[],['8479'],"['ACAP', 'IOTC', 'SWIOFC', 'IWC']","['51', '51.5']",['51'],[],[],[],[],243,244,301.092219,400.121469,09d3427ee-ed33-25e9-e0fc-a0c647e601ba,TAIHONG8-11100%,890108011,,gear,,True,1196.9883217856916,11263.866666666667,0.057380117070979154,16,39.819598233750284,-5.904753333333333,41.944745,2.28573,48.939627
2022-12-05T01:37:35.000Z,2025-05-30T07:52:20.000Z,f6987ed51c5173ec9099ae0eae79883d,gap,"[41.796745, -33.429058, 79.048852, -5.886801666666667]",-20.6466,58.7326,[],['8479'],"['ACAP', 'IOTC', 'SWIOFC', 'IWC']","['51', '51.5']",['51'],[],[],[],[],228,504,286.79356199999995,2175.113,1ca7223b1-1472-b0e4-93c7-e726b4fbfa50,TAIHONG8-14 62%,890108014,,gear,,True,4911.272512797292,21774.233333333334,0.1217895926030301,26,39.819598233750284,-5.886801666666667,41.796745,-33.429058,79.048852
2022-12-05T01:48:44.000Z,2024-02-06T20:15:29.000Z,97f008318ae9bf29f8e1213bc3866d90,gap,"[-19.99575666666667, -2.7751683333333332, 122.135552, 36.69017]",41.8381,33.3861,[],[],"['ICCAT', 'ACAP', 'IWC']","['41', '34', '41.1.4', '41.1', '34.4.1', '34.4']","['41', '34']",[],[],[],[],839,12,840.6935,10.954616,0edbf4146-6cb9-4571-c436-f749009f80b1,WY168-05          6V,994050005,,gear,,True,14610.1241481838,10290.433333333332,0.7666184384665954,59,46.01231589176012,-2.7751683333333332,-19.99575666666667,36.69017,122.135552
2022-12-07T16:55:37.000Z,2024-01-08T22:17:44.000Z,1f1beba531261c2ea05f73b246c49d41,gap,"[-161.21474333333333, 15.487578, -159.140502, 18.421668333333333]",16.9572,-160.1695,[],['8453'],"['ACAP', 'WCPFC', 'IWC', 'SPC']",['77'],['77'],[],[],[],[],365,524,437.415188,568.03575,d19e01951-117b-25b5-f643-e2aad4705073,ST 03          12.2V,941206583,,gear,,True,393.8308302660652,9533.366666666667,0.022306037693516266,49,145.05982253328153,18.421668333333333,-161.21474333333333,15.487578,-159.140502
2022-12-07T21:20:22.000Z,2024-03-10T04:55:04.000Z,7b8a746e1ec9ef0ee8b7cc7ce96998dd,gap,"[-166.48101, 2.9299733333333333, 141.5687, 3.569787]",3.6141,167.5527,[],[],"['ACAP', 'SPRFMO', 'WCPFC', 'IWC']",['77'],['77'],[],[],[],[],539,486,797.044812,676.927625,584847ea2-29a3-4832-b929-a94c3270c5d6,NETFISH960-14     9V,960222214,,gear,,True,5767.044267152461,10999.566666666668,0.28309795124165177,48,158.34373662257343,2.9299733333333333,-166.48101,3.569787,141.5687
2022-12-10T06:24:34.000Z,2024-03-31T19:42:19.000Z,c112b2e7c847af990495d18633c388de,gap,"[31.170391666666667, -29.992345, 90.4, 4.089916666666666]",-14.8056,63.0797,[],[],"['ACAP', 'SEAFDEC', 'IOTC', 'IWC']","['57', '57.2']",['57'],[],[],[],[],481,17,507.24743800000005,16.749629000000002,0ead33871-16cc-b3f3-7680-5906a19f233d,LIBERATOR,635961348,ATF,other,,True,7341.846651930112,11461.283333333333,0.34588448207268435,15,39.16637699714329,4.089916666666666,90.4,-29.992345,31.170391666666667
2022-12-11T04:19:44.000Z,2026-02-22T17:42:43.000Z,6cd11902ef5346df631d8274fb08411b,gap,"[-164.774882, -6.786173, 161.23039500000002, 5.4927166666666665]",-0.6763,178.2065,[],['8316'],"['ACAP', 'WCPFC', 'FFA', 'IWC', 'SPC']","['71', '71.6.2']",['71'],[],[],[],[],100,466,192.050266,740.934375,e3aa756af-f795-48a2-b945-64f14f7a6a54,HNY719-05 86%,991171905,,gear,,True,4011.981776357175,28069.366666666665,0.07717654912595472,26,139.06008023889908,5.4927166666666665,161.23039500000002,-6.786173,-164.774882
2022-12-11T05:17:19.000Z,2026-07-17T21:11:13.000Z,2bb84f30735fae762d9d91b50c46d40a,gap,"[-164.632108, -8.21031, 161.3961183333333, 5.484605]",-1.425,178.332,[],['8316'],"['ACAP', 'WCPFC', 'FFA', 'IWC', 'SPC']","['71', '71.6.2']",['71'],[],[],[],[],113,322,173.203203,584.491062,f92109fa6-60c8-e4f5-6291-f2d07497cecb,HNY719-13 81%,991171913,,gear,,True,4063.448336601928,31551.883333333335,0.06953900506221404,29,139.06008023889908,5.484605,161.3961183333333,-8.21031,-164.632108
2022-12-11T08:10:20.000Z,2025-03-25T21:50:04.000Z,b0f535d7f6b0817f522eff934d464ac4,gap,"[156.898927, 5.097813, 161.62710833333333, 5.47877]",5.2928,159.2623,[],['8316'],"['ACAP', 'WCPFC', 'FFA', 'IWC', 'SPC']","['71', '71.6.2']",['71'],[],[],[],[],132,86,147.831422,251.53478099999998,791a9c3ed-d1d2-341c-e012-2c49d414ab91,HNY731-03 83%,991173103,,gear,,True,525.2215546283941,20053.65,0.01414191190846521,43,139.06008023889908,5.47877,161.62710833333333,5.097813,156.898927
2022-12-13T09:47:28.000Z,2024-03-14T21:58:47.000Z,049c7c25ffbd6ac9d2a3518acacbc778,gap,"[-163.804588, -14.117643333333332, -162.29898833333334, -10.21736]",-12.1685,-163.0573,[],['8446'],"['ACAP', 'WCPFC', 'FFA', 'IWC', 'SPC']",['77'],['77'],[],[],[],[],134,230,130.44744500000002,345.1915,e3c7fe9a8-8ed0-c200-454a-afedb89fea2b,,991288301,,gear,,True,463.5299483930107,10980.183333333332,0.022794350662659238,96,175.26276136838877,-14.117643333333332,-162.29898833333334,-10.21736,-163.804588
2022-12-13T17:59:04.000Z,2024-08-27T01:41:09.000Z,1998fceea0416ecc1514e3769b201d1e,gap,"[-166.559255, -12.338750000000001, 170.116052, -7.628145]",-10.1895,-178.3072,[],['8446'],"['ACAP', 'WCPFC', 'FFA', 'IWC', 'SPC']",['77'],['77'],[],[],[],[],151,406,387.532875,723.949375,a08b6c4ff-fe3e-929d-33b8-06c9389cecd8,,991173906,,gear,,True,2606.1708411007153,14935.7,0.09421852853366473,57,166.58206419147163,-12.338750000000001,-166.559255,-7.628145,170.116052
2022-12-13T22:19:15.000Z,2024-11-17T15:44:04.000Z,7991b32cc4cacec8646626a11c96e642,gap,"[67.69769, -21.637993333333334, 131.503742, 15.871165]",-3.3952,100.2107,[],[],"['ACAP', 'IOTC', 'IWC', 'SIOFA', 'CCSBT']","['51', '51.7']",['51'],[],[],[],[],487,764,495.741219,869.528188,333a6edcc-cf76-e61d-8d87-abeee2b64a4c,NET FISH 9280-09  9V,928066609,,gear,,True,8107.571162953192,16913.4,0.2588325356781018,61,115.13835106441448,-21.637993333333334,67.69769,15.871165,131.503742
2022-12-13T22:24:41.000Z,2024-11-17T15:12:54.000Z,7fa3662e4a9e9933a5e17f5909df4648,gap,"[67.694, -21.640955, 131.517635, 15.866548]",-3.4,100.2168,[],[],"['ACAP', 'IOTC', 'IWC', 'SIOFA', 'CCSBT']","['51', '51.7']",['51'],[],[],[],[],486,766,494.807062,871.274688,eceee6cbd-d477-b470-d875-8fb3b843a305,NET FISH 9555-04  9V,955588804,,gear,,True,8109.1029780161625,16912.8,0.25889062265874935,68,115.13835106441448,-21.640955,67.694,15.866548,131.517635
2022-12-13T22:26:55.000Z,2024-11-17T16:08:50.000Z,f389934093b238be957b130b3e9c764b,gap,"[67.692755, -21.641645, 131.493322, 15.87542]",-3.3947,100.203,[],[],"['ACAP', 'IOTC', 'IWC', 'SIOFA', 'CCSBT']","['51', '51.7']",['51'],[],[],[],[],486,764,494.807062,869.299625,90af7f351-1abc-3f43-1f73-c7e25dbad1b9,NET FISH 9555-05  9V,955588805,,gear,,True,8107.464922077424,16913.683333333334,0.25882480812602415,53,115.13835106441448,-21.641645,67.692755,15.87542,131.493322
2022-12-13T22:33:21.000Z,2024-11-17T15:27:45.000Z,77c203cefe9114ade09b867945a6ba31,gap,"[67.68973333333334, -21.642111666666665, 131.510703, 15.86875]",-3.3993,100.2111,[],[],"['ACAP', 'IOTC', 'IWC', 'SIOFA', 'CCSBT']","['51', '51.7']",['51'],[],[],[],[],486,765,494.807062,870.4011879999999,8cd7a451b-bfef-fb35-4e63-d228346c9d30,NET FISH 9555-01  9V,955588801,,gear,,True,8109.029042222416,16912.9,0.258886731475267,83,115.13835106441448,-21.642111666666665,67.68973333333334,15.86875,131.510703
2022-12-13T22:34:59.000Z,2024-11-17T15:53:51.000Z,c6fcdfc0cbf57c3f68217e7601fcb088,gap,"[67.68929666666666, -21.641853333333334, 131.499683, 15.872872]",-3.3965,100.2048,[],[],"['ACAP', 'IOTC', 'IWC', 'SIOFA', 'CCSBT']","['51', '51.7']",['51'],[],[],[],[],486,764,494.807062,869.528188,224932c07-78a4-1c3f-1589-bfc25e5b2716,NET FISH 9280-08  9V,928066608,,gear,,True,8108.252841325391,16913.3,0.2588558285971896,47,115.13835106441448,-21.641853333333334,67.68929666666666,15.872872,131.499683
2022-12-13T22:37:19.000Z,2024-11-16T18:45:35.000Z,bf1c325e56cf3da99560fcf0a28d8026,gap,"[67.6887, -21.641309999999997, 132.221472, 17.31003]",-2.5606,100.4388,[],[],"['ACAP', 'IOTC', 'IWC', 'SIOFA', 'CCSBT']","['51', '51.7']",['51'],[],[],[],[],486,800,494.807062,957.301625,808910042-2d9a-3589-20f5-13cefd7e502f,NET FISH 9280-06  9V,928066606,,gear,,True,8253.52104641484,16892.133333333335,0.263823683695568,72,115.13835106441448,-21.641309999999997,67.6887,17.31003,132.221472
2022-12-13T22:39:58.000Z,2024-11-16T06:34:20.000Z,a7e91468fecda090f11c6d83e567cfc2,gap,"[67.68801, -21.640616666666666, 132.382598, 17.337113]",-2.5464,100.5178,[],[],"['ACAP', 'IOTC', 'IWC', 'SIOFA', 'CCSBT']","['51', '51.7']",['51'],[],[],[],[],486,799,494.807062,955.89475,2c533e2fc-cad3-01e0-1043-40302b7d82ab,NET FISH 9555-03  6V,955588803,,gear,,True,8269.942821851131,16879.9,0.26454018630728515,57,115.13835106441448,-21.640616666666666,67.68801,17.337113,132.382598
2022-12-13T22:40:58.000Z,2024-11-17T16:01:32.000Z,97ed93284bbe5bc1c2d62712cfc3b140,gap,"[67.68771166666667, -21.640428333333332, 131.4965, 15.874198]",-3.3949,100.2021,[],[],"['ACAP', 'IOTC', 'IWC', 'SIOFA', 'CCSBT']","['51', '51.7']",['51'],[],[],[],[],486,764,494.807062,869.528188,d25bdc50b-b7cd-3f26-8219-b9a196488172,NET FISH 9555-02  9V,955588802,,gear,,True,8108.107635212498,16913.333333333332,0.2588506827424687,59,115.13835106441448,-21.640428333333332,67.68771166666667,15.874198,131.4965
2022-12-14T03:59:40.000Z,2024-12-21T12:15:39.000Z,e163e82d2c9b55b838758094f695f546,gap,"[151.65233333333333, 33.29966833333334, 168.86819, 34.878877]",34.3912,160.1794,[],[],"['ACAP', 'PICES', 'WCPFC', 'NPFC', 'IWC', 'NPAFC']",['61'],['61'],[],[],[],[],1023,1411,1024.472625,2028.39225,908206b88-81de-d2d9-7f6b-0cbaf5799553,628000022         9V,628000022,,gear,,True,1593.0760948949817,17720.25,0.04854289729892192,31,30.510764909508527,33.29966833333334,151.65233333333333,34.878877,168.86819
2022-12-14T07:04:06.000Z,2024-02-29T20:26:04.000Z,86c2d46894e3fc8bcec48074f62c4eb0,gap,"[-170.640512, -8.169986666666667, 47.87226833333333, 11.830693]",5.5339,117.6918,[],['8337'],"['ACAP', 'IOTC', 'SWIOFC', 'IWC']","['51', '51.5']",['51'],[],[],[],[],170,554,481.642281,1525.309875,ad71fded5-5dbf-e429-5de5-28a5a8c89d34,SF16-BUOY-04      9V,994008474,,gear,,True,15781.431430597195,10621.35,0.8022794907635045,17,44.04599309851232,-8.169986666666667,47.87226833333333,11.830693,-170.640512
2022-12-15T11:13:03.000Z,2025-03-18T22:15:39.000Z,7bf16b2712265688e38fe0d902159434,gap,"[77.47072499999999, -3.752055, 89.943103, 16.504878]",6.414,83.5819,[],[],"['SEAFDEC', 'IOTC', 'IWC', 'SIOFA', 'ACAP']","['51', '51.4']",['51'],[],[],[],[],585,438,671.4375620000001,446.933219,0f1464fd4-4569-205d-8e1d-c042fb9ff923,IMULA1396MTR B-7-99%,994174875,,gear,,True,2636.781630247199,19787.033333333333,0.07195359488683915,20,21.738485115621778,-3.752055,77.47072499999999,16.504878,89.943103
2022-12-15T16:15:53.000Z,2024-07-13T23:11:01.000Z,15b0918cba16c44b16b8ead88e3ab12f,gap,"[-100.35664166666668, 0.4413266666666667, 31.125293, 70.381]",49.2857,-82.4303,[],[],"['ACAP', 'SPRFMO', 'IATTC', 'IWC']","['87', '87.1', '87.1.4']",['87'],[],[],[],[],938,1,939.584062,0.746742,952c9a64d-d596-1ebe-2049-38f757545e0d,ARCAJR3001          ,941500694,,gear,,True,11389.035592040767,13830.916666666666,0.44462615175338804,70,60.586260703572634,0.4413266666666667,-100.35664166666668,70.381,31.125293
2022-12-15T17:06:27.000Z,2024-01-03T05:43:27.000Z,cca3f6851363485aae1c9885149b246e,gap,"[-27.019088333333332, 64.856455, -26.738207, 65.732328]",65.2945,-26.881,[],['5680'],"['ICCAT', 'ACAP', 'ICES', 'NAMMCO', 'NASCO', 'IWC']","['27.14.b', '27.14', '27.14.b.2', '27']",['27'],[],[],[],[],137,105,151.598875,125.911453,42a872ee9-9ea6-e606-b6cd-cf4a8acfb017,BAUJA 5 TJALDUR S 94,992511148,,gear,,True,98.26346052170597,9204.616666666667,0.005764283941550857,56,60.16223469381245,64.856455,-27.019088333333332,65.732328,-26.738207
2022-12-15T19:53:52.000Z,2025-06-07T17:09:36.000Z,5db8d277f6a0621ec36938c5667e2545,gap,"[75.65256, -3.743775, 77.29339666666667, -3.331895]",-3.5382,76.4728,[],[],"['SEAFDEC', 'IOTC', 'IWC', 'SIOFA', 'ACAP']","['51', '51.4']",['51'],[],[],[],[],568,401,657.388562,515.454219,54e272b02-2edb-514a-e65a-cb6cdadfcd73,IMULA1396MTR B-9-97%,994174877,,gear,,True,187.77576098776748,21717.25,0.0046686758069931,25,21.738485115621778,-3.743775,77.29339666666667,-3.331895,75.65256
2022-12-17T03:51:33.000Z,2025-01-20T04:57:02.000Z,b32ade4edc8f1e282dcef8d080d6b806,gap,"[51.96233666666667, -8.948583333333334, 108.35311666666666, 17.860055]",5.0525,79.5873,[],['8337'],"['ACAP', 'IOTC', 'SWIOFC', 'IWC']","['51', '51.5']",['51'],[],[],[],[],107,80,470.54571899999996,81.810641,b40c945c8-88cb-be40-a236-43b2ff0e6be8,998,413000998,CHN,other,,True,6870.545925003277,18361.083333333332,0.20204679366198527,286,301.0396269477471,-8.948583333333334,51.96233666666667,17.860055,108.35311666666666
2022-12-18T11:57:27.000Z,2025-03-10T20:09:26.000Z,f99548480937c3950031428ce7381bd9,gap,"[165.50620333333333, 4.047297, 169.389595, 7.507443333333333]",5.7807,167.4538,[],['8318'],"['ACAP', 'WCPFC', 'FFA', 'IWC', 'SPC']","['71', '71.6.2']",['71'],[],[],[],[],159,94,279.501438,400.69468800000004,7dc722806-65ff-b28d-4628-cacd767a051f,HNY766-03 70%,991176603,,gear,,True,576.6706369363993,19520.183333333334,0.015951552731333,64,163.04580050384135,7.507443333333333,165.50620333333333,4.047297,169.389595
2022-12-18T12:29:49.000Z,2025-10-01T03:50:44.000Z,cdd8c97b004a50e5bcdea4f76482476a,gap,"[67.96377166666667, -7.908461666666667, 121.853507, 35.946128]",15.6272,91.984,[],[],"['ACAP', 'IOTC', 'IWC', 'SIOFA']","['51', '51.4']",['51'],[],[],[],[],393,87,493.104812,54.507578,6fd421b01-15d8-2106-829a-cd42b0f73806,IMULA 0110CBO,235555555,GBR,fishing,,True,7442.633586112784,24423.333333333332,0.1645434955827624,50,277.53270338343714,-7.908461666666667,67.96377166666667,35.946128,121.853507
2022-12-20T12:44:52.000Z,2025-04-05T19:57:19.000Z,97285d4c042da0bc8457e8732759d268,gap,"[-163.51866833333332, -14.465125, -154.396748, -3.26205]",-8.8913,-158.8878,[],['8446'],"['ACAP', 'WCPFC', 'FFA', 'IWC', 'SPC']",['77'],['77'],[],[],[],[],141,99,142.695922,674.04875,fc9fe50cb-bbbe-ef2a-b047-78758095b9fe,SLC885-06 78%,991288506,,gear,,True,1597.7334432979603,20095.2,0.0429310005781218,88,173.78256750867192,-14.465125,-163.51866833333332,-3.26205,-154.396748
2022-12-21T04:16:44.000Z,2024-07-26T21:22:32.000Z,a0088f903812b91a7854c6d78e97f593,gap,"[100.75387333333333, -10.396548333333334, 140.474307, -9.248602]",-10.4305,120.65,[],[],"['ACAP', 'SEAFDEC', 'IOTC', 'IWC', 'CCSBT']","['57', '57.2']",['57'],[],[],[],[],461,48,461.989125,86.07003900000001,ecf34fdc6-6e8b-b25f-aa31-ef6c338bac6a,V@@@@@@@ 2,525333222,IDN,fishing,,True,4351.104555014409,14009.083333333334,0.16770608405455165,33,200.84685978337532,-10.396548333333334,100.75387333333333,-9.248602,140.474307
2022-12-21T18:36:00.000Z,2026-08-19T00:30:51.000Z,64babd7f856a82ffe378905e65b30099,gap,"[122.190233, -5.58924, 173.89267, 31.96146]",14.5823,150.2514,[],['8326'],"['ACAP', 'WCPFC', 'FFA', 'IWC', 'SPC']",['71'],['71'],[],[],[],[],242,34,666.434,33.192344,5b5c2a27e-e794-f2ac-76e1-4494db7b4301,107000089     [7.3V],107000089,,gear,,True,6877.726410236455,32069.9,0.1157993996711647,32,137.96453251423023,-5.58924,173.89267,31.96146,122.190233
2022-12-22T15:59:01.000Z,2024-06-28T11:32:48.000Z,9eee2d77814d1ae1ade1d34e37f33d35,gap,"[-60.665445, -45.72761666666667, -60.027862, -45.445795]",-45.5871,-60.3459,[],[],"['ICCAT', 'IWC', 'ACAP', 'CCSBT']","['41.3.1', '41', '41.3']",['41'],[],[],[],[],387,416,405.392531,449.52378100000004,2fc13060c-c7ae-f21a-cb5d-d435568a940b,LURONGYUANYU818,412331015,CHN,fishing,,True,58.68261986661886,13291.55,0.002383926618158669,60,49.59825585509563,-45.72761666666667,-60.665445,-45.445795,-60.027862
2022-12-25T10:21:13.000Z,2024-05-15T05:00:17.000Z,f9198033e1028345a64b481787fd7f24,gap,"[-174.68698333333333, 4.503147, 157.928958, 11.997493333333333]",8.4881,171.4884,[],[],"['ACAP', 'NPFC', 'WCPFC', 'IWC']",['77'],['77'],[],[],[],[],762,160,1621.81075,275.165594,6e30f7831-17bf-87fa-5bf4-0a8162ed548a,909600003         9V,909600003,,gear,,True,3123.766497660309,12162.65,0.1386785752133574,52,139.8128094567829,11.997493333333333,-174.68698333333333,4.503147,157.928958
2022-12-26T17:04:10.000Z,2024-04-14T22:36:10.000Z,388280f980ab9962567b1e7546b2c996,gap,"[-160.626828, -11.92113, 162.04957166666665, 3.8356966666666663]",-4.2662,-179.4779,[],['8316'],"['ACAP', 'WCPFC', 'FFA', 'IWC', 'SPC']",['71'],['71'],[],[],[],[],186,168,195.86842199999998,307.08656199999996,ab67273c9-962c-160c-4f67-52ccdfda1349,HNY73208 84%,991173208,,gear,,True,4482.702868071507,11405.533333333333,0.21221856451129234,17,142.2110974033737,3.8356966666666663,162.04957166666665,-11.92113,-160.626828
2022-12-27T08:51:58.000Z,2025-04-22T22:08:14.000Z,8d416f886691659cbf3ddcef9d15bc47,gap,"[-108.88682833333334, -19.041335, 107.384453, 19.267157]",0.3627,179.3685,[],[],"['ACAP', 'SPRFMO', 'IATTC', 'IWC']","['87', '87.2.6', '87.2']",['87'],[],[],[],[],889,102,893.975688,123.991953,c4d489d6f-f806-731a-af12-8114f30c1d9a,PINTAIRONG688-01100%,412713588,CHN,gear,,True,16212.231233143082,20341.266666666666,0.4303519882504686,114,164.20027300520167,-19.041335,-108.88682833333334,19.267157,107.384453
2022-12-27T10:58:29.000Z,2025-10-28T06:42:42.000Z,c301355068d7b76e970282ddab7d2ed5,gap,"[150.347925, 16.663683333333335, 160.407733, 29.91638]",23.3702,155.1257,[],[],"['ACAP', 'WCPFC', 'IWC']","['71', '71.6.1']",['71'],[],[],[],[],462,891,517.875656,1804.704375,a5aa5ad56-613e-2680-7f7e-4c22b78e47af,NET FISH 9699-17  9V,969955517,,gear,,True,1794.2936383748392,24859.733333333334,0.03897230289830749,102,53.99122383691542,16.663683333333335,150.347925,29.91638,160.407733
2022-12-27T11:36:27.000Z,2024-08-20T02:12:47.000Z,835ce825e42e3be5a51efefb449b94df,gap,"[150.36533333333333, 16.600485, 165.36377, 40.7235]",28.8668,156.9837,[],[],"['ACAP', 'WCPFC', 'IWC']","['71', '71.6.1']",['71'],[],[],[],[],463,1252,517.981438,1310.40575,3a09a5cef-f2fe-f770-2b9b-71461732e2c1,NET FISH 9699-18  6V,969955518,,gear,,True,3045.1884019220247,14438.6,0.11388016812033434,96,53.99122383691542,16.600485,150.36533333333333,40.7235,165.36377
2022-12-27T12:37:49.000Z,2024-09-09T04:41:14.000Z,82fac8d12d021cd7dfbde88efe0b24eb,gap,"[150.37278166666667, 16.539495, 162.747345, 43.922095]",30.3737,155.6783,[],[],"['ACAP', 'WCPFC', 'IWC']","['71', '71.6.1']",['71'],[],[],[],[],462,850,516.130812,894.963875,3e0dab61c-c739-51e4-9d8f-ba2593f66ea4,NET FISH 9699-19  9V,969955519,,gear,,True,3260.04366467328,14920.05,0.11798102260401722,96,53.99122383691542,16.539495,150.37278166666667,43.922095,162.747345
2022-12-27T22:35:34.000Z,2025-02-19T18:22:46.000Z,8c8a3aa5f47ea5915488777201830426,gap,"[60.19557833333333, -10.656283, 76.110745, -4.528513333333334]",-7.6653,68.096,[],[],"['ACAP', 'IOTC', 'IWC', 'SIOFA']","['51', '51.5']",['51'],[],[],[],[],472,539,484.926375,552.734688,d1d9c87e1-10fc-df48-2af7-6d272ac19d51,994030079         3V,994030079,,gear,,True,1880.9463922749176,18835.783333333333,0.05392023169256778,16,33.86173154826977,-4.528513333333334,60.19557833333333,-10.656283,76.110745
2022-12-28T10:53:40.000Z,2024-09-02T07:55:56.000Z,a9afc4381aa18ec190b3ec89a76d9cee,gap,"[150.30339, 16.826525, 161.924325, 43.241527]",30.1597,155.3228,[],[],"['ACAP', 'WCPFC', 'IWC']","['71', '71.6.1']",['71'],[],[],[],[],460,854,518.7655,929.476812,70de64d50-08fb-70f9-3f86-02c51f416957,NET FISH 9699-15  9V,969955515,,gear,,True,3135.7187547190106,14733.033333333333,0.1149222048865863,89,53.99122383691542,16.826525,150.30339,43.241527,161.924325
2022-12-29T04:58:39.000Z,2025-05-23T20:58:22.000Z,1678e479570cccda14176eb3d6cb9da0,gap,"[-47.083272, -40.184565, 144.62466666666666, 3.15036]",-63.4839,176.3857,[],[],"['ACAP', 'SEAFDEC', 'SPRFMO', 'WCPFC', 'IWC']",['71'],['71'],[],[],[],[],436,874,618.213,875.142438,b940a6219-901d-3535-f9ed-00464074500c,994128007         9V,994128007,,gear,,True,15732.033098568349,21039.983333333334,0.40373693121252185,21,35.36362434003603,3.15036,144.62466666666666,-40.184565,-47.083272
2022-12-29T05:24:28.000Z,2024-07-06T12:37:00.000Z,49b2f71383b7e9a6d5f4e8195fda2851,gap,"[164.779055, 7.641975, 173.96229, 10.676678]",9.1883,169.351,[],['8318'],"['ACAP', 'WCPFC', 'FFA', 'IWC', 'SPC']","['71', '71.6.2']",['71'],[],[],[],[],178,340,323.573438,488.37640600000003,91e623785-5ae4-0cbe-6d8d-786bd17dd5ed,CFA20-08100%,991302008,,gear,,True,1062.941416223101,13327.2,0.04306549382950097,106,158.0851636671083,7.641975,164.779055,10.676678,173.96229
2022-12-29T11:14:22.000Z,2024-07-19T01:47:49.000Z,f8dd890ff28b9e9cd42b81f15dee3491,gap,"[-51.60347333333333, -34.50311666666666, -49.572002, -34.021037]",-34.2663,-50.5848,[],['8464'],"['ICCAT', 'ACAP', 'IWC']","['41', '41.2.3', '41.2']",['41'],[],[],[],[],173,301,233.143656,292.69625,4157474b3-3a99-0851-650b-15f524fe231d,B16 -  MARTIM VAZ,710000026,BRA,other,,True,194.23045236565918,13622.55,0.007698709433484958,21,20.12083409184211,-34.50311666666666,-51.603473333333326,-34.021037,-49.572002
2022-12-30T10:17:15.000Z,2024-03-12T22:56:36.000Z,302d7d7cc017d6ad424e813e75eb87c8,gap,"[-168.117068, -14.5163, -168.0257083333333, -9.66604]",-12.0912,-168.0718,[],['8444'],"['ACAP', 'WCPFC', 'IWC', 'SPC']",['77'],['77'],[],[],[],[],156,283,285.579906,582.801562,f4fcaba6d-d2b8-b70f-d856-e0ba534c2632,,991288101,,gear,,True,539.4165588670943,10524.65,0.027674235329152266,74,155.81318187407356,-14.5163,-168.0257083333333,-9.66604,-168.117068
2022-12-30T14:27:22.000Z,2025-08-06T00:37:35.000Z,b4438b9d44997e50722c4e2c317a727c,gap,"[-170.404002, -12.344083333333334, -166.39322833333333, -6.590025]",-9.4728,-168.4154,[],['8446'],"['ACAP', 'WCPFC', 'FFA', 'IWC', 'SPC']",['77'],['77'],[],[],[],[],136,253,369.7705,818.673125,39b0b05b2-2a3c-1f58-c797-f97a8678fbda,SHENLIANCHENG885 95%,991288507,,gear,,True,776.3446365694086,22786.166666666668,0.01839680076400213,29,166.58206419147163,-12.344083333333334,-166.39322833333333,-6.590025,-170.404002
2023-01-01T05:17:14.000Z,2025-11-04T00:05:43.000Z,e6d09591df1f5ea2d024cedac02047f5,gap,"[67.786185, -3.01834, 75.565225, -1.437962]",-2.2333,71.6736,[],['8345'],"['ACAP', 'IOTC', 'IWC', 'SIOFA']","['51', '51.4']",['51'],[],[],[],[],371,595,481.022406,672.310812,00d6bbfd8-8bcd-6808-4989-dc6fad56802f,IMULA 0633 CHW BU-1,994177625,,gear,,True,881.992352994594,24906.8,0.019120793180792118,31,22.39689029663561,-3.01834,75.565225,-1.437962,67.786185
2023-01-01T10:45:27.000Z,2026-02-03T13:22:39.000Z,3f1e40a34e082f36b16f0057918f3e63,gap,"[68.719412, -3.024503, 75.489385, -1.2958479999999999]",-2.1639,72.1025,[],['8345'],"['ACAP', 'IOTC', 'SWIOFC', 'IWC']","['51', '51.4']",['51'],[],[],[],[],364,491,476.68781199999995,570.710875,9d94b6a26-661e-57da-2a07-71644d1704b8,IMULA 0633 CHW BU-2,994177626,,gear,,True,776.3942749612307,27098.616666666665,0.01547013916193964,21,22.39689029663561,-3.024503,75.489385,-1.2958480000000001,68.719412
2023-01-03T04:13:06.000Z,2026-03-23T23:40:59.000Z,44226f64e09871f1e78c130c10806ebe,gap,"[-112.121447, -16.219548, 120.385445, 27.119568]",12.1369,-171.4729,[],[],"['ACAP', 'SPRFMO', 'IWC', 'IATTC']","['87', '87.1', '87.1.4']",['87'],[],[],[],[],1232,1,1240.537875,0.0,3e59a42ef-f481-a15f-65e1-beec9250aab7,ZHONGYANG12-2,900212002,,gear,,True,14494.759517272758,28219.45,0.2773457319616798,156,166.09848278292307,-16.219548,-112.121447,27.119568,120.385445
2023-01-03T08:16:36.000Z,2024-06-13T13:37:56.000Z,8c8923bb709a771200f9f1afed5e10b3,gap,"[-65.23200666666666, -58.226776666666666, -9.90036, 62.166985]",2.2231,-39.3695,[],['8466'],"['ICCAT', 'ACAP', 'IWC', 'CCSBT']","['41.3.2', '41', '41.3']",['41'],[],[],[],[],280,115,394.54618800000003,134.0855,25a490739-90d4-0fa9-fd31-659c11b1f36c,HANSEATIC NATURE,215768000,MLT,passenger,,True,14202.967491268164,12653.35,0.6060836795133869,180,624.664301456541,-58.226776666666666,-65.23200666666666,62.166985,-9.90036
2023-01-03T23:15:54.000Z,2026-02-18T19:48:47.000Z,61bc91dc222cd1b38a004c65807b2990,gap,"[47.524195, -5.710435, 166.539453, 34.087643]",26.2132,98.198,[],[],"['ACAP', 'IOTC', 'IWC', 'SIOFA']","['51', '51.5']",['51'],[],[],[],[],422,1573,754.868625,2010.163875,4c9e7cd82-25bd-dec9-df21-1ea9f80f7400,BUOY 16           9V,994008886,,gear,,True,13020.453175846267,27404.533333333333,0.2565444990746619,20,41.56231888118837,-5.710435,47.524195,34.087643,166.539453
2023-01-05T10:11:04.000Z,2024-02-28T04:26:47.000Z,33c5df959e34953b674b779b85726561,gap,"[149.82715, 13.405358, 156.555795, 17.04629]",15.2509,153.2206,[],[],"['ACAP', 'WCPFC', 'IWC']","['71', '71.6.1']",['71'],[],[],[],[],416,625,481.432844,734.748688,2ac7eec60-0e92-95a2-375e-64bb84b2ad93,994029009         9V,994029009,,gear,,True,827.546351363436,10050.25,0.04446051417563224,50,47.75403453237329,17.04629,149.82715,13.405358,156.555795
2023-01-05T10:12:22.000Z,2026-02-17T15:08:50.000Z,0b24ea54c0758290935dff60337fa20d,gap,"[149.828402, 15.694785, 151.72125, 17.045045000000002]",16.372,150.7781,[],[],"['ACAP', 'WCPFC', 'IWC']","['71', '71.6.1']",['71'],[],[],[],[],416,606,481.432844,642.900938,2fe8177e7-775f-b153-84be-a877fbf479cf,994029012         9V,994029012,,gear,,True,251.6368246680683,27340.933333333334,0.004969582194689228,37,47.75403453237329,17.045045,149.828402,15.694785,151.72125
2023-01-05T11:25:32.000Z,2026-02-17T11:30:02.000Z,d0e19be93988b8c3deae081a43638667,gap,"[149.884025, 15.704347, 151.457963, 16.989908]",16.3486,150.6736,[],[],"['ACAP', 'WCPFC', 'IWC']","['71', '71.6.1']",['71'],[],[],[],[],420,578,483.6075,615.209938,23ebb1361-18b8-5966-7685-acae6ba79671,994029011         9V,994029011,,gear,,True,220.53585684180837,27336.066666666666,0.004356143762733675,107,49.33820855285509,16.989908,149.884025,15.704347,151.457963
2023-01-05T16:04:20.000Z,2026-08-23T01:05:56.000Z,00564f0cbbe25969c2e4e0f4fcf69dd7,gap,"[-141.79313333333334, -1.9661983333333333, 110.816672, 20.077433]",15.0532,166.9312,[],[],"['ACAP', 'SPRFMO', 'IATTC', 'IWC']",['77'],['77'],[],[],[],[],669,7,784.828312,17.024145,79f942fb4-4362-c832-ab6a-d4b6fa99db67,,412561688,CHN,fishing,,True,11897.581501290977,31809.016666666666,0.20196097677621883,574,460.7970506355478,-1.9661983333333333,-141.79313333333334,20.077433,110.816672
2023-01-06T00:14:45.000Z,2025-08-09T15:06:45.000Z,e3b93c8ee4fce9ee43debf7caeb591cc,gap,"[113.630655, -9.45587, 139.949738, 20.987108]",5.9199,127.1582,[],['8492'],"['ACAP', 'SEAFDEC', 'WCPFC', 'APFIC', 'IWC']",['71'],['71'],[],[],[],[],103,102,118.765359,92.126688,7cd9e4197-79fe-b346-4a92-540a8f924888,AISBUOY ADE99%,123038090,,gear,,True,4441.654813611571,22718.866666666665,0.10556432107285713,97,23.007954986320307,-9.45587,139.949738,20.987108,113.630655
2023-01-06T19:57:02.000Z,2024-06-06T23:12:39.000Z,c4c89633b99718b24376ada420e42695,gap,"[146.115957, 2.57816, 178.367427, 3.04968]",2.929,162.245,[],[],"['ACAP', 'SPRFMO', 'WCPFC', 'IWC']",['71'],['71'],[],[],[],[],482,429,615.8238120000001,564.643875,49d2d61fb-b487-3e12-8257-76cde21ac92c,NET FIHS 9927-12  9V,992766612,,gear,,True,3582.1371688129393,12411.25,0.15584242805617246,68,159.45829947495403,2.57816,178.367427,3.04968,146.115957
2023-01-07T09:27:06.000Z,2026-05-23T14:58:02.000Z,e5a2cda922c3f85540a0055cdd2ff77b,gap,"[100.65309333333333, -12.959391666666667, 114.4335, -3.708]",-8.3935,107.6254,[],[],"['ACAP', 'SEAFDEC', 'IOTC', 'IWC', 'CCSBT']","['57', '57.2']",['57'],[],[],[],[],414,18,420.499594,0.0,649306dbb-bda0-3478-e74c-d0236d57e071,VALLERIEI  2,525121222,IDN,fishing,,True,1830.6681383717812,29573.5,0.033424576603495265,71,244.54211031308313,-12.959391666666667,100.65309333333333,-3.708,114.4335
2023-01-07T10:08:44.000Z,2025-10-31T09:28:10.000Z,ab2774040d7209295720f36c2a5ddcac,gap,"[78.929188, -4.451552, 80.270222, 7.61154]",1.5801,79.6017,[],[],"['ACAP', 'SEAFDEC', 'IOTC', 'IWC']","['57', '57.2']",['57'],[],[],[],[],890,94,924.892438,92.865125,b7273fd35-5047-2aa0-84cd-102d7205d353,IMULA 0649CHW NET 9,964171601,,gear,,True,1349.583034076569,24671.316666666666,0.02953699435355339,14,23.876672521523634,-4.451552,80.270222,7.61154,78.929188
2023-01-08T06:55:30.000Z,2024-06-30T03:50:20.000Z,20af9c00ab60262a8456501ea862aaab,gap,"[127.348555, 2.965457, 141.165345, 19.299593]",11.2118,134.453,[],[],"['ACAP', 'SEAFDEC', 'SPRFMO', 'WCPFC', 'IWC']",['71'],['71'],[],[],[],[],533,540,602.32375,648.720625,a0a98a25e-e865-866e-8caa-c0529e3fd3da,LONGLINE BUOY 08-95%,681111008,,gear,,True,2356.611945352446,12932.9,0.09839004809424655,15,26.9589971643403,2.965457,141.165345,19.299593,127.348555
2023-01-08T06:56:34.000Z,2024-03-28T09:31:46.000Z,9300952544d378352cdcffb1071bee52,gap,"[-8.999935, -5.476385, -8.69283, -5.29233]",-5.3844,-8.8464,[],[],"['ICCAT', 'ACAP', 'IWC']","['34', '34.4.1', '34.4']",['34'],[],[],[],[],678,656,687.443625,665.241312,b191e7179-95f6-cf94-95be-315c3adf96a2,994069118         9V,994069118,,gear,,True,39.682660804650304,10682.583333333334,0.0020057809999794096,81,48.31263618693649,-5.476385,-8.69283,-5.29233,-8.999935
2023-01-09T17:02:13.000Z,2025-02-10T23:21:32.000Z,e4dfb08bd3e128783f383d206a208e4d,gap,"[157.602675, -12.172098, 159.358828, -10.732318]",-11.4535,158.4785,[],['8314'],"['ACAP', 'WCPFC', 'FFA', 'IWC', 'SPC']",['71'],['71'],[],[],[],[],95,214,100.24548399999999,227.656938,20c492189-9469-5ff8-ed64-dc8ef77cc823,BUOY 1 - 03       9V,994095103,,gear,,True,249.51532368479184,18318.316666666666,0.007354796788463663,14,71.33758374763725,-12.172098,159.358828,-10.732318,157.602675
2023-01-09T23:53:28.000Z,2024-02-21T13:01:32.000Z,daa0da8989410e6ed50170f2eb95b17b,gap,"[31.112235, -28.822122, 157.697918, 70.377205]",32.2865,135.9496,[],['8323'],"['ACAP', 'WCPFC', 'FFA', 'IWC']",['81'],['81'],[],[],[],[],324,1,327.0655,0.0,5157ab6c8-8575-9588-5986-e47b7a38f26d,941500604,941500604,,other,,True,14345.303066998935,9781.133333333333,0.7919168182958006,135,75.13742176076587,-28.822122,157.697918,70.377205,31.112235
2023-01-10T03:30:21.000Z,2025-02-05T11:13:24.000Z,126113d7132ba1b14a01e62f543f31f1,gap,"[-37.333785, -12.339332, 149.764367, 10.386007]",-15.3747,-120.6232,[],['8324'],"['ACAP', 'WCPFC', 'FFA', 'IWC', 'SPC']",['71'],['71'],[],[],[],[],186,1450,236.58820300000002,1478.4145,03461a63a-afab-b403-ef91-ae6064ad1aea,BUOY-02           8V,994210132,,gear,,True,19211.462518572025,18175.716666666667,0.5707263202590412,39,45.10480773875379,-12.339332,149.764367,10.386007,-37.333785
2023-01-10T20:12:54.000Z,2024-03-22T09:06:00.000Z,05aec12d4c9228843245e6470f4a30b1,gap,"[-9.987693, -5.486057, -9.604152, -5.366988]",-5.4266,-9.7959,[],[],"['ICCAT', 'ACAP', 'IWC']","['34', '34.4.1', '34.4']",['34'],[],[],[],[],587,555,595.9245,564.514,78b822300-01d8-65c6-f211-736275d79081,994069117         9V,994069117,,gear,,True,44.473240825951734,10476.883333333333,0.0022920584482692035,75,48.783770775269666,-5.486057,-9.604152,-5.366988,-9.987693
2023-01-11T05:22:11.000Z,2025-09-15T10:24:22.000Z,a0140f0f97db7e98f1539ed4e679e39c,gap,"[61.846795, -10.892373, 63.892075, -3.831038]",-7.3629,62.8776,[],[],"['ACAP', 'IOTC', 'IWC', 'SIOFA']","['51', '51.7']",['51'],[],[],[],[],567,864,984.970188,895.744375,54d8bd082-21ab-73af-428f-09ebe7a252b8,IMULA 0240 CHW BU-3,994177955,,other,,True,816.8978609908627,23477.033333333333,0.01878813014863225,69,49.553953384310454,-10.892373,61.846795,-3.831038,63.892075
2023-01-11T11:37:20.000Z,2024-02-17T13:45:08.000Z,91ccbd8ff3935cc7b880d3638277be2a,gap,"[-44.64183333333333, 5.6501, -43.60495, 5.871683333333333]",5.7611,-44.1233,[],[],"['ICCAT', 'ACAP', 'NAMMCO', 'IWC']",['31'],['31'],[],[],[],[],780,746,869.468625,852.271125,a8b0e0184-45e3-116d-9650-1ac95c36fcf5,ADONE,775993100,VEN,fishing,,True,117.33017230420671,9650.116666666667,0.006565021644258746,464,351.8355384150572,5.6501,-43.60495,5.871683333333333,-44.64183333333333
2023-01-11T16:06:11.000Z,2024-04-28T15:12:08.000Z,6992e44c033d915cde9ec730f9eca094,gap,"[97.454965, -13.752423, 107.083465, -5.534483]",-9.6769,102.2103,[],[],"['ACAP', 'SEAFDEC', 'IOTC', 'IWC']","['57', '57.2']",['57'],[],[],[],[],404,385,431.857719,399.724875,4e4ff51dc-c94f-cbd4-c698-99ec2f3995bb,994080425         9V,994080425,,gear,,True,1395.3412973281697,11351.083333333334,0.06637463619200054,16,15.507505254448555,-5.534483,97.454965,-13.752423,107.083465
2023-01-12T09:51:32.000Z,2024-12-12T05:31:26.000Z,70d79fcf463635c25c19ab361a47eed1,gap,"[-42.59673, -23.004597, -38.291293, 7.489543]",-7.7629,-40.364,[],[],"['ICCAT', 'ACAP', 'NAMMCO', 'IWC']","['34', '34.4.2', '34.4']",['34'],[],[],[],[],1161,7,1173.915125,46.07507,e0650ed1b-bf3c-854b-d7e5-272b4f086b8a,2AY3O.,710120000,BRA,other,,True,3422.9950191519565,16795.65,0.11004453229176325,183,36.57022698481724,7.489543,-38.291293,-23.004597,-42.59673
2023-01-12T17:29:14.000Z,2026-01-13T18:11:28.000Z,1d985eff969b694048eb50a04c31cde2,gap,"[-161.41965333333334, -14.337563333333334, 111.276885, 19.971057]",3.8897,155.7587,[],['8446'],"['ACAP', 'WCPFC', 'FFA', 'IWC', 'SPC']",['77'],['77'],[],[],[],[],224,3,219.076625,65.538039,3d84665a6-6a16-d406-e8a8-6e225429baa2,SPACEON-GRACE17,202001017,AND,fishing,,True,10273.553077274102,26328.7,0.21069307940527393,548,498.06876592053595,-14.337563333333334,-161.41965333333334,19.971057,111.276885
2023-01-13T08:04:16.000Z,2024-08-29T20:25:19.000Z,14b7a7f73876a8aebb4b85fb38022e12,gap,"[168.062567, 3.049555, 169.16197, 6.613222]",4.8316,168.6137,[],['8318'],"['ACAP', 'WCPFC', 'FFA', 'IWC', 'SPC']","['71', '71.6.2']",['71'],[],[],[],[],102,176,238.52146900000002,458.6455,83399bca1-1980-0ddf-2cea-c5931162586c,HNY766-02 71%,991176602,,gear,,True,414.55705037266813,14268.35,0.01568807183516379,138,173.89914898371367,6.613222,168.062567,3.049555,169.16197
2023-01-13T12:58:41.000Z,2024-05-17T06:20:59.000Z,c7b2cbf022c3b6509b6078719a5037b8,gap,"[167.818062, 3.851038, 171.083388, 10.691313]",7.2741,169.4383,[],['8318'],"['ACAP', 'WCPFC', 'FFA', 'IWC', 'SPC']",['71'],['71'],[],[],[],[],125,49,497.42053100000004,396.65918800000003,c541b03fe-e340-3df6-0bf1-242af045dea9,SLC725-09 80%,991272509,,gear,,True,841.4743745288528,11753.366666666667,0.038657843862652426,162,168.07401368670324,3.851038,167.818062,10.691313,171.083388
2023-01-13T22:58:20.000Z,2024-02-03T13:35:54.000Z,4e39a60ac8b2c2e4a829cceacc915783,gap,"[56.307272, -25.32669, 68.759608, -15.314482]",-20.4311,62.7362,[],[],"['ACAP', 'IOTC', 'IWC', 'SIOFA', 'CCSBT']","['51', '51.7']",['51'],[],[],[],[],444,739,451.683375,746.0625,346436b9d-d669-bade-5ee4-610d82cd8183,NETFISH876-02     9V,876555502,,gear,,True,1708.3894309059517,9254.616666666667,0.09967527877108401,39,106.40828121004888,-25.32669,56.307272,-15.314482,68.759608
2023-01-14T14:52:38.000Z,2024-01-07T10:00:03.000Z,9581cb3f777857ce41e70daae9f34210,gap,"[51.113932, -4.269278, 61.36065, -3.429622]",-3.8648,56.2348,[],['8337'],"['ACAP', 'IOTC', 'SWIOFC', 'IWC']","['51', '51.5']",['51'],[],[],[],[],326,602,496.810812,613.2210620000001,94a9d0cef-f9be-d7bd-13aa-654629b5fa0a,168800954         9V,994036074,,gear,,True,1140.6247455883597,8587.116666666667,0.07172233888018935,31,37.956012520638865,-3.429622,51.113932,-4.269278,61.36065
2023-01-14T19:50:11.000Z,2024-01-09T12:45:42.000Z,104db9a306618b2cf5df04e7145a9db9,gap,"[40.674132, -9.696702, 41.693598, -8.575977]",-9.1367,41.1831,[],['8479'],"['ACAP', 'IOTC', 'SWIOFC', 'IWC']","['51', '51.5']",['51'],[],[],[],[],116,155,193.502047,173.627609,80a578ee0-0933-4b6f-1f1a-a6527094906a,,890019008,,gear,,True,167.4989646187061,8632.916666666666,0.010476436760576463,24,40.682414887955765,-8.575977,40.674132,-9.696702,41.693598
2023-01-15T01:15:20.000Z,2024-04-05T07:48:01.000Z,3573838ff5e9b07cad6f531d5502c951,gap,"[-32.202177, -35.05121, 7.785483, -14.830142]",-26.3193,-13.9366,[],[],"['ICCAT', 'ACAP', 'IWC']","['41', '41.1.4', '41.1']",['41'],[],[],[],[],662,958,670.229625,962.5515,bc9540e7d-d8a6-f835-b65b-b8991e41822b,994018404         9V,994018404,,gear,,True,4572.377282750825,10710.533333333333,0.2305101104633167,72,33.9990083717153,-14.830142,-32.202177,-35.05121,7.785483
2023-01-15T10:47:28.000Z,2024-05-15T07:04:32.000Z,97d091e9d5b6d108563d37c712577232,gap,"[158.100213, 0.981475, 179.279873, 4.358517]",2.7162,168.7048,[],[],"['ACAP', 'SPRFMO', 'WCPFC', 'IWC']",['71'],['71'],[],[],[],[],405,182,704.00775,289.318438,915d940ce-e142-9e51-e525-5e703df2d6ca,909600011         9V,909600011,,gear,,True,2381.9305121707157,11660.283333333333,0.1103008862339269,43,155.20639279785277,0.981475,179.279873,4.358517,158.100213
2023-01-15T12:07:36.000Z,2024-03-01T17:46:00.000Z,5e8c3f83fe3c4ae48f7761a6089cb854,gap,"[-133.180488, -16.1976, 116.523763, 18.426802]",1.9499,172.1706,[],[],"['ACAP', 'SPRFMO', 'WCPFC', 'IATTC', 'IWC']",['77'],['77'],[],[],[],[],422,253,787.5936879999999,448.986312,90c21bff9-9ffa-5448-5a8d-4419a998729b,994163299         9V,994163299,,gear,,True,12658.515003118708,9869.633333333333,0.6925334576002785,104,168.0667296728921,-16.1976,-133.180488,18.426802,116.523763
2023-01-16T01:13:09.000Z,2024-02-16T22:43:06.000Z,b98a2488a87b68e6fa03bb5110225641,gap,"[-173.243735, -4.929518, -155.750935, -4.48403]",-4.7619,-164.4945,[],['8441'],"['ACAP', 'WCPFC', 'FFA', 'IWC', 'SPC']",['77'],['77'],[],[],[],[],100,121,740.95125,925.3001879999999,55eb8c89e-e60b-6d15-9edf-7aeed6a320fb,XINSHIJI87-18 93%,59077350,,gear,,True,1939.1308008444312,9525.483333333334,0.10992060266826316,32,171.2134636076933,-4.48403,-155.750935,-4.929518,-173.243735
2023-01-17T22:01:21.000Z,2026-04-12T17:55:52.000Z,76d816bc833ac1457d1a0f361ad230cd,gap,"[-179.78427, -2.119847, -163.14572, 12.652618]",5.3221,-171.3649,[],[],"['ACAP', 'SPRFMO', 'WCPFC', 'IWC']",['77'],['77'],[],[],[],[],396,1052,774.174688,1148.267625,81a2b127f-f480-086f-3f35-a217b3104a04,BUOY-02  100%,168800655,,gear,,True,2464.307046051766,28339.9,0.04695215421788814,52,170.19691436775256,-2.119847,-163.14572,12.652618,-179.78427
2023-01-18T11:26:22.000Z,2025-11-15T05:01:23.000Z,1e4234f4fea93b37c653808fc426a8de,gap,"[-123.84887, -19.390695, 123.542395, 33.353925]",12.3978,-174.9506,[],[],"['ACAP', 'SPRFMO', 'IATTC', 'IWC']",['77'],['77'],[],[],[],[],592,164,900.4804379999999,166.411406,021028a39-94b2-a328-43b8-6e0d6f792b36,ZHONGYANG22-4    7V9,900220004,,gear,,True,13236.82407708044,24761.583333333332,0.28864524212167825,174,194.18440557516251,-19.390695,-123.84887,33.353925,123.542395
2023-01-19T17:26:44.000Z,2024-07-20T02:16:51.000Z,383eecdaff35f7abc6df05a5a58f3bc8,gap,"[-142.022623, -2.783897, 165.14249, 23.885875]",11.746,-167.1836,[],[],"['ACAP', 'SPRFMO', 'IATTC', 'IWC']",['77'],['77'],[],[],[],[],588,528,705.0425,1702.741875,40f01c858-8234-4047-7047-4bd263e2fa62,SKF02010,111112287,,gear,,True,6433.253523393617,13136.833333333334,0.2644228574855854,80,148.0800144353997,-2.783897,-142.022623,23.885875,165.14249
2023-01-20T00:37:56.000Z,2024-07-17T04:42:17.000Z,9ae7ce76a452e1d386d2c3e84ffbb706,gap,"[106.818042, -17.73574, 140.896473, 3.136692]",-7.6306,124.2716,[],[],"['ACAP', 'SEAFDEC', 'SPRFMO', 'WCPFC', 'IWC']",['71'],['71'],[],[],[],[],554,804,616.125688,822.228125,1e2f92422-2a0d-0196-9731-9a957756f155,2250              9V,994162333,,gear,,True,4397.914685415821,13060.066666666668,0.18182785861798387,14,25.395216888313474,3.136692,140.896473,-17.73574,106.818042
2023-01-20T00:44:12.000Z,2024-02-18T17:47:38.000Z,ed0439faad6ae18c1c76ab1a306a234f,gap,"[48.686845, -6.236865, 63.451762, -4.30446]",-5.3145,56.0578,[],[],"['ACAP', 'IOTC', 'IWC', 'SIOFA']","['51', '51.5']",['51'],[],[],[],[],524,797,747.9805620000001,869.702875,9bdd0c104-4929-3f92-a8ec-233eb958a5e4,994230015         9V,994230015,,gear,,True,1648.7881610712025,9473.05,0.09397969872719422,28,40.38485574967447,-4.30446,48.686845,-6.236865,63.451762
2023-01-20T07:05:16.000Z,2024-09-14T08:33:23.000Z,9e5eaa4fb11020546ecada2f3dd661f2,gap,"[-128.134188, -19.702522, 108.725342, 19.883398]",0.19,170.3557,[],[],"['ACAP', 'SPRFMO', 'IATTC', 'IWC']",['77'],['77'],[],[],[],[],511,43,630.169,22.95448,202325e68-8635-09ac-8d85-83af73ca9b6f,DONGYU1537-0007 49%,4120007,CHN,gear,,True,14096.710765065978,14473.466666666667,0.525901296437498,185,192.07016296448296,-19.702522,-128.134188,19.883398,108.725342
2023-01-20T13:36:04.000Z,2025-08-23T07:21:34.000Z,2730bddb7e12c205f4e3510e227d79ff,gap,"[71.078028, -31.555483, 77.951975, -12.561355]",-22.0942,74.7483,[],[],"['IOTC', 'IWC', 'SIOFA', 'ACAP']","['51', '51.7']",['51'],[],[],[],[],829,909,843.390625,1526.8025,eba87e134-459b-4c0c-9be5-5f0fa0f5b2ca,LUQING115007      9V,994010947,,gear,,True,2226.1235899672442,22697.75,0.05295725689709742,47,62.61796460766732,-12.561355,77.951975,-31.555483,71.078028
2023-01-20T15:30:37.000Z,2024-10-20T04:07:33.000Z,7969411ca0259ec4a13909bc568c92f6,gap,"[78.030273, -12.543057, 84.629285, -9.687168]",-11.1331,81.346,[],[],"['IOTC', 'IWC', 'SIOFA', 'ACAP']","['51', '51.7']",['51'],[],[],[],[],834,1329,848.194438,1363.773625,68424013b-b88d-e1d8-5bbb-ac9a4a0519a4,LUQING115001      9V,994010941,,gear,,True,786.8438264844781,15324.6,0.027724160980869238,37,62.40486783604655,-12.543057,78.030273,-9.687168,84.629285
2023-01-21T17:39:47.000Z,2025-09-08T04:04:39.000Z,4aae54a034c4f68aba72a72148e2a5e0,gap,"[-164.041497, -18.250818, -127.1544, -6.623258]",-13.0875,-146.027,[],[],"['ACAP', 'SPRFMO', 'IATTC', 'IWC']",['77'],['77'],[],[],[],[],682,495,816.849438,744.2175,169a5e1f7-79c2-d1f3-3da5-454e74d3d5c3,LONGLINE BUOY 1377%,259013,NOR,gear,,True,4198.160185472248,23050.4,0.09834211788700768,14,189.6506248006889,-18.250818,-127.1544,-6.623258,-164.041497
2023-01-23T01:29:26.000Z,2025-07-13T01:01:39.000Z,267f6832f7421e1880b7cff55b5d32af,gap,"[-8.014945, -5.08787, 154.9189, 41.82962]",58.2209,29.6065,[],[],"['ICCAT', 'ACAP', 'IWC']","['34', '34.4.1', '34.4']",['34'],[],[],[],[],764,594,773.856875,678.7768120000001,8e19ce624-43d3-8511-ddd5-20f84d2b7632,994024018         5V,994024018,,gear,,True,15593.286885980026,21647.533333333333,0.38894506882948143,51,48.31263618693649,-5.08787,-8.014945,41.82962,154.9189
2023-01-24T14:29:53.000Z,2024-04-01T19:06:57.000Z,1747261e787f4cf1d5ca3c263ec5e24f,gap,"[126.71363, 0.867178, 179.178427, 18.48824]",10.7633,153.6922,[],[],"['ACAP', 'SPRFMO', 'WCPFC', 'IWC']",['71'],['71'],[],[],[],[],389,463,693.818188,652.808125,27ba807e9-9582-e2e9-b6cc-30de555e6800,909600005         9V,909600005,,gear,,True,6045.762465882324,10396.616666666667,0.313991626333286,31,155.20639279785277,0.867178,179.178427,18.48824,126.71363
2023-01-24T14:33:02.000Z,2024-05-15T06:55:46.000Z,e6889feabc4398bcb1ad0b3b87034830,gap,"[158.088622, 0.86218, 179.180838, 4.36864]",2.6603,168.6496,[],[],"['ACAP', 'SPRFMO', 'WCPFC', 'IWC']",['71'],['71'],[],[],[],[],388,181,693.911,288.251938,e54711471-1faa-f285-4cde-3e6a937924f5,909600004         9V,909600004,,gear,,True,2374.7383037750283,11440.366666666667,0.11208173137372328,48,155.20639279785277,0.86218,179.180838,4.36864,158.088622
2023-01-24T17:30:47.000Z,2024-01-06T19:23:06.000Z,243a8548c7d3e142ac5729b309dc4aea,gap,"[151.562912, 17.048055, 151.642507, 19.68419]",18.3661,151.6024,[],[],"['ACAP', 'WCPFC', 'IWC']","['71', '71.6.1']",['71'],[],[],[],[],596,564,653.708062,797.643062,023929378-839b-cd4c-a1a7-9060bec66638,BUOY SKY-05-99%,928004005,,gear,,True,293.2455959621765,8329.866666666667,0.019008702174889407,31,57.0531476856204,17.048055,151.562912,19.68419,151.642507
2023-01-24T17:31:24.000Z,2024-02-27T10:29:43.000Z,9d4fab1916661c5414acdd1c36ee98c9,gap,"[151.561418, 13.305512, 174.294667, 17.048397]",15.4662,163.0301,[],[],"['ACAP', 'WCPFC', 'IWC']","['71', '71.6.1']",['71'],[],[],[],[],596,499,653.708062,759.705188,34e8653d8-82ea-7464-fe30-85707e52e34c,BUOY SKY-06-99%,928004006,,gear,,True,2473.2839831320407,9568.966666666667,0.1395622495187794,36,57.0531476856204,17.048397,151.561418,13.305512,174.294667
2023-01-24T17:31:45.000Z,2026-04-14T19:51:54.000Z,ed9cb719303938131c8b7ea10fdbb789,gap,"[151.560713, 12.728423, 176.845557, 17.048303]",15.2413,164.332,[],[],"['ACAP', 'WCPFC', 'IWC']","['71', '71.6.1']",['71'],[],[],[],[],596,705,653.708062,866.303312,cd45d27a9-90c8-0bf0-986d-3503a2f28fc7,BUOY SKY-07-99%,928004007,,gear,,True,2757.062918284203,28226.333333333332,0.05274134839628646,33,57.0531476856204,17.048303,151.560713,12.728423,176.845557
2023-01-24T22:33:45.000Z,2024-04-01T12:45:10.000Z,bd0b051328333437e175cdbeb331f244,gap,"[61.193418, -37.307388, 64.373563, -4.848582]",-21.0853,62.9619,[],[],"['ACAP', 'IOTC', 'IWC', 'SIOFA']","['51', '51.5']",['51'],[],[],[],[],780,1250,927.28625,1859.00425,b367b2f13-3fcf-425e-1fca-d785f20fb549,IMULA 2393 MTR NET12,108090449,,fishing,,True,3623.722658311327,10382.183333333332,0.188462642237281,17,31.115755519574023,-4.848582,64.373563,-37.307388,61.193418
2023-01-25T08:19:45.000Z,2026-02-03T07:44:12.000Z,ece8d9ccf6d12301e15a5a061d8c5d32,gap,"[-27.349867, -32.291883, 99.828703, 11.506055]",-22.1887,27.7956,[],[],"['ICCAT', 'ACAP', 'NAMMCO', 'IWC']","['34.3.2', '34', '34.3']",['34'],[],[],[],[],462,1394,487.253375,1392.777125,feeb8d289-9eda-526c-0a4c-1110f62bc714,R003              9V,994165940,,gear,,True,14164.337583396335,26519.4,0.2883975672375111,44,31.59082465042471,11.506055,-27.349867,-32.291883,99.828703
2023-01-25T18:34:27.000Z,2025-02-13T12:07:32.000Z,e4d1dedeeb5c3228a62a0ac39008a1b9,gap,"[-24.407983, 4.669603, -23.628083, 6.652892]",5.6614,-24.0187,[],[],"['ICCAT', 'ACAP', 'NAMMCO', 'IWC']","['34', '34.4.2', '34.4']",['34'],[],[],[],[],1122,908,1138.688625,917.467812,2ad8ec229-9d9d-0942-f8db-2df14ea85b72,BUOY-11  100%,168804545,,gear,,True,236.8141973391086,17993.55,0.007106404073023833,16,38.81174267714925,4.669603,-24.407983,6.652892,-23.628083
2023-01-26T06:33:07.000Z,2025-04-25T19:19:45.000Z,d4b06046cc7307a44b9a7a3c464ff46c,gap,"[59.675325, 6.21015, 62.981255, 19.934075]",13.0774,61.2821,[],[],"['ACAP', 'IOTC', 'IWC', 'SIOFA']","['51', '51.5']",['51'],[],[],[],[],900,412,1248.365875,475.3435,2a3a00bea-a3c5-2187-ddb4-869ef9b93718,AL ATEFAQ,422112786,IRN,fishing,,True,1567.2528794577634,19692.766666666666,0.042972573093612666,17,147.68804105205567,6.21015,59.675325,19.934075,62.981255
2023-01-26T07:27:11.000Z,2026-06-26T17:18:23.000Z,9cfa9f2ea63a63485c10e31e9d486754,gap,"[169.144082, 3.976587, 174.476237, 5.671532]",4.8293,171.8068,[],['8318'],"['ACAP', 'WCPFC', 'FFA', 'IWC', 'SPC']","['71', '71.6.2']",['71'],[],[],[],[],270,81,378.20225,422.650781,a9643a756-6ba3-2e40-a22b-bc1fce2f93c9,SLC781-10 49%,991278110,,gear,,True,620.1197634612557,29937.85,0.011184433258843204,137,170.8316584268375,5.671532,174.476237,3.976587,169.144082
2023-01-26T07:31:27.000Z,2025-07-08T19:57:11.000Z,323a5f2c3d418cc342b965fdc2a52276,gap,"[-160.121015, -7.658968, 156.73931, 4.647938]",-1.6188,178.245,[],['8316'],"['ACAP', 'WCPFC', 'FFA', 'IWC', 'SPC']",['71'],['71'],[],[],[],[],139,268,303.359938,702.25725,0ce751bb7-737e-0a51-2462-6918f56f66a3,HNY723-15 95%,991172315,,gear,,True,4977.64607434546,21468.416666666668,0.12519385592187773,51,100.808573603232,4.647938,156.73931,-7.658968,-160.121015
2023-01-27T04:02:40.000Z,2026-03-27T12:50:04.000Z,b174f991f07772757e55333496e0ed72,gap,"[-35.187065, 3.417295, -24.668528, 8.563652]",6.0156,-29.9029,[],[],"['ICCAT', 'ACAP', 'NAMMCO', 'IWC']","['34', '34.4.2', '34.4']",['34'],[],[],[],[],1175,1331,1178.009625,1359.008875,5ca8da56f-f0f5-add9-8b26-0c6166405c98,BUOY-13  100%,168804671,,gear,,True,1295.9842298360427,27728.783333333333,0.025236430089959377,24,39.57026198424154,3.417295,-24.668528,8.563652,-35.187065
2023-01-27T23:45:58.000Z,2024-05-11T21:26:02.000Z,f0fb207e08ec3cd8d15ede06c160d56f,gap,"[167.721843, 6.468077, 171.638643, 10.252248]",8.365,169.6707,[],['8318'],"['ACAP', 'WCPFC', 'FFA', 'IWC', 'SPC']","['71', '71.6.2']",['71'],[],[],[],[],100,84,251.302953,348.818781,7c36b1940-0fc1-4602-6f8b-6b6544a3a86d,SLC783-08 87%,991278308,,gear,,True,602.2118026806203,11277.666666666666,0.028832946529607485,33,171.42012028979232,6.468077,167.721843,10.252248,171.638643
2023-01-28T02:41:13.000Z,2024-07-22T19:05:50.000Z,f04c708fa4a3f9e4711efd8d36da4c4a,gap,"[-177.740753, -3.034197, 149.001513, 2.91901]",-0.0601,165.6295,[],[],"['ACAP', 'SPRFMO', 'WCPFC', 'IWC']",['71'],['71'],[],[],[],[],388,418,696.146875,593.788625,bd96c8f6b-b0c1-4d49-9e3f-fb640fb7a527,9453 BUOY 05-99%,945305,,gear,,True,3755.227473896515,13000.4,0.15596909503202008,32,146.04249431926328,-3.034197,-177.740753,2.91901,149.001513
2023-01-29T18:45:30.000Z,2024-02-19T14:22:31.000Z,fa1980825abd4019d6522e3683b5ef9b,gap,"[170.654608, 30.496227, 172.453532, 32.457423]",31.48,171.5635,[],[],"['ACAP', 'PICES', 'WCPFC', 'NPFC', 'IWC']",['61'],['61'],[],[],[],[],925,1151,2464.18525,2342.6015,306f87697-7f23-27be-a93c-86f4cf47b604,994161951         9V,994161951,,gear,,True,276.8638367130098,9259.616666666667,0.016144784135849126,17,125.7287152403507,30.496227,172.453532,32.457423,170.654608
2023-01-30T04:49:10.000Z,2024-05-05T14:18:44.000Z,11fb9e745f42825c478d4eac224b0eb7,gap,"[-34.871377, -15.85711, 119.556043, -9.114263]",-44.9679,45.6321,[],[],"['ICCAT', 'ACAP', 'IWC']","['41', '41.1.4', '41.1']",['41'],[],[],[],[],428,26,461.568688,68.46755499999999,68f1cbb63-3a99-2f75-fc89-63483ed60fc4,994164697         7V,994164697,,gear,,True,16060.676544828484,11073.483333333334,0.7831385398285005,76,30.832356217755,-15.85711,-34.871377,-9.114263,119.556043
2023-01-31T09:19:22.000Z,2024-09-08T01:45:07.000Z,0c40bf179e096adccb9b4927efe8d37f,gap,"[-46.149387, -25.402125, -10.581957, 30.81538]",2.8421,-28.8297,[],['8464'],"['ICCAT', 'ACAP', 'IWC']","['41', '41.2.1', '41.2']",['41'],[],[],[],[],140,68,91.59792200000001,94.20594500000001,b767d2bc8-8b2d-74c8-6102-38b0caa221de,CHAPA BOIA 2,91800105,,other,,True,7306.991436473433,14056.416666666666,0.2806874491898628,90,13.47864756896169,-25.402125,-46.149387,30.81538,-10.581957
2023-01-31T18:54:21.000Z,2024-03-19T20:12:52.000Z,f3d48c9fab6c99716e66ec937898d7ef,gap,"[134.36641, 15.823268, 150.768113, 16.783488]",16.4627,142.547,[],[],"['ACAP', 'WCPFC', 'IWC']","['71', '71.6.1']",['71'],[],[],[],[],508,798,564.548875,809.971,4e48af463-3cff-694a-3f64-782c5630d3f0,NET FISH 9588-18  9V,958833318,,gear,,True,1753.2060951634799,9913.3,0.09549348440414027,140,53.99122383691542,16.783488,150.768113,15.823268,134.36641
2023-01-31T19:04:07.000Z,2024-02-20T15:43:34.000Z,6f9a6b33f29e5ba6c63fe882883644ec,gap,"[170.249052, 31.366922, 172.445027, 32.380717]",31.8785,171.3531,[],[],"['ACAP', 'PICES', 'WCPFC', 'NPFC', 'IWC']",['61'],['61'],[],[],[],[],950,1183,2445.97025,2334.2495,37d24c798-802d-07d5-2d7a-a1b7b809c357,994161953         9V,994161953,,gear,,True,236.0149369969394,9236.65,0.0137969795270657,43,125.36990959150924,31.366922,172.445027,32.380717,170.249052
2023-01-31T21:31:28.000Z,2024-03-10T15:30:19.000Z,030761105f34713fc964184e696278a5,gap,"[156.26205, 29.647932, 172.568955, 31.752975]",30.9566,164.326,[],[],"['ACAP', 'PICES', 'WCPFC', 'NPFC', 'IWC']",['61'],['61'],[],[],[],[],954,634,2402.28075,1403.511625,554c91823-3101-d14e-5272-300ea6e06fa1,994161952         9V,994161952,,gear,,True,1575.0475664982812,9689.966666666667,0.08776682919072251,36,125.36990959150924,31.752975,172.568955,29.647932,156.26205
2023-02-01T00:06:24.000Z,2024-11-23T19:47:20.000Z,0b2c0eb766ce4513a20a34d96794540c,gap,"[166.730527, 3.367865, 168.79326, 6.597167]",4.9833,167.7644,[],['8318'],"['ACAP', 'WCPFC', 'FFA', 'IWC', 'SPC']","['71', '71.6.2']",['71'],[],[],[],[],184,134,261.225,481.370812,c1c2af458-8e55-6cec-21fd-768613c51b4f,SLC721-03 71%,991272103,,gear,,True,425.60303046101177,15883.666666666666,0.014468148739929708,73,167.99708649039803,6.597167,166.730527,3.367865,168.79326
2023-02-01T07:27:22.000Z,2024-04-22T16:44:59.000Z,2bb94a45b7c38a32d1a489e14d50c282,gap,"[-31.206237, -12.465467, 122.805058, 19.271482]",14.7751,41.61,[],[],"['ICCAT', 'ACAP', 'IWC']","['41', '41.1.4', '41.1']",['41'],[],[],[],[],576,91,580.853562,397.458219,716bc72f1-149e-afb4-148f-b09356cb9168,994162805         9V,994162805,,gear,,True,17137.968698966044,10713.283333333333,0.8637653377117146,29,34.94026320489215,-12.465467,-31.206237,19.271482,122.805058
2023-02-01T11:49:19.000Z,2024-12-03T19:34:59.000Z,6c65c18c4651807fa4c49146a789ddb8,gap,"[-41.530513, -23.000072, -40.019527, -21.507715]",-22.2556,-40.771,[],['8464'],"['ICCAT', 'ACAP', 'IWC']","['41', '41.2.1', '41.2']",['41'],[],[],[],[],97,37,16.711322,45.033699,028595626-6108-d2c2-d600-0b4ac4df7bbf,CANDAL - B1,710459865,BRA,other,,True,227.40910015446943,16111.75,0.007621213759905026,20,21.52201375282849,-21.507715,-40.019527,-23.000072,-41.530513
2023-02-01T19:25:27.000Z,2025-12-31T00:32:10.000Z,c0808f6a472e3d75b357266c871eb342,gap,"[85.468498, -32.988448, 91.796213, -1.809847]",-17.4239,88.3555,[],[],"['ACAP', 'IOTC', 'IWC', 'SIOFA', 'CCSBT']","['57', '57.3']",['57'],[],[],[],[],1397,1001,2146.65625,1006.447375,3461acb0a-aba7-6b5a-2626-5ca8493e1bdc,994010408         9V,994010408,,gear,,True,3529.258418773162,25517.1,0.07468117828318883,83,226.80217541932115,-32.988448,91.796213,-1.809847,85.468498
2023-02-01T22:42:46.000Z,2024-05-26T03:15:12.000Z,0ce39e2a724dfeb030a9f455007d88b8,gap,"[90.907408, -34.024152, 93.49389, -16.979822]",-25.5076,92.1082,[],[],"['ACAP', 'IOTC', 'IWC', 'SIOFA', 'CCSBT']","['57', '57.3']",['57'],[],[],[],[],1494,829,1995.866625,841.576125,fe90275af-fadf-9ca4-74cb-0f531cae9829,LUQING118003      9V,994010973,,gear,,True,1912.7203557997173,11500.533333333333,0.08980334557431913,128,242.4193340498356,-34.024152,93.49389,-16.979822,90.907408
2023-02-02T00:28:04.000Z,2025-06-18T23:31:16.000Z,bbfb1b99d7c5312b407514d5e8c7268a,gap,"[118.113322, -8.560775, 136.636415, 24.097245]",7.8694,127.7483,[],['8492'],"['ACAP', 'SEAFDEC', 'WCPFC', 'APFIC', 'IWC']",['71'],['71'],[],[],[],[],109,15,173.99156200000002,12.271876,ea2e9c133-3b59-f60d-2faa-6cf97530eed3,AISBUOY POLLY15_D99%,123037956,,gear,,True,4151.045268774349,20831.05,0.10759827921911773,22,18.234955682606692,-8.560775,136.636415,24.097245,118.113322
2023-02-03T10:31:35.000Z,2024-01-14T15:27:07.000Z,b164956556626e44276c1de7698e2a4d,gap,"[-33.737188, -6.727783, -3.7952019999999997, 10.458787]",1.931,-18.6908,[],[],"['ICCAT', 'ACAP', 'IWC']","['47', '47.A.1', '47.A']",['47'],[],[],[],[],1035,1088,1043.052375,1116.565,982ff1a78-81b5-98b8-b8a4-88716bc38332,MOON0906 78%,59049203,,gear,,True,3826.389340961003,8284.916666666666,0.24937908737633926,36,45.233342266378166,-6.727783,-3.7952019999999997,10.458787,-33.737188
2023-02-04T17:30:12.000Z,2024-08-03T09:12:42.000Z,59221be32525ec4ff05a030c13be2aff,gap,"[-14.977486666666668, 6.922986666666667, 33.344825, 34.096175]",22.2767,6.8612,[],['8390'],"['ICCAT', 'ACAP', 'NAMMCO', 'IWC', 'SRFC']","['34', '34.3', '34.3.3']",['34'],[],[],[],[],225,60,240.292734,60.488288999999995,edc34fbf7-7414-23dc-7ba0-fd18dc4e8c9c,SIRINA,249393000,MLT,cargo,,True,5794.030672746481,13095.7,0.23889721673378325,53,267.9148849847712,6.922986666666667,-14.977486666666668,34.096175,33.344825
2023-02-04T17:30:12.000Z,2024-08-03T09:12:42.000Z,59221be32525ec4ff05a030c13be2aff,gap,"[-14.977486666666668, 6.922986666666667, 33.344825, 34.096175]",22.2767,6.8612,[],['8390'],"['ICCAT', 'ACAP', 'NAMMCO', 'IWC', 'SRFC']","['34', '34.3', '34.3.3']",['34'],[],[],[],[],225,60,240.292734,60.488288999999995,edc34fbf7-7414-23dc-7ba0-fd18dc4e8c9c,SIRINA,249393000,MLT,cargo,,True,5794.030672746481,13095.7,0.23889721673378325,53,267.9148849847712,6.922986666666667,-14.977486666666668,34.096175,33.344825
2023-02-04T23:47:34.000Z,2025-04-28T06:41:44.000Z,caa4526d8144c1c158902bf8ecab8d66,gap,"[159.427647, -4.779268, 165.33252, 37.45828]",16.3598,162.7147,[],[],"['ACAP', 'SPRFMO', 'WCPFC', 'IWC']",['71'],['71'],[],[],[],[],478,1211,504.09940600000004,1277.392125,01619ec97-7f88-7855-4e2f-a6738f7c956a,006626802-2 90%,6626802,SDN,gear,,True,4736.252744042277,19518.9,0.13102028762027917,44,124.43699656017408,-4.779268,165.33252,37.45828,159.427647
2023-02-06T06:04:21.000Z,2024-05-21T15:23:33.000Z,f2fbb4a5e18a69805065fcba8cd5c40f,gap,"[49.142703, -35.15674, 51.899925, -23.018258]",-29.0945,50.6029,[],[],"['ACAP', 'IOTC', 'IWC', 'SIOFA', 'CCSBT']","['51', '51.6']",['51'],[],[],[],[],403,1119,413.22828100000004,1141.10675,767bb7597-7e99-56b3-7712-88aaf3de8bcb,NET FISH 8621-02  9V,868255502,,gear,,True,1375.884207547648,11289.316666666668,0.06580717509911044,56,84.00350252646453,-23.018258,51.899925,-35.15674,49.142703
2023-02-06T07:40:55.000Z,2024-07-18T18:31:01.000Z,35bf46007a62e789b882da8acbd7fd1d,gap,"[-132.647895, -14.819777, -130.585548, -12.828524999999999]",-13.8263,-131.6123,[],[],"['ACAP', 'SPRFMO', 'WCPFC', 'IATTC', 'IWC']",['77'],['77'],[],[],[],[],568,881,811.674188,918.4800620000001,33204d4a8-8664-c6fe-af8d-e9658902c258,ZY16-21-99%,901600021,,gear,,True,314.0158893847345,12682.833333333334,0.01336885941888542,235,162.18503121035897,-14.819777,-132.647895,-12.828525,-130.585548
2023-02-06T09:43:22.000Z,2026-09-05T17:48:01.000Z,62a847b38882333c0bd8a11484e34127,gap,"[-132.54456, -27.014065, -89.979365, -14.89042]",-22.3369,-112.1694,[],[],"['ACAP', 'SPRFMO', 'WCPFC', 'IATTC', 'IWC']",['77'],['77'],[],[],[],[],570,986,825.819562,1298.970125,3091c8695-5dfa-c3c9-208b-3711a0431fa3,ZHONGYANG16-8    8V0,900160008,,gear,,True,4596.489385715562,31376.066666666666,0.07910187539427517,90,162.18503121035897,-14.89042,-132.54456,-27.014065,-89.979365
2023-02-06T11:49:20.000Z,2026-03-20T18:03:08.000Z,70a344d32ba858d9d198c997cd26ea76,gap,"[-132.695602, -14.867367, -113.883625, -8.660013]",-11.9194,-123.1824,[],[],"['ACAP', 'SPRFMO', 'WCPFC', 'IATTC', 'IWC']",['77'],['77'],[],[],[],[],560,2090,810.562375,2102.58575,cbea15c7e-e6c8-fe74-2025-d810b85f9572,ZHONGYANG16-10   8V0,900160010,,gear,,True,2159.6149214159245,27318.216666666667,0.04268575741570586,47,162.18503121035897,-14.867367,-132.695602,-8.660013,-113.883625
2023-02-06T20:21:24.000Z,2025-07-16T05:38:49.000Z,b323c3169d058fba42fcd94153206a3f,gap,"[99.37327, -34.175218, 118.94727, 20.993718]",-6.6869,109.7568,[],[],"['ACAP', 'IOTC', 'IWC', 'SIOFA', 'CCSBT']","['57', '57.3']",['57'],[],[],[],[],1438,207,1454.426625,209.854766,a18d254d4-4fc2-3958-65fd-7baca8cc4016,994163194         9V,994163194,,gear,,True,6474.8134193306,21369.283333333333,0.16360490440128506,52,247.29625049361843,-34.175218,99.37327,20.993718,118.94727
2023-02-07T00:08:39.000Z,2024-08-30T04:33:33.000Z,6ea29f82f6bde29311573ba323ec7ffb,gap,"[152.251587, -10.87134, 155.61636, -9.842552]",-10.3613,153.9312,[],['8324'],"['ACAP', 'WCPFC', 'FFA', 'IWC', 'SPC']",['71'],['71'],[],[],[],[],157,35,335.39431199999996,203.875812,fe6bc2305-5a12-0d08-b204-8f25abacfdac,RONGTAI8,412326877,CHN,fishing,,True,385.41174133054216,13684.4,0.015207513070587217,16,62.47225979425233,-10.87134,155.61636,-9.842552,152.251587
2023-02-07T03:33:35.000Z,2025-05-14T19:22:21.000Z,d4d14b970f30388289ecaccf95f5d032,gap,"[151.773732, 17.274065, 155.86174, 18.35284]",17.8241,153.8116,[],[],"['ACAP', 'WCPFC', 'IWC']","['71', '71.6.1']",['71'],[],[],[],[],623,686,682.454438,1131.531125,fe145a06c-c999-0e56-9bd8-f400f33f7123,994027014         9V,994027014,,gear,,True,449.07377483243886,19863.8,0.01220715270866194,51,57.0531476856204,17.274065,151.773732,18.35284,155.86174
2023-02-07T12:19:53.000Z,2025-02-11T01:36:22.000Z,9c54b28023b7796015f426e64598ec4f,gap,"[-167.373015, -11.25846, 172.925492, -1.306378]",-6.3757,-177.3191,[],['8446'],"['ACAP', 'WCPFC', 'FFA', 'IWC', 'SPC']",['77'],['77'],[],[],[],[],169,169,490.714094,298.002406,13167c11a-a2db-7da5-faea-a6693e9407ba,SLC881-04100%,991288104,,gear,,True,2439.9586629912337,17629.266666666666,0.074732109119656,186,163.34728321770515,-11.25846,-167.373015,-1.306378,172.925492
2023-02-07T17:03:43.000Z,2025-04-09T15:43:44.000Z,04433fa83191b050c74e55ff2475d750,gap,"[51.907632, -36.658778, 58.51192, -23.651468]",-30.1963,54.9908,[],[],"['ACAP', 'IOTC', 'IWC', 'SIOFA', 'CCSBT']","['51', '51.6']",['51'],[],[],[],[],427,1199,447.72484399999996,1692.459125,65ed9beb9-982d-9e96-72e3-5c53de1a2413,07_   99%,928006007,,gear,,True,1578.4549720944372,19006.666666666668,0.04484202917209253,43,84.00350252646453,-23.651468,51.907632,-36.658778,58.51192
2023-02-07T21:22:40.000Z,2025-04-09T07:21:06.000Z,42d077fe0c7bc5a8d768c3a3827b0200,gap,"[52.121253, -35.564602, 58.62562, -23.2846]",-29.464,55.1759,[],[],"['ACAP', 'IOTC', 'IWC', 'SIOFA', 'CCSBT']","['51', '51.6']",['51'],[],[],[],[],399,1316,407.411781,1610.616625,59112fa70-0fe3-c878-0a61-210db912ec4d,09- 99%,928006009,,gear,,True,1502.7608940681018,18993.966666666667,0.04272019546834753,23,85.89497435994137,-23.2846,52.121253,-35.564602,58.62562
2023-02-08T07:22:28.000Z,2024-11-12T06:52:53.000Z,b53d4e4fc7e356b27086781eb78d3bca,gap,"[73.932635, -34.78426, 86.896905, -10.976433]",-23.0112,79.8357,[],[],"['ACAP', 'IOTC', 'IWC', 'SIOFA', 'CCSBT']","['57', '57.3']",['57'],[],[],[],[],902,425,2590.91125,442.933125,62db0fda3-30d0-80f6-547d-2a047a09b9c1,LRYY18810-99%,18810,,gear,,True,2954.9665072899834,15431.5,0.10339592843178068,51,231.29670724126717,-34.78426,86.896905,-10.976433,73.932635
2023-02-08T17:58:43.000Z,2025-03-08T16:35:39.000Z,2c79e6b89b0a2b96133e69b752c9d416,gap,"[-127.195908, -20.134702, 122.981885, 37.562348]",14.8272,-175.2541,[],[],"['ACAP', 'SPRFMO', 'IATTC', 'IWC']",['77'],['77'],[],[],[],[],477,30,624.231625,32.240518,c6354868c-ca3f-c868-acc5-62fb965cee14,203-13           7V2,412710347,CHN,gear,,True,13068.851734866677,18214.6,0.38741533756411883,94,196.75537918296516,-20.134702,-127.195908,37.562348,122.981885
2023-02-09T06:38:35.000Z,2026-03-31T04:30:45.000Z,90d537ca067d2b3c109818eebb830208,gap,"[-11.935503, -5.322373, 137.08896, 15.047382]",17.6456,59.4197,[],[],"['ICCAT', 'ACAP', 'IWC']","['34', '34.4.1', '34.4']",['34'],[],[],[],[],391,610,397.446719,624.99925,9181c85c3-37bf-f3d3-a4eb-ee4f4732ea7c,994024017         5V,994024017,,gear,,True,16462.320498593916,27501.866666666665,0.32321231360844854,39,49.356373741898516,-5.322373,-11.935503,15.047382,137.08896
2023-02-09T16:31:43.000Z,2024-01-01T00:00:15.000Z,8ad577b73b590c5aa3e183c499576b86,gap,"[51.721535, -22.80812, 70.454287, -18.518172]",-20.9183,61.2214,[],[],"['ACAP', 'IOTC', 'IWC', 'SIOFA', 'CCSBT']","['51', '51.6']",['51'],[],[],[],[],381,743,420.488688,749.77825,820e4ee7c-c18f-ebbc-33d0-adac0283621a,AIS BUOY_13_99%,999666613,,gear,,True,2004.8284999033458,7807.466666666666,0.13865198975571386,54,79.19169592460466,-22.80812,51.721535,-18.518172,70.454287
2023-02-11T05:06:13.000Z,2025-01-13T22:55:19.000Z,eed56669fea58a114cff5dc2b9003262,gap,"[-158.355483, 2.8733180000000003, -158.068847, 4.247348]",3.5603,-158.2121,[],['8441'],"['ACAP', 'FFA', 'WCPFC', 'IWC', 'SPC']",['77'],['77'],[],[],[],[],110,109,115.30993799999999,119.092602,ea4965226-6840-615f-90f5-ddc6204ce58d,XIN SHI JI 70-1A,98345881,,fishing,,True,156.0617532726438,16865.816666666666,0.004996295590318833,361,162.78802796805635,2.8733180000000003,-158.068847,4.247348,-158.355483
2023-02-11T05:52:03.000Z,2024-10-13T18:02:54.000Z,21428a017ee6ced76676f5575d832f6c,gap,"[52.44411, -23.617385, 65.026362, -16.123772]",-19.9814,58.8847,[],[],"['ACAP', 'IOTC', 'IWC', 'SIOFA', 'CCSBT']","['51', '51.6']",['51'],[],[],[],[],396,426,402.258812,430.940594,5ef7cda9d-d6a6-20fd-1cc3-c1e7adcffdcb,AIS BUOY_18_88%,999039918,,gear,,True,1556.0715887261647,14652.166666666666,0.05734383590573744,18,85.89497435994137,-23.617385,52.44411,-16.123772,65.026362
2023-02-11T15:55:20.000Z,2025-01-21T05:44:47.000Z,c1010aac433374a1d30b043c2fb687e6,gap,"[-157.965793, -7.150203, -154.089825, 2.96836]",-2.0921,-156.0341,[],['8441'],"['ACAP', 'FFA', 'WCPFC', 'IWC', 'SPC']",['77'],['77'],[],[],[],[],114,258,119.32410899999999,1053.280375,ff5f11c56-6fe2-88ec-53e2-90fb5ee9d975,XIN790020  100%,168803268,,gear,,True,1204.552803389782,17029.816666666666,0.03819221862705376,50,162.70167244036355,2.96836,-157.965793,-7.150203,-154.089825
2023-02-12T08:34:35.000Z,2025-09-15T11:57:58.000Z,b32bf28290a1770e98c999dc4556d5e8,gap,"[64.059525, -7.392483, 65.913038, -3.81226]",-5.6031,64.9834,[],[],"['ACAP', 'IOTC', 'IWC', 'SIOFA']","['51', '51.4']",['51'],[],[],[],[],598,847,714.7188120000001,914.713875,130ebe606-6ccc-b795-27f8-10357cd2441c,IMULA 0240 CHW BU-2,994177954,,gear,,True,447.8226267753796,22707.383333333335,0.010648733520688033,92,39.67494203836179,-7.392483,65.913038,-3.81226,64.059525
2023-02-12T09:06:36.000Z,2026-07-08T20:05:41.000Z,59fc53dbb3a8f283961fce440b044336,gap,"[122.743013, -9.79324, 173.963538, 39.258433]",16.2314,151.6447,[],[],"['ACAP', 'SPRFMO', 'WCPFC', 'IWC']",['71'],['71'],[],[],[],[],443,1,589.379812,5.446763,5a5637886-6c53-efd1-4b56-b9415d93d8e6,59--7         [100%],412222227,CHN,gear,,True,7591.121856901721,29818.983333333334,0.13745867344556895,108,118.70107004743103,-9.79324,173.963538,39.258433,122.743013
2023-02-12T11:23:56.000Z,2025-09-15T08:00:47.000Z,fab227cc24c10df77a2df2860c4544ad,gap,"[63.98241, -7.54773, 65.824972, -3.827803]",-5.6885,64.9007,[],[],"['ACAP', 'IOTC', 'IWC', 'SIOFA']","['51', '51.4']",['51'],[],[],[],[],611,854,725.0025,905.7065620000001,0ae1a588d-d375-b739-c065-a67a25ca46cd,IMULA 0240 CHW BU-4,994177956,,gear,,True,461.1356936676913,22700.6,0.010968580350834091,107,39.67494203836179,-7.54773,65.824972,-3.827803,63.98241
2023-02-12T13:57:50.000Z,2025-09-14T11:58:48.000Z,7a6892fbc13b238ab99df988c8b87ec1,gap,"[64.698593, -7.649038, 65.749638, -3.245527]",-5.4475,65.2222,[],[],"['ACAP', 'IOTC', 'IWC', 'SIOFA']","['51', '51.4']",['51'],[],[],[],[],620,805,733.1535620000001,962.547,beb294549-95d6-49ed-3d19-28ff8f933ed1,IMULA 0240 CHW BU-5,994177957,,gear,,True,503.27418289305473,22678.0,0.011982816785286402,88,39.67494203836179,-7.649038,65.749638,-3.245527,64.698593
2023-02-12T15:45:37.000Z,2025-09-15T06:40:48.000Z,29f897788e5668f87b5f14bb48ee3859,gap,"[64.139483, -7.709568, 65.702383, -3.817018]",-5.7638,64.9183,[],[],"['ACAP', 'IOTC', 'IWC', 'SIOFA']","['51', '51.4']",['51'],[],[],[],[],627,838,738.99825,923.4926879999999,ab5181543-3608-e424-6d81-07d5ee51d3cc,IMULA 0240 CHW BU-6,994177958,,gear,,True,466.07874930027145,22694.916666666668,0.011088932174862186,81,39.67494203836179,-7.709568,65.702383,-3.817018,64.139483
2023-02-12T17:52:04.000Z,2024-12-20T04:44:29.000Z,5dcf4f43320ac534bd7107aa22f6a7e7,gap,"[72.455927, -23.99161, 88.99053, -0.181947]",-12.2097,81.0991,[],[],"['ACAP', 'IOTC', 'IWC', 'SIOFA', 'CCSBT']","['51', '51.7']",['51'],[],[],[],[],1040,794,1048.55825,934.601,2602a133b-b2ff-77ac-b9c5-6972558df6b8,994068112         9V,994068112,,gear,,True,3191.7470091815967,16234.866666666667,0.10615458370567016,181,140.3863030897222,-23.99161,72.455927,-0.181947,88.99053
2023-02-13T00:31:28.000Z,2026-03-27T06:08:43.000Z,6f692819c0d77f056d3ab40a45872ea8,gap,"[-58.763151666666666, -44.104355, 108.985328, 19.706908]",-51.6301,76.5422,[],[],"['ICCAT', 'IWC', 'ACAP', 'CCSBT']","['41.3.1', '41', '41.3']",['41'],[],[],[],[],422,13,513.160281,4.33221,37c597aa2-2f6c-3d94-37e3-6312ec0b3fdf,FUYUANYU0309,111888666,,fishing,,True,17073.76074585155,27317.616666666665,0.3374779501371025,365,376.1346964534203,-44.104355,-58.763151666666666,19.706908,108.985328
2023-02-13T15:51:11.000Z,2024-11-11T01:50:06.000Z,b896f5013947b258a8edb1b4c2049247,gap,"[-171.76129333333333, -19.403558333333333, -124.85353333333333, -13.8275]",-18.0185,-148.6686,[],[],"['ACAP', 'SPRFMO', 'IATTC', 'IWC']",['77'],['77'],[],[],[],[],583,2,829.454625,0.0,62174ae1a-a868-ab11-bf3c-3845c55cc18e,PING TAI RONG 319,412549293,CHN,fishing,,True,5021.851364405319,15273.966666666667,0.17752970589308126,634,500.22452690817613,-19.403558333333333,-124.85353333333333,-13.8275,-171.76129333333333
2023-02-14T10:09:28.000Z,2025-01-15T18:45:11.000Z,1452a0956e3f43aaa4bb73acba49dea5,gap,"[-158.572023, 3.444023, -158.249107, 3.957803]",3.7009,-158.4105,[],['8441'],"['ACAP', 'FFA', 'WCPFC', 'IWC', 'SPC']",['77'],['77'],[],[],[],[],121,77,131.73201600000002,88.342102,88d10d0bb-bd25-649e-5cc8-93e54b32b968,XIN SHI JI 70-6A,98345873,,fishing,,True,67.43682369009836,16832.583333333332,0.0021632432190491296,239,161.18242893389947,3.444023,-158.249107,3.957803,-158.572023
2023-02-14T19:20:17.000Z,2025-04-26T11:54:46.000Z,8014dfc2ba424753e220a3176fd46bab,gap,"[77.449627, -6.053745, 81.649752, 8.649225]",1.2986,79.5435,[],[],"['ACAP', 'IOTC', 'IWC', 'SIOFA']","['51', '51.4']",['51'],[],[],[],[],565,37,573.438938,44.19875,7ca534db8-899c-2bb7-9e30-d3429f403300,IMULA 0495CHW NET 5,964171393,,gear,,True,1699.9120038905003,19240.566666666666,0.04770540637802047,16,32.18160103072661,-6.053745,77.449627,8.649225,81.649752
2023-02-14T20:59:03.000Z,2024-03-21T22:19:04.000Z,5f9df70901147088378066d50dad19b5,gap,"[-132.736535, -18.374853, -126.523202, -13.171062]",-15.795,-129.6698,[],[],"['ACAP', 'SPRFMO', 'IATTC', 'IWC']",['77'],['77'],[],[],[],[],683,680,831.143625,711.817125,4e164aee1-1bae-10a2-fbcb-9e39d969ba58,DONGYU1536-001100%,590870768,,gear,,True,881.1771082205568,9625.333333333334,0.04943180232370792,124,190.6709971431185,-18.374853,-126.523202,-13.171062,-132.736535
2023-02-15T03:41:36.000Z,2024-02-28T00:39:35.000Z,c61aac446de3a453cb664dbebdf8a319,gap,"[-126.126135, -20.208767, -123.436108, -18.42582]",-19.3222,-124.7885,[],[],"['ACAP', 'SPRFMO', 'IATTC', 'IWC']",['77'],['77'],[],[],[],[],689,512,843.872,870.228,12d263543-33e3-45c5-ffa9-309ddee68c32,DONGYU1536-0012 51%,4120012,CHN,gear,,True,344.92811894864434,9068.95,0.020536697691519477,62,190.6709971431185,-18.42582,-126.126135,-20.208767,-123.436108
2023-02-15T08:57:36.000Z,2024-03-07T20:13:35.000Z,e5e6bfb13ac80324e427413ae96772bf,gap,"[166.772482, 2.64935, 167.386998, 6.941903]",4.7957,167.0807,[],['8318'],"['ACAP', 'WCPFC', 'FFA', 'IWC', 'SPC']","['71', '71.6.2']",['71'],[],[],[],[],167,258,225.38571900000002,357.603,0c3581fe5-591d-188c-19b1-bbce95f2f217,SLC722-09,991272209,,gear,,True,482.1410184951073,9275.25,0.028067741911161966,87,167.99708649039803,6.941903,166.772482,2.64935,167.386998
2023-02-15T14:27:25.000Z,2024-10-03T16:18:02.000Z,7bdfd48349f34e62688dfdce10316d02,gap,"[-144.146335, -29.79193, 46.262627, -10.004003]",-73.0423,165.7841,[],[],"['ACAP', 'SPRFMO', 'WCPFC', 'IATTC', 'IWC']",['77'],['77'],[],[],[],[],434,473,445.80503100000004,529.362875,da1da881b-ba07-fbf5-8e7a-194508a3cee6,994013111         9V,994013111,,gear,,True,15451.796902568783,14305.833333333334,0.5832098465538363,109,144.90601442177433,-10.004003,-144.146335,-29.79193,46.262627
2023-02-18T07:54:41.000Z,2026-04-27T20:17:32.000Z,3be0d6d4f901515f95e77adb9d134d07,gap,"[166.744482, 3.31292, 169.349953, 6.22746]",4.7714,168.05,[],['8318'],"['ACAP', 'WCPFC', 'FFA', 'IWC', 'SPC']","['71', '71.6.2']",['71'],[],[],[],[],163,157,298.64334399999996,452.381844,21729883f-fd1f-a510-929f-64d8e43ca3e4,HNY766-08 90%,991176608,,gear,,True,434.0112275441077,27948.366666666665,0.008385009323929882,131,167.99708649039803,6.22746,166.744482,3.31292,169.349953
2023-02-18T11:18:19.000Z,2025-10-22T23:47:04.000Z,59d6e076b50bfd963703797f0ea99ec3,gap,"[167.10216, 6.189978, 167.962822, 11.006387]",8.5984,167.5298,[],['8318'],"['ACAP', 'WCPFC', 'FFA', 'IWC', 'SPC']","['71', '71.6.2']",['71'],[],[],[],[],125,62,290.849531,249.13282800000002,700b09820-05e8-9ea4-8ebd-fcf288f54edd,SLC722-06100%,991272206,,gear,,True,543.8511598382315,23460.466666666667,0.012517062767518374,30,171.42012028979232,6.189978,167.10216,11.006387,167.962822
2023-02-18T18:17:50.000Z,2024-07-05T21:35:12.000Z,cb3812421a87d17f79cf982002f947f5,gap,"[-60.113962, 9.573635, -59.793128, 9.964912]",9.7693,-59.9535,[],['8433'],"['ICCAT', 'ACAP', 'NAMMCO', 'IWC']",['31'],['31'],[],[],[],[],109,99,73.726078,17.975682,c8689b9b8-8cd7-1226-fbf2-a0b06353a9b1,DON LUIS,775993904,VEN,fishing,,True,55.93766385374941,12075.283333333333,0.0025013013221706023,25,21.088295835376513,9.573635,-59.793128,9.964912,-60.113962
2023-02-18T23:07:08.000Z,2024-07-29T17:41:06.000Z,4570639561e2405201750d58f1588d77,gap,"[65.64364, -16.800652, 123.648542, 26.700412]",5.6543,93.5487,[],[],"['ACAP', 'IOTC', 'IWC', 'SIOFA']","['51', '51.7']",['51'],[],[],[],[],391,85,396.869031,226.172219,5df405aa1-11df-5c5a-49a8-215030477afa,LIEN SHENG FA,416189600,TWN,fishing,,True,7910.333289717368,12642.55,0.3378462634029676,29,79.16793353646875,-16.800652,65.64364,26.700412,123.648542
2023-02-19T00:00:29.000Z,2024-05-09T22:30:19.000Z,e1831ff9cadaa8b05f58699cbe224770,gap,"[158.776363, -35.960325, 160.24084, 33.177053]",-1.3917,159.5209,[],[],"['ACAP', 'PICES', 'WCPFC', 'NPFC', 'IWC', 'NPAFC']",['61'],['61'],[],[],[],[],1158,468,1661.298125,494.335562,993c72e04-4d87-05f4-c5a7-c0d0da67ffea,994165090         9V,994165090,,gear,,True,7689.246424079156,10702.483333333334,0.38793435045098257,16,71.50372493849126,33.177053,160.24084,-35.960325,158.776363
2023-02-19T10:07:57.000Z,2024-02-17T21:57:01.000Z,af78037e6bed398de01b2d6bd08829e8,gap,"[-175.613955, 29.522618, 170.827753, 31.897818]",30.887,177.523,[],[],"['ACAP', 'NPFC', 'WCPFC', 'IWC']",['61'],['61'],[],[],[],[],441,1065,1921.37575,2328.5735,9ab32bdc7-7a25-f73b-c1ae-0a351b3d1f9e,,92080172,,gear,,True,1321.8598524216372,8723.816666666668,0.08181593536430441,63,138.93873235011574,31.897818,-175.613955,29.522618,170.827753
2023-02-19T13:27:33.000Z,2025-08-08T02:20:11.000Z,b0c0aafabbd948b129c85222fc78343f,gap,"[-153.401675, -2.972597, -147.165938, 0.18611]",-1.3953,-150.2859,[],[],"['ACAP', 'SPRFMO', 'IATTC', 'IWC']",['77'],['77'],[],[],[],[],838,452,1018.602938,495.457688,6b3c8b895-578c-5351-2cc5-22669b3ae6c2,BUOY-18           9V,994008738,,gear,,True,777.0061354576223,21612.866666666665,0.019412036155955683,248,158.6677017045222,-2.972597,-147.165938,0.18611,-153.401675
2023-02-19T18:44:38.000Z,2024-03-15T11:10:19.000Z,fde14f4e00dfdc9e915008204655a854,gap,"[53.880898, -5.919033, 55.697658, 1.297395]",-2.3111,54.787,[],['8337'],"['ACAP', 'IOTC', 'SWIOFC', 'IWC']","['51', '51.5']",['51'],[],[],[],[],125,575,142.021797,653.6485,efd73360a-a49d-f7f7-a175-3e0b5f05aed0,666-29            9V,994666029,,gear,,True,827.3969486933984,9352.416666666666,0.04776932289574068,26,38.85855381052831,-5.919033,55.697658,1.297395,53.880898
2023-02-20T01:20:38.000Z,2024-11-16T22:17:30.000Z,b79b6415efbc88bde66c3237d26fb6f0,gap,"[-160.159468, 3.211293, 109.473557, 21.125215]",17.0008,156.6161,[],['8441'],"['ACAP', 'FFA', 'WCPFC', 'IWC', 'SPC']",['77'],['77'],[],[],[],[],112,21,114.485422,18.189438,72baa375c-c1ae-5c04-3916-c5b289d9fdd3,ZHOUYUANYU202-001,169000004,,other,,True,9916.932580859855,15260.933333333332,0.35087730871290135,132,160.9761472133241,3.211293,-160.159468,21.125215,109.473557
2023-02-20T03:58:31.000Z,2024-01-22T01:57:09.000Z,7fcf4898fdba41e71e0479c8f17e364f,gap,"[-175.370782, 12.626297, 151.862882, 28.156935]",21.1773,169.0999,[],[],"['ACAP', 'NPFC', 'WCPFC', 'IWC']",['61'],['61'],[],[],[],[],477,773,958.6544379999999,1576.32325,c28afb60a-af17-d4b2-48b2-5ced1a8ddcfa,BUOY101-9  100%,168803868,,gear,,True,3808.3762466606263,8061.966666666666,0.25506911024649626,14,39.035319816799294,28.156935,151.862882,12.626297,-175.370782
2023-02-20T04:26:55.000Z,2024-11-07T06:35:37.000Z,798aae1fd22ef2c59fb7ddc9165b3001,gap,"[109.466728, 5.6609549999999995, 147.065352, 20.28198]",13.675,128.8424,[],['8316'],"['ACAP', 'WCPFC', 'FFA', 'IWC', 'SPC']","['71', '71.6.1']",['71'],[],[],[],[],188,34,563.248375,46.113762,80d8b23e9-97f5-1a5a-8bb8-d2296f0a59ba,HX716-03         8V0,43290370,JPN,gear,,True,4370.8891166534695,15026.133333333333,0.15706577755782938,41,47.71619502161896,5.6609549999999995,147.065352,20.28198,109.466728
2023-02-20T05:20:18.000Z,2024-03-03T15:45:16.000Z,076943b0516ce27b257c0eab520f9624,gap,"[-172.033502, 12.210915, 152.023872, 28.242153]",21.1713,170.9594,[],[],"['ACAP', 'NPFC', 'WCPFC', 'IWC']",['61'],['61'],[],[],[],[],478,566,975.047312,1674.607375,b6bb89a56-6f8b-dab0-937c-baac08b55715,BUOY101-13  100%,168803860,,gear,,True,4129.637753953823,9058.4,0.24616113232524295,19,43.25638139793373,28.242153,152.023872,12.210915,-172.033502
2023-02-20T05:20:31.000Z,2024-01-23T01:08:13.000Z,bd01baf9744682d62e5539f8bd46ca30,gap,"[-175.304843, 12.43277, 151.945343, 28.17866]",21.0879,169.1816,[],[],"['ACAP', 'NPFC', 'WCPFC', 'IWC']",['61'],['61'],[],[],[],[],475,780,967.6323120000001,1575.3495,d7ac0bb8b-b0ec-626c-007a-e2bc0605e94f,BUOY101-10  100%,168803666,,gear,,True,3819.155352601526,8083.783333333334,0.25510071597146594,23,39.035319816799294,28.17866,151.945343,12.43277,-175.304843
2023-02-20T05:23:23.000Z,2024-01-23T01:55:55.000Z,8db5512636066c8e4efed91ef83789d9,gap,"[-175.370997, 12.429975, 151.995945, 28.220963]",21.1025,169.174,[],[],"['ACAP', 'NPFC', 'WCPFC', 'IWC']",['61'],['61'],[],[],[],[],477,786,972.897625,1568.247,29c26671a-a352-e9a6-a4cf-ba3903de15df,BUOY101-12  100%,168803668,,gear,,True,3810.2721909361803,8084.533333333334,0.25448375406300133,20,39.035319816799294,28.220963,151.995945,12.429975,-175.370997
2023-02-20T05:23:46.000Z,2024-01-22T02:10:40.000Z,add053b74abe58469df9101f7c5fb99f,gap,"[-175.43188, 12.626202, 151.78969, 28.147008]",21.1728,169.0323,[],[],"['ACAP', 'NPFC', 'WCPFC', 'IWC']",['61'],['61'],[],[],[],[],479,778,951.72275,1570.274875,b398e7c98-8eec-8b86-f575-d858036b54c2,BUOY101-6  100%,168803662,,gear,,True,3809.113364284735,8060.766666666666,0.25515645858909153,21,39.035319816799294,28.147008,151.78969,12.626202,-175.43188
2023-02-20T08:56:15.000Z,2024-08-07T19:52:17.000Z,90280456e21a712d706ceaeceead32db,gap,"[-165.510575, 13.369277, -148.235017, 20.810112]",17.2741,-157.0468,[],[],"['ACAP', 'NPFC', 'WCPFC', 'IWC']",['77'],['77'],[],[],[],[],571,701,1154.882375,720.3576879999999,6dcbc0d0c-c64d-3d79-5157-d3520a1c91dd,BWFISHBUOY1    12.0V,941200479,,gear,,True,2011.877613824355,12826.933333333332,0.08469109311433706,94,146.47000369044045,13.369277,-165.510575,20.810112,-148.235017
2023-02-20T09:47:52.000Z,2024-01-10T20:24:42.000Z,7a31c5f51ce17b92d1da3d0219a77ff2,gap,"[151.735677, 2.643957, 178.5705, 28.169013]",15.8158,166.0062,[],[],"['ACAP', 'NPFC', 'WCPFC', 'IWC']",['61'],['61'],[],[],[],[],483,499,947.028625,638.956688,cc8f5c2ac-caa8-d84a-4c12-237082d1a482,BUOY-05  83%,168803661,,gear,,True,4018.7422728773013,7786.6,0.2786771160166461,25,39.035319816799294,28.169013,151.735677,2.643957,178.5705
2023-02-20T10:37:10.000Z,2024-01-22T02:41:42.000Z,64ff99db09eb597476521e7613ba2ceb,gap,"[-175.49551, 12.625413, 151.661258, 28.18264]",21.1939,168.9409,[],[],"['ACAP', 'NPFC', 'WCPFC', 'IWC']",['61'],['61'],[],[],[],[],488,784,939.315562,1563.22375,431d5f72a-a25d-7c09-22b0-7f2b1bfab83b,BUOY101-4  100%,168803660,,gear,,True,3816.4893822150057,8056.066666666667,0.2557996963667369,22,39.035319816799294,28.18264,151.661258,12.625413,-175.49551
2023-02-20T12:31:46.000Z,2025-05-20T15:49:21.000Z,3cb27dfb2e6b6c9d63145ab41a62360e,gap,"[-163.546882, -12.110995, -159.426508, -7.94024]",-10.032,-161.4734,[],['8446'],"['ACAP', 'WCPFC', 'FFA', 'IWC', 'SPC']",['77'],['77'],[],[],[],[],132,188,135.45096900000001,714.337,955fb3af6-617b-fa44-450d-ed4824129b8d,SLC883-16 48%,991288316,,gear,,True,646.94125932134,19683.283333333333,0.017747056143585686,212,175.54817241344503,-12.110995,-163.546882,-7.94024,-159.426508
2023-02-21T04:31:33.000Z,2025-05-08T21:53:33.000Z,37c03d486a5e854b8e269040f029fd24,gap,"[168.094607, -19.482405, 171.343787, -15.82871]",-17.6622,169.7357,[],['8313'],"['ACAP', 'WCPFC', 'FFA', 'IWC', 'SPC']",['71'],['71'],[],[],[],[],114,317,121.345422,344.565344,9bf8fc0f8-8051-5eaf-0de7-90c8f60ed50c,LRYY136...04,108010179,,gear,,True,532.4731535586536,19385.366666666665,0.01483141933115456,61,77.78511412121642,-19.482405,168.094607,-15.82871,171.343787
2023-02-21T04:42:56.000Z,2026-04-15T17:42:19.000Z,96c5eaeb8f7ad47ddb228ba578df7731,gap,"[-133.437482, -8.963105, -131.749577, 7.218438]",-0.8724,-132.5917,[],[],"['ACAP', 'SPRFMO', 'WCPFC', 'IATTC', 'IWC']",['77'],['77'],[],[],[],[],592,1942,596.968938,1992.02175,bcd4fb1c1-1192-2c36-9d70-5faeeafaaafd,DH20105           7V,994010292,,gear,,True,1809.0035898012923,27588.983333333334,0.03540484924679602,91,140.18594758534172,-8.963105,-133.437482,7.218438,-131.749577
2023-02-21T04:57:49.000Z,2024-08-15T21:08:06.000Z,4c7a20794c18900a0323a825dfcb984d,gap,"[167.152972, 4.719817, 169.958443, 6.610462]",5.6668,168.558,[],['8318'],"['ACAP', 'WCPFC', 'FFA', 'IWC', 'SPC']","['71', '71.6.2']",['71'],[],[],[],[],149,125,244.243594,304.133969,5dd63c914-4109-de06-ab7c-8f5299108f9d,SLC722-01100%,991272201,,gear,,True,374.90672782951685,13000.166666666666,0.01557160331428091,153,171.42012028979232,6.610462,167.152972,4.719817,169.958443
2023-02-21T10:23:50.000Z,2025-11-21T21:43:05.000Z,6a89b190b9c191b383ed6567eb591aae,gap,"[161.716525, 6.601255, 167.579818, 8.799182]",7.7102,164.6558,[],['8318'],"['ACAP', 'WCPFC', 'FFA', 'IWC', 'SPC']","['71', '71.6.2']",['71'],[],[],[],[],120,134,237.421266,406.24006199999997,d75fa2f95-5020-fd44-d45b-94ce1ace82ab,SLC722-05 88%,991272205,,gear,,True,690.7264588747597,24107.316666666666,0.015470923452546836,147,171.42012028979232,6.601255,167.579818,8.799182,161.716525
2023-02-21T10:46:32.000Z,2024-09-10T01:57:00.000Z,d42405f58037811eab5a7b6fa25d8d77,gap,"[76.971075, -6.556311666666667, 120.961735, 33.191808]",14.3135,96.9868,[],[],"['ACAP', 'IOTC', 'IWC', 'SIOFA']","['51', '51.4']",['51'],[],[],[],[],502,19,509.847531,7.137339,338d6906d-d52e-8fa8-49c3-d238a24e263a,OCEAN PRINCES,413100221,CHN,other,,True,6406.36374879306,13599.166666666666,0.25436556344674993,18,239.92696314211952,-6.556311666666667,76.971075,33.191808,120.961735
2023-02-22T04:16:58.000Z,2024-06-02T09:10:23.000Z,1e3a93fc8b17a7f28b5bef333f137fa1,gap,"[77.13103, -1.976208, 77.4638, 3.316637]",0.6702,77.2973,[],[],"['SEAFDEC', 'IOTC', 'IWC', 'SIOFA', 'ACAP']","['51', '51.4']",['51'],[],[],[],[],455,414,510.58,430.147219,1addebb0d-daec-cfb5-3032-7c9e12a252c5,IMULA 0491CHW NET 5,964171949,,gear,,True,589.6995044528613,11188.883333333333,0.02845791219175502,14,16.379363823554268,-1.976208,77.13103,3.316637,77.4638
2023-02-22T23:13:10.000Z,2024-02-19T20:16:20.000Z,6906925e4161310662206c54dc24a475,gap,"[-146.300555, -8.120062, -140.657078, 1.695533]",-3.2162,-143.4652,[],[],"['ACAP', 'SPRFMO', 'IATTC', 'IWC']",['77'],['77'],[],[],[],[],1064,474,1171.53525,681.300375,2af5e5b7a-a7e6-f559-f8f9-2ac6686517d6,OH BUOY-07  39%,168805135,,gear,,True,1258.1086585480527,8685.05,0.0782176647998083,125,146.0188796032503,1.695533,-140.657078,-8.120062,-146.300555
2023-02-23T06:57:31.000Z,2024-08-24T17:56:35.000Z,e799883951a79280b07163b00650c3c3,gap,"[167.954795, 10.522153, 173.191675, 11.55245]",11.0486,170.5686,[],['8318'],"['ACAP', 'WCPFC', 'FFA', 'IWC', 'SPC']","['71', '71.6.2']",['71'],[],[],[],[],101,288,194.84376600000002,532.33975,f477accee-ebcd-5321-f451-a97518abac42,SLC725-06 83%,991272506,,gear,,True,582.8974970527407,13162.983333333334,0.02391095250070766,141,162.2125098185629,10.522153,167.954795,11.55245,173.191675
2023-02-23T21:27:09.000Z,2026-06-17T13:05:07.000Z,702f160352c8e7956662108b27a0357e,gap,"[-175.805258, -19.185962, 120.523253, 22.193753]",1.77,152.7117,[],['8448'],"['ACAP', 'WCPFC', 'FFA', 'IWC', 'SPC']",['71'],['71'],[],[],[],[],94,14,141.411781,21.210979,edf6647d5-5405-6f84-f260-3f90d299eaa7,994125011         9V,994125011,,gear,,True,8307.350976685815,29031.616666666665,0.15450778129439532,63,125.42969297372875,-19.185962,-175.805258,22.193753,120.523253
2023-02-24T18:38:52.000Z,2025-03-25T15:33:13.000Z,1f275ae12c9a5125c9596c98971ec24e,gap,"[-177.620215, -11.079485, -146.902242, -7.804213]",-9.7849,-162.1864,[],['8454'],"['ACAP', 'WCPFC', 'IWC', 'SPC']",['71'],['71'],[],[],[],[],279,433,291.929438,746.471188,f0fa65a30-0d8d-f7ff-67b9-4d8fb09179c7,HNY717-02 67%,991171702,,gear,,True,3387.432307587883,18236.9,0.10029484839681077,173,124.08117129997818,-11.079485,-177.620215,-7.804213,-146.902242
2023-02-25T00:23:17.000Z,2025-07-27T23:09:33.000Z,a62b360ce1ea5417fdb424695bd6545f,gap,"[-47.604553, 4.275128, -27.519783, 27.161437]",15.9497,-36.9842,[],[],"['ICCAT', 'ACAP', 'NAMMCO', 'IWC']","['34', '34.4.2', '34.4']",['34'],[],[],[],[],1048,1745,1052.22575,1744.068,c02d130e1-135d-16f2-edd3-c46244e0677e,BUOY-17  100%,168804143,,gear,,True,3319.3090323150336,21214.766666666666,0.08448282853785193,45,37.89072171059853,4.275128,-27.519783,27.161437,-47.604553
2023-02-25T05:58:12.000Z,2024-02-25T10:59:22.000Z,1b097bdd3dfef8daaf8d248e74867871,gap,"[-26.943067, -9.812242, -7.792543, 5.585767]",-2.1431,-17.416,[],[],"['ICCAT', 'ACAP', 'IWC']","['47', '47.A.0', '47.A']",['47'],[],[],[],[],710,1048,715.1215,1069.822625,941e9522d-df0a-568b-7edc-7e5aa51aad5c,BUOY-14  100%,999999553,,gear,,True,2726.2483492239185,8765.016666666666,0.16794678208332633,46,50.27227302871023,-9.812242,-7.792543,5.585767,-26.943067
2023-02-25T07:04:00.000Z,2024-08-01T19:52:15.000Z,3b776f941455e599fbb74632e1f0658a,gap,"[32.747465, -36.080055, 33.289573, -34.31192]",-35.1963,33.0156,[],[],"['ACAP', 'IOTC', 'IWC', 'SIOFA', 'CCSBT']","['51', '51.8']",['51'],[],[],[],[],585,420,597.9686879999999,469.91081199999996,ec3cf56cd-d57b-8547-b881-e27db522cf0f,994030795         9V,994030795,,gear,,True,202.6837949985209,12564.8,0.008710086436686339,61,140.36764515424028,-36.080055,33.289573,-34.31192,32.747465
2023-02-25T19:53:24.000Z,2025-01-12T18:46:24.000Z,9496e157027cb1e1960f7f166707761c,gap,"[52.062827, -22.950192, 67.618563, -19.742907]",-21.5267,59.9263,[],[],"['ACAP', 'IOTC', 'IWC', 'SIOFA', 'CCSBT']","['51', '51.6']",['51'],[],[],[],[],385,432,395.096,439.69625,908be5c10-02f1-4f9c-256e-ac6930a11673,AN 36 BUOY 19-90%,268219,SMR,gear,,True,1649.1126109145196,16486.883333333335,0.05400957572906499,34,81.00936308341957,-22.950192,52.062827,-19.742907,67.618563
2023-02-25T22:30:40.000Z,2024-01-07T21:41:52.000Z,00319788d8eef6e73070d784a2209c02,gap,"[-23.43786, 67.400462, -21.432097, 67.509537]",67.4581,-22.4373,[],['5680'],"['ICCAT', 'ACAP', 'ICES', 'NAMMCO', 'NASCO', 'IWC']","['27.5.a', '27.5', '27.5.a.2', '27']",['27'],[],[],[],[],124,105,145.442453,121.555383,c0e96bf9b-bd6c-e285-07a8-ddd666a05d63,KRISTRUN BAUJA 11,992517124,,gear,,True,86.36401029500773,7583.183333333333,0.0061495064648544135,15,66.99326726816015,67.509537,-21.432097,67.400462,-23.43786
2023-02-26T00:55:14.000Z,2024-05-31T00:24:55.000Z,582dc8d5a3ccbf3daa0aeb4baed35ae5,gap,"[-164.169205, -11.57106, -132.263113, -7.16239]",-9.7349,-148.3202,[],[],"['ACAP', 'SPRFMO', 'WCPFC', 'IATTC', 'IWC']",['77'],['77'],[],[],[],[],705,449,710.407188,687.0308120000001,0d365da62-2f96-6e2b-5c97-d1c690633222,22-17-99%,928005317,,gear,,True,3532.5030171002827,11039.483333333334,0.17277973793862644,111,150.3843291320904,-11.57106,-132.263113,-7.16239,-164.169205
2023-02-26T01:07:32.000Z,2024-12-20T21:18:04.000Z,890eddd01328d4eedc3cb0bee53344d3,gap,"[164.723118, 31.77815, 164.895322, 32.411402]",32.0948,164.8089,[],[],"['ACAP', 'PICES', 'WCPFC', 'NPFC', 'IWC']",['61'],['61'],[],[],[],[],1396,1341,2022.25025,2059.82475,9ef6295eb-b5e2-492e-19bc-5c4c73547d4d,HS212018001       6V,994018001,,gear,,True,72.25888380003916,15932.166666666666,0.002448924665066336,20,93.11248659291844,32.411402,164.895322,31.77815,164.723118
2023-02-26T02:02:03.000Z,2026-05-31T03:17:23.000Z,becbc225206641da7dfeb24773f9db4d,gap,"[-172.258075, -30.464625, 164.840347, 32.334128]",0.9537,176.4067,[],[],"['ACAP', 'PICES', 'WCPFC', 'NPFC', 'IWC']",['61'],['61'],[],[],[],[],1386,559,2024.441375,1001.518062,20a4e1b12-2bd7-d0b1-010e-aa0dbd87a180,HS212018006       7V,994018006,,gear,,True,7387.801079040309,28561.25,0.13966802766704364,35,93.11248659291844,32.334128,164.840347,-30.464625,-172.258075
2023-02-26T02:42:59.000Z,2024-01-20T04:24:39.000Z,b37d1b35f9160d75c959540e450f8138,gap,"[23.993333333333332, 33.134206666666664, 25.114305, 64.61333333333333]",48.875,24.7347,[],['8372'],"['ICCAT', 'GFCM', 'IWC', 'ACAP']","['37', '37.3.2', '37.3']",['37'],[],[],[],[],128,15,151.806297,11.934638000000001,f09e88a41-13f7-6e1c-cef8-4fd7b12435e2,REIDERDIJK,255806443,PRT,cargo,,True,3501.162865266149,7873.683333333333,0.2401006783068905,23,14.82286850563738,33.134206666666664,25.114305,64.61333333333333,23.993333333333332
2023-02-26T06:30:25.000Z,2025-01-04T20:59:12.000Z,694de8ab3a5251ed1962303a677202f7,gap,"[-173.217307, 31.552632, 164.613668, 32.109172]",32.3164,175.732,[],[],"['ACAP', 'PICES', 'WCPFC', 'NPFC', 'IWC']",['61'],['61'],[],[],[],[],1354,543,2026.367125,1709.14825,21031804f-f798-4577-4015-04b520aed17d,HS212018030       9V,994018530,,gear,,True,2091.5846269381013,16286.466666666667,0.06934379153153514,80,93.11248659291844,32.109172,164.613668,31.552632,-173.217307
2023-02-26T08:51:45.000Z,2025-01-15T19:44:02.000Z,25ffccd5612cf5265e884d30e0063ce2,gap,"[164.437245, 32.040462, 177.832913, 33.516407]",32.9573,171.0793,[],[],"['ACAP', 'PICES', 'WCPFC', 'NPFC', 'IWC']",['61'],['61'],[],[],[],[],1337,677,2020.6745,2087.28975,0e104e02b-b641-3ef3-d403-eb2e66e4715d,HS212018026       9V,994018526,,gear,,True,1262.1537161004296,16546.866666666665,0.04118655814083739,33,93.11248659291844,32.040462,164.437245,33.516407,177.832913
2023-02-26T09:51:10.000Z,2024-12-26T20:47:49.000Z,e912e092e0c465ee93a90f1bcdeb817d,gap,"[164.390965, 31.998755, 177.566657, 33.933895]",33.1398,170.9063,[],[],"['ACAP', 'PICES', 'WCPFC', 'NPFC', 'IWC']",['61'],['61'],[],[],[],[],1330,728,2020.56575,2047.134375,571806035-5a89-2c15-f717-f5cb028361bf,HS212018021       9V,994018521,,gear,,True,1246.951002105554,16066.933333333332,0.041905923376551385,57,94.77657333355893,31.998755,164.390965,33.933895,177.566657
2023-02-26T11:21:42.000Z,2026-07-09T10:05:41.000Z,83164100ebfe359095ea14669c81b4a8,gap,"[75.075958, -8.403977, 81.377888, 5.95873]",-1.2245,78.2354,[],['8344'],"['ACAP', 'IOTC', 'SWIOFC', 'IWC']","['51', '51.4']",['51'],[],[],[],[],308,27,318.955625,35.709316,49cb4bccd-d293-9178-7e1d-d49eebe18242,IMULA 1180MTR BUOY-1,994174222,,gear,,True,1743.2298182002146,29494.716666666667,0.03191313247595496,22,41.430814373057146,-8.403977,75.075958,5.95873,81.377888
2023-02-26T11:52:50.000Z,2024-11-04T11:10:04.000Z,a53225533f10b6c0ed90857168207abf,gap,"[-11.459518, -5.853187, -6.408187, -3.963223]",-4.913,-8.9303,[],[],"['ICCAT', 'ACAP', 'IWC']","['34', '34.4.1', '34.4']",['34'],[],[],[],[],390,931,398.77515600000004,962.067688,e42b81369-9aa6-8c0d-187b-1359e4d4980d,SY BUOY-07  88%,168802730,,gear,,True,597.7566989488522,14807.283333333333,0.021797570097283264,26,49.356373741898516,-5.853187,-11.459518,-3.963223,-6.408187
2023-02-26T13:14:46.000Z,2024-12-20T20:56:52.000Z,4de98cf6885e0030b07e520a94709ea2,gap,"[164.164715, 31.793283, 164.67899, 31.919432]",31.8566,164.422,[],[],"['ACAP', 'PICES', 'WCPFC', 'NPFC', 'IWC']",['61'],['61'],[],[],[],[],1308,1339,2011.89825,2056.392625,2a64ef70d-d270-3a85-efb8-58f25fb1352b,HS212018018       9V,994018118,,gear,,True,50.556193635858655,15919.7,0.0017147409003000578,161,94.77657333355893,31.919432,164.164715,31.793283,164.67899
2023-02-27T08:49:41.000Z,2024-05-22T13:07:29.000Z,1dbe3c3526a3a1ab6844ef44bc2eb6e8,gap,"[65.487597, -7.041263, 66.682852, -3.16185]",-5.1018,66.087,[],[],"['ACAP', 'IOTC', 'IWC', 'SIOFA']","['51', '51.4']",['51'],[],[],[],[],608,638,781.345375,761.75325,c52f81d7a-aa24-7adf-a081-4b11c7b9a30e,IMULA 1259 CHW BU-4,994178341,,gear,,True,451.2196454493795,10804.283333333333,0.02255023400410071,80,27.04525602274615,-3.16185,66.682852,-7.041263,65.487597
2023-02-27T22:02:59.000Z,2026-02-18T12:18:44.000Z,acd85feeea72e4338fd25623dbc25c3d,gap,"[56.741362, -9.711178, 61.541295, 5.349428]",-2.1828,59.1292,[],[],"['ACAP', 'IOTC', 'IWC', 'SIOFA']","['51', '51.5']",['51'],[],[],[],[],791,539,1061.812125,867.94975,a5683c819-93e8-23ba-3b13-dcba4093b0a2,IMULA 0698 CHW BU-12,994178633,,gear,,True,1757.0747653825242,26078.25,0.0363806802123863,14,18.92081007548345,5.349428,56.741362,-9.711178,61.541295
2023-02-27T22:42:29.000Z,2024-05-22T09:11:34.000Z,ac420673bd5ab99fabcdbe23538c8db7,gap,"[65.480712, -6.7655650000000005, 66.836447, -2.6988820000000002]",-4.7326,66.1606,[],[],"['ACAP', 'IOTC', 'IWC', 'SIOFA']","['51', '51.4']",['51'],[],[],[],[],613,637,798.90425,764.759875,6e95abd2e-ef74-bf04-90f5-9c48eb748d9b,IMULA 1259 CHW BU-3,994178340,,gear,,True,476.48930964512715,10786.483333333334,0.023852412001762142,20,24.487168231793838,-2.6988820000000002,66.836447,-6.765565,65.480712
2023-02-28T02:47:55.000Z,2026-01-28T06:06:13.000Z,7d1d90adbe38219f5cb18d99b3b94d82,gap,"[66.714182, -10.744223, 67.383855, -2.801815]",-6.7731,67.0463,[],[],"['ACAP', 'IOTC', 'IWC', 'SIOFA']","['51', '51.4']",['51'],[],[],[],[],621,620,803.040188,670.662875,7daff2aba-ae0f-088c-2c87-e943f7dfe0dc,IMULA 0817 CHW BU 5,994177211,,gear,,True,886.2419121550575,25563.3,0.01871950608785771,50,24.487168231793838,-2.801815,66.714182,-10.744223,67.383855
2023-02-28T20:35:35.000Z,2024-04-16T00:35:15.000Z,d26ddc0379234e590b43c967bd87c0d6,gap,"[-166.661495, -11.981298, 154.615588, 9.418122]",-1.3584,173.8919,[],['8446'],"['ACAP', 'WCPFC', 'FFA', 'IWC', 'SPC']",['77'],['77'],[],[],[],[],142,140,410.27065600000003,376.131219,22b0ecfb7-7afb-b8bc-101a-b5eabd6855b5,HNY722-11100%,991172211,,gear,,True,4896.369488831671,9891.983333333334,0.2672697606372518,183,167.50149154040201,-11.981298,-166.661495,9.418122,154.615588
2023-03-01T11:57:13.000Z,2024-10-30T12:09:47.000Z,5c618c00e185fabcafdb21ddfc64357d,gap,"[-11.417672, -5.849292, -5.7504100000000005, -3.8080819999999997]",-4.8346,-8.5798,[],[],"['ICCAT', 'ACAP', 'IWC']","['34', '34.4.1', '34.4']",['34'],[],[],[],[],394,927,402.388875,949.862,0a516f0e6-68d9-5820-8b88-a41f0603af5c,SY BUOY-08  100%,168802731,,gear,,True,667.6632812751456,14616.2,0.024665051869985855,33,49.356373741898516,-5.849292,-11.417672,-3.808082,-5.75041
2023-03-01T15:51:00.000Z,2025-11-10T07:58:03.000Z,8747855a691a2517b1e4aba940297647,gap,"[-125.880425, -15.15283, 120.139558, 26.362682]",10.1954,-179.5935,[],[],"['ACAP', 'SPRFMO', 'IATTC', 'IWC']",['77'],['77'],[],[],[],[],1045,7,1187.13075,8.048176999999999,46e2544e6-64f5-3c88-021a-d7cc40204ce2,ZHONGYANG22-3    8V1,900220003,,gear,,True,13107.257893299411,23632.116666666665,0.29948028667776627,222,180.20310465291644,-15.15283,-125.880425,26.362682,120.139558
2023-03-01T18:53:22.000Z,2025-10-30T21:54:18.000Z,3e5200069226f07a98b1def0c6ad2833,gap,"[-125.76803, -15.337238, 120.142215, 26.348608]",10.0323,-179.5731,[],[],"['ACAP', 'SPRFMO', 'IATTC', 'IWC']",['77'],['77'],[],[],[],[],1028,7,1171.788625,7.971337,d5890a015-5880-effa-ce0a-64915cb2dcda,ZHONGYANG22-2    8V1,900220002,,gear,,True,13125.772819111426,23379.0,0.30315027735546546,205,180.20310465291644,-15.337238,-125.76803,26.348608,120.142215
2023-03-02T22:21:00.000Z,2024-07-13T01:44:52.000Z,f18628528dad53e69aabff5b7d0bf7e6,gap,"[-176.802857, -3.684945, 178.65589, 7.166157]",1.742,-179.08,[],[],"['ACAP', 'SPRFMO', 'WCPFC', 'IWC']","['71', '71.6.2']",['71'],[],[],[],[],702,231,1304.858125,537.927188,1afc4036e-eccc-7150-cccc-ed637c4670d7,NETFISH866-18     9V,866593018,,gear,,True,1307.6116382427317,11955.383333333333,0.05905739537254883,61,146.87864023115208,7.166157,-176.802857,-3.684945,178.65589
2023-03-03T01:23:57.000Z,2024-01-10T15:21:36.000Z,707597c7e4896d843fe52eb3fb60b60d,gap,"[-178.383803, 7.203337, -177.149245, 14.290795]",10.7477,-177.7593,[],[],"['ACAP', 'SPRFMO', 'WCPFC', 'IWC']","['71', '71.6.2']",['71'],[],[],[],[],708,984,1266.58375,1374.671125,9934e0d6d-d081-d87c-97ff-a818e9f580ff,NETFISH866-14     9V,866593014,,gear,,True,799.5315567025256,7525.95,0.05736319051004515,40,148.02501017946133,7.203337,-177.149245,14.290795,-178.383803
2023-03-03T03:19:40.000Z,2025-07-20T00:33:07.000Z,498bd2de01baf98642e58ea7f6a24af1,gap,"[167.069438, -4.489312, 173.931838, -3.10825]",-3.8056,170.5034,[],[],"['ACAP', 'SPRFMO', 'WCPFC', 'IWC']",['71'],['71'],[],[],[],[],437,216,440.690344,509.92409399999997,8dc197d70-04b2-6933-fc93-b3b43617eee3,,991171705,,gear,,True,776.7008477137032,20877.216666666667,0.0200881618306164,118,131.98982501305977,-4.489312,167.069438,-3.10825,173.931838
2023-03-05T03:35:40.000Z,2025-10-22T15:11:33.000Z,cc9da56acd6b063323994c1a15e98f11,gap,"[-168.033167, -13.15439, -157.363875, -7.79916]",-10.5213,-162.7448,[],[],"['ACAP', 'SPRFMO', 'WCPFC', 'IWC']",['77'],['77'],[],[],[],[],388,422,775.732312,545.025188,18b59778b-bcf1-9110-b541-2d0c6639e34c,NET FISH 8090-10  9V,809025010,,gear,,True,1309.3166423695986,23099.583333333332,0.0306055056804893,121,162.09644344385188,-7.79916,-168.033167,-13.15439,-157.363875
2023-03-05T13:03:20.000Z,2026-02-28T04:57:12.000Z,af41453f9f62b64f4f7bd8ae1321f2e4,gap,"[44.86437333333333, -20.868305, 55.192971666666665, -14.094038333333334]",-17.548,49.9321,[],['48944'],"['ACAP', 'IOTC', 'SWIOFC', 'IWC']","['51', '51.6']",['51'],[],[],[],[],125,11,155.754609,12.1649,25db958be-e559-a281-b4d5-48e406e10117,FR WARSHIP,228744000,FRA,other,,True,1328.647232542835,26175.883333333335,0.02740736973298408,281,352.57696280596997,-14.094038333333334,44.86437333333333,-20.868305,55.192971666666665
2023-03-05T14:59:12.000Z,2024-10-29T08:52:55.000Z,14bece2517cd9ee908bb28f52dfc1e6d,gap,"[-11.305313, -5.927373, -5.395437, -3.899413]",-4.9199,-8.3459,[],[],"['ICCAT', 'ACAP', 'IWC']","['34', '34.4.1', '34.4']",['34'],[],[],[],[],399,946,407.486125,964.421812,50becee1d-d8f8-9abc-d6bf-986e238dfc82,994070006         8V,994070006,,gear,,True,692.4438834506693,14489.883333333333,0.025803505610039947,115,49.356373741898516,-5.927373,-11.305313,-3.899413,-5.395437
2023-03-05T16:58:15.000Z,2024-10-29T17:19:07.000Z,102f5def76f4291efaf214873a141bc4,gap,"[-11.159845, -5.9572199999999995, -5.535618, -3.900005]",-4.9345,-8.3434,[],[],"['ICCAT', 'ACAP', 'IWC']","['34', '34.4.1', '34.4']",['34'],[],[],[],[],411,942,419.733781,962.395375,370ad9804-4baf-dcd9-3b5c-e26a0f8b7287,994070008         6V,994070008,,gear,,True,663.7047612273095,14496.333333333334,0.024721554966357626,80,49.356373741898516,-5.9572199999999995,-11.159845,-3.900005,-5.535618
2023-03-05T17:27:23.000Z,2025-01-11T20:13:34.000Z,b49445a3aacbf298c5277861e6eb9e36,gap,"[-49.936802, -32.242733, -36.290288, 6.832878]",-12.792,-42.5651,[],[],"['ICCAT', 'ACAP', 'NAMMCO', 'IWC']","['34', '34.4.2', '34.4']",['34'],[],[],[],[],1149,143,1139.4485,184.33059400000002,44722a19e-e9d0-29ec-fa48-11a637f76238,GDL - 10100%,710000116,BRA,gear,,True,4579.376065368877,16274.766666666666,0.15193245548291898,25,36.692682284796824,6.832878,-36.290288,-32.242733,-49.936802
2023-03-05T17:39:29.000Z,2025-01-01T14:57:39.000Z,99ce8394659c37b6864100ac3f0eab31,gap,"[76.016093, -5.089987, 82.570732, 8.437097]",1.6763,79.282,[],[],"['ACAP', 'IOTC', 'IWC', 'SIOFA']","['51', '51.4']",['51'],[],[],[],[],415,122,468.061875,146.243609,4cc68345d-d51f-34c1-a068-7f84937b6088,IMULA 0495CHW NET 3,964171391,,gear,,True,1670.550417807882,16029.3,0.056273515600255,15,28.690148123442626,-5.089987,76.016093,8.437097,82.570732
2023-03-06T05:14:16.000Z,2024-12-24T02:47:20.000Z,34357ef10aff1eaab26544b466ec4b77,gap,"[61.038303, -13.782957, 61.052517, -0.134672]",-6.9588,61.0453,[],['8343'],"['ACAP', 'IOTC', 'SWIOFC', 'IWC']","['51', '51.7']",['51'],[],[],[],[],374,722,702.868125,744.380375,03a85a5b6-69b0-3ee5-b19b-5cd21b297258,,994177760,,gear,,True,1517.6232384022676,15813.55,0.051819546696207495,42,59.85415266424676,-13.782957,61.052517,-0.134672,61.038303
2023-03-06T11:12:30.000Z,2024-01-17T19:15:47.000Z,939952131416b7cd02c2fc9bff2c133f,gap,"[-92.707233, -7.508655, -85.08008, -3.515572]",-5.5243,-88.9065,[],['8403'],"['ACAP', 'CPPS', 'IATTC', 'IWC']","['87', '87.1', '87.1.4']",['87'],[],[],[],[],313,466,325.11390600000004,483.992406,8061839ea-a8c9-12c0-917e-2dd3cbf1aba3,994625072         9V,994625072,,gear,,True,953.6666734368371,7616.05,0.06761231984443483,33,60.43218243327735,-3.515572,-92.707233,-7.508655,-85.08008
2023-03-06T13:18:59.000Z,2024-01-17T19:35:45.000Z,53bf9bd30b2b14f476043fc9eddbb7d8,gap,"[-28.667815, -5.771645, -28.086608, -4.775012]",-5.2734,-28.377,[],[],"['ICCAT', 'ACAP', 'IWC']","['41', '41.1.4', '41.1']",['41'],[],[],[],[],489,465,489.42756199999997,466.193281,64652d6f2-2cad-1213-04b3-192f591fe4bc,H1 002,109050329,,gear,,True,128.15045336020722,7614.266666666666,0.009087639320632227,24,38.325548415304745,-4.775012,-28.086608,-5.771645,-28.667815
2023-03-06T17:52:52.000Z,2025-04-27T23:44:29.000Z,3017de20ff5c3f811a73f3fb8f544e1e,gap,"[175.576638, -17.309007, 176.678238, -13.819113]",-15.5647,176.1321,[],['8325'],"['ACAP', 'WCPFC', 'FFA', 'IWC', 'SPC']",['71'],['71'],[],[],[],[],149,139,335.538969,155.823266,17a7f7d0c-c670-ad28-94b5-029be01b9f79,HT98705-53%,999999705,,gear,,True,405.596771126464,18797.85,0.01165052046002113,132,107.48456874092048,-13.819113,176.678238,-17.309007,175.576638
2023-03-06T18:03:58.000Z,2024-03-31T07:53:36.000Z,fe564886895e188a5cff0dd2c73e113e,gap,"[131.02528, 14.082755, 137.366057, 15.04128]",14.5834,134.2026,[],[],"['ACAP', 'SEAFDEC', 'WCPFC', 'IWC']","['71', '71.6.1']",['71'],[],[],[],[],499,675,513.5744060000001,776.385625,326f4d1cd-d285-f5d0-98d2-2318ba1f4c24,994121003         5V,994121003,,gear,,True,690.6559360454924,9373.816666666668,0.03978362120532668,15,16.138953254096343,14.082755,137.366057,15.04128,131.02528
2023-03-06T21:58:00.000Z,2024-11-03T07:46:56.000Z,350f739997c7f9d930a1c4dbca787fa1,gap,"[97.867987, -20.798632, 119.337615, 38.911203]",9.2135,107.6091,[],[],"['ACAP', 'SEAFDEC', 'IOTC', 'IWC', 'SIOFA', 'CCSBT']","['57', '57.3']",['57'],[],[],[],[],958,44,974.231688,8.099590000000001,c36f72d85-5ad8-f662-a7ea-211c45e7d4b9,RANDANE,477700664,HKG,gear,,True,7005.899572819631,14577.8,0.2594961611952083,67,117.1094090195662,-20.798632,97.867987,38.911203,119.337615
2023-03-06T23:42:28.000Z,2024-03-10T03:09:06.000Z,5df2bdfcc172acf7a5454ca3f4b716b9,gap,"[68.71975, -2.218997, 142.38184, 3.383562]",0.7275,105.5295,[],[],"['ACAP', 'IOTC', 'IWC', 'SIOFA']","['51', '51.4']",['51'],[],[],[],[],475,466,618.4783120000001,682.168188,7f8dc2621-1fbe-c49b-9068-581c86c33d70,NET FISH 967-08   9V,967094008,,gear,,True,8210.679816772914,8859.433333333332,0.5004171555061605,21,23.05095932203802,-2.218997,68.71975,3.383562,142.38184
2023-03-07T04:05:15.000Z,2024-03-10T16:23:38.000Z,f55cf11b31c595112fc302b9fdf53c9a,gap,"[68.930555, -2.275225, 143.666123, 3.110625]",0.5256,106.2833,[],[],"['ACAP', 'IOTC', 'IWC', 'SIOFA']","['51', '51.4']",['51'],[],[],[],[],454,461,602.529312,661.8459379999999,e5529525b-b3f7-875d-7da2-b61b11eb9e47,NET FISH 967-10   9V,967094010,,gear,,True,8328.379111870634,8868.3,0.5070830895676833,20,23.05095932203802,-2.275225,68.930555,3.110625,143.666123
2023-03-07T11:12:04.000Z,2025-03-17T07:46:58.000Z,efbfc83bfbd7fa0b1def2ff81b054dd4,gap,"[157.501483, -13.43012, 165.434595, -11.37267]",-12.4302,161.4837,[],['8314'],"['ACAP', 'WCPFC', 'FFA', 'IWC', 'SPC']",['71'],['71'],[],[],[],[],339,65,345.74384399999997,318.157781,a53bbbacb-bb08-6395-f51c-12512ea43cd7,BUOY 8 -05        9V,994104005,,gear,,True,891.3168245414508,17780.566666666666,0.02706733663038717,59,64.20158757721202,-13.43012,157.501483,-11.37267,165.434595
2023-03-07T16:05:52.000Z,2024-10-29T09:57:06.000Z,42da66ed0ebfdfc5c6bf084ad092a074,gap,"[-11.03241, -5.931907, -5.702895, -3.893512]",-4.918,-8.3636,[],[],"['ICCAT', 'ACAP', 'IWC']","['34', '34.4.1', '34.4']",['34'],[],[],[],[],425,937,433.762719,959.2768120000001,0c3866704-421a-acec-f097-fd0d517e83eb,SH026           11V9,118122201,,gear,,True,632.4185174046123,14441.85,0.023645078788659506,17,49.356373741898516,-5.931907,-11.03241,-3.893512,-5.702895
2023-03-07T22:08:03.000Z,2024-09-07T19:00:27.000Z,c53735d8d322f7428243160a0e30a7de,gap,"[-21.469142, -36.382877, 82.25763, -1.9953880000000002]",-29.1763,38.2043,[],[],"['ICCAT', 'ACAP', 'IWC', 'CCSBT']","['41', '41.2.4', '41.2']",['41'],[],[],[],[],788,898,2289.128,906.55875,ae2b34022-24b2-b332-5a4c-0815eeb6fc0f,BUOY-03           9V,994008683,,gear,,True,11097.644527081347,13196.866666666667,0.4540660155236912,197,100.07352754920436,-36.382877,-21.469142,-1.995388,82.25763
2023-03-08T07:37:47.000Z,2025-04-05T17:34:37.000Z,2b61123d84340e4f71cd57384c9d11d1,gap,"[-164.585335, -13.720315, -154.347628, -3.014068]",-8.4002,-159.3957,[],['8446'],"['ACAP', 'WCPFC', 'FFA', 'IWC', 'SPC']",['77'],['77'],[],[],[],[],163,125,168.348188,653.283688,de9490f7a-afbc-4190-6a83-9c46b2b6c837,SHENLIANCHENG885 92%,991288504,,gear,,True,1637.5943015321352,18225.933333333334,0.04851494671032484,102,172.38454026163868,-13.720315,-164.585335,-3.014068,-154.347628
2023-03-08T16:06:48.000Z,2024-05-07T19:14:31.000Z,e86c859eba103ae0185acbe5185139df,gap,"[-165.331518, -10.73865, -146.476412, -5.89243]",-8.4278,-155.9628,[],[],"['ACAP', 'SPRFMO', 'WCPFC', 'IATTC', 'IWC']",['77'],['77'],[],[],[],[],402,553,416.390688,853.7758120000001,b15c73e19-9a00-4ae4-0903-35441ebff007,BUOY-01  100%,168805117,,gear,,True,2142.56866990065,10227.116666666667,0.11312030241667363,84,148.96388129238935,-10.73865,-146.476412,-5.89243,-165.331518
2023-03-09T07:48:24.000Z,2024-10-25T11:24:12.000Z,bf3e02732a0c12d7fd7479ffc0502f86,gap,"[151.78256, 28.811322, 160.135295, 34.162663333333334]",31.5548,155.8392,[],[],"['ACAP', 'PICES', 'WCPFC', 'NPFC', 'IWC', 'NPAFC']",['61'],['61'],[],[],[],[],1245,545,1573.636375,959.669812,e4251b873-3c02-caeb-9d15-38d6531317f1,CHYUAN SHENG NO.226,416212800,TWN,fishing,,True,990.0055653020432,14307.583333333334,0.03736202180269446,176,336.15118820220846,34.162663333333334,160.135295,28.811322,151.78256
2023-03-09T20:51:25.000Z,2024-11-16T22:24:24.000Z,a4ac61d51dc580c579e6be8119f78dbb,gap,"[-13.410542, -5.9158349999999995, -10.867258, -3.014498]",-4.4663,-12.1414,[],[],"['ICCAT', 'ACAP', 'IWC']","['34', '34.4.1', '34.4']",['34'],[],[],[],[],441,550,449.59509399999996,556.1995,2373cdaaf-fb5f-e794-95f2-d3425ccd06f7,SY BUOY-10  92%,168802733,,gear,,True,428.4322798596708,14833.533333333333,0.015595402601107118,27,49.13234855870143,-5.9158349999999995,-10.867258,-3.014498,-13.410542
2023-03-10T03:34:00.000Z,2026-04-05T17:31:00.000Z,fb15be4b5cecf72b8473d847d315fd86,gap,"[165.497408, 5.602005, 166.954528, 7.672495]",6.6378,166.2275,[],['8318'],"['ACAP', 'WCPFC', 'FFA', 'IWC', 'SPC']","['71', '71.6.2']",['71'],[],[],[],[],142,126,272.261312,358.518375,f530610c0-00b5-0aed-d649-7d3719e61468,SLC785-10 95%,991278510,,gear,,True,280.8974915268453,26941.95,0.0056296040792729015,92,163.04580050384135,7.672495,165.497408,5.602005,166.954528
2023-03-10T06:14:29.000Z,2024-10-30T10:54:18.000Z,8889a87f66c5306224df24f5fb9f5601,gap,"[-10.24455, -5.97776, -5.686077, -3.8075799999999997]",-4.8965,-7.9616,[],[],"['ICCAT', 'ACAP', 'IWC']","['34', '34.4.1', '34.4']",['34'],[],[],[],[],499,929,508.29675,950.54775,34192c95c-ca55-8499-a142-f86974cb2598,SY BUOY-06  96%,168802729,,gear,,True,559.694772291782,14404.65,0.020980100186922257,35,49.13234855870143,-5.97776,-10.24455,-3.80758,-5.686077
2023-03-10T09:40:29.000Z,2024-04-13T17:11:09.000Z,1277b5d12da5a7f6f339961cb2725e6a,gap,"[168.420355, 2.84652, 169.353602, 3.820502]",3.3336,168.8867,[],['8318'],"['ACAP', 'WCPFC', 'FFA', 'IWC', 'SPC']",['71'],['71'],[],[],[],[],109,194,424.73571899999996,411.615094,813053fd2-2a99-60ad-5f15-6ebc3c9fd94b,HNY768-06 53%,991176806,,gear,,True,149.87123400950418,9607.5,0.008423002076058974,29,172.7610315131157,3.820502,169.353602,2.84652,168.420355
2023-03-12T06:21:55.000Z,2024-01-11T21:15:47.000Z,1ca7bf2182b959a505d2af25ce389e4d,gap,"[155.56029, 2.873272, 166.816655, 6.4961269999999995]",4.7073,161.2031,[],['8316'],"['ACAP', 'WCPFC', 'FFA', 'IWC', 'SPC']","['71', '71.6.1']",['71'],[],[],[],[],192,281,291.14403100000004,378.195094,fa1501375-5310-015a-1066-c94415c33daf,CFA22-02 89%,991302202,,gear,,True,1310.6885740807638,7334.883333333333,0.0964862262458057,49,95.77804537868887,6.4961269999999995,155.56029,2.873272,166.816655
2023-03-13T01:21:59.000Z,2024-08-02T05:20:07.000Z,bb9d87e6a6a435ddfa2bc8bdd2ce21c6,gap,"[65.783463, -5.209695, 68.291025, -2.24282]",-3.7271,67.0351,[],['8344'],"['ACAP', 'IOTC', 'SWIOFC', 'IWC']","['51', '51.4']",['51'],[],[],[],[],353,741,508.772312,912.744812,a4db55867-7c9d-edfd-a90d-2b1d112657e1,IMULA 0290 CHW BU-5,994178566,,gear,,True,431.5492547770992,12195.966666666667,0.01910614898448466,91,31.767250922581944,-5.209695,68.291025,-2.24282,65.783463
2023-03-14T05:49:07.000Z,2024-08-04T02:34:41.000Z,ff81b5f259abfc2f76aba59dcb7221e0,gap,"[76.99199, -7.2671, 77.593095, -6.961203]",-7.1142,77.2926,[],[],"['ACAP', 'IOTC', 'IWC', 'SIOFA']","['51', '51.4']",['51'],[],[],[],[],497,565,505.170094,572.714812,5f8e33fee-ea5e-80a5-9894-2ec279250fa9,ROSHAN 1 NET-10,110770031,,gear,,True,74.53865005139029,12212.75,0.0032955436912778455,15,36.66001065769321,-7.2671,76.99199,-6.961203,77.593095
2023-03-14T15:42:22.000Z,2024-09-02T19:01:49.000Z,805526f1c0befa638cc265fca4261354,gap,"[-50.21939, -41.357261666666666, 156.635, 44.405]",6.5011,-120.8842,[],[],"['ICCAT', 'IWC', 'ACAP', 'CCSBT']","['41.3.1', '41', '41.3']",['41'],[],[],[],[],725,452,725.242125,686.6135,09f0758ac-c5e6-3f30-669c-d54db1c347b4,LUPENGYUANYU 029,412321041,CHN,fishing,,True,17811.110383375235,12915.316666666668,0.7446375862719332,373,389.71304122561924,-41.357261666666666,-50.21939,44.405,156.635
2023-03-14T17:54:13.000Z,2025-03-04T01:46:12.000Z,b28ee1cafa05945e8c84b8e8acbcaf24,gap,"[-60.79833333333333, -47.02166666666667, -49.320805, -41.228761666666664]",-44.2687,-54.777,[],[],"['ICCAT', 'ACAP', 'IWC', 'CCSBT']","['41', '41.3.3', '41.3']",['41'],[],[],[],[],787,375,786.456312,387.82456199999996,092a4ad74-45f4-216d-a335-ba77f1c0858e,LU PENG YUAN YU 078,412321059,CHN,fishing,,True,1118.073655625926,17287.85,0.034921142716985085,317,398.4690180324411,-41.228761666666664,-49.320805,-47.02166666666667,-60.79833333333333
2023-03-14T19:53:15.000Z,2024-03-02T17:31:22.000Z,ca4e3c79da4d018cc60b434039e137f9,gap,"[30.605232, -34.387407, 66.737093, -4.3565]",-20.2875,50.4333,[],['8396'],"['ACAP', 'IOTC', 'SWIOFC', 'IWC', 'CCSBT']","['51', '51.8']",['51'],[],[],[],[],279,548,291.944219,704.762,9e9441808-8abd-8c07-b534-df7ea3d3f75b,994165926         9V,994165926,,gear,,True,5000.328505838757,8493.633333333333,0.3178806160192022,28,123.9031129334013,-34.387407,30.605232,-4.3565,66.737093
2023-03-15T00:25:15.000Z,2025-05-14T02:05:10.000Z,58476131296fcce04ded3bfa80f39486,gap,"[129.3661, 22.16485, 129.4035, 26.152583333333332]",24.1587,129.3851,[],['8487'],"['ACAP', 'WCPFC', 'APFIC', 'IWC']",['61'],['61'],[],[],[],[],124,314,142.121906,452.45168800000005,da19a3141-1c46-e295-cd75-0dc3d0fa9a54,BRILLIANT PROFIT,371130370,PAN,other,,True,443.43263586686487,18985.65,0.012611339017132317,18,14.235605773948356,26.152583333333332,129.3661,22.16485,129.4035
2023-03-15T00:58:48.000Z,2025-02-13T07:10:56.000Z,bc4fbe8bea02d330fd6ea08989aedb77,gap,"[-28.16727, 5.114005, -23.50261, 6.653558]",5.8886,-25.8382,[],[],"['ICCAT', 'ACAP', 'NAMMCO', 'IWC']","['34', '34.4.2', '34.4']",['34'],[],[],[],[],1095,909,1099.52575,917.358125,22dbaa3bd-d407-129e-cc31-f41d11665806,BUOY-18  92%,168804552,,gear,,True,543.5968954989286,16830.2,0.01744000915390527,17,37.20543766126926,5.114005,-28.16727,6.653558,-23.50261
2023-03-15T07:04:26.000Z,2024-08-30T23:26:41.000Z,084e424466f96a203058bb79f3127159,gap,"[58.418008, 1.344557, 99.795465, 4.145435]",2.9339,79.0814,[],[],"['ACAP', 'IOTC', 'IWC', 'SIOFA']","['51', '51.5']",['51'],[],[],[],[],647,81,694.059438,76.556602,b0fe83eaa-a880-eca8-1c61-64a6a3b029e2,DEVINDU PUTHA 3A6A8A,325000000,DMA,other,,True,4605.52728179096,12832.366666666667,0.19379011322702028,45,23.75115540396995,1.344557,58.418008,4.145435,99.795465
2023-03-15T08:18:43.000Z,2024-03-14T10:25:46.000Z,cbafc08ec032d426b1d91c049faeab34,gap,"[-11.570453, -5.935977, -6.642168, -5.425225]",-5.6858,-9.1074,[],[],"['ICCAT', 'ACAP', 'IWC']","['34', '34.4.1', '34.4']",['34'],[],[],[],[],411,875,418.35603100000003,885.427812,6df2ede47-7889-3ccb-d092-a7950d9b1cc0,994024011         6V,994024011,,gear,,True,548.2559811707262,8762.116666666667,0.03378573446694882,14,49.356373741898516,-5.425225,-11.570453,-5.935977,-6.642168
2023-03-15T09:50:14.000Z,2024-11-01T06:10:37.000Z,e84dd51e0dcc3817a8164110bce64327,gap,"[61.328883, -19.487252, 62.181015, -11.50253]",-15.4953,61.7467,[],[],"['ACAP', 'IOTC', 'IWC', 'SIOFA']","['51', '51.7']",['51'],[],[],[],[],520,123,936.657875,131.611016,939f0ca8e-ef17-e2ba-d136-8d801ca39d19,CF111028101     12V8,111028101,,gear,,True,892.5354866971494,14324.333333333334,0.033644191122411134,51,52.78559349674491,-11.50253,61.328883,-19.487252,62.181015
2023-03-15T11:42:18.000Z,2024-04-21T10:37:42.000Z,b2730c14097aa07ab52a099da061d631,gap,"[-11.107663, -5.569158, -9.799652, -4.079165]",-4.8245,-10.4529,[],[],"['ICCAT', 'ACAP', 'IWC']","['34', '34.4.1', '34.4']",['34'],[],[],[],[],440,657,448.38815600000004,664.91625,f0ecbaea8-8c32-4f33-c43a-5d7bb1753e7c,BUOY-10  100%,168805259,,gear,,True,220.12061993625878,9670.916666666666,0.01229000625402361,60,49.356373741898516,-5.569158,-11.107663,-4.079165,-9.799652
2023-03-15T12:28:47.000Z,2024-10-30T12:09:59.000Z,ae2fe931353f1a07ffdf8fb953ff844c,gap,"[-10.942862, -6.066047, -5.8125350000000005, -3.806893]",-4.9414,-8.3733,[],[],"['ICCAT', 'ACAP', 'IWC']","['47', '47.A.0', '47.A']",['47'],[],[],[],[],426,926,434.70943800000003,949.222562,9347a7736-62c9-ec04-400e-7317dec3ca96,SY BUOY-09  84%,168802732,,gear,,True,621.3562500687312,14279.683333333332,0.023495306356771266,48,49.61189996980801,-6.066047,-10.942862,-3.806893,-5.812535
2023-03-15T13:48:29.000Z,2024-04-26T07:54:09.000Z,68b073ee8c47ac69d1e4962c6d101dfa,gap,"[-11.226213, -5.759047, -10.243355, -5.575672]",-5.6676,-10.7349,[],[],"['ICCAT', 'ACAP', 'IWC']","['34', '34.4.1', '34.4']",['34'],[],[],[],[],429,510,437.023188,519.241344,00887ece7-7105-c077-5da0-0be73b0fbf1e,BUOY-09  100%,168805258,,gear,,True,110.64971479923608,9786.083333333334,0.006105207187718918,45,49.356373741898516,-5.575672,-11.226213,-5.759047,-10.243355
2023-03-15T15:38:45.000Z,2024-04-20T12:19:37.000Z,f555a2b7e3537a7bbffff22b0c2641f7,gap,"[-11.348738, -5.575155, -9.99508, -3.955645]",-4.7657,-10.6711,[],[],"['ICCAT', 'ACAP', 'IWC']","['34', '34.4.1', '34.4']",['34'],[],[],[],[],418,649,426.45065600000004,657.023812,faa3e2e58-847a-02ce-98af-4cf3d698b937,BUOY-08  100%,168805257,,gear,,True,234.366774121001,9644.666666666666,0.013121027254158287,40,49.356373741898516,-5.575155,-11.348738,-3.955645,-9.99508
2023-03-15T17:14:37.000Z,2024-03-24T07:53:32.000Z,f173f8b803003b518977ec836f1fbd7a,gap,"[-11.476802, -6.400343, -9.42272, -5.574118]",-5.9882,-10.4505,[],[],"['ICCAT', 'ACAP', 'IWC']","['34', '34.4.1', '34.4']",['34'],[],[],[],[],408,566,415.87068800000003,575.87725,7d6fa49e8-89af-6ce7-8fd7-708d9b37d2df,BUOY-06  100%,168805255,,gear,,True,245.03111411195957,8990.633333333333,0.014716006338792038,68,49.356373741898516,-5.574118,-11.476802,-6.400343,-9.42272
2023-03-15T17:39:05.000Z,2024-03-16T11:14:26.000Z,c7f425845cfb8ed47c189cdf2c764166,gap,"[-11.549487, -5.784487, -6.193192, -5.564222]",-5.6805,-8.8719,[],[],"['ICCAT', 'ACAP', 'IWC']","['34', '34.4.1', '34.4']",['34'],[],[],[],[],403,928,410.59875,938.112938,130cf375f-f5de-7f3e-44e2-4b86ba48b444,994069135         9V,994069135,,gear,,True,593.1786851134658,8801.583333333334,0.036390141928092805,57,49.356373741898516,-5.564222,-11.549487,-5.784487,-6.193192
2023-03-15T17:43:49.000Z,2024-03-16T10:56:35.000Z,c1b0f82b67fc6f361b16adaeb7416fd4,gap,"[-11.617417, -5.78392, -6.26151, -5.565945]",-5.6811,-8.94,[],[],"['ICCAT', 'ACAP', 'IWC']","['34', '34.4.1', '34.4']",['34'],[],[],[],[],396,921,403.96181199999995,930.640375,b27e16c7f-ff87-9d8a-cbd5-e8ccfa8e8ebd,BUOY-05  100%,168804354,,gear,,True,593.1247435345992,8801.2,0.036388417553224334,31,49.356373741898516,-5.565945,-11.617417,-5.78392,-6.26151
2023-03-15T17:43:58.000Z,2024-02-26T11:35:12.000Z,227de585c19297254ab97b30f1614faf,gap,"[-11.716337, -8.466947, -10.703078, -5.824613]",-7.1461,-11.2112,[],['8379'],"['ICCAT', 'ACAP', 'IWC']","['34', '34.4.1', '34.4']",['34'],[],[],[],[],370,401,377.76359399999996,412.872156,e1a7f30a7-7840-c2a6-53a9-24e45f0d0ac7,994069142         9V,994069142,,gear,,True,314.3607194969919,8345.85,0.020338396835749156,57,49.356373741898516,-5.824613,-11.716337,-8.466947,-10.703078
2023-03-15T20:52:16.000Z,2024-03-16T09:36:13.000Z,fb050489d8162b420a69fa8c85b0c714,gap,"[-11.756513, -5.786597, -6.474333, -5.547057]",-5.6728,-9.116,[],[],"['ICCAT', 'ACAP', 'IWC']","['34', '34.4.1', '34.4']",['34'],[],[],[],[],386,898,393.789688,907.94925,ff7515edf-f156-9207-55ef-017c336f96e8,994024026         6V,994024026,,gear,,True,585.0862353781731,8796.716666666667,0.03591354653922862,74,49.356373741898516,-5.547057,-11.756513,-5.786597,-6.474333
2023-03-15T21:05:53.000Z,2024-10-29T08:34:39.000Z,3a771dc007751a6e7b289d4d5a74cfc0,gap,"[-10.411407, -6.064898, -5.213005, -3.898572]",-4.9868,-7.8079,[],[],"['ICCAT', 'ACAP', 'IWC']","['47', '47.A.0', '47.A']",['47'],[],[],[],[],478,951,487.499375,962.732188,5b5e61d19-9ad1-1b40-80a9-ee41f410bf09,994070001         8V,994070001,,gear,,True,624.17173685072,14243.466666666667,0.023661780079567835,87,49.61189996980801,-6.064898,-10.411407,-3.898572,-5.213005
2023-03-15T21:49:17.000Z,2024-03-16T09:21:06.000Z,4bebfa7b1aca381a9459b4afcb9a27ae,gap,"[-11.821557, -5.78721, -6.517898, -5.550318]",-5.6748,-9.1703,[],[],"['ICCAT', 'ACAP', 'IWC']","['34', '34.4.1', '34.4']",['34'],[],[],[],[],382,893,388.89206199999995,902.621938,e6579ed38-8959-6e32-92e2-89976f1280f2,994024025         6V,994024025,,gear,,True,587.4452068354127,8795.516666666666,0.0360632636045526,51,49.356373741898516,-5.550318,-11.821557,-5.78721,-6.517898
2023-03-15T22:44:42.000Z,2024-03-15T05:50:02.000Z,23182bc4e7820bb186e3cecd4425874d,gap,"[-11.888703, -5.961743, -6.550528, -5.543785]",-5.759,-9.2206,[],[],"['ICCAT', 'ACAP', 'IWC']","['34', '34.4.1', '34.4']",['34'],[],[],[],[],377,884,384.011219,894.491312,5917bd71c-cb45-a02c-9351-c2075b8952ad,994024022         6V,994024022,,gear,,True,592.411758499164,8767.083333333334,0.0364861091524691,72,49.356373741898516,-5.543785,-11.888703,-5.961743,-6.550528
2023-03-15T23:12:23.000Z,2024-03-14T15:49:18.000Z,67d10bbdf0fca9b32c0b13d5b76e2add,gap,"[-11.955932, -5.888825, -6.055058, -5.524442]",-5.7142,-9.0064,[],[],"['ICCAT', 'ACAP', 'IWC']","['34', '34.4.1', '34.4']",['34'],[],[],[],[],373,939,380.01006199999995,948.919438,db3a3a9af-f824-ae97-9935-bb21e66f5664,994024021         8V,994024021,,gear,,True,654.148488533573,8752.6,0.04035508612914803,22,49.356373741898516,-5.524442,-11.955932,-5.888825,-6.055058
2023-03-16T00:53:51.000Z,2024-03-14T13:24:10.000Z,b62ed737c90850b823410fe5b2144325,gap,"[-11.884098, -5.880528, -6.183137, -5.487717]",-5.6911,-9.0346,[],[],"['ICCAT', 'ACAP', 'IWC']","['34', '34.4.1', '34.4']",['34'],[],[],[],[],382,926,388.666281,936.337188,499a0dbfe-e42e-c66f-c08f-b23ddc41825b,994024019         7V,994024019,,gear,,True,632.3085858168788,8748.5,0.0390260413551227,39,49.356373741898516,-5.487717,-11.884098,-5.880528,-6.183137
2023-03-16T02:00:25.000Z,2024-03-14T11:43:58.000Z,3633e7a465cb09cf2e49a0d66d1c4d31,gap,"[-11.764708, -5.882137, -6.50193, -5.49841]",-5.6962,-9.1342,[],[],"['ICCAT', 'ACAP', 'IWC']","['34', '34.4.1', '34.4']",['34'],[],[],[],[],390,892,397.54225,902.1085,eb990fb60-0ec0-782c-dd6f-2eadbacf621e,994024014         7V,994024014,,gear,,True,583.8695726523742,8745.716666666667,0.036047857494175474,40,49.356373741898516,-5.49841,-11.764708,-5.882137,-6.50193
2023-03-16T02:16:55.000Z,2024-03-14T12:33:15.000Z,69630fab0671c3aa0b171d6a10dc57eb,gap,"[-11.828463, -5.883132, -6.375143, -5.495398]",-5.6957,-9.1027,[],[],"['ICCAT', 'ACAP', 'IWC']","['34', '34.4.1', '34.4']",['34'],[],[],[],[],385,905,391.88743800000003,914.9345,94a5c058f-f653-2aaa-bb0d-c37dd8ef6074,994024016         7V,994024016,,gear,,True,604.9304544288691,8746.266666666666,0.037345798720188846,36,49.356373741898516,-5.495398,-11.828463,-5.883132,-6.375143
2023-03-16T03:57:38.000Z,2024-03-14T10:08:26.000Z,4f9c7e3eaaaa8d25a79307ff6663280d,gap,"[-11.704585, -5.954908, -6.640323, -5.5117329999999995]",-5.7389,-9.1734,[],[],"['ICCAT', 'ACAP', 'IWC']","['34', '34.4.1', '34.4']",['34'],[],[],[],[],394,875,401.699344,885.1435620000001,dcf200b28-8641-a365-bb56-d0362391b720,994024013         7V,994024013,,gear,,True,562.4638143578159,8742.166666666666,0.03474037670983469,51,49.356373741898516,-5.5117329999999995,-11.704585,-5.954908,-6.640323
2023-03-16T05:02:12.000Z,2024-03-14T10:51:04.000Z,e9bf500bc266d3c6ce4c94e897cea9d6,gap,"[-11.640312, -5.88896, -6.626553, -5.524022]",-5.7119,-9.1342,[],[],"['ICCAT', 'ACAP', 'IWC']","['34', '34.4.1', '34.4']",['34'],[],[],[],[],398,878,405.924875,887.935875,bd69c95d0-0d85-9110-248c-0b1456a38126,994024012         7V,994024012,,gear,,True,556.2221107459569,8741.8,0.034356301097003175,26,49.356373741898516,-5.524022,-11.640312,-5.88896,-6.626553
2023-03-16T05:35:53.000Z,2024-04-14T02:17:29.000Z,ed5d9c72f0d3da61bcb9884e03cae3b9,gap,"[-172.88068, -1.8550870000000002, -147.715003, 12.158177]",5.2776,-160.1561,[],[],"['ACAP', 'SPRFMO', 'IATTC', 'IWC']",['77'],['77'],[],[],[],[],833,619,1146.073125,1750.33075,0080b7422-2cfb-6cd7-8908-58b512040fca,BUOY-001          9V,994008081,,gear,,True,3186.6112618815882,9476.683333333332,0.18156483342325375,24,158.86586824866424,-1.8550870000000002,-147.715003,12.158177,-172.88068
2023-03-16T06:13:01.000Z,2024-03-14T10:36:35.000Z,09762a5f5870be68d4852a220b056e4c,gap,"[-11.504953, -5.967828, -6.605103, -5.53133]",-5.7548,-9.056,[],[],"['ICCAT', 'ACAP', 'IWC']","['34', '34.4.1', '34.4']",['34'],[],[],[],[],409,878,416.985219,887.789438,22f0dd159-981b-b794-5701-7999f7f64c8f,994024010         8V,994024010,,gear,,True,544.2638730890659,8740.383333333333,0.0336231226871747,52,49.356373741898516,-5.53133,-11.504953,-5.967828,-6.605103
2023-03-16T06:32:16.000Z,2024-03-03T00:32:38.000Z,fd95beac5827d154647e2b8921ffcfc8,gap,"[140.551857, 14.9705, 149.990797, 15.549517]",15.3095,145.2648,[],[],"['ACAP', 'WCPFC', 'IWC']","['71', '71.6.1']",['71'],[],[],[],[],423,470,457.01181199999996,471.1335,8b0570b8d-d0fd-589e-4801-aa219b91eb83,LONGLINE BUOY 15 99%,262615,MNE,gear,,True,1014.5179443847227,8466.0,0.06470539408202769,16,50.90110453049967,15.549517,149.990797,14.9705,140.551857
2023-03-16T06:45:34.000Z,2024-03-14T10:16:17.000Z,38f91511853993d393d6afcfa0f6cd2e,gap,"[-11.441473, -5.9687719999999995, -6.539492, -5.541197]",-5.7602,-8.9914,[],[],"['ICCAT', 'ACAP', 'IWC']","['34', '34.4.1', '34.4']",['34'],[],[],[],[],414,885,421.41009399999996,895.283312,e436dffc3-3845-039a-29fc-edf51d44fc33,994024009         7V,994024009,,gear,,True,544.4060660635067,8739.5,0.03363530627765394,29,49.356373741898516,-5.541197,-11.441473,-5.968772,-6.539492
2023-03-16T06:55:16.000Z,2024-08-04T23:13:26.000Z,4eea2e8a739efd06a7f73687d19ee3f0,gap,"[-175.80717, -17.563553, 174.408543, -17.170907]",-17.4269,179.3059,[],['8325'],"['ACAP', 'WCPFC', 'FFA', 'IWC', 'SPC']",['71'],['71'],[],[],[],[],266,171,278.829969,246.026078,2548dbe48-8b26-d425-7901-0a5d090cd92f,SUIYUANYU--------8V0,412018027,CHN,gear,,True,1039.1680326119908,12184.3,0.046051545771406126,74,94.44756226202594,-17.563553,174.408543,-17.170907,-175.80717
2023-03-16T08:22:52.000Z,2024-03-14T09:31:28.000Z,bddaa6606e26920a75b02123a8004d6b,gap,"[-11.377217, -5.974635, -6.3488620000000004, -5.546162]",-5.7659,-8.864,[],[],"['ICCAT', 'ACAP', 'IWC']","['34', '34.4.1', '34.4']",['34'],[],[],[],[],418,905,425.89475,915.643312,d9c081158-8eeb-a085-36af-5f40091ec85f,994024006         7V,994024006,,gear,,True,558.338382476725,8737.133333333333,0.03450543750987412,44,49.356373741898516,-5.546162,-11.377217,-5.974635,-6.348862
2023-03-16T09:17:56.000Z,2024-07-31T22:09:33.000Z,88c9370db188deb51e5224ceb9390248,gap,"[-148.18878, 58.688212, 21.815835, 70.729165]",83.5619,-131.7918,[],['8463'],"['ACAP', 'IPHC', 'IWC']",['67'],['67'],[],[],[],[],122,9,142.33403099999998,12.581299999999999,89a188c6e-e08c-f84c-db53-b0e225652ff7,ONWA33NT 85%,91800293,,other,,True,5603.04082707305,12084.85,0.2503465094410173,104,75.90013429195012,58.688212,-148.18878,70.729165,21.815835
2023-03-16T12:37:39.000Z,2024-03-14T08:17:41.000Z,757523673579c206c9cc7bd21b6a8551,gap,"[-11.205015, -5.97809, -6.218638, -5.565045]",-5.777,-8.7127,[],[],"['ICCAT', 'ACAP', 'IWC']","['34', '34.4.1', '34.4']",['34'],[],[],[],[],431,919,439.462438,929.32175,0b0907dbe-e2b1-1c60-18ad-51e12b310d55,994024004         7V,994024004,,gear,,True,553.5556339111967,8731.666666666666,0.034231280468211084,54,49.356373741898516,-5.565045,-11.205015,-5.97809,-6.218638
2023-03-16T14:03:35.000Z,2024-08-22T18:28:31.000Z,d48cb3063053e44363c0649dbd53bdcc,gap,"[-161.646402, -12.914463, 163.605118, -2.287148]",-7.9596,-179.2431,[],['8446'],"['ACAP', 'WCPFC', 'FFA', 'IWC', 'SPC']",['77'],['77'],[],[],[],[],168,415,162.588656,415.758219,d9f302c40-064c-2420-bf4e-655e03be9595,HNY739-04 50%,991173904,,gear,,True,4001.4823660129923,12604.4,0.17141852269341032,80,177.67196834219843,-12.914463,-161.646402,-2.287148,163.605118
2023-03-16T14:37:19.000Z,2024-03-14T07:51:08.000Z,a76ae1288949d08d5c292b3a17e0d675,gap,"[-11.06607, -5.9917300000000004, -6.155475, -5.58632]",-5.7943,-8.6117,[],[],"['ICCAT', 'ACAP', 'IWC']","['34', '34.4.1', '34.4']",['34'],[],[],[],[],442,925,450.696719,935.4995620000001,1eb749ed7-7de9-b0ab-e8aa-0d4b6c278578,994024003         6V,994024003,,gear,,True,545.1136848506392,8729.216666666667,0.03371870054685187,104,49.356373741898516,-5.58632,-11.06607,-5.9917299999999996,-6.155475
2023-03-16T14:43:13.000Z,2024-11-03T10:32:20.000Z,1f293e38ecb5636490de628210198fbb,gap,"[-10.988308, -6.072928, -5.568643, -3.9553000000000003]",-5.0197,-8.2741,[],[],"['ICCAT', 'ACAP', 'IWC']","['47', '47.A.0', '47.A']",['47'],[],[],[],[],421,948,429.85625,968.617875,42913a196-6a12-0340-22a5-214273bff840,SY BUOY-05  100%,168802728,,gear,,True,644.8278429468261,14347.816666666668,0.024267049750204793,49,49.61189996980801,-6.072928,-10.988308,-3.9553,-5.568643
2023-03-16T17:25:02.000Z,2024-10-29T20:05:58.000Z,b5fdda49f3edc90e4b0815f9cafbe878,gap,"[-10.60384, -6.043497, -5.153358, -3.79426]",-4.9244,-7.874,[],[],"['ICCAT', 'ACAP', 'IWC']","['47', '47.A.0', '47.A']",['47'],[],[],[],[],460,941,469.589094,949.257438,4295045dd-d064-a4a4-e80f-3a9a05c0ef4f,SH017,111111720,,gear,,True,653.543159558475,14234.666666666666,0.02479054013831595,19,49.61189996980801,-6.043497,-10.60384,-3.79426,-5.153358
2023-03-16T17:30:33.000Z,2024-10-29T09:25:46.000Z,bdd2e18726690dabce191ec1713a3d94,gap,"[-10.757028, -6.064472, -5.334568, -3.899583]",-4.9876,-8.0413,[],[],"['ICCAT', 'ACAP', 'IWC']","['47', '47.A.0', '47.A']",['47'],[],[],[],[],444,948,452.81768800000003,965.527375,60336713b-bf2a-7571-3159-4e867d90044f,994070005         6V,994070005,,gear,,True,647.078586127508,14223.916666666666,0.02456387316784934,100,49.61189996980801,-6.064472,-10.757028,-3.899583,-5.334568
2023-03-16T21:00:11.000Z,2024-10-29T04:59:11.000Z,0faf8eb2894e30bdd4c830ea1bffc612,gap,"[-10.51557, -6.039865, -5.176452, -3.80213]",-4.9263,-7.8415,[],[],"['ICCAT', 'ACAP', 'IWC']","['47', '47.A.0', '47.A']",['47'],[],[],[],[],468,942,477.511312,951.1375,95899b981-1742-5b81-c820-d3011f57015a,SH016,111111719,,gear,,True,641.6645880440768,14215.983333333334,0.024371944713709338,27,49.61189996980801,-6.039865,-10.51557,-3.80213,-5.176452
2023-03-17T11:00:03.000Z,2025-02-04T21:13:38.000Z,9e7865fe39637d0707ffe56a75136a2e,gap,"[-115.971682, -73.1882, 87.102452, -39.031038]",-71.7556,99.6166,[],[],"['ACAP', 'IOTC', 'IWC', 'SIOFA', 'CCSBT']","['57', '57.4']",['57'],[],[],[],[],829,81,2571.095,2180.59425,c1791da62-24ca-ec57-caf1-7bbe7cb612bd,FOL-1100%,59074083,,gear,,True,7412.686423047343,16570.216666666667,0.24154967593513368,84,254.13333184080793,-39.031038,87.102452,-73.1882,-115.971682
2023-03-18T19:26:18.000Z,2024-07-21T04:07:25.000Z,8cf9162142723900fa7df6a8b470e9fe,gap,"[85.82266, -39.958188, 91.441873, -33.858502]",-36.9414,88.5197,[],[],"['ACAP', 'IOTC', 'IWC', 'SIOFA', 'CCSBT']","['57', '57.4']",['57'],[],[],[],[],1204,864,2216.3355,2667.8385,2659b6d0e-ea0d-7178-0781-e31e37082354,LRYY18806-94%,18806,,gear,,True,841.9824246558502,11768.683333333332,0.038630841335952834,95,261.7202163021349,-39.958188,91.441873,-33.858502,85.82266
2023-03-18T22:03:08.000Z,2024-02-07T11:04:17.000Z,8aad72d2eeecfad4c8c0952754bafe7b,gap,"[-160.44456666666667, -11.651633333333333, 121.32372, 31.53162]",12.7084,163.6674,[],['8446'],"['ACAP', 'WCPFC', 'FFA', 'IWC', 'SPC']",['77'],['77'],[],[],[],[],146,2,340.136531,0.0,c1c5709b6-623e-69fc-6b49-58a33a6aab4e,015,412421026,CHN,fishing,,True,9595.453823960543,7813.016666666666,0.6631408578196728,76,479.77890780202944,-11.651633333333333,-160.44456666666667,31.53162,121.32372
2023-03-18T23:36:59.000Z,2025-06-10T11:48:23.000Z,4af4b5d92aad83223c93aac0876c607e,gap,"[-158.96587, -13.837261999999999, 168.006075, 13.190618]",-0.3372,-175.5029,[],[],"['ACAP', 'SPRFMO', 'WCPFC', 'IWC']",['77'],['77'],[],[],[],[],436,181,452.318375,491.254031,c993b7741-1589-96c7-65e3-745eb8b059e5,NET FISH 805-07   9V,805458007,,gear,,True,4718.795755593027,19548.183333333334,0.13034182404079048,57,174.67952438948703,-13.837261999999999,-158.96587,13.190618,168.006075
2023-03-19T00:46:06.000Z,2026-01-30T11:18:50.000Z,92babbb7ea7ccd194746b2b8d5f78145,gap,"[16.582623, 9.049092, 104.038197, 71.55913]",46.4788,86.5272,[],['5686'],"['ICCAT', 'ICES', 'IWC', 'NASCO', 'ACAP', 'NAMMCO']","['27.2.a', '27.2.a.2', '27.2', '27']",['27'],[],[],[],[],173,64,181.15246900000002,186.43496900000002,534bd7c62-200c-2584-8b3d-d20fbec97cbf,TRYGVE_B_BUOY     97,941500050,,gear,,True,8963.961246359968,25162.533333333333,0.19235550716483948,25,29.988162721921768,71.55913,16.582623,9.049092,104.038197
2023-03-19T07:30:27.000Z,2024-11-22T10:06:58.000Z,baffe8dc4cf59c4314be5c7422a3cf10,gap,"[-11.894398, -9.45057, -10.973408, -2.758325]",-6.1046,-11.4368,[],[],"['ICCAT', 'ACAP', 'IWC']","['47', '47.A.0', '47.A']",['47'],[],[],[],[],403,631,414.62231199999997,637.445438,1f9b6b428-82fc-58f5-be28-6848c8e68776,HH26A1707        99%,111101707,,gear,,True,751.0715645290717,14738.6,0.027515924249902075,159,51.25742236754132,-9.45057,-10.973408,-2.758325,-11.894398
2023-03-19T11:48:10.000Z,2024-08-09T19:25:39.000Z,7b8990f79086635ccc5a2ca25cf1f15a,gap,"[-61.125807, -1.818797, -40.019832, 14.42937]",6.4128,-50.4045,[],['8464'],"['ICCAT', 'ACAP', 'IWC']","['41', '41.1.1', '41.1']",['41'],[],[],[],[],111,6,173.249141,7.739219,4383eb294-494f-c066-73c7-7c3e6659f377,L`ULTIME,645275000,MUS,passenger,,True,2943.9662457651216,12223.616666666667,0.13004453975390934,21,30.033622885872408,-1.818797,-40.019832,14.42937,-61.125807
2023-03-19T12:16:59.000Z,2024-06-11T08:43:26.000Z,c7a89f8d8feb7ab7ddbc211c5737c47f,gap,"[96.705033, -33.901107, 97.58519, -18.672105]",-26.2873,97.1742,[],[],"['ACAP', 'IOTC', 'IWC', 'SIOFA', 'CCSBT']","['57', '57.3']",['57'],[],[],[],[],1686,720,1700.82725,735.606375,f610714c7-738e-9a93-6478-c6438d2884d1,994165420         9V,994165420,,gear,,True,1695.639146962167,10796.433333333332,0.08480318132297532,101,239.4128433187577,-33.901107,96.705033,-18.672105,97.58519
2023-03-20T01:11:57.000Z,2024-01-10T00:16:17.000Z,33691af2fe1d17196c4a0157ef2a23fd,gap,"[21.878945, -38.320823, 60.69098, -3.631202]",-22.1028,43.7003,[],[],"['ACAP', 'IOTC', 'IWC', 'CCSBT']","['47', '47.C', '47.C.0']",['47'],[],[],[],[],422,537,423.792188,544.846688,b78129f56-6dd9-07a7-bc5f-0745fc1f6e1a,994030300         9V,994030300,,gear,,True,5504.8029670086935,7103.066666666667,0.41846092022031756,23,138.90280543228198,-38.320823,21.878945,-3.631202,60.69098
2023-03-20T11:25:12.000Z,2025-02-28T17:56:41.000Z,8604b75a3b0b3cf165f98db0622609f8,gap,"[167.275847, 5.10735, 170.251698, 5.931972]",5.5215,168.7648,[],['8318'],"['ACAP', 'WCPFC', 'FFA', 'IWC', 'SPC']","['71', '71.6.2']",['71'],[],[],[],[],104,95,250.549984,315.27559399999996,85705e907-7607-a819-d663-951629c3687a,HNY769-07100%,991176907,,gear,,True,341.88802872543334,17070.516666666666,0.010814246032215208,95,176.17636795244005,5.10735,170.251698,5.931972,167.275847
2023-03-20T12:42:16.000Z,2026-03-06T05:20:52.000Z,a77ae904ed6c35570377843bca5fcc74,gap,"[135.629735, 12.997453, 152.684773, 13.310338]",13.2957,144.1627,[],[],"['ACAP', 'WCPFC', 'IWC']","['71', '71.6.1']",['71'],[],[],[],[],488,491,623.934125,501.227281,d8ef2eee4-4d00-f8f9-be90-31f98a238a3d,992267010       (99),992267010,,gear,,True,1846.6476586201877,25960.633333333335,0.038408537806250975,18,71.51575778534507,12.997453,152.684773,13.310338,135.629735
2023-03-20T14:48:59.000Z,2024-10-29T09:55:49.000Z,0009487a50e803de6348ea3e4c38446e,gap,"[-6.043878, -7.689478, -5.276542, -3.898817]",-5.7943,-5.6589,[],[],"['ICCAT', 'ACAP', 'IWC']","['47', '47.A.0', '47.A']",['47'],[],[],[],[],909,949,915.754875,964.6461879999999,444632ced-d02f-e4ce-d9e4-c016fd09a4b3,994070004         7V,994070004,,gear,,True,429.9627880225539,14131.1,0.016429105492535546,28,48.34020059368119,-7.689478,-6.043878,-3.898817,-5.276542
2023-03-20T16:47:02.000Z,2024-10-29T08:56:49.000Z,6d49a0546c4d325e3fe6f3bc5e7a4a9e,gap,"[-5.917478, -7.736523, -5.459022, -3.898253]",-5.8174,-5.6875,[],[],"['ICCAT', 'ACAP', 'IWC']","['47', '47.A.0', '47.A']",['47'],[],[],[],[],903,944,909.809062,963.523125,ad8b3d3cb-b91d-ca05-3b06-2b739b621e0a,994070007         6V,994070007,,gear,,True,429.79832330763395,14128.15,0.016426250343025778,82,47.65363706128822,-7.736523,-5.917478,-3.898253,-5.459022
2023-03-20T18:23:03.000Z,2024-10-29T02:34:50.000Z,fe51d044230eb52612701bca6af718a5,gap,"[-5.793818, -7.7777899999999995, -5.362792, -3.800922]",-5.7894,-5.5775,[],[],"['ICCAT', 'ACAP', 'IWC']","['47', '47.A.0', '47.A']",['47'],[],[],[],[],898,936,905.150188,954.042062,43ff1de62-2870-5e94-dbee-cecbecb7c158,SH010,111111388,,gear,,True,444.77061978470505,14120.183333333332,0.01700805977235685,35,47.65363706128822,-7.7777899999999995,-5.793818,-3.800922,-5.362792
2023-03-20T19:16:43.000Z,2024-10-29T01:36:56.000Z,2b9b1c0261c960588d84c6cf45c3a4ec,gap,"[-5.733953, -7.79979, -5.424155, -3.801818]",-5.8008,-5.5785,[],[],"['ICCAT', 'ACAP', 'IWC']","['47', '47.A.0', '47.A']",['47'],[],[],[],[],896,935,902.902812,953.1025,03cb3cd88-8b8e-f601-f2a2-6227bae6dae5,SH009,111111387,,gear,,True,445.87342676958326,14118.333333333334,0.017052465371102853,29,47.65363706128822,-7.79979,-5.733953,-3.801818,-5.424155
2023-03-20T21:54:53.000Z,2024-12-22T13:15:11.000Z,45869507e3f14f0d5cec3b8b0ba51372,gap,"[-8.653943, -7.846062, -5.614205, -4.605687]",-6.228,-7.1388,[],[],"['ICCAT', 'ACAP', 'IWC']","['47', '47.A.0', '47.A']",['47'],[],[],[],[],890,726,897.42275,735.30725,8f2d02c57-715c-cd74-551b-49b014a8f433,SH007,111111385,,gear,,True,492.64347975053795,15423.333333333334,0.017246997962139934,28,47.65363706128822,-7.846062,-5.614205,-4.605687,-8.653943
2023-03-20T23:24:40.000Z,2024-10-29T00:44:41.000Z,e07dc9e32029c4a85602b990189a3f81,gap,"[-5.547695, -7.895417, -5.486052, -3.799168]",-5.8473,-5.517,[],[],"['ICCAT', 'ACAP', 'IWC']","['47', '47.A.0', '47.A']",['47'],[],[],[],[],885,931,892.133688,951.2238120000001,25ed8a2b0-0aeb-a559-0200-1a19adaaea4d,SH005,111111382,,gear,,True,455.53383614162533,14113.333333333334,0.01742810066336481,29,47.65363706128822,-7.895417,-5.486052,-3.799168,-5.547695
2023-03-21T01:55:05.000Z,2024-10-30T08:41:22.000Z,f019e98eae1a9bdc2fbfe15cfc89bfc9,gap,"[-5.309045, -7.95632, -4.982162, -3.862208]",-5.9093,-5.145,[],[],"['ICCAT', 'ACAP', 'IWC']","['47', '47.A.0', '47.A']",['47'],[],[],[],[],879,954,886.23275,952.520562,5d1aca1a7-7465-7155-f347-01a40524bf2e,SY BUOY-02  73%,168802725,,gear,,True,456.67797670545474,14142.766666666666,0.017435512182470525,40,47.65363706128822,-7.95632,-5.309045,-3.862208,-4.982162
2023-03-21T01:55:08.000Z,2024-10-29T02:17:09.000Z,72fd5abb3d204489622f0805067c181d,gap,"[-5.614192, -7.944525, -5.36835, -3.79876]",-5.8717,-5.4917,[],[],"['ICCAT', 'ACAP', 'IWC']","['47', '47.A.0', '47.A']",['47'],[],[],[],[],881,930,888.150625,950.429438,b797ad1d2-23bb-c466-9669-03ecb78c9566,SH003,111111381,,gear,,True,461.7897382294265,14112.366666666667,0.017668653090765533,69,47.65363706128822,-7.944525,-5.36835,-3.79876,-5.614192
2023-03-21T03:46:19.000Z,2024-10-29T00:14:19.000Z,8e9886cc4925c4169799ab16c90fce1f,gap,"[-5.736905, -7.953693, -5.254965, -3.796173]",-5.875,-5.4968,[],[],"['ICCAT', 'ACAP', 'IWC']","['47', '47.A.0', '47.A']",['47'],[],[],[],[],881,926,887.6946879999999,948.86675,82fea06cd-d18a-17ac-4fb2-c1abc993bcd6,SH001,111111379,,gear,,True,465.3578244524423,14108.466666666667,0.0178100944128904,24,47.65363706128822,-7.953693,-5.254965,-3.796173,-5.736905
2023-03-21T04:58:54.000Z,2024-10-29T14:09:15.000Z,09ce4dd6137889bd11386b3222f75e86,gap,"[-5.77235, -7.912223, -5.23504, -3.894367]",-5.9034,-5.5047,[],[],"['ICCAT', 'ACAP', 'IWC']","['47', '47.A.0', '47.A']",['47'],[],[],[],[],885,936,892.19825,958.497562,36d9e982e-edd6-a200-e609-fd9b2959f939,SY BUOY-01  100%,168802724,,gear,,True,450.69960369228676,14121.166666666666,0.017233584382436433,21,47.65363706128822,-7.912223,-5.23504,-3.894367,-5.77235
2023-03-21T05:11:23.000Z,2026-09-12T19:54:05.000Z,c2f7ac69177f0323257bb18506ab53bb,gap,"[1.337145, -38.754108, 22.417425, -32.279688]",-35.9784,11.4469,[],[],"['ACAP', 'IOTC', 'IWC', 'CCSBT']","['47', '47.C', '47.C.0']",['47'],[],[],[],[],485,1344,486.87543800000003,1474.80625,5d38c8239-917d-f40f-cd9b-ba39985e88ec,994162535         8V,994162535,,gear,,True,2033.3755558130447,30518.7,0.035975810415968465,205,139.8970942887667,-38.754108,22.417425,-32.279688,1.337145
2023-03-21T18:36:09.000Z,2026-04-05T18:59:49.000Z,593578de987880cb17b40a74e0dd4b13,gap,"[106.146623, -9.637832, 139.766133, 18.88539]",4.8291,123.3122,[],['8492'],"['ACAP', 'SEAFDEC', 'WCPFC', 'APFIC', 'IWC']",['71'],['71'],[],[],[],[],131,22,145.336703,44.316269999999996,84e3b71ef-f02d-70d9-8be1-844cc5af38d5,AISBUOY JR LM IIA99%,123038078,,gear,,True,4862.661189208243,26664.383333333335,0.09846944364660312,31,23.007954986320307,-9.637832,139.766133,18.88539,106.146623
2023-03-22T11:25:55.000Z,2025-02-14T16:03:24.000Z,aa81f5749b272ef5a4e828394f54ceb9,gap,"[97.1331, -20.737157, 104.720175, -19.617812]",-20.2182,100.9403,[],[],"['ACAP', 'SEAFDEC', 'IOTC', 'IWC', 'SIOFA', 'CCSBT']","['57', '57.3']",['57'],[],[],[],[],945,983,962.20475,994.070125,fe6e17c13-3779-fc5f-ae4e-18bde9c9434a,994071160         1V,994071160,,gear,,True,801.5063498671046,16684.616666666665,0.02593879231809581,32,117.1094090195662,-20.737157,97.1331,-19.617812,104.720175
2023-03-22T13:52:20.000Z,2024-10-20T20:52:12.000Z,fec1e92b5d9427dffb78cedacdc374cf,gap,"[171.485133, 5.53865, 173.468943, 9.933527]",7.7372,172.4822,[],['8318'],"['ACAP', 'WCPFC', 'FFA', 'IWC', 'SPC']","['71', '71.6.2']",['71'],[],[],[],[],164,78,289.0825,311.974219,b5a791f24-4e93-2fde-a5cd-f99aeadf4168,TAI PING YANG 07-8,98354222,,gear,,True,535.3224595816736,13878.983333333334,0.020826525772933147,146,173.12630344668102,5.53865,173.468943,9.933527,171.485133
2023-03-22T18:11:38.000Z,2026-02-13T11:36:23.000Z,f593616bc324e171c4e012a1e8e56b0d,gap,"[55.478217, -4.641523, 56.918475, -1.135982]",-2.889,56.1995,[],['8337'],"['ACAP', 'IOTC', 'SWIOFC', 'IWC']","['51', '51.5']",['51'],[],[],[],[],325,1,375.55553100000003,0.0,eab16dc3f-f99d-b418-2abe-760d823ee1c3,JAZ 2 NET 2,664000206,SYC,gear,,True,421.3288118219247,25409.4,0.00895335420888193,28,31.06530715554981,-1.135982,56.918475,-4.641523,55.478217
2023-03-23T00:58:19.000Z,2025-03-11T22:14:15.000Z,c765882c32b266f984617ffe7b514cc6,gap,"[98.388015, -37.66728, 104.967063, -35.689572]",-36.7237,101.6352,[],[],"['ACAP', 'IOTC', 'IWC', 'SIOFA', 'CCSBT']","['57', '57.4']",['57'],[],[],[],[],981,1524,1021.775375,1546.42525,cb53918e1-137d-1b97-63c9-9c7d581bb1ad,994068118         9V,994068118,,gear,,True,626.3891991064767,17277.25,0.019576212051612602,148,259.0197776038872,-37.66728,104.967063,-35.689572,98.388015
2023-03-23T04:48:37.000Z,2024-05-13T21:18:57.000Z,5d983d99e0c0607c4ac5839c0a5ce86b,gap,"[158.071283, 3.780618, 170.847888, 11.38353]",7.6289,164.4028,[],['8316'],"['ACAP', 'WCPFC', 'FFA', 'IWC', 'SPC']",['71'],['71'],[],[],[],[],240,109,353.892562,446.63809399999997,eda61aa22-2e0b-aa64-24bd-96f177ad8edf,SLC761-06 83%,991276106,,gear,,True,1641.5654326750882,10024.5,0.08842081138118135,14,113.58032440590198,3.780618,158.071283,11.38353,170.847888
2023-03-23T08:33:37.000Z,2025-03-28T03:16:15.000Z,56e57d96d0158eda1c5bfe14651f37c9,gap,"[143.793042, 2.907807, 156.850413, 17.604632]",10.3217,150.1687,[],[],"['ACAP', 'WCPFC', 'IWC']","['71', '71.6.1']",['71'],[],[],[],[],798,436,1188.17475,635.920562,ae4c15e83-30ae-b349-cbfb-7f9c1fe3749f,NETFISH939-18     9V,939760018,,gear,,True,2167.783329490205,17658.7,0.06628513747762499,38,83.2522942480805,17.604632,156.850413,2.907807,143.793042
2023-03-23T11:03:16.000Z,2024-02-20T06:31:57.000Z,7a511b4138f52c571433fe4ccccd691f,gap,"[175.66338, -26.952213, 178.21266, -26.46645]",-26.715,176.9353,[],[],"['ACAP', 'SPRFMO', 'WCPFC', 'IWC']",['81'],['81'],[],[],[],[],581,452,629.7784379999999,466.48518800000005,4014ea9b7-7ca3-7dbb-4db5-f2c29753b469,NET FISH 8911-04-99%,891106004,,gear,,True,258.91234820306306,8011.466666666666,0.01745017357341242,45,108.56001204040152,-26.46645,175.66338,-26.952213,178.21266
2023-03-24T01:43:03.000Z,2024-05-16T14:37:15.000Z,bb4708bc35df6d3823b927f17c56f188,gap,"[98.19477, -14.627062, 100.095862, -6.51924]",-10.5746,99.1327,[],[],"['ACAP', 'SEAFDEC', 'IOTC', 'IWC', 'CCSBT']","['57', '57.2']",['57'],[],[],[],[],438,418,448.439438,471.756062,c21922cce-e862-9a58-7329-daa899a38a2f,994071926         9V,994071926,,gear,,True,925.1458686675107,10068.9,0.04961205354864759,29,59.44238035753737,-14.627062,100.095862,-6.51924,98.19477
2023-03-24T07:41:03.000Z,2024-08-07T13:26:59.000Z,3e8b726d5951cac9f44d7130abeb9a66,gap,"[-156.02569666666668, 21.795078333333333, -117.22692833333333, 32.62047833333333]",28.5889,-137.609,[],['8453'],"['ACAP', 'WCPFC', 'IWC', 'SPC']",['77'],['77'],[],[],[],[],97,6,109.961305,3.583041,a7d6243d4-400a-ac25-5de7-ac215f5539c7,SUBMARINE,369970197,USA,other,,True,3996.2096748266395,12053.75,0.17901322011475504,25,493.6940753422578,21.795078333333333,-156.02569666666668,32.62047833333333,-117.22692833333333
2023-03-24T07:56:38.000Z,2024-05-22T16:53:58.000Z,b2cc969eb0df438f8420988929e378e9,gap,"[95.342537, -14.637877, 100.345317, -6.8422979999999995]",-10.7501,97.8116,[],[],"['ACAP', 'SEAFDEC', 'IOTC', 'IWC', 'CCSBT']","['57', '57.2']",['57'],[],[],[],[],460,567,470.41690600000004,607.7005,52b75fab1-170a-a74d-c7c0-1c6417094c9d,994071927         9V,994071927,,gear,,True,1024.4916444954201,10208.95,0.05418590878874366,26,59.44238035753737,-14.637877,100.345317,-6.842298,95.342537
2023-03-25T10:18:44.000Z,2024-04-29T00:32:25.000Z,1be65db15cd0e2a7cb73d9bc40a93440,gap,"[50.15321, -5.415308, 177.138808, 12.678592]",8.092,112.4852,[],[],"['ACAP', 'WCPFC', 'IWC']","['71', '71.6.2']",['71'],[],[],[],[],732,332,884.7236879999999,591.749688,2c1aa24bd-d446-d81a-368b-717ff04bb705,LS116-BUOY-020    9V,994008960,,gear,,True,14147.53311089567,9614.216666666667,0.7945584149178284,224,145.6076827438443,12.678592,177.138808,-5.415308,50.15321
2023-03-25T10:47:05.000Z,2024-05-22T18:46:55.000Z,b516e788bce2ec668d10b5844764136a,gap,"[55.219045, -2.474278, 177.14578, 12.732632]",10.4751,114.9459,[],[],"['ACAP', 'WCPFC', 'IWC']","['71', '71.6.2']",['71'],[],[],[],[],735,137,889.3655620000001,209.2705,01f9385d7-7d0c-3f99-ecd7-85e7140bbeaf,LS116-BUOY-021    9V,994008961,,gear,,True,13527.894445110203,10183.983333333334,0.7172516296408064,151,145.6076827438443,12.732632,177.14578,-2.474278,55.219045
2023-03-25T11:26:21.000Z,2024-04-23T06:23:38.000Z,47e6fc56265a6bf376fb576b4e9bec45,gap,"[50.383935, -2.826715, 177.148847, 12.859805]",11.082,112.3842,[],[],"['ACAP', 'WCPFC', 'IWC']","['71', '71.6.2']",['71'],[],[],[],[],741,431,899.483375,594.2576879999999,14bca4390-05aa-aa30-c337-8a9a0988bee0,LS116-BUOY-017    9V,994008957,,gear,,True,14057.970392856982,9474.95,0.801133172882417,172,145.6076827438443,12.859805,177.148847,-2.826715,50.383935
2023-03-25T11:53:58.000Z,2024-04-06T09:22:55.000Z,20a7587e19a774fc2a0cc99ffbaa42c8,gap,"[50.322203, -3.082608, 177.152652, 12.794652]",10.7461,112.3813,[],[],"['ACAP', 'WCPFC', 'IWC']","['71', '71.6.2']",['71'],[],[],[],[],738,418,894.020562,591.886562,8570ffc27-7d75-79c2-4ed3-5a3007a8d4d8,LS116-BUOY-019    9V,994008959,,gear,,True,14072.563943008721,9069.466666666667,0.8378195678275747,206,145.6076827438443,12.794652,177.152652,-3.082608,50.322203
2023-03-25T13:48:46.000Z,2024-04-08T07:45:53.000Z,473918c6219f171bd95b0b1b68f81fa0,gap,"[50.446995, -3.170472, 177.077232, 12.86234]",10.6878,112.4013,[],[],"['ACAP', 'WCPFC', 'IWC']","['71', '71.6.2']",['71'],[],[],[],[],734,401,894.11075,575.195688,22bab7214-4279-4ee5-89a6-50ae40132acc,LS116-BUOY-018    9V,994008958,,gear,,True,14052.526984195689,9113.95,0.8325432497283398,144,145.6076827438443,12.86234,177.077232,-3.170472,50.446995
2023-03-25T22:00:58.000Z,2024-04-01T07:20:17.000Z,83de6383893702a73e82fa7b1096f146,gap,"[52.391827, -2.52905, 176.411273, 12.868255]",10.9084,113.0833,[],[],"['ACAP', 'WCPFC', 'IWC']","['71', '71.6.2']",['71'],[],[],[],[],667,334,845.3125620000001,409.027125,946746030-0bd0-6bea-6c07-06b38fb4c5ce,LS116-BUOY-016    9V,994008956,,gear,,True,13753.873023249016,8937.316666666668,0.8309538074742172,112,147.76917153165294,12.868255,176.411273,-2.52905,52.391827
2023-03-25T23:59:51.000Z,2025-03-12T08:55:26.000Z,d4c317dfc9ce6e162197d906564776b7,gap,"[-174.430155, 12.172865, 114.247363, 21.658433]",20.5185,150.9458,[],[],"['ACAP', 'NPFC', 'WCPFC', 'IWC']",['77'],['77'],[],[],[],[],728,33,1654.61025,40.945983999999996,b02c77b11-19f1-6454-c427-97b5019110b9,JIN SHENG 3-9-99%,413000063,CHN,gear,,True,7601.364260367416,17216.916666666668,0.23839392542783425,100,138.34416267653572,12.172865,-174.430155,21.658433,114.24736300000001
2023-03-27T02:26:11.000Z,2024-02-06T08:24:21.000Z,e7707688b51777b422c79b6e72e0f398,gap,"[108.63887, -12.593588, 109.660595, -11.174913]",-11.8847,109.1511,[],['8492'],"['ACAP', 'SEAFDEC', 'IOTC', 'IWC', 'CCSBT']","['57', '57.2']",['57'],[],[],[],[],348,395,354.1335,402.981281,dfa9d8679-9642-8330-d75f-af64dab970da,994080537         9V,994080537,,gear,,True,192.987731117433,7589.966666666666,0.013729314366818712,14,27.19258649872979,-11.174913,109.660595,-12.593588,108.63887
2023-03-27T08:38:59.000Z,2024-06-24T15:00:53.000Z,6779a83d5d23a291a250a3a2432a5fa4,gap,"[-2.32452, 11.775771666666667, 59.66799666666667, 36.50075666666667]",27.5586,32.0487,[],[],"['ACAP', 'IOTC', 'IWC']","['51', '51.3']",['51'],[],[],[],[],565,27,828.511938,36.976422,2d5b9b934-4a15-8b1a-00df-fe6eabbe32b1,REINA,225988509,ESP,other,,True,6738.2506870893385,10926.35,0.33298990988610944,39,98.64559051336829,11.775771666666667,59.66799666666667,36.50075666666667,-2.32452
2023-03-27T23:14:45.000Z,2024-01-18T16:06:10.000Z,59bc04823a25625d5aeeb8a241f0827a,gap,"[-33.721343, -8.120268, 3.69644, 10.507642]",1.2603,-14.9461,[],[],"['ICCAT', 'ACAP', 'IWC']","['47', '47.A.1', '47.A']",['47'],[],[],[],[],767,1084,802.142062,1112.081625,3fbf055d2-279e-8382-7c09-dd0ba8026e43,B8              (99),98354165,,gear,,True,4630.318914990013,7120.85,0.3511058652153298,67,40.40706682646631,-8.120268,3.69644,10.507642,-33.721343
2023-03-28T00:19:07.000Z,2024-02-08T10:13:28.000Z,db06bcbb57b7ae565dc299b778494337,gap,"[86.347437, -5.089982, 87.509718, 6.84775]",0.8789,86.9276,[],[],"['ACAP', 'SEAFDEC', 'IOTC', 'IWC']","['57', '57.2']",['57'],[],[],[],[],1346,623,1376.018125,637.150312,17e61edd4-4c0d-24ef-0603-1c7079deaed6,IMULA 2313 TLE NET 2,964171946,,gear,,True,1333.6698518035828,7617.9,0.09453052810421916,24,24.38745246218463,-5.089982,86.347437,6.84775,87.509718
2023-03-28T03:16:00.000Z,2025-04-02T12:26:02.000Z,9d800579329ab98667f4c092167a8c7d,gap,"[-84.54358666666667, -1.8728366666666667, 3.1173033333333335, 51.39866166666667]",31.9732,-53.235,[],[],"['ACAP', 'SPRFMO', 'CPPS', 'IATTC', 'IWC']","['87', '87.1', '87.1.4']",['87'],[],[],[],[],390,7,398.40831199999997,6.092871,d72539f65-55ce-35de-6913-7581b50b2342,RUN DE,352001634,PAN,other,,True,10008.136350222814,17673.166666666668,0.30577210152200657,379,270.87386894105697,-1.8728366666666667,-84.54358666666667,51.39866166666667,3.1173033333333335
2023-03-28T06:37:08.000Z,2024-02-15T22:22:54.000Z,a98f0e35fc2e8bbf9dcc86c6eac6d003,gap,"[-9.034153, -6.718048, -7.15483, -4.416972]",-5.5683,-8.0927,[],[],"['ICCAT', 'ACAP', 'IWC']","['34', '34.4.1', '34.4']",['34'],[],[],[],[],882,598,891.857875,608.156938,84587c81d-dfcb-1d6c-9cf4-890d0e347407,994069141         9V,994069141,,gear,,True,329.7281656534115,7791.75,0.02284967643155073,23,47.10742983119205,-4.416972,-7.15483,-6.718048,-9.034153
2023-03-28T16:01:20.000Z,2024-09-23T16:12:51.000Z,c8c5e0755daf0977603c373eff340e04,gap,"[161.655403, 13.052808, 175.58251, 16.30391]",14.7827,168.671,[],[],"['ACAP', 'WCPFC', 'IWC']","['71', '71.6.2']",['71'],[],[],[],[],515,596,1064.888,805.282125,513d21a05-521c-0663-7a7d-5fdf82b08247,NET FISH 896-10   9V,896333310,,gear,,True,1540.6178726077394,13080.183333333332,0.06359751087892744,32,112.6623840973948,16.30391,161.655403,13.052808,175.58251
2023-03-29T02:42:50.000Z,2024-02-18T10:51:37.000Z,e48e118c685b2cfe1ada2e89dd82f62d,gap,"[-10.104347, -5.351335, -7.206197, -4.546067]",-4.9503,-8.6544,[],[],"['ICCAT', 'ACAP', 'IWC']","['34', '34.4.1', '34.4']",['34'],[],[],[],[],870,546,879.5605,555.19225,cf2e03ea9-93b2-de19-095d-54e45b8dedcd,994069127         9V,994069127,,gear,,True,333.30856747864084,7832.133333333333,0.02297869826784187,49,47.10742983119205,-4.546067,-7.206197,-5.351335,-10.104347
2023-03-29T04:45:31.000Z,2024-10-21T20:13:56.000Z,8a15efb04e4889e5d9ceeee7264a9ebb,gap,"[31.14013, -38.308242, 33.179398, -37.550045]",-37.9335,32.165,[],[],"['ACAP', 'IOTC', 'IWC', 'SIOFA', 'CCSBT']","['51', '51.8']",['51'],[],[],[],[],693,644,693.571,655.49225,cc0812c62-23fa-eb0f-8112-6454a69e9d0b,994030791         9V,994030791,,gear,,True,197.7266016445532,13743.466666666667,0.00776833286474224,94,146.3010616057301,-37.550045,33.179398,-38.308242,31.14013
2023-03-29T11:19:54.000Z,2024-02-18T10:45:59.000Z,55ad25053458d84d97237c8ceaeef58c,gap,"[-9.97282, -5.35102, -7.433548, -4.267093]",-4.8102,-8.7022,[],[],"['ICCAT', 'ACAP', 'IWC']","['34', '34.4.1', '34.4']",['34'],[],[],[],[],862,559,871.842812,567.549562,e2c0fb028-8cd9-9cb4-b9f1-98f78b88414a,994069131         9V,994069131,,gear,,True,306.0851823734015,7823.433333333333,0.021125351187607833,28,47.10742983119205,-4.267093,-7.433548,-5.35102,-9.97282
2023-03-29T11:26:09.000Z,2024-02-18T10:50:08.000Z,8644c2f53e202e0be34fbfdff7046610,gap,"[-10.037805, -5.350852, -7.452702, -4.266988]",-4.8101,-8.7442,[],[],"['ICCAT', 'ACAP', 'IWC']","['34', '34.4.1', '34.4']",['34'],[],[],[],[],860,552,869.88675,560.883812,568d37c0b-bb1a-26b1-d9ff-41978722bf7f,994069126         9V,994069126,,gear,,True,310.75683750443346,7823.383333333333,0.021447916007895595,33,47.10742983119205,-4.266988,-7.452702,-5.350852,-10.037805
2023-03-29T22:11:49.000Z,2024-02-19T23:03:05.000Z,68123b261a4ea18075a84a84676f5d3f,gap,"[-35.378688, -2.47683, -27.918202, -1.840732]",-2.1634,-31.6477,[],['8464'],"['ICCAT', 'ACAP', 'IWC']","['41', '41.1.4', '41.1']",['41'],[],[],[],[],542,290,544.50725,287.563719,e3aa8df35-5c09-2dcb-7d7b-8bf553ac7e3e,OSVALDO VELOSO,710250281,BRA,other,,True,831.9876500401292,7848.85,0.057236078155437714,133,39.322512019335015,-1.840732,-27.918202,-2.47683,-35.378688
2023-03-29T23:13:07.000Z,2024-02-15T22:35:59.000Z,c4aa46921dd2a1786b0ef394507c9d78,gap,"[-9.064747, -6.6935, -7.175787, -4.55449]",-5.6248,-8.1185,[],[],"['ICCAT', 'ACAP', 'IWC']","['34', '34.4.1', '34.4']",['34'],[],[],[],[],873,595,882.561188,605.69275,f02ae1fac-c7c8-5af4-5cf3-d8a701fce3df,994069129         9V,994069129,,gear,,True,316.63944231349905,7751.366666666667,0.022056964722728455,32,47.10742983119205,-4.55449,-7.175787,-6.6935,-9.064747
2023-03-29T23:14:54.000Z,2024-02-15T22:33:45.000Z,5ceb24f45dfcbd5a0a352c46541eb8f5,gap,"[-9.059468, -6.69771, -7.1739, -4.55628]",-5.6278,-8.1149,[],[],"['ICCAT', 'ACAP', 'IWC']","['34', '34.4.1', '34.4']",['34'],[],[],[],[],874,595,883.084625,605.436375,7f50b2148-8bb0-26ef-22ea-b9fe3b7e22f0,994069012         9V,994069012,,gear,,True,316.593413841334,7751.3,0.022053948077471096,28,47.10742983119205,-4.55628,-7.1739,-6.69771,-9.059468
2023-03-29T23:41:01.000Z,2024-02-15T22:25:55.000Z,5236d0c304e83a438e2113ffb3c911cb,gap,"[-9.040995, -6.71246, -7.145317, -4.570732]",-5.6424,-8.0914,[],[],"['ICCAT', 'ACAP', 'IWC']","['34', '34.4.1', '34.4']",['34'],[],[],[],[],875,597,884.6128120000001,607.332688,18e56e304-4a27-6d92-03d2-53d2438df1c9,994069128         9V,994069128,,gear,,True,317.3531544033105,7750.733333333334,0.02210848799058182,41,47.10742983119205,-4.570732,-7.145317,-6.71246,-9.040995
2023-03-30T01:47:14.000Z,2024-02-15T22:26:33.000Z,3b3bb6429c9a68b4e75fd846dd5b8fa4,gap,"[-9.042652, -6.710843, -7.040617, -4.550927]",-5.6317,-8.0398,[],[],"['ICCAT', 'ACAP', 'IWC']","['34', '34.4.1', '34.4']",['34'],[],[],[],[],887,597,896.593875,607.332688,5208614df-fddd-63f6-9fdb-a17aaf858e6c,994069007         8V,994069007,,gear,,True,326.7377845336782,7748.65,0.02276839058481282,44,47.10742983119205,-4.550927,-7.040617,-6.710843,-9.042652
2023-03-30T02:06:04.000Z,2024-02-15T22:28:26.000Z,fdf70478114c294ce590b9baf15c44c4,gap,"[-9.046972, -6.707498, -7.028265, -4.5436879999999995]",-5.6265,-8.0357,[],[],"['ICCAT', 'ACAP', 'IWC']","['34', '34.4.1', '34.4']",['34'],[],[],[],[],888,596,898.0691879999999,606.25725,fc75d9a02-27ba-4731-7678-ab33a735782f,994069002         9V,994069002,,gear,,True,328.30989706025065,7748.366666666667,0.022878778223306924,61,47.10742983119205,-4.5436879999999995,-7.028265,-6.707498,-9.046972
2023-03-30T02:43:12.000Z,2024-02-15T22:28:12.000Z,b8878d71e6a55d290dcce11beede66f7,gap,"[-9.046547, -6.708242, -7.013658, -4.530377]",-5.6202,-8.0282,[],[],"['ICCAT', 'ACAP', 'IWC']","['34', '34.4.1', '34.4']",['34'],[],[],[],[],891,596,900.5485,606.25725,975feccfa-a3e5-6c00-64a2-0a6610dbc96f,994069124         9V,994069124,,gear,,True,330.5244910087117,7747.75,0.02303493886985177,31,47.10742983119205,-4.530377,-7.013658,-6.708242,-9.046547
2023-03-30T02:43:20.000Z,2024-02-15T22:28:31.000Z,cfc0f3efa89cf3deec7eccf806a47789,gap,"[-9.04757, -6.707568, -7.013338, -4.530098]",-5.6197,-8.0286,[],[],"['ICCAT', 'ACAP', 'IWC']","['34', '34.4.1', '34.4']",['34'],[],[],[],[],891,596,900.5485,606.25725,72be7a380-0f0f-dc49-3a2a-9764edfb7482,KM68009,111112031,,gear,,True,330.5936073027227,7747.75,0.023039755728059743,27,47.10742983119205,-4.530098,-7.013338,-6.707568,-9.04757
2023-03-30T12:29:31.000Z,2024-08-09T01:05:54.000Z,1a2706cfaa33d6b84032d6a5e2d597fd,gap,"[31.77652, -37.07101, 34.013172, -33.194167]",-35.1377,32.9215,[],[],"['ACAP', 'IOTC', 'IWC', 'SIOFA', 'CCSBT']","['51', '51.8']",['51'],[],[],[],[],571,429,570.7605,455.93318800000003,a75257323-3a74-1559-793d-e154ddf6d256,994030093         7V,994030093,,gear,,True,476.61744494815633,11940.6,0.021552755476729878,42,144.56606453777368,-37.07101,31.77652,-33.194167,34.013172
2023-03-30T13:38:24.000Z,2025-05-29T22:46:02.000Z,5dee65c0a80ff0c5953b17fbfbe724f8,gap,"[-157.770168, -13.577082, 150.823185, 39.193945]",14.141,179.6339,[],[],"['ACAP', 'SPRFMO', 'WCPFC', 'IWC']",['77'],['77'],[],[],[],[],426,608,542.776938,617.105125,b95f9e57a-a1cf-d756-7ba2-0092767ecef8,NETFISH3009-13    9V,981300913,,gear,,True,7921.692845961629,18993.116666666665,0.22520642726164034,64,172.9183919897953,-13.577082,-157.770168,39.193945,150.823185
2023-03-30T13:38:51.000Z,2025-05-11T15:36:57.000Z,ef3fc8fc9053307eb572b848ad6648b2,gap,"[-157.771253, -13.57703, 146.718475, 37.817593]",13.621,177.5864,[],[],"['ACAP', 'SPRFMO', 'WCPFC', 'IWC']",['77'],['77'],[],[],[],[],426,443,542.776938,447.053469,249426700-075b-a86b-9329-c2277ff8eb1c,NETFISH3009-15    9V,981300915,,gear,,True,8127.134028248352,18553.966666666667,0.23651553276923093,36,172.9183919897953,-13.57703,-157.771253,37.817593,146.718475
2023-03-30T13:42:32.000Z,2026-07-19T20:21:05.000Z,0278ee2883b1a63589963b2c0e144c10,gap,"[-157.779912, -13.577148, 156.634868, 38.099698]",13.252,-178.0404,[],[],"['ACAP', 'SPRFMO', 'WCPFC', 'IWC']",['77'],['77'],[],[],[],[],427,1016,543.587562,1041.9880620000001,6c851b63e-eb3a-aa4e-efb3-ea812e253533,NETFISH3009-12    9V,981300912,,gear,,True,7451.702921161892,28974.633333333335,0.1388662159525373,72,172.9183919897953,-13.577148,-157.779912,38.099698,156.634868
2023-03-30T22:56:07.000Z,2024-02-16T09:10:43.000Z,e0a12e74a4cc5bda92cc99d3577f28c3,gap,"[-9.074835, -5.900638, -6.75971, -4.961432]",-5.4321,-7.9164,[],[],"['ICCAT', 'ACAP', 'IWC']","['34', '34.4.1', '34.4']",['34'],[],[],[],[],897,621,906.9950620000001,630.779312,ad50ead14-4ec5-a653-49f5-9fd7b4c119b0,KM68029         11V9,119021301,,gear,,True,276.73440621232396,7738.233333333334,0.019309914672766503,31,46.35592439465098,-4.961432,-6.75971,-5.900638,-9.074835
2023-03-30T23:05:30.000Z,2024-02-16T13:15:56.000Z,29cf54ecfef6b35b40c2a01b82940836,gap,"[-9.653392, -5.902088, -6.761565, -4.956463]",-5.431,-8.2063,[],[],"['ICCAT', 'ACAP', 'IWC']","['34', '34.4.1', '34.4']",['34'],[],[],[],[],897,562,906.9950620000001,571.410375,6ae1383d1-1c2f-d7eb-925b-961740b9114e,994069125         6V,994069125,,gear,,True,336.93758509404415,7742.166666666667,0.023498814898259005,38,46.35592439465098,-4.956463,-6.761565,-5.902088,-9.653392
2023-03-30T23:08:18.000Z,2024-02-16T10:18:48.000Z,8eabaf62910e56b73f35c7b5b128fe60,gap,"[-9.288067999999999, -5.900317, -6.757422, -4.9513549999999995]",-5.4272,-8.0217,[],[],"['ICCAT', 'ACAP', 'IWC']","['34', '34.4.1', '34.4']",['34'],[],[],[],[],898,598,907.4063120000001,608.149,c3d581b37-7bff-0101-668b-8e426e8bc31e,994069004         8V,994069004,,gear,,True,299.3457974009272,7739.166666666667,0.02088516850123949,84,46.35592439465098,-4.9513549999999995,-6.757422,-5.900317,-9.288068
2023-03-30T23:12:25.000Z,2024-02-15T22:31:23.000Z,79396b8de02ae152e6aa2be79b0b95f9,gap,"[-9.053943, -6.702133, -6.751587, -4.944612]",-5.8245,-7.901,[],[],"['ICCAT', 'ACAP', 'IWC']","['34', '34.4.1', '34.4']",['34'],[],[],[],[],899,596,908.847438,606.5113120000001,8f5fa3640-0b78-ee05-9917-cb959b306963,994069123         9V,994069123,,gear,,True,321.0193493356752,7727.3,0.02243171375703382,25,46.35592439465098,-4.944612,-6.751587,-6.702133,-9.053943
2023-03-30T23:12:34.000Z,2024-02-16T10:39:56.000Z,dc123635c13f6eebb00af3dac6310cdf,gap,"[-9.354233, -5.900662, -6.751405, -4.944157]",-5.4238,-8.0518,[],[],"['ICCAT', 'ACAP', 'IWC']","['34', '34.4.1', '34.4']",['34'],[],[],[],[],899,592,908.847438,601.9994379999999,a898940bf-f937-bdd9-b9f8-bf8cca8b5f04,994069137         9V,994069137,,gear,,True,307.1269890413115,7739.45,0.021427272901527575,56,46.35592439465098,-4.944157,-6.751405,-5.900662,-9.354233
2023-03-30T23:12:42.000Z,2024-02-16T00:30:07.000Z,4cc7c9d88e122f37178019c9612c8861,gap,"[-9.339648, -6.478208, -6.751155, -4.944078]",-5.7126,-8.0437,[],[],"['ICCAT', 'ACAP', 'IWC']","['34', '34.4.1', '34.4']",['34'],[],[],[],[],899,572,908.847438,581.76375,ead52b8c7-7d7e-e8d0-bbef-6234b80bd9d5,KM68003,111112026,,gear,,True,333.3457614620204,7729.283333333334,0.023287063501516526,34,46.35592439465098,-4.944078,-6.751155,-6.478208,-9.339648
2023-03-30T23:12:56.000Z,2024-02-16T13:19:37.000Z,fabe7a68b25b6ab0ae50cd712c619924,gap,"[-9.846945, -5.900173, -6.7509630000000005, -4.943613]",-5.4239,-8.2977,[],[],"['ICCAT', 'ACAP', 'IWC']","['34', '34.4.1', '34.4']",['34'],[],[],[],[],899,542,908.847438,551.1798120000001,abb677c1a-abf2-6280-f829-042f73a4f9f2,994069139         9V,994069139,,gear,,True,358.83965717536034,7742.1,0.025026532109060237,50,46.35592439465098,-4.943613,-6.7509630000000005,-5.900173,-9.846945
2023-03-30T23:13:06.000Z,2024-02-15T22:36:47.000Z,aa7c30b6267c927c3e38c2086911ea9a,gap,"[-9.066512, -6.691942, -6.7508, -4.943275]",-5.8188,-7.9069,[],[],"['ICCAT', 'ACAP', 'IWC']","['34', '34.4.1', '34.4']",['34'],[],[],[],[],899,594,908.847438,604.618438,29be1cb99-9207-2ab7-2df3-932338b4063f,994069149         9V,994069149,,gear,,True,321.5986501221941,7727.383333333333,0.02247195093410088,33,46.35592439465098,-4.943275,-6.7508,-6.691942,-9.066512
2023-03-30T23:13:24.000Z,2024-02-15T22:28:12.000Z,aadddd0076d3b1f095d17509f4f4664d,gap,"[-9.046333, -6.707302, -6.750413, -4.942913]",-5.8263,-7.8966,[],[],"['ICCAT', 'ACAP', 'IWC']","['34', '34.4.1', '34.4']",['34'],[],[],[],[],899,596,908.847438,606.25725,567614405-50d6-b9dd-be62-abe8c0d0795d,994069132         9V,994069132,,gear,,True,320.92045499622634,7727.233333333334,0.022424996835001584,33,46.35592439465098,-4.942913,-6.750413,-6.707302,-9.046333
2023-03-30T23:13:35.000Z,2024-02-16T10:47:22.000Z,6c0af16e39b8ce7f2cf00eb93b741e23,gap,"[-9.275445, -5.900692, -6.750107, -4.942562]",-5.4229,-8.0118,[],[],"['ICCAT', 'ACAP', 'IWC']","['34', '34.4.1', '34.4']",['34'],[],[],[],[],899,599,908.847438,609.174875,2891eabdc-cfbb-8b83-235d-6226614a34ca,994069028         9V,994069028,,gear,,True,299.1593114159958,7739.55,0.02087112371083544,30,46.35592439465098,-4.942562,-6.750107,-5.900692,-9.275445
2023-03-30T23:14:23.000Z,2024-02-16T10:33:13.000Z,1d78a1d68325b471d4065120887d1608,gap,"[-9.333292, -5.900655, -6.749045, -4.941325]",-5.4224,-8.0401,[],[],"['ICCAT', 'ACAP', 'IWC']","['34', '34.4.1', '34.4']",['34'],[],[],[],[],899,594,908.847438,604.048188,dcf311473-3596-afd8-8c54-542b5f277cb1,994069136         9V,994069136,,gear,,True,305.30847337034623,7739.3,0.021300813684570836,45,46.35592439465098,-4.941325,-6.749045,-5.900655,-9.333292
2023-03-30T23:14:30.000Z,2024-02-16T13:54:45.000Z,a92d7ae1cea0fca30c09c9e1965356ee,gap,"[-9.844315, -5.903308, -6.748813, -4.941118]",-5.4242,-8.2953,[],[],"['ICCAT', 'ACAP', 'IWC']","['34', '34.4.1', '34.4']",['34'],[],[],[],[],899,543,908.847438,552.188,3cd33c0f3-316b-83f4-0a1d-f365cf078ad2,994069138         4V,994069138,,gear,,True,358.9747790110097,7742.666666666667,0.025034123583090605,25,46.35592439465098,-4.941118,-6.748813,-5.903308,-9.844315
2023-03-30T23:23:37.000Z,2024-02-16T10:05:32.000Z,eb3def84490c0191ce2b59b53c6d1f26,gap,"[-9.246997, -5.900135, -6.736988, -4.926867]",-5.4148,-7.991,[],[],"['ICCAT', 'ACAP', 'IWC']","['34', '34.4.1', '34.4']",['34'],[],[],[],[],901,602,910.2889379999999,612.254125,9e869cacc-cdeb-c633-9c8e-eddbb4abf05f,KM68030         11V6,119021302,,gear,,True,298.18449801636007,7738.683333333333,0.02080544473185102,87,46.35592439465098,-4.926867,-6.736988,-5.900135,-9.246997
2023-03-30T23:24:53.000Z,2026-01-30T03:42:40.000Z,d852a4334c5353a8f738951ce9048039,gap,"[-57.921603, 11.471057, 113.74783, 21.44858]",75.3828,8.4124,[],['8418'],"['ICCAT', 'ACAP', 'CRFM', 'NAMMCO', 'IWC']",['31'],['31'],[],[],[],[],246,51,249.48025,52.516348,2e777c811-15c7-0dca-6569-0c041b63661b,412552111,412552111,CHN,gear,,True,16243.284829246015,24868.283333333333,0.3526850662130086,45,23.002601046853915,11.471057,-57.921603,21.44858,113.74783
2023-03-30T23:50:39.000Z,2024-09-18T11:56:31.000Z,6a53e82462902843d3b7faea822d89f3,gap,"[65.632297, -1.9394580000000001, 66.194012, -0.590945]",-1.2652,65.9131,[],[],"['ACAP', 'IOTC', 'IWC', 'SIOFA']","['51', '51.4']",['51'],[],[],[],[],822,718,879.818688,858.326062,b1ca12f46-6fe8-d75c-6780-31fe62a0a12f,IMULA 0040 CBO BU-4,994178118,,other,,True,162.43022628801498,12900.083333333334,0.006798816992479355,18,20.81937260066468,-0.590945,65.632297,-1.939458,66.194012
2023-03-31T15:37:22.000Z,2024-09-21T15:26:31.000Z,c9125f4c06a8fb49bdbfbeb70509f5b1,gap,"[-140.400518, -12.041608, -132.917347, -1.538722]",-6.8045,-136.6999,[],[],"['ACAP', 'SPRFMO', 'IATTC', 'IWC']",['77'],['77'],[],[],[],[],703,645,810.27325,651.200438,7867e8f9b-b855-b666-8a31-fe8802f676e6,994210116         9V,994210116,,gear,,True,1429.8981666907503,12959.816666666668,0.0595751670885419,81,144.60642013438937,-1.538722,-140.400518,-12.041608,-132.917347
2023-04-01T00:38:14.000Z,2024-02-28T09:38:01.000Z,5aaeee4498b1c8453c025b4d5b325384,gap,"[76.662665, -2.6668979999999998, 88.76445, 14.998407]",6.2,82.6116,[],[],"['SEAFDEC', 'IOTC', 'IWC', 'SIOFA', 'ACAP']","['51', '51.4']",['51'],[],[],[],[],444,472,522.201469,498.53509399999996,143ce2fb2-23d2-9b09-ed1b-715a37db146c,IMULA 1192 MTR BU-5,994178724,,other,,True,2373.5153792698466,8000.983333333334,0.160179783377903,18,19.22319143111903,-2.6668979999999998,76.662665,14.998407,88.76445
2023-04-02T06:33:21.000Z,2024-11-03T17:26:49.000Z,eb444f890b92a4a4f99e8a66b764d629,gap,"[169.180522, 2.709485, 173.283437, 5.748025]",4.2315,171.228,[],['8318'],"['ACAP', 'WCPFC', 'FFA', 'IWC', 'SPC']","['71', '71.6.2']",['71'],[],[],[],[],138,213,258.34375,439.849531,d2f79d34b-b44f-6ebe-a63f-da788905a2d8,HNY769-02 75%,991176902,,gear,,True,566.6705323862425,13954.883333333333,0.021926203320450206,120,173.12630344668102,5.748025,173.283437,2.709485,169.180522
2023-04-02T14:58:51.000Z,2025-10-31T16:24:56.000Z,e4dc9532c7cacb01b4336189826860cf,gap,"[-36.55739, -3.779998, -32.98348, 0.5973]",-1.5921,-34.7685,[],[],"['ICCAT', 'ACAP', 'NAMMCO', 'IWC']","['41', '41.1.4', '41.1']",['41'],[],[],[],[],493,133,496.649094,123.019672,a84bab376-6007-a28b-c5b5-938d6385224c,ITABORAI 3 BOIA 3,710673291,BRA,gear,,True,628.203054571179,22633.433333333334,0.01498679004072332,51,36.08401675524928,0.5973,-32.98348,-3.779998,-36.55739
2023-04-02T19:57:10.000Z,2024-02-16T16:18:37.000Z,792dfc315a2af6b96783dab440d685ec,gap,"[-88.548863, 5.083447, -87.64796, 5.485265]",5.2845,-88.0983,[],['8424'],"['ACAP', 'IATTC', 'IWC']",['77'],['77'],[],[],[],[],160,78,167.258781,85.396328,6eaf6bee6-6c00-5738-1844-77425f3d49c2,CIMAR RESEARCH-2,877227085,,other,,True,109.29952678037408,7676.35,0.007688162095208536,27,24.451489424483906,5.485265,-88.548863,5.083447,-87.64796
2023-04-02T19:57:43.000Z,2024-02-16T15:22:29.000Z,46228eb46b56deeb1674f90937fb39dd,gap,"[-88.546795, 5.076737, -87.654757, 5.468995]",5.273,-88.1006,[],['8424'],"['ACAP', 'IATTC', 'IWC']",['77'],['77'],[],[],[],[],161,78,167.365031,85.396328,4a61b6e9e-ef79-9f32-6f3e-c1fde21ea7ee,CIMAR RESEARCH,877226210,,other,,True,107.97236361497885,7675.4,0.007595749057912689,34,24.451489424483906,5.468995,-88.546795,5.076737,-87.654757
2023-04-02T23:20:20.000Z,2024-09-04T07:49:40.000Z,b540774a17f0d844e767d6d7b384b4a0,gap,"[-46.565212, -39.125325, 85.422037, -0.293777]",-40.2698,35.2573,[],[],"['ICCAT', 'ACAP', 'IWC', 'CCSBT']","['41', '41.2.4', '41.2']",['41'],[],[],[],[],830,852,836.971688,859.0313120000001,4ab10d8e3-37a6-03f8-e608-b6a19433add8,BUOY-05           9V,994008685,,gear,,True,13459.671253725943,12488.483333333334,0.5819474528446943,17,38.98749469595364,-39.125325,-46.565212,-0.293777,85.422037
2023-04-03T12:04:11.000Z,2025-01-23T23:04:40.000Z,871968fd28d8b674d3377e987666d8b1,gap,"[52.857188, 1.692495, 63.199942, 2.6322520000000003]",2.1712,58.027,[],[],"['ACAP', 'IOTC', 'IWC', 'SIOFA']","['51', '51.5']",['51'],[],[],[],[],626,1063,736.027375,1127.51125,dfefaf68e-e8ae-df7e-ca7a-8c239e732e3b,156MK20223-80%,91560223,,gear,,True,1153.9704653953338,15875.0,0.03925002858438917,17,29.13545334837455,1.692495,52.857188,2.632252,63.199942
2023-04-03T16:39:41.000Z,2024-10-09T00:29:24.000Z,7ac3975f8142b9803b0ff172de97cb7c,gap,"[-60.43362, -45.252116666666666, 127.7868, 34.7485]",-41.1599,166.6508,[],[],"['ICCAT', 'IWC', 'ACAP', 'CCSBT']","['41.3.1', '41', '41.3']",['41'],[],[],[],[],378,2,416.307188,0.0,163026045-513d-25f6-1130-b8dbdc78ef35,NO.805 TONG YOUNG,440384000,KOR,fishing,,True,18655.052045833767,13303.816666666668,0.7571453007321375,383,386.77552209796943,-45.252116666666666,-60.43362,34.7485,127.7868
2023-04-04T05:21:24.000Z,2025-10-28T22:37:50.000Z,5a278106e41b89ecf162d8fa7899ebb2,gap,"[171.491737, 6.082303, 173.112387, 10.434907]",8.2594,172.3065,[],['8318'],"['ACAP', 'WCPFC', 'FFA', 'IWC', 'SPC']","['71', '71.6.2']",['71'],[],[],[],[],116,69,222.606609,367.475875,a8ca3a83b-b979-2083-0901-84788318d285,SLC785-06 95%,991278506,,gear,,True,515.7841650492293,22529.266666666666,0.012361750302557317,198,172.51011064257068,6.082303,173.112387,10.434907,171.491737
2023-04-04T11:08:30.000Z,2024-05-07T19:46:37.000Z,e7802dfd6ff4977f7ee52abc698c9cec,gap,"[-72.69451166666667, -30.1848, -72.36329833333333, 18.57904]",-5.8029,-72.5213,[],['8465'],"['ACAP', 'IATTC', 'CPPS', 'IWC']","['87', '87.2', '87.2.1', '87.2.14']",['87'],[],[],[],[],98,2,130.090961,1.0539939999999999,f86216bf0-02c3-de66-06dd-3d5ed2f1f8a0,BOCHEM GHENT,477351300,HKG,other,,True,5422.416107443731,9584.633333333333,0.3054754800269331,39,398.0136623726151,-30.1848,-72.69451166666667,18.57904,-72.36329833333333
2023-04-04T11:41:24.000Z,2024-04-28T18:28:09.000Z,1180d7c2a4a8e157d0eb18dc7402e36e,gap,"[68.28418, -0.56788, 68.954663, 5.9253599999999995]",2.6788,68.6203,[],[],"['ACAP', 'IOTC', 'IWC', 'SIOFA']","['51', '51.4']",['51'],[],[],[],[],458,492,519.002625,533.864188,7adc50c57-7ff8-fd8f-23e8-da0366949477,994096001         9V,994096001,,gear,,True,725.8429862523657,9366.766666666666,0.041841958128658846,14,18.42433952147622,-0.56788,68.954663,5.92536,68.28418
2023-04-04T12:42:43.000Z,2025-06-29T12:09:52.000Z,510442ddddb5604a2e34a0182cedbd81,gap,"[60.521497, -36.86197, 155.554608, 12.702765]",-17.4868,114.1959,[],[],"['ACAP', 'IOTC', 'IWC', 'SIOFA', 'CCSBT']","['51', '51.7']",['51'],[],[],[],[],1261,517,1793.072375,695.839625,a631802d6-6415-db53-7083-6b26905200c3,NETFISH895-15     9V,895777015,,gear,,True,11292.922557885566,19607.45,0.31098844398577696,34,174.1244807010873,-36.86197,60.521497,12.702765,155.554608
2023-04-04T13:35:39.000Z,2026-02-04T19:54:34.000Z,e160030a3306ac58b88f57a869218244,gap,"[31.984431999999998, -37.065922, 100.785112, -32.880265]",-40.2861,67.3875,[],[],"['ACAP', 'IOTC', 'IWC', 'SIOFA', 'CCSBT']","['51', '51.8']",['51'],[],[],[],[],582,1322,582.15925,1322.945375,d40f8d2ac-c4c9-f60e-faee-7748a2922908,994165894         7V,994165894,,gear,,True,6147.080388125679,24894.3,0.13333003446402228,157,144.56606453777368,-37.065922,31.984431999999998,-32.880265,100.785112
2023-04-04T15:04:26.000Z,2024-04-28T22:26:17.000Z,148dbc801dba177b766585f35ee0e35f,gap,"[68.106685, -0.692495, 68.992452, 5.491903]",2.3998,68.5506,[],[],"['ACAP', 'IOTC', 'IWC', 'SIOFA']","['51', '51.4']",['51'],[],[],[],[],454,518,518.667656,561.570562,a87a01cb9-901c-4153-b875-65c3ab0b62fb,994096013         9V,994096013,,gear,,True,694.6732887832469,9367.35,0.0400426554423051,19,18.42433952147622,-0.692495,68.992452,5.491903,68.106685
2023-04-04T17:17:29.000Z,2024-04-28T11:19:05.000Z,2d073b770daddf0201f11b82505e0874,gap,"[68.744227, -0.837637, 69.032608, 6.690045]",2.9262,68.8889,[],[],"['ACAP', 'IOTC', 'IWC', 'SIOFA']","['51', '51.4']",['51'],[],[],[],[],451,439,519.83075,477.18731199999996,5afd56be6-6fd3-3ee8-3ada-2ef099011dc3,994096011         9V,994096011,,gear,,True,837.6528743967452,9354.016666666666,0.04835317111167202,27,17.73087329074727,-0.837637,69.032608,6.690045,68.744227
2023-04-04T17:59:01.000Z,2024-04-29T10:15:13.000Z,934f5091695e2b36fd8dca75f6ee92e8,gap,"[67.991095, -0.975398, 69.041035, 4.994678]",2.0097,68.517,[],[],"['ACAP', 'IOTC', 'IWC', 'SIOFA']","['51', '51.4']",['51'],[],[],[],[],451,534,524.257438,589.4055,ce4f00acd-d6f5-4c1b-8727-7d66110e129e,994096014         9V,994096014,,gear,,True,674.0095048045691,9376.266666666666,0.03881459760598216,17,17.73087329074727,-0.975398,69.041035,4.994678,67.991095
2023-04-05T00:56:25.000Z,2024-09-07T07:10:53.000Z,36ca283a5858dd46addc9e36080620ec,gap,"[-150.638763, 57.289107, -150.517675, 57.330952]",57.31,-150.5783,[],['8463'],"['ACAP', 'WCPFC', 'IPHC', 'IWC']",['67'],['67'],[],[],[],[],103,97,122.70282,118.310711,2dbb79190-00ab-4c6b-f009-78bf661e168f,941212793,941212793,,other,,True,8.633210873391372,12510.233333333334,0.0003726198243109455,24,76.02207671307558,57.330952,-150.517675,57.289107,-150.638763
2023-04-05T04:52:03.000Z,2024-02-21T10:42:57.000Z,141065771a59f284b75a3c22199534a0,gap,"[-168.759845, -6.711767, -10.006815, 12.72461]",15.8842,-86.6379,[],[],"['ICCAT', 'ACAP', 'IWC']","['47', '47.A.0', '47.A']",['47'],[],[],[],[],493,452,503.57125,1427.61075,6b52ad4f1-1817-8b69-2be3-5f89f17388b4,HCS-BUOY-10       7V,994208160,,gear,,True,17593.87084068448,7733.833333333333,1.2283598378831786,86,49.61189996980801,-6.711767,-10.006815,12.72461,-168.759845
2023-04-05T05:48:54.000Z,2024-09-27T04:34:41.000Z,8b7f696af5e3d59fe07a076d167d2196,gap,"[-9.24201, -10.108977, 121.701768, 39.01279]",31.0104,41.757,[],[],"['ICCAT', 'ACAP', 'IWC']","['47', '47.A.0', '47.A']",['47'],[],[],[],[],606,1,617.7565,0.0,34e1cca3b-b479-1a55-770d-6cac99a527c1,,412200078,CHN,fishing,,True,14201.574185182042,12982.75,0.5906480985207462,14,51.75841461136917,-10.108977,-9.24201,39.01279,121.701768
2023-04-05T05:51:38.000Z,2025-01-02T17:36:23.000Z,4a9d67a30010cf7fdc66aa95051ba558,gap,"[170.12383, 5.039018, 173.56762, 8.302407]",6.6737,171.84,[],['8318'],"['ACAP', 'WCPFC', 'FFA', 'IWC', 'SPC']","['71', '71.6.2']",['71'],[],[],[],[],223,101,276.178,264.48209399999996,4a2366057-7688-6e07-b864-a767fa8f7b23,CFA020-04 51%,991302004,,gear,,True,525.6368239214781,15323.733333333334,0.01852167308379553,185,168.75251438192004,8.302407,173.56762,5.039018,170.12383
2023-04-05T11:00:55.000Z,2025-05-25T14:20:35.000Z,1ad3355c786294604252b01d8675c3b3,gap,"[-53.465662, -37.785995, 106.482558, 9.250277]",-51.0734,-5.5372,[],[],"['ACAP', 'IOTC', 'IWC', 'SIOFA', 'CCSBT']","['57', '57.4']",['57'],[],[],[],[],863,380,907.715125,415.65015600000004,9f2570c4c-c29b-5848-02f6-b60291cc8d2a,994165752         9V,994165752,,gear,,True,16259.613182188243,18747.316666666666,0.46830642034713815,217,254.57892332113892,-37.785995,106.482558,9.250277,-53.465662
2023-04-05T18:54:07.000Z,2024-12-30T07:13:18.000Z,2085b521e3ec7c4dce8a99fc7a82ae2e,gap,"[49.164148, -36.543988, 87.427632, -3.270135]",-20.9586,66.1461,[],[],"['ACAP', 'IOTC', 'IWC', 'SIOFA', 'CCSBT']","['57', '57.4']",['57'],[],[],[],[],885,516,2532.591,711.30775,c6dc15abf-fa0a-9645-1ab4-99dee9a67ecf,932555525         9V,932555525,,gear,,True,5383.383043383855,15228.316666666668,0.1908808677616999,90,242.78560766481291,-36.543988,87.427632,-3.270135,49.164148
2023-04-06T14:19:02.000Z,2024-08-20T14:36:37.000Z,9d057da69c85c7ea6aacdd4ef1dc8662,gap,"[-166.924362, -12.711572, -157.43535, -6.823595]",-9.8005,-162.222,[],[],"['ACAP', 'SPRFMO', 'WCPFC', 'IWC']",['77'],['77'],[],[],[],[],402,464,587.8623120000001,827.66625,6a70598f1-173e-80fe-57bf-4a4257e19403,36-15-89%           ,928006615,,gear,,True,1228.3331697207652,12048.283333333333,0.05504907492224158,28,173.75224548610598,-12.711572,-157.43535,-6.823595,-166.924362
2023-04-06T19:27:04.000Z,2024-04-04T09:33:31.000Z,b1bd597ae7a46580c9edb058918c2f6c,gap,"[44.569127, -4.569987, 61.151788, -4.566272]",-4.6162,52.8605,[],[],"['ACAP', 'IOTC', 'IWC', 'SIOFA']","['51', '51.5']",['51'],[],[],[],[],461,577,516.592906,590.32225,782d09045-5832-55e3-f0b7-2bf83ae3acec,994030248         8V,994030248,,gear,,True,1838.0121919636738,8726.1,0.1137331898425818,63,40.396645240050404,-4.569987,44.569127,-4.566272,61.151788
2023-04-07T04:35:51.000Z,2024-01-17T07:59:01.000Z,0caa5826c5ca32c342d5e798438afaae,gap,"[-27.237997, 5.585387, -23.812483, 7.848102]",6.7197,-25.5213,[],[],"['ICCAT', 'ACAP', 'NAMMCO', 'IWC']","['34', '34.4.2', '34.4']",['34'],[],[],[],[],1022,817,1035.779062,839.474688,ac11aaedd-d20b-1d5d-3e66-33ba4cf122c1,BUOY-10  100%,999999549,,gear,,True,454.29547017666556,6843.383333333333,0.035844832585393775,31,38.2131972956187,5.585387,-23.812483,7.848102,-27.237997
2023-04-07T05:32:06.000Z,2024-01-17T11:55:53.000Z,b6b82d0e55c03eba4f66b9aadfcb2fd1,gap,"[-27.294968, 5.587837, -23.87425, 7.842207]",6.718,-25.5806,[],[],"['ICCAT', 'ACAP', 'NAMMCO', 'IWC']","['34', '34.4.2', '34.4']",['34'],[],[],[],[],1023,820,1036.014312,842.45875,b3a556986-64f1-6d03-01bd-2272cdd17e9c,BUOY-11  100%,999999550,,gear,,True,453.3421288899726,6846.383333333333,0.03575393822829702,22,38.2131972956187,5.587837,-23.87425,7.842207,-27.294968
2023-04-07T05:34:09.000Z,2024-12-27T07:17:20.000Z,7299ff5c778b2d12cbf4b06c21169483,gap,"[-27.70889, -2.5870100000000003, -20.398397, 5.178483]",1.2984,-24.048,[],[],"['ICCAT', 'ACAP', 'NAMMCO', 'IWC']","['34', '34.4.2', '34.4']",['34'],[],[],[],[],1114,886,1129.205125,887.72975,94306f531-10ea-de31-af5d-b46457b28d2f,BUOY-14  100%,168804140,,gear,,True,1185.346472410657,15121.716666666667,0.04232561066570107,31,37.33085794107318,5.178483,-27.70889,-2.58701,-20.398397
2023-04-07T06:05:57.000Z,2024-01-17T10:44:03.000Z,21f209e95ddfbebeb38e1d34e230a7fd,gap,"[-27.358447, 5.591452, -23.936123, 7.846443]",6.7219,-25.6433,[],[],"['ICCAT', 'ACAP', 'NAMMCO', 'IWC']","['34', '34.4.2', '34.4']",['34'],[],[],[],[],1022,822,1036.341062,844.193812,b9d0dacf8-8dca-cd9d-a8bc-e6753076d740,BUOY-12  100%,999999551,,gear,,True,453.5255221686131,6844.633333333333,0.03577754706642463,25,38.2131972956187,5.591452,-23.936123,7.846443,-27.358447
2023-04-07T07:18:08.000Z,2024-01-17T10:47:03.000Z,73fe55a97421e03b7cf8655dd71b31c0,gap,"[-27.421098, 5.599032, -23.99869, 7.8477]",6.7263,-25.7059,[],[],"['ICCAT', 'ACAP', 'NAMMCO', 'IWC']","['34', '34.4.2', '34.4']",['34'],[],[],[],[],1021,824,1035.555562,846.619125,c54a41757-7a33-1610-99bc-db70cc223663,BUOY-13  100%,999999552,,gear,,True,453.14216832026614,6843.466666666666,0.03575339935664278,32,38.2131972956187,5.599032,-23.99869,7.8477,-27.421098
2023-04-07T13:07:47.000Z,2024-02-01T19:01:28.000Z,e75893d9d26916f982e4c10da34594ef,gap,"[-152.014617, -20.685107, -150.53697, -14.736655]",-17.7123,-151.2881,[],['8440'],"['ACAP', 'WCPFC', 'IWC', 'SPC']",['77'],['77'],[],[],[],[],210,165,342.154469,191.732172,7bf47713a-a63c-3079-fe45-6abfa6029ff1,994161109         9V,994161109,,gear,,True,679.6842524994622,7205.883333333333,0.05093062423604821,247,168.90355627843996,-20.685107,-150.53697,-14.736655,-152.014617
2023-04-07T15:17:06.000Z,2024-01-17T11:16:01.000Z,76b12af4beeeba6f5380f3992ca11ca0,gap,"[-27.78218, 5.651495, -24.45799, 7.850715]",6.7539,-26.1163,[],[],"['ICCAT', 'ACAP', 'NAMMCO', 'IWC']","['34', '34.4.2', '34.4']",['34'],[],[],[],[],1013,839,1029.679562,862.069,21cfab01a-a4f4-3a38-7a22-7e622ee3ebd4,BUOY-06  100%,168800740,,gear,,True,441.0489167172492,6835.966666666666,0.03483740849695808,81,37.93714259722253,5.651495,-24.45799,7.850715,-27.78218
2023-04-07T16:42:26.000Z,2024-01-12T08:13:21.000Z,a2b2608b63eb914d402ea2b83e6a4d6e,gap,"[-35.206998, 5.540327, -26.772457, 6.169312]",5.8706,-30.9921,[],[],"['ICCAT', 'ACAP', 'NAMMCO', 'IWC']","['34', '34.4.2', '34.4']",['34'],[],[],[],[],1069,981,1045.039438,1002.690375,38ee4c7ab-b382-d9ad-adb9-3825e702399e,BUOY-30  100%,168805312,,gear,,True,935.5914751725028,6711.5,0.07527065220510609,29,36.629171989043996,5.540327,-35.206998,6.169312,-26.772457
2023-04-08T08:03:13.000Z,2024-04-25T17:28:18.000Z,d4cd0eb55fce11e08713f81c03eef165,gap,"[172.003797, 6.575667, 173.367645, 10.650173]",8.6135,172.6894,[],['8318'],"['ACAP', 'WCPFC', 'FFA', 'IWC', 'SPC']","['71', '71.6.2']",['71'],[],[],[],[],157,129,227.974359,398.676438,74f3c8551-14dc-5e9c-d031-6424ccb8c4e0,,991176707,,gear,,True,477.2218904051841,9201.416666666666,0.02800429714434707,94,172.51011064257068,6.575667,173.367645,10.650173,172.003797
2023-04-08T19:38:48.000Z,2024-01-14T06:32:07.000Z,3a86e34feb30365eb4167e9f84c3c236,gap,"[41.464745, -9.769235, 47.035455, 1.204537]",-4.2874,44.2702,[],['8350'],"['ACAP', 'IOTC', 'SWIOFC', 'IWC']","['51', '51.5']",['51'],[],[],[],[],178,129,208.321,147.32103099999998,462d43371-1821-b3c8-6a78-bbd4055e373d,TAIXIANG10-4 94%,890010004,,gear,,True,1367.235498876459,6730.883333333333,0.10968071692589,17,32.154046256935274,1.204537,47.035455,-9.769235,41.464745
2023-04-08T20:43:28.000Z,2026-03-27T10:56:26.000Z,113074884cfdf6c6c6e3f9d61aa22653,gap,"[-35.18253, 4.258832, -34.335317, 8.724603]",6.4919,-34.757,[],[],"['ICCAT', 'ACAP', 'NAMMCO', 'IWC']","['41', '41.1.4', '41.1']",['41'],[],[],[],[],921,1321,924.769875,1349.352375,12f52040b-b7a9-8f14-afee-51df0a4235c6,BUOY-08  100%,168805315,,gear,,True,505.31209853931506,26006.2,0.010491602213118107,43,36.571633566975514,4.258832,-34.335317,8.724603,-35.18253
2023-04-09T09:09:35.000Z,2024-10-03T23:32:20.000Z,42d94960073ac4034efc1ac6ceefab9f,gap,"[107.274395, -22.22023, 115.24416, -8.78491]",-15.5383,111.3897,[],[],"['ACAP', 'SEAFDEC', 'IOTC', 'IWC', 'SIOFA', 'CCSBT']","['57', '57.3']",['57'],[],[],[],[],657,2,663.931188,1.111949,a5a65231c-c669-1a84-0b78-45282f84bb7a,KM BAHARI 688,525600418,IDN,fishing,,True,1719.563987781297,13046.366666666667,0.07116849448607399,39,122.7484879097823,-22.22023,107.274395,-8.78491,115.24416
2023-04-09T23:10:48.000Z,2024-03-24T02:27:04.000Z,952f0bb9d97ce165249d8834b86e344c,gap,"[-175.232232, 34.960027, 179.975423, 37.087058]",36.0474,-177.6608,[],[],"['ACAP', 'NPFC', 'WCPFC', 'IWC', 'NPAFC']",['61'],['61'],[],[],[],[],1004,745,1646.072625,1898.394875,c23aca30c-c396-e40f-22ab-9651f598a3f4,111264312         5V,111264312,,gear,,True,491.5226841939795,8379.266666666666,0.03167353754704368,39,133.7207912493476,37.087058,-175.232232,34.960027,179.975423
2023-04-10T03:39:28.000Z,2024-03-24T02:26:52.000Z,999150aa3b90e4305e36f41836a39125,gap,"[-175.38077, 34.959838, 179.975358, 36.853023]",35.9288,-177.7305,[],[],"['ACAP', 'NPFC', 'WCPFC', 'IWC', 'NPAFC']",['61'],['61'],[],[],[],[],975,745,1671.972875,1898.394875,46b8279ac-c908-3849-3bc6-96afae0a950a,111264303         4V,111264303,,gear,,True,468.1628490632739,8374.783333333333,0.03018438870779898,119,135.3558618980587,36.853023,-175.38077,34.959838,179.975358
2023-04-10T04:55:13.000Z,2025-09-28T10:54:48.000Z,d5000f79f96fe18c49569405710f5365,gap,"[-34.034765, -3.13745, -5.779177, 4.111423]",0.5022,-19.8992,[],[],"['ICCAT', 'ACAP', 'NAMMCO', 'IWC']","['41', '41.1.4', '41.1']",['41'],[],[],[],[],897,854,901.048,875.4094379999999,c3eb094be-eb99-802c-77c6-9782e90e9b44,BUOY-13  100%,168805653,,gear,,True,3241.477049892599,21653.983333333334,0.08082843509170044,23,36.571633566975514,4.111423,-34.034765,-3.13745,-5.779177
2023-04-10T11:46:42.000Z,2025-09-08T11:23:10.000Z,3ca3355efe57e76a1e7315c4a06387cf,gap,"[145.728393, 15.652602, 161.824487, 36.229402]",26.163,154.4918,[],[],"['ACAP', 'WCPFC', 'IWC']","['71', '71.6.2']",['71'],[],[],[],[],441,433,998.44925,434.172406,ae387e9ba-a4b8-2f60-018a-443364fee36c,AAABBBCC          9,111222339,,gear,,True,2788.2426146120756,21167.6,0.07112429228844863,61,116.42632407169663,15.652602,161.824487,36.229402,145.728393
2023-04-10T15:56:22.000Z,2024-08-04T07:31:34.000Z,4123759c0447f7241954dedff6f5500c,gap,"[-37.273642, -46.946868, 4.018018333333333, 52.27329]",2.8451,-17.808,[],[],"['ICCAT', 'ACAP', 'IWC', 'CCSBT']","['41', '41.3.3', '41.3']",['41'],[],[],[],[],781,24,816.854,12.079948,c11e188a2-24ed-8dfd-1003-40a671109651,PUFFIN,232033645,GBR,passenger,,True,11710.290236305336,11559.583333333334,0.5469964358750703,187,80.01430935569954,-46.946868,-37.273642,52.27329,4.018018333333333
2023-04-10T23:09:19.000Z,2024-02-01T10:42:59.000Z,bf2e0cb88f30f56afdaca056c89ab9af,gap,"[77.040223, -4.078072, 81.05128, -0.453302]",-2.2671,79.0432,[],[],"['SEAFDEC', 'IOTC', 'IWC', 'SIOFA', 'ACAP']","['51', '51.4']",['51'],[],[],[],[],405,949,422.652625,1002.069875,1a06c1c0e-ed2d-4908-9078-59561264704d,DP 2 NET 1  69%,98510698,,gear,,True,600.8343438641014,7115.55,0.04559374773830234,14,14.13769359616917,-0.453302,77.040223,-4.078072,81.05128
2023-04-11T12:39:16.000Z,2024-01-15T23:44:32.000Z,258836a5582f044e1e734b1ba93b8c31,gap,"[46.574852, -4.627607, 61.411467, -3.643962]",-4.1706,53.9885,[],[],"['ACAP', 'IOTC', 'IWC', 'SIOFA']","['51', '51.5']",['51'],[],[],[],[],574,606,575.4156879999999,619.4055,b5595e70b-b8d8-8651-f452-052729792b74,994230356         9V,994230356,,gear,,True,1649.0495100377893,6707.083333333333,0.13275748308582694,26,39.557068812964516,-3.643962,46.574852,-4.627607,61.411467
2023-04-11T18:14:18.000Z,2024-01-14T16:51:54.000Z,72a1b302dfa5b07d6c1f6a7cb686feaa,gap,"[-33.54622, -9.356123, 6.237393, 10.460353]",0.5871,-13.6195,[],[],"['ICCAT', 'ACAP', 'IWC']","['47', '47.A.0', '47.A']",['47'],[],[],[],[],742,1070,603.224062,1098.13425,da5f7b273-3a0f-b6fa-012c-7aa02f99c68f,B13             (99),98354153,,gear,,True,4921.982951728278,6670.616666666667,0.3984126676862111,51,38.48713027500838,-9.356123,6.237393,10.460353,-33.54622
2023-04-11T18:28:36.000Z,2024-09-09T18:57:08.000Z,3a2557cb89005fae0c4b4332f426545c,gap,"[-134.222497, -14.610837, -34.584652, -12.53078]",-20.5117,-84.7009,[],[],"['ICCAT', 'ACAP', 'IWC']","['41', '41.1.4', '41.1']",['41'],[],[],[],[],434,529,461.90034399999996,536.2980620000001,b94fc2b63-3817-e94d-0e66-e30d40d7ac9c,994010103         8V,994010103,,gear,,True,10667.610731342082,12408.466666666667,0.46420312402328323,33,30.543676750027085,-14.610837,-34.584652,-12.53078,-134.222497
2023-04-11T19:15:11.000Z,2025-01-06T13:49:07.000Z,c4023b03d4dfdbe722c62456a4ec0cf2,gap,"[-144.159013, -14.607097, -34.509598, -10.081452]",-20.7997,-90.0373,[],[],"['ICCAT', 'ACAP', 'IWC']","['41', '41.1.4', '41.1']",['41'],[],[],[],[],440,440,468.854531,448.272094,4fa49aa60-08d0-1547-37b7-47f5282d4a52,994010104         7V,994010104,,gear,,True,11790.581316585934,15258.55,0.4172352286808719,39,30.543676750027085,-14.607097,-34.509598,-10.081452,-144.159013
2023-04-11T21:07:06.000Z,2025-02-02T15:44:05.000Z,64135f21859ccc36535cddc45bd94c8c,gap,"[-174.895127, -14.605413, -34.402407, 11.813043]",-4.1242,-105.5614,[],[],"['ICCAT', 'ACAP', 'IWC']","['41', '41.1.4', '41.1']",['41'],[],[],[],[],451,793,479.8195,1593.524625,0515dce81-1c80-4b0e-744d-a5800aed1c7a,994010106         7V,994010106,,gear,,True,15732.192132842052,15906.6,0.5340364487320154,44,30.543676750027085,-14.605413,-34.402407,11.813043,-174.895127
2023-04-11T21:07:47.000Z,2025-01-30T14:07:22.000Z,4291a4c7c6e3842a021b1f0506272db3,gap,"[-174.460715, -14.60374, -34.439188, 11.430228]",-4.6321,-105.4585,[],[],"['ICCAT', 'ACAP', 'IWC']","['41', '41.1.4', '41.1']",['41'],[],[],[],[],446,790,475.411,1627.077875,109a047ec-cae8-9f46-873d-1ba258a1cfb3,994010105         7V,994010105,,gear,,True,15674.892549996644,15832.983333333334,0.5345653878122436,56,30.543676750027085,-14.60374,-34.439188,11.430228,-174.460715
2023-04-11T21:55:41.000Z,2025-03-13T19:56:05.000Z,3f3d951061cbca09d8333da666043653,gap,"[-173.152653, -14.602005, -34.36655, 11.10282]",-4.9593,-104.8214,[],[],"['ICCAT', 'ACAP', 'IWC']","['41', '41.1.4', '41.1']",['41'],[],[],[],[],453,734,482.40759399999996,1719.3255,57dbc1a88-818f-01d3-5495-5371ab503c65,994010109         5V,994010109,,gear,,True,15536.04185649201,16846.0,0.49796933985431263,43,30.543676750027085,-14.602005,-34.36655,11.10282,-173.152653
2023-04-11T23:03:19.000Z,2024-03-25T21:06:28.000Z,040421df57d7c3d3cee6885bacc06037,gap,"[-172.507287, -14.599317, -34.333277, 13.054172]",-2.1634,-103.9179,[],[],"['ICCAT', 'ACAP', 'IWC']","['41', '41.1.4', '41.1']",['41'],[],[],[],[],457,516,486.41321899999997,1708.288875,9a6f49fd4-407d-b997-cdcf-3323600f1111,994010110         7V,994010110,,gear,,True,15501.961121794347,8374.05,0.9995628608163287,41,30.543676750027085,-14.599317,-34.333277,13.054172,-172.507287
2023-04-12T00:02:23.000Z,2026-02-21T20:29:59.000Z,f50ec25e4e66499871c6805ab3573655,gap,"[119.289108, -9.665038, 139.263402, 24.949922]",7.7584,129.6981,[],['8492'],"['ACAP', 'SEAFDEC', 'WCPFC', 'APFIC', 'IWC']",['71'],['71'],[],[],[],[],147,16,179.980703,18.147201000000003,5029a7d88-894f-0491-7643-ee964bc27aa2,BUOY_61%,123042159,,gear,,True,4416.21658858483,25124.45,0.09491018480167347,17,23.007954986320307,-9.665038,139.263402,24.949922,119.289108
2023-04-12T01:04:32.000Z,2024-03-06T00:47:19.000Z,84e33e4feffa402b7247523a4cdb5dc3,gap,"[-176.250793, -14.592835000000001, -34.2343, 12.103957]",-3.8185,-106.1006,[],[],"['ICCAT', 'ACAP', 'IWC']","['41', '41.1.4', '41.1']",['41'],[],[],[],[],465,885,496.054781,1465.829875,bb8421f34-499f-dbe3-3bf8-0ad012935e40,HY-10             9V,994110710,,gear,,True,15900.88841995929,7895.7,1.0874011022895183,46,30.543676750027085,-14.592835,-34.2343,12.103957,-176.250793
2023-04-12T01:41:12.000Z,2024-03-23T01:25:19.000Z,036384ff0859fb6cdd55c9ce65e4341e,gap,"[-173.103928, -14.592665, -34.200293, 12.932231999999999]",-2.364,-104.1946,[],[],"['ICCAT', 'ACAP', 'IWC']","['41', '41.1.4', '41.1']",['41'],[],[],[],[],468,567,498.610844,1767.4575,16235daf9-9a28-f055-7894-d39bae99af70,HY-09             9V,994110709,,gear,,True,15578.597454798652,8303.733333333334,1.013010575646683,80,30.543676750027085,-14.592665,-34.200293,12.932232,-173.103928
2023-04-12T02:01:35.000Z,2024-03-05T22:58:27.000Z,08534d7f69ce49c96153c3f883f0c33f,gap,"[-175.994683, -14.596933, -34.170745, 12.099818]",-3.8125,-105.9389,[],[],"['ICCAT', 'ACAP', 'IWC']","['41', '41.1.4', '41.1']",['41'],[],[],[],[],471,862,501.477594,1492.239625,c463651ad-d5ac-364c-1620-1c48b7da1d4d,HY-08             9V,994110708,,gear,,True,15880.111041228509,7892.933333333333,1.086360879311074,74,30.543676750027085,-14.596933,-34.170745,12.099818,-175.994683
2023-04-12T03:02:03.000Z,2024-03-04T21:14:05.000Z,502bc7191ab51c142af375e2bf80a379,gap,"[-175.507192, -14.595207, -34.142963, 11.967873]",-3.965,-105.7098,[],[],"['ICCAT', 'ACAP', 'IWC']","['41', '41.1.4', '41.1']",['41'],[],[],[],[],474,830,503.480594,1536.328125,b108dc6ee-ed00-ee2a-a2e4-03856af5c2aa,HY-07             8V,994110707,,gear,,True,15828.512234404761,7866.2,1.0865110052565414,80,30.543676750027085,-14.595207,-34.142963,11.967873,-175.507192
2023-04-12T03:41:55.000Z,2024-03-04T21:15:18.000Z,d217b14ceca799d6939ca0f1a7284d52,gap,"[-175.558678, -14.60503, -34.113785, 11.96662]",-3.9896,-105.7269,[],[],"['ICCAT', 'ACAP', 'IWC']","['41', '41.1.4', '41.1']",['41'],[],[],[],[],477,834,506.36375,1531.199625,6abc3b62f-fe2f-bd7c-0442-7e5d76846aff,HY-06             9V,994110706,,gear,,True,15837.185002875007,7865.55,1.0871961642719596,74,30.543676750027085,-14.60503,-34.113785,11.96662,-175.558678
2023-04-12T03:55:44.000Z,2024-09-29T00:02:57.000Z,2d8ce8f750f271dfa6358526f2c880bc,gap,"[-40.063883, 14.398345, -28.137987, 58.50094]",36.5849,-35.8908,[],[],"['ICCAT', 'ACAP', 'NAMMCO', 'IWC']",['31'],['31'],[],[],[],[],1601,659,1631.3305,665.540375,62c2dbe0e-edd2-4ac4-9037-8e4488c219a7,BUOY-15           6V,994210435,,gear,,True,5003.196149984653,12860.116666666667,0.21006884076020793,54,35.22862675990123,14.398345,-40.063883,58.50094,-28.137987
2023-04-12T04:10:01.000Z,2024-03-04T01:54:19.000Z,2fe103e9ade39c9edb6c09ecdc435342,gap,"[-176.279532, -14.607962, -34.082095, 12.033567]",-3.9674,-106.071,[],[],"['ICCAT', 'ACAP', 'IWC']","['41', '41.1.4', '41.1']",['41'],[],[],[],[],480,892,508.389,1459.995125,3a4a3e13b-b527-8dcd-28bc-9cbe3941ee77,HY-05             9V,994110705,,gear,,True,15919.247501667427,7845.733333333334,1.095589874040352,74,30.543676750027085,-14.607962,-34.082095,12.033567,-176.279532
2023-04-12T04:30:58.000Z,2024-03-04T01:05:45.000Z,785e875b44df1317893ed1f889fb6bd1,gap,"[-176.161203, -14.609078, -34.051183, 12.063733]",-3.9141,-105.9852,[],[],"['ICCAT', 'ACAP', 'IWC']","['41', '41.1.4', '41.1']",['41'],[],[],[],[],482,879,510.426969,1473.377625,aa29c297b-b820-f246-3ebc-aa482d741a63,HY-04             9V,994110704,,gear,,True,15910.330735496666,7844.566666666667,1.0951390549546562,95,30.543676750027085,-14.609078,-34.051183,12.063733,-176.161203
2023-04-12T05:35:10.000Z,2024-03-04T01:51:15.000Z,104ae1739a8448dfc0a0f2d222ce46b0,gap,"[-176.22588, -14.615973, -34.024312, 12.060828]",-3.9383,-106.0099,[],[],"['ICCAT', 'ACAP', 'IWC']","['41', '41.1.4', '41.1']",['41'],[],[],[],[],486,886,513.334969,1466.26475,97e2a49d8-81f7-a009-3925-6e3c283d13f3,HY-03             9V,994110703,,gear,,True,15920.143000327593,7844.266666666666,1.0958563611233978,103,30.543676750027085,-14.615973,-34.024312,12.060828,-176.22588
2023-04-12T06:19:09.000Z,2024-03-02T21:12:04.000Z,e4a2e266168ed9ce7c0676488fec6e7b,gap,"[-175.49058, -14.617918, -33.994748, 11.934853]",-4.0621,-105.6491,[],[],"['ICCAT', 'ACAP', 'IWC']","['41', '41.1.4', '41.1']",['41'],[],[],[],[],488,831,515.3943439999999,1536.91025,e287963b6-6fe1-9eb6-6f4a-8759ed878cd2,HY-02             9V,994110702,,gear,,True,15842.160883033945,7814.866666666667,1.0945909783362877,79,32.26189424883762,-14.617918,-33.994748,11.934853,-175.49058
2023-04-12T06:58:56.000Z,2024-03-02T21:15:13.000Z,dfb5ce73e2deae1cf7bf60db4f88816d,gap,"[-175.491265, -14.623948, -33.96917, 11.995153]",-3.9828,-105.6213,[],[],"['ICCAT', 'ACAP', 'IWC']","['41', '41.1.4', '41.1']",['41'],[],[],[],[],490,826,516.774062,1539.490125,a63f485cf-f936-d3bf-e863-efeead65604d,HY-01             9V,994110701,,gear,,True,15845.984724773823,7814.266666666666,1.0949392469667143,34,32.26189424883762,-14.623948,-33.96917,11.995153,-175.491265
2023-04-13T19:41:43.000Z,2024-03-28T08:17:56.000Z,0db92846376259736019437de4b78c87,gap,"[88.181713, -37.123237, 102.237407, -34.568645]",-36.0512,95.3233,[],[],"['ACAP', 'IOTC', 'IWC', 'SIOFA', 'CCSBT']","['57', '57.4']",['57'],[],[],[],[],939,1173,2465.897,1190.804375,54904da13-3c9c-edfe-4720-45cdb6decfa9,988100006         9V,988136806,,gear,,True,1297.022428723573,8388.6,0.08348664671386877,91,248.889166582968,-37.123237,88.181713,-34.568645,102.237407
2023-04-14T04:15:42.000Z,2024-05-15T06:54:15.000Z,07d3730921c7a58778ec6133bc5efc57,gap,"[-178.546592, -5.432035, 158.086638, 4.370285]",-0.5421,169.7606,[],[],"['ACAP', 'SPRFMO', 'WCPFC', 'IWC']",['71'],['71'],[],[],[],[],379,181,422.534375,288.251938,ced511112-2197-1526-0e1c-cc7d7c482ec4,909600007         8V,909600007,,gear,,True,2814.592779658575,9530.633333333333,0.15946039126472922,50,140.49353397980644,-5.432035,-178.546592,4.370285,158.086638
2023-04-14T05:59:22.000Z,2024-05-15T05:02:00.000Z,acde1a041961def25d9ba574186d2b4e,gap,"[-178.477452, -5.50115, 157.931555, 4.500978]",-0.5109,169.7179,[],[],"['ACAP', 'SPRFMO', 'WCPFC', 'IWC']",['71'],['71'],[],[],[],[],381,160,420.97525,275.165594,5b465eeac-c12c-1f21-4dfc-239ed32375bf,909600015         9V,909600015,,gear,,True,2846.065095640586,9527.033333333333,0.16130438067138766,77,140.49353397980644,-5.50115,-178.477452,4.500978,157.931555
2023-04-14T09:47:09.000Z,2024-05-15T06:59:16.000Z,85066e5864db331c4b1175f6938f542f,gap,"[-178.411042, -5.59561, 158.093282, 4.364615]",-0.6287,169.83,[],[],"['ACAP', 'SPRFMO', 'WCPFC', 'IWC']",['71'],['71'],[],[],[],[],381,182,417.115125,289.362875,0fd6e126f-fa03-21c1-46d4-614cf02d468a,909600009         9V,909600009,,gear,,True,2834.4787164190398,9525.2,0.16067862797431096,30,140.49353397980644,-5.59561,-178.411042,4.364615,158.093282
2023-04-14T11:24:24.000Z,2024-05-15T07:13:03.000Z,417e9228b12b8378c53466ff3dc854b2,gap,"[-178.364202, -5.549733, 158.111262, 4.34901]",-0.6132,169.8627,[],[],"['ACAP', 'SPRFMO', 'WCPFC', 'IWC']",['71'],['71'],[],[],[],[],388,184,424.925094,290.38956199999996,5b6e59a8e-e936-0c66-8628-5a9f87d198e2,909600006         9V,909600006,,gear,,True,2834.812001904513,9523.8,0.1607211435505031,47,140.49353397980644,-5.549733,-178.364202,4.34901,158.111262
2023-04-14T12:53:06.000Z,2024-11-03T17:10:04.000Z,ba7cc828a07d3f55601e8e036a4a86f3,gap,"[169.222893, 2.716455, 174.136723, 6.918077]",4.8217,171.6722,[],['8318'],"['ACAP', 'WCPFC', 'FFA', 'IWC', 'SPC']","['71', '71.6.2']",['71'],[],[],[],[],246,213,306.294125,438.740156,b3a038750-026b-468d-65dd-3ccc9efef7a6,HNY769-01 86%,991176901,,gear,,True,717.3419092366258,13660.266666666666,0.028354764496757088,136,170.092149283128,6.918077,174.136723,2.716455,169.222893
2023-04-14T13:52:36.000Z,2024-05-15T05:24:14.000Z,f04544f64c2b6b90af9fc48abdbed3f1,gap,"[-178.447863, -5.470718, 157.963192, 4.473992]",-0.5091,169.7486,[],[],"['ACAP', 'SPRFMO', 'WCPFC', 'IWC']",['71'],['71'],[],[],[],[],385,165,425.645688,278.14559399999996,eb4919b32-2ecf-dce0-f373-f8df1b60d908,909600012         9V,909600012,,gear,,True,2843.402625636503,9519.516666666666,0.16128072951984232,72,140.49353397980644,-5.470718,-178.447863,4.473992,157.963192
2023-04-14T15:15:27.000Z,2024-05-15T07:10:53.000Z,f7dbc6c00451155daea67401459ac5b0,gap,"[-178.513755, -5.426265, 158.108515, 4.351353]",-0.5488,169.7879,[],[],"['ACAP', 'SPRFMO', 'WCPFC', 'IWC']",['71'],['71'],[],[],[],[],382,184,425.166562,290.38956199999996,956e7b0e9-9d3b-d597-be66-ea4109564ebd,909600010         8V,909600010,,gear,,True,2814.665036369719,9519.916666666666,0.15964399574612329,50,140.49353397980644,-5.426265,-178.513755,4.351353,158.108515
2023-04-14T17:35:04.000Z,2025-08-03T16:19:24.000Z,2614383502396633a84b7737de2374ad,gap,"[-37.202357, 1.4822, -27.685478, 3.068713]",2.2833,-32.4465,[],[],"['ICCAT', 'ACAP', 'NAMMCO', 'IWC']","['41', '41.1.4', '41.1']",['41'],[],[],[],[],568,925,543.04225,928.76925,d7d1e8341-1727-6315-d12f-cf3cb2a0e6c6,FISH BUOY AZ-2100%,710999911,BRA,gear,,True,1071.9755505447797,20206.733333333334,0.02864493147440203,24,34.0754476370542,1.4822,-37.202357,3.068713,-27.685478
2023-04-14T23:05:27.000Z,2024-09-19T01:26:03.000Z,cd866cf2b4f3144a179490d119c0997b,gap,"[-50.99453, -39.478747, 86.742053, 43.043437]",4.9211,21.9141,[],[],"['ACAP', 'IOTC', 'IWC', 'SIOFA', 'CCSBT']","['57', '57.4']",['57'],[],[],[],[],799,435,2606.472,452.071875,578a96d9b-bfdd-064e-a1ea-4014b6213c5a,YJ881-30%,881,,gear,,True,16497.7743570802,12554.333333333334,0.7095626083410373,102,252.1950221509918,-39.478747,86.742053,43.043437,-50.99453
2023-04-15T08:09:49.000Z,2024-03-17T07:04:03.000Z,680f271c77732f02754f44255e09190c,gap,"[87.532585, -39.442492, 88.046345, -37.135465]",-38.2893,87.7935,[],[],"['ACAP', 'IOTC', 'IWC', 'SIOFA', 'CCSBT']","['57', '57.4']",['57'],[],[],[],[],867,927,2538.549,2477.45775,427fa74d2-2ab5-3fd4-f2e7-3cfd4ce2ecca,YJ8852 86%,413100002,CHN,gear,,True,260.41785915614196,8086.9,0.017387923035122637,24,254.13333184080793,-39.442492,87.532585,-37.135465,88.046345
2023-04-15T08:49:43.000Z,2024-07-25T18:38:06.000Z,dd65efe1d0a9da1c64cf4f2afd92ba2f,gap,"[-176.085598, 3.909007, -152.17452, 11.221557]",7.731,-164.0271,[],[],"['ACAP', 'SPRFMO', 'WCPFC', 'IWC']",['77'],['77'],[],[],[],[],605,932,627.3825,1450.0935,ea79e0989-966b-d4b2-f7ef-846032e20a07,YYY016,120081001,,gear,,True,2756.0987089724836,11217.8,0.13266186319110954,40,159.99998748804916,3.909007,-152.17452,11.221557,-176.085598
2023-04-15T11:04:22.000Z,2025-01-06T01:25:40.000Z,51ecd462ba39a03349d4588a401cd837,gap,"[-3.8727216666666666, -5.572923333333334, 119.872013, 26.202635]",21.0193,52.4648,[],[],"['ICCAT', 'ACAP', 'IWC']","['34', '34.4.1', '34.4']",['34'],[],[],[],[],1147,5,1122.908875,1.493966,8faca62c6-62b0-8bc1-d1ef-0c00c1844f05,,412102206,CHN,gear,,True,13633.755231534178,15158.35,0.48564909069370626,147,313.8671179997723,-5.572923333333334,-3.8727216666666666,26.202635,119.872013
2023-04-15T13:00:35.000Z,2024-07-25T18:56:27.000Z,ebf54fa226980bda68d00e881f46f38c,gap,"[-176.046798, 3.9977549999999997, -152.13133, 11.191813]",7.7612,-163.9874,[],[],"['ACAP', 'SPRFMO', 'WCPFC', 'IWC']",['77'],['77'],[],[],[],[],613,931,634.958938,1453.275,65ec82aa0-0c90-2d06-dfd4-53020ea2ea7d,YYY017,120081002,,gear,,True,2752.5851384306484,11213.916666666666,0.13253862292420074,35,159.99998748804916,3.9977549999999997,-152.13133,11.191813,-176.046798
2023-04-15T14:26:25.000Z,2026-07-25T07:49:24.000Z,bfa00d2d7e4f514f67bcf7e625d8fec6,gap,"[-94.853503, -0.618612, -92.788992, -0.178878]",-0.3988,-93.8212,[],['8403'],"['ACAP', 'CPPS', 'IWC', 'IATTC']","['87', '87.1', '87.1.3']",['87'],[],[],[],[],126,356,139.388594,372.53940600000004,e51681701-1143-c4d3-e9a9-ee2d8efaf511,994625035         9V,994625035,,gear,,True,234.70713333663468,28721.366666666665,0.004412454147308644,227,50.16436818602435,-0.178878,-92.788992,-0.618612,-94.853503
2023-04-15T17:25:04.000Z,2024-05-15T03:18:37.000Z,e4141a5ed27c05aadcc9862b1bc23f90,gap,"[86.785782, -39.293607, 118.15113333333333, 24.549078333333334]",-7.6521,103.7648,[],[],"['ACAP', 'IOTC', 'IWC', 'SIOFA', 'CCSBT']","['57', '57.4']",['57'],[],[],[],[],803,1,2600.22575,1.111949,77236266a-a432-84d5-b92f-49934a768ab7,YJ992  100%,744444444,,gear,,True,7811.125690813768,9489.883333333333,0.44443859963884524,22,252.1950221509918,-39.293607,86.785782,24.549078333333334,118.15113333333333
2023-04-15T23:27:13.000Z,2024-09-17T07:41:40.000Z,939640af7a9c997ad4d32e68eed42b61,gap,"[-50.422557, -39.432348, 86.81992, 42.691567]",4.4537,21.8214,[],[],"['ACAP', 'IOTC', 'IWC', 'SIOFA', 'CCSBT']","['57', '57.4']",['57'],[],[],[],[],806,489,2599.1005,506.996969,0792d37ea-a08c-1479-f724-0609a8a8c874,YJ885-62%,885,,gear,,True,16450.35102236421,12488.233333333334,0.7112678564430281,111,252.1950221509918,-39.432348,86.81992,42.691567,-50.422557
2023-04-16T09:22:13.000Z,2024-04-24T18:11:42.000Z,c1d9aa0f3addef94e62260c6e5bab1a7,gap,"[173.037997, 6.126322, 173.588793, 6.254842]",6.1907,173.3134,[],['8318'],"['ACAP', 'WCPFC', 'FFA', 'IWC', 'SPC']","['71', '71.6.2']",['71'],[],[],[],[],111,169,206.739484,267.43640600000003,f73b8ed08-8e7e-f845-85c0-0df9641e48ae,HNY761-05 50%,991176105,,gear,,True,62.54322931414196,8984.816666666668,0.003758634531025014,127,172.51011064257068,6.254842,173.037997,6.126322,173.588793
2023-04-17T08:09:56.000Z,2024-09-24T07:14:37.000Z,f9e95c9cf50875c73e280e5ebcdead16,gap,"[64.337272, -38.631285, 86.026838, -10.331242]",-24.8677,73.9223,[],[],"['ACAP', 'IOTC', 'IWC', 'SIOFA', 'CCSBT']","['57', '57.4']",['57'],[],[],[],[],738,838,2660.52,946.8274379999999,b7bb1a185-56d9-44aa-d410-09a34405f585,LRYY18807-94%,18807,,gear,,True,3814.3562818428363,12623.066666666668,0.16316063913563925,157,248.89600503246652,-38.631285,86.026838,-10.331242,64.337272
2023-04-17T19:14:26.000Z,2024-03-30T11:28:08.000Z,c84fcdc1f16862cb647a4ef079bf0474,gap,"[-8.666272, -8.480232, -2.499248, -5.334157]",-6.9171,-5.593,[],[],"['ICCAT', 'ACAP', 'IWC']","['47', '47.A.1', '47.A']",['47'],[],[],[],[],891,687,898.156125,696.288312,8e4fc4611-1922-7f4b-6223-a8aea30df362,994025002         9V,994025002,,gear,,True,765.3063831517853,8344.216666666667,0.04952320928598042,55,46.06207550904454,-8.480232,-2.499248,-5.334157,-8.666272
2023-04-17T21:31:42.000Z,2024-04-17T09:21:19.000Z,a9f2be44ebc21d9d5c858a5ba3634fc5,gap,"[-11.99419, -8.481227, -2.629267, -2.833512]",-5.6762,-7.3347,[],[],"['ICCAT', 'ACAP', 'IWC']","['47', '47.A.1', '47.A']",['47'],[],[],[],[],885,619,892.7545620000001,625.619812,de54a8062-249a-ce9f-a46d-80153cfaf7ad,994025037         9V,994025037,,gear,,True,1211.3218328942576,8771.816666666668,0.07456396886760948,57,46.06207550904454,-8.481227,-2.629267,-2.833512,-11.99419
2023-04-18T00:12:34.000Z,2024-03-28T06:30:47.000Z,ccc15f98fab4c51cf336f098b04311f9,gap,"[57.127253, -37.386063, 59.014937, -35.192088]",-36.2928,58.0844,[],[],"['ACAP', 'IOTC', 'IWC', 'SIOFA', 'CCSBT']","['51', '51.7']",['51'],[],[],[],[],1078,1367,1673.816875,1578.02875,cca213bf5-53c6-27c1-a105-a265237d37ed,LONGLINE BUOY 1499%,282814,,gear,,True,296.86863418826886,8286.3,0.01934473030937381,58,167.13990082913998,-37.386063,57.127253,-35.192088,59.014937
2023-04-18T01:04:57.000Z,2024-03-29T10:48:03.000Z,12f52044f05ff19df2f6b78414496f70,gap,"[-8.655223, -8.447295, -2.83857, -5.203855]",-6.8343,-5.7568,[],[],"['ICCAT', 'ACAP', 'IWC']","['47', '47.A.1', '47.A']",['47'],[],[],[],[],880,694,887.5619379999999,703.457562,a759f1499-93ba-d54f-3fcd-b687b228283f,994025030         9V,994025030,,gear,,True,736.4589450273878,8313.716666666667,0.04783131706036362,85,46.06207550904454,-8.447295,-2.83857,-5.203855,-8.655223
2023-04-18T02:33:29.000Z,2024-04-15T17:32:37.000Z,d7e0f500200fa7381ccbe97e22cedef9,gap,"[168.981812, 3.4326980000000002, 173.152273, 11.493018]",7.4677,171.0478,[],['8318'],"['ACAP', 'WCPFC', 'FFA', 'IWC', 'SPC']",['71'],['71'],[],[],[],[],131,281,483.286781,524.51175,5862df731-197f-5847-2e68-d52368894ce4,SLC782-07100%,991278207,,gear,,True,1007.1495821070027,8726.983333333334,0.06231446173148014,52,170.8797521606561,3.4326980000000002,168.981812,11.493018,173.152273
2023-04-18T03:00:58.000Z,2025-05-03T14:32:13.000Z,eb5d479be65479fa53a2e15515ff96a2,gap,"[107.973103, -10.188797, 109.082227, -10.183252]",-10.1865,108.5277,[],['8309'],"['ACAP', 'SEAFDEC', 'IOTC', 'IWC', 'CCSBT']","['57', '57.2']",['57'],[],[],[],[],250,265,253.029484,262.422344,ca90983ba-acdb-b3d9-7416-8f64889740a7,994271271         9V,994271271,,gear,,True,121.38684319123473,17915.516666666666,0.0036584851584587435,14,24.591012766667415,-10.188797,107.973103,-10.183252,109.082227
2023-04-18T04:24:59.000Z,2024-04-12T21:45:33.000Z,e7b46732b79f2a6671b33b3b27922f15,gap,"[23.573885, 73.311095, 33.643953, 74.246197]",73.8379,28.7505,[],['5686'],"['ICCAT', 'ICES', 'NAMMCO', 'IWC', 'NASCO', 'ACAP']","['27.2.b.2', '27.2.b', '27.2', '27']",['27'],[],[],[],[],132,308,131.023406,309.743125,9171be157-744e-3948-b62a-a8176f93a93e,109012139,109012139,,gear,,True,329.15601522675746,8657.333333333334,0.020529419738956962,19,50.34668320630743,74.246197,23.573885,73.311095,33.643953
2023-04-18T11:03:37.000Z,2024-01-25T10:09:34.000Z,eba9be2625dec8d657200f10092484dc,gap,"[-11.59037, -8.285147, -2.831585, -5.210965]",-6.7676,-7.2249,[],[],"['ICCAT', 'ACAP', 'IWC']","['47', '47.A.1', '47.A']",['47'],[],[],[],[],897,426,904.6389379999999,433.389406,28c043960-07ab-9faa-2967-97b470c7d365,994025025         9V,994025025,,gear,,True,1025.6909881426816,6767.083333333333,0.08184158521630908,27,46.06207550904454,-8.285147,-2.831585,-5.210965,-11.59037
2023-04-18T11:25:13.000Z,2024-05-28T11:27:04.000Z,7973a0d3e6cfda5c9d1bcfc855ab5f9f,gap,"[-11.146852, -8.287753, -2.804445, -5.86208]",-7.0935,-6.9866,[],[],"['ICCAT', 'ACAP', 'IWC']","['47', '47.A.1', '47.A']",['47'],[],[],[],[],899,418,905.775,426.57478100000003,75fee5b29-9150-c20c-e543-cd69eb5ef842,994025028         9V,994025028,,gear,,True,959.1910935356005,9744.016666666666,0.05315279873652544,81,46.06207550904454,-8.287753,-2.804445,-5.86208,-11.146852
2023-04-18T12:58:52.000Z,2024-06-19T10:35:55.000Z,38bdb25953a8b0c3936c773225f90f75,gap,"[-2.71294, -9.181115, -1.30748, -8.280887]",-8.7316,-2.0111,[],[],"['ICCAT', 'ACAP', 'IWC']","['47', '47.A.1', '47.A']",['47'],[],[],[],[],903,882,910.2845,889.089875,7d763638c-c702-006d-c007-66ddfddc0306,994025024         9V,994025024,,gear,,True,184.06629996708676,10269.616666666667,0.00967785402124557,36,46.06207550904454,-8.280887,-2.71294,-9.181115,-1.30748
2023-04-18T14:03:30.000Z,2024-05-07T10:39:07.000Z,2be40c746f59ea0881e984008fa7e02f,gap,"[-11.023815, -8.288327, -2.656873, -5.958723]",-7.1424,-6.851,[],[],"['ICCAT', 'ACAP', 'IWC']","['47', '47.A.1', '47.A']",['47'],[],[],[],[],904,424,911.21225,433.014156,b85b0b52c-c9ac-c13c-5e25-252335c0401a,994025023         9V,994025023,,gear,,True,958.759588298392,9236.583333333334,0.05604764704626984,28,46.06207550904454,-8.288327,-2.656873,-5.958723,-11.023815
2023-04-18T14:08:57.000Z,2025-01-08T00:36:53.000Z,73dbc2c4030054b8fbf9dc4c56c53ec6,gap,"[28.825692, -39.632157, 61.833438, -9.757633]",-25.6076,47.4112,[],[],"['ACAP', 'IOTC', 'IWC', 'CCSBT']","['47', '47.C', '47.C.0']",['47'],[],[],[],[],682,569,690.352938,895.142938,5116e53f8-8fd0-02bc-d615-8e3b558afca4,994166308         9V,994166308,,gear,,True,4656.215999845715,15130.45,0.16616528308649695,47,152.880669886392,-39.632157,28.825692,-9.757633,61.833438
2023-04-18T15:04:36.000Z,2024-05-28T11:18:47.000Z,fbc8e3219fb5bb3ed7ec04502e65fc13,gap,"[-11.058422, -8.290207, -2.599857, -5.850327]",-7.0894,-6.8403,[],[],"['ICCAT', 'ACAP', 'IWC']","['47', '47.A.1', '47.A']",['47'],[],[],[],[],906,427,913.6100620000001,435.578031,b083c8370-04d4-6e11-a4ba-c21309f2c09a,994025039         9V,994025039,,gear,,True,971.9449651720007,9740.233333333334,0.05388046451958625,59,46.06207550904454,-8.290207,-2.599857,-5.850327,-11.058422
2023-04-19T16:12:53.000Z,2024-04-20T23:51:19.000Z,1857ac406e7f014259c71a8e972e0ea8,gap,"[-89.30541, -8.8775, 1.499605, -2.992195]",-8.4218,-44.2134,[],[],"['ICCAT', 'ACAP', 'IWC']","['47', '47.A.1', '47.A']",['47'],[],[],[],[],939,179,1057.743,187.320625,9b8b14a2c-c030-dcb9-9c21-7c7c3027fcb1,KS33NT0057 100%,412552207,CHN,gear,,True,10044.554813879446,8815.633333333333,0.6152281412307089,16,42.37814011885966,-8.8775,1.499605,-2.992195,-89.30541
2023-04-19T19:46:58.000Z,2024-02-24T16:20:30.000Z,857a55dfb223090370948b6ceb480a87,gap,"[-152.819733, -1.938742, -146.437015, 4.314292]",1.1896,-149.6248,[],[],"['ACAP', 'SPRFMO', 'IATTC', 'IWC']",['77'],['77'],[],[],[],[],921,560,1039.41125,578.102875,60ff40732-28c0-3440-2bfc-1921d02d8892,BUOY-KS-1840      9V,181800040,,gear,,True,993.2001754391214,7460.55,0.07188279576194406,18,157.07203305133254,-1.938742,-146.437015,4.314292,-152.819733
2023-04-19T19:54:45.000Z,2024-04-20T23:12:33.000Z,fba4570f21c11ac200f1c86a18ce4006,gap,"[-89.235357, -9.027763, 1.2726549999999999, -3.053108]",-8.5484,-44.3006,[],[],"['ICCAT', 'ACAP', 'IWC']","['47', '47.A.1', '47.A']",['47'],[],[],[],[],966,187,1077.989875,195.52421900000002,beb7fdbcd-db5d-2fcb-c93d-789f87e8792f,KS33NT0060 100%,412552205,CHN,gear,,True,10010.022577386562,8811.283333333333,0.6134157294611196,21,43.45816695611102,-9.027763,1.2726549999999999,-3.053108,-89.235357
2023-04-19T20:28:08.000Z,2025-12-14T22:39:10.000Z,2be4afe521af965162cdffb797c2e223,gap,"[-18.638205, -8.949588, -2.134318, -6.729582]",-7.9206,-10.4084,[],[],"['ICCAT', 'ACAP', 'IWC']","['47', '47.A.1', '47.A']",['47'],[],[],[],[],860,484,867.419125,483.550031,c1cac043b-bafc-f53c-16b5-d132b0e124b1,994069023         9V,994069023,,gear,,True,1834.4464053234597,23282.183333333334,0.042544197979540774,63,46.06207550904454,-8.949588,-2.134318,-6.729582,-18.638205
2023-04-19T21:28:40.000Z,2026-01-14T23:48:25.000Z,d5b0f4b230cbab943ba03cd2c77efb0c,gap,"[-22.324542, -8.957303, -2.072842, -6.980277]",-8.0932,-12.2234,[],[],"['ICCAT', 'ACAP', 'IWC']","['47', '47.A.1', '47.A']",['47'],[],[],[],[],862,877,869.369125,877.1300620000001,14e27f25a-aa20-6dd6-a026-48f83a44c9f9,KM88001,111112050,,gear,,True,2240.6122324761195,24026.316666666666,0.05035452731338059,73,46.06207550904454,-8.957303,-2.072842,-6.980277,-22.324542
2023-04-19T22:48:31.000Z,2025-12-26T09:13:46.000Z,2d08f81e9fdb94e1c4d95b5d5f11da75,gap,"[-19.31077, -8.94605, -1.9867050000000002, -5.774963]",-7.4445,-10.6799,[],[],"['ICCAT', 'ACAP', 'IWC']","['47', '47.A.1', '47.A']",['47'],[],[],[],[],867,590,874.3465620000001,589.956625,105459ab7-7a9d-8674-a908-3e5e4c7afa22,994069121         9V,994069121,,gear,,True,1942.3740452653894,23554.416666666668,0.04452659963687755,65,45.18677309869748,-8.94605,-1.9867050000000002,-5.774963,-19.31077
2023-04-19T22:53:22.000Z,2025-12-15T06:19:26.000Z,3fab47956a47cc448c1da51e77b027a1,gap,"[-17.854937, -8.945455, -1.980753, -6.793312]",-7.9445,-9.9386,[],[],"['ICCAT', 'ACAP', 'IWC']","['47', '47.A.1', '47.A']",['47'],[],[],[],[],868,398,874.849375,398.231719,2d863055a-ac53-6502-c34e-0d718202efc2,994069033         9V,994069033,,gear,,True,1764.5966657000179,23287.433333333334,0.04091502748979104,85,45.18677309869748,-8.945455,-1.980753,-6.793312,-17.854937
2023-04-19T23:15:39.000Z,2024-04-21T00:07:38.000Z,99a942e1165be5fe7f592705f53ca92c,gap,"[-89.335047, -9.15125, 1.026815, -2.967398]",-8.5641,-44.4847,[],[],"['ICCAT', 'ACAP', 'IWC']","['47', '47.A.1', '47.A']",['47'],[],[],[],[],991,176,1050.12275,184.491703,b3f0e02be-edb7-52c6-c540-0ce260884d69,KS33NT0061 97%,412552208,CHN,gear,,True,9994.776901864449,8808.85,0.6126506623661235,23,43.45816695611102,-9.15125,1.026815,-2.967398,-89.335047
2023-04-20T00:30:49.000Z,2025-12-20T11:11:58.000Z,401a04a1e1e4db392e0bf59930103a7d,gap,"[-17.968327, -8.960305, -1.803203, -6.7390799999999995]",-7.9275,-9.9075,[],[],"['ICCAT', 'ACAP', 'IWC']","['47', '47.A.1', '47.A']",['47'],[],[],[],[],876,413,883.1005620000001,412.561969,8ca909f9d-dc4c-8bd2-e13b-8a20e50c66a1,994069032         9V,994069032,,gear,,True,1797.4609674613666,23410.683333333334,0.04145762276596818,44,45.18677309869748,-8.960305,-1.803203,-6.73908,-17.968327
2023-04-20T02:34:03.000Z,2025-12-14T23:35:46.000Z,c25484c1cda5da34600058d1f09709a9,gap,"[-18.573518, -8.967682, -1.733762, -6.726992]",-7.9318,-10.1765,[],[],"['ICCAT', 'ACAP', 'IWC']","['47', '47.A.1', '47.A']",['47'],[],[],[],[],878,476,885.809938,476.124281,51a6ba551-1f90-7b7c-8645-df07d10ccb4d,KM88005,111112053,,gear,,True,1871.3727205199928,23277.016666666666,0.04341022076481235,61,45.18677309869748,-8.967682,-1.733762,-6.726992,-18.573518
2023-04-20T02:55:25.000Z,2026-08-22T22:04:29.000Z,3ef16ee7b83bcf0f429139e0c7edf106,gap,"[-149.235727, -9.418732, 108.667548, 21.007397]",9.1641,161.671,[],['8441'],"['ACAP', 'WCPFC', 'FFA', 'IWC', 'SPC', 'IATTC']",['77'],['77'],[],[],[],[],120,43,630.4474379999999,19.724729,70276e6d4-4643-21d1-f243-0523c6b7c23c,XSJ210-15 50%,207000015,BGR,fishing,,True,11628.329899078613,29299.15,0.2142995903237843,190,157.21071647151692,-9.418732,-149.235727,21.007397,108.667548
2023-04-20T04:38:08.000Z,2025-12-18T08:16:49.000Z,e4239121379f3633cd5a5840c12ba44d,gap,"[-17.658318, -9.026437, -1.662347, -6.753173]",-7.9663,-9.6825,[],[],"['ICCAT', 'ACAP', 'IWC']","['47', '47.A.1', '47.A']",['47'],[],[],[],[],876,380,883.733938,379.888312,8c24a2d1c-c033-1f8e-2b19-361424355b6d,994069122         9V,994069122,,gear,,True,1779.6486841615363,23355.633333333335,0.0411435391650286,55,46.15050691675019,-9.026437,-1.662347,-6.753173,-17.658318
2023-04-20T04:48:38.000Z,2026-01-15T07:12:00.000Z,1deee3dda6fd5ed83acc61429d578901,gap,"[-21.867405, -9.066612, -1.69565, -6.981715]",-8.1484,-11.8077,[],[],"['ICCAT', 'ACAP', 'IWC']","['47', '47.A.1', '47.A']",['47'],[],[],[],[],870,828,877.701312,827.883312,435a9e297-7486-eefb-cad8-2d892a0c8217,994025018         8V,994025018,,gear,,True,2232.751630320854,24026.383333333335,0.050177732390792776,34,46.15050691675019,-9.066612,-1.69565,-6.981715,-21.867405
2023-04-20T05:54:47.000Z,2024-07-28T18:37:20.000Z,16cfa341ec2ebb6b7550bf2211643417,gap,"[169.951152, 5.211357, 171.044258, 5.55137]",5.3816,170.4976,[],['8318'],"['ACAP', 'WCPFC', 'FFA', 'IWC', 'SPC']","['71', '71.6.2']",['71'],[],[],[],[],96,75,173.543594,259.21209400000004,ff6e3040e-efd4-fc2b-088b-c86b27b3b831,TAI PING YANG 01-1,98354208,,gear,,True,126.78075508981615,11172.7,0.006127089356914629,120,175.93498407011242,5.55137,171.044258,5.211357,169.951152
2023-04-20T08:47:33.000Z,2025-06-15T12:10:11.000Z,710d562bb104e6b4c2c9cc514432fa40,gap,"[152.863882, -10.902092, 155.96258, -7.14115]",-9.0249,154.4052,[],['8324'],"['ACAP', 'WCPFC', 'FFA', 'IWC', 'SPC']",['71'],['71'],[],[],[],[],191,204,319.8245,224.944406,eab822e79-95e3-11cf-37ab-0a4d59407ae2,316-12  100%,398705062,,gear,,True,539.1167306526862,18891.366666666665,0.015409141737022276,16,62.47225979425233,-10.902092,155.96258,-7.14115,152.863882
2023-04-20T10:07:33.000Z,2025-12-15T11:23:05.000Z,f1541ea5ceb569c7d442c7cc3b31448e,gap,"[-17.826717, -9.034928, -2.008312, -6.716753]",-7.9505,-9.9398,[],[],"['ICCAT', 'ACAP', 'IWC']","['47', '47.A.1', '47.A']",['47'],[],[],[],[],858,399,865.433625,398.68003100000004,25ea0c832-2ced-9bf5-711c-595f3c5244db,994069029         9V,994069029,,gear,,True,1761.0743177593893,23281.25,0.04084420120334299,57,46.97891258914533,-9.034928,-2.008312,-6.716753,-17.826717
2023-04-20T11:57:43.000Z,2025-12-15T06:47:26.000Z,8ca679af770fa73c015abbad18fbd3f1,gap,"[-17.949517, -9.046635, -2.097788, -6.714218]",-7.9555,-10.0461,[],[],"['ICCAT', 'ACAP', 'IWC']","['47', '47.A.1', '47.A']",['47'],[],[],[],[],852,412,858.951062,411.550906,e1c18d749-90d7-9947-c965-b4eea5ac947d,994069145         9V,994069145,,gear,,True,1764.9156837738901,23274.816666666666,0.040944607410989514,79,46.97891258914533,-9.046635,-2.097788,-6.714218,-17.949517
2023-04-20T13:59:51.000Z,2025-12-15T03:59:43.000Z,e25acaa559ca432581298d7211320cc9,gap,"[-17.724153, -9.060167, -2.217477, -6.721355]",-7.9626,-9.9929,[],[],"['ICCAT', 'ACAP', 'IWC']","['47', '47.A.1', '47.A']",['47'],[],[],[],[],845,387,852.0786879999999,387.25706199999996,31c1f77bc-ceac-bfc7-0696-0aa0722a9b0b,KMZ88037        11V9,111113927,,gear,,True,1727.4046691264741,23269.983333333334,0.040082706122093886,123,46.97891258914533,-9.060167,-2.217477,-6.721355,-17.724153
2023-04-20T14:53:05.000Z,2025-12-15T11:20:07.000Z,a494aeae0ecdb24244e022ae3241aa43,gap,"[-18.433082, -9.060618, -2.275602, -6.793088]",-8.0053,-10.3768,[],[],"['ICCAT', 'ACAP', 'IWC']","['47', '47.A.1', '47.A']",['47'],[],[],[],[],842,460,849.198,459.42075,7a4252f51-18b7-51c6-e678-7edc7a3bfa2d,994069144         9V,994069144,,gear,,True,1797.006291535671,23276.45,0.04168615802527554,103,46.97891258914533,-9.060618,-2.275602,-6.793088,-18.433082
2023-04-20T17:09:05.000Z,2025-12-23T12:05:36.000Z,2cb0eee38fb68be17cdd39b716dde237,gap,"[-18.051888, -9.067455, -2.457483, -6.662787]",-7.9376,-10.2774,[],[],"['ICCAT', 'ACAP', 'IWC']","['47', '47.A.1', '47.A']",['47'],[],[],[],[],833,424,839.787875,423.81043800000003,082d374d7-7b03-0bab-ec9a-4c7962365017,994069030         9V,994069030,,gear,,True,1738.1655615070374,23466.933333333334,0.039993905771020896,93,46.97891258914533,-9.067455,-2.457483,-6.662787,-18.051888
2023-04-20T18:16:21.000Z,2025-12-16T11:56:21.000Z,45ebab56f9efe12ff45309098b3ae3dd,gap,"[-17.732317, -9.07057, -2.588208, -6.806123]",-8.0073,-10.1813,[],[],"['ICCAT', 'ACAP', 'IWC']","['47', '47.A.1', '47.A']",['47'],[],[],[],[],827,385,833.946625,384.964281,f4127ae3f-f04c-1470-2716-403f3100059b,KM88017,111112884,,gear,,True,1686.5080214380469,23297.666666666668,0.039087239648811375,23,46.97891258914533,-9.07057,-2.588208,-6.806123,-17.732317
2023-04-21T17:30:28.000Z,2024-10-07T08:01:37.000Z,316be3837bd2b4cdb6e4430e5d27709c,gap,"[118.607715, -12.870875, 162.565617, 31.639302]",10.1014,139.0232,[],[],"['ACAP', 'PICES', 'WCPFC', 'NPFC', 'IWC']",['61'],['61'],[],[],[],[],1172,324,1933.716625,401.21603100000004,0ab1b6bff-fc73-1349-4556-dda874ac83d1,994161031         9V,994161031,,gear,,True,6813.466020513,12830.516666666666,0.2867364914811476,141,85.24760532860111,31.639302,162.565617,-12.870875,118.607715
2023-04-21T18:33:34.000Z,2025-08-25T00:02:41.000Z,7bbbb750a546ea311c68251743ba1934,gap,"[114.875385, -16.714997, 162.53343, 31.560622]",8.1031,137.2274,[],[],"['ACAP', 'PICES', 'WCPFC', 'NPFC', 'IWC']",['61'],['61'],[],[],[],[],1163,409,1937.982,361.9155,99dd5e9b9-96c9-2c34-d521-40646c1a7647,994161028         9V,994161028,,gear,,True,7391.753591871893,20549.483333333334,0.19422520637904978,59,85.24760532860111,31.560622,162.53343,-16.714997,114.875385
2023-04-21T19:33:09.000Z,2024-05-26T22:53:02.000Z,e6dee2c6bf25e806f249a3636ace57b4,gap,"[145.09187, -0.459302, 159.018877, 2.993853]",1.2767,152.06,[],[],"['ACAP', 'SEAFDEC', 'SPRFMO', 'WCPFC', 'IWC']",['71'],['71'],[],[],[],[],412,451,583.3335,733.899125,8b5ed1c4c-c489-f344-283b-597c8b1bf9b9,NET FISH 860-3    9V,860735003,,gear,,True,1594.9100273650708,9627.316666666668,0.0894519781568271,35,37.70842824822541,2.993853,145.09187,-0.459302,159.018877
2023-04-21T20:33:35.000Z,2024-04-21T17:53:07.000Z,7042059cbdd01017da4695f642363784,gap,"[-175.569708, 4.0422, -152.458667, 12.383502]",8.3804,-163.8909,[],[],"['ACAP', 'SPRFMO', 'WCPFC', 'IWC']",['77'],['77'],[],[],[],[],581,807,602.391625,1545.976875,b57b16510-0d3d-80ab-9a8d-5246e69eb4cf,GS00628         11V8,119111816,,gear,,True,2704.729621509622,8781.316666666668,0.16631186598543626,222,158.69997261988655,4.0422,-152.458667,12.383502,-175.569708
2023-04-22T10:32:29.000Z,2026-01-28T14:19:51.000Z,e95fed36b722cd14f20c5960905d1ccf,gap,"[88.388145, -38.298895, 114.664295, -13.016238]",-26.2484,102.9667,[],[],"['ACAP', 'IOTC', 'IWC', 'SIOFA', 'CCSBT']","['57', '57.4']",['57'],[],[],[],[],946,465,2453.17425,476.800906,046654b3f-f969-2fd8-6608-365954ba352e,994166356         9V,994166356,,gear,,True,3824.0924844376214,24291.783333333333,0.08500177717222604,206,252.71129693755827,-38.298895,88.388145,-13.016238,114.664295
2023-04-22T13:24:49.000Z,2024-01-19T16:56:59.000Z,b90306767cf024f0521b1a62fa7d8601,gap,"[-48.950318, -39.466908, -39.83574, -36.102502]",-37.8725,-44.497,[],[],"['ICCAT', 'ACAP', 'IWC', 'CCSBT']","['41', '41.2.4', '41.2']",['41'],[],[],[],[],470,1346,497.332688,1349.14725,d86be423c-c7af-26bd-e6ec-1ab55d3ad7f3,11,10000007,,other,,True,883.4627978156649,6531.533333333334,0.07303518545118501,23,27.93626087006772,-36.102502,-48.950318,-39.466908,-39.83574
2023-04-23T13:34:35.000Z,2026-03-30T23:14:34.000Z,468790afc7a50079fb42d8f0613c9e7c,gap,"[-166.56721, -6.893393, 119.506442, 37.603842]",18.904,161.3018,[],[],"['ACAP', 'SPRFMO', 'WCPFC', 'IWC']",['77'],['77'],[],[],[],[],448,37,802.162062,13.162409,fac5bf164-4153-dac7-9f00-b1af527a9ec7,,400001,,gear,,True,9083.52699724568,25737.65,0.19056565776349219,166,168.95049856146434,-6.893393,-166.56721,37.603842,119.506442
2023-04-23T15:31:31.000Z,2026-01-31T01:50:56.000Z,1957483147ec758ede00d9191e6712cb,gap,"[88.459375, -37.750455, 114.541963, -12.817592]",-25.8604,102.8863,[],[],"['ACAP', 'IOTC', 'IWC', 'SIOFA', 'CCSBT']","['57', '57.4']",['57'],[],[],[],[],956,444,2443.4505,456.78103100000004,74ce21891-10b8-2a8f-cd8d-8b4d7f54e471,994166357         9V,994166357,,gear,,True,3789.1817576762664,24322.316666666666,0.08412004899153454,15,248.889166582968,-37.750455,88.459375,-12.817592,114.541963
2023-04-23T19:40:51.000Z,2025-12-02T02:46:57.000Z,a9ff2ada7e7e0aa95a761c31426f6a52,gap,"[119.145087, -10.20276, 139.200362, 24.493258]",7.2547,129.5695,[],['8492'],"['ACAP', 'SEAFDEC', 'WCPFC', 'APFIC', 'IWC']",['71'],['71'],[],[],[],[],203,47,230.65878099999998,30.260967,35fc1c4da-a344-bb99-f3a5-4398072d5baf,BUOY_88%,123038005,,gear,,True,4429.627597407813,22879.1,0.10454115581450228,81,24.40275285707399,-10.20276,139.200362,24.493258,119.145087
2023-04-24T07:39:41.000Z,2024-09-20T13:46:17.000Z,7661d6ce7f4df923c56ee49c33abebf3,gap,"[29.880457, -40.094815, 30.576962, -36.532293]",-38.3141,30.2202,[],[],"['ACAP', 'IOTC', 'IWC', 'SIOFA', 'CCSBT']","['51', '51.8']",['51'],[],[],[],[],791,419,809.233438,428.728594,4edbdf8f4-42c8-1164-148f-c78477d2b22c,,168805011,,gear,,True,400.7645722120713,12366.1,0.017499094892482716,72,159.99765846916628,-40.094815,30.576962,-36.532293,29.880457
2023-04-24T08:40:42.000Z,2024-01-25T21:07:31.000Z,586aa3267d870f593b4a0518fe9a2bec,gap,"[-153.222478, -1.93968, -133.093358, 4.415413]",1.2572,-143.1457,[],[],"['ACAP', 'SPRFMO', 'WCPFC', 'IWC']",['77'],['77'],[],[],[],[],528,1046,544.525062,1054.353375,4ee30f3d2-2604-2d18-d4af-7035dcedc1d1,CSK009,111112758,,gear,,True,2345.560123502023,6636.433333333333,0.19084063426630238,50,159.00586392316228,4.415413,-153.222478,-1.93968,-133.093358
2023-04-24T10:12:03.000Z,2024-01-07T18:43:34.000Z,e15dcf05271ce53a0b627cc39edefa13,gap,"[168.660822, 3.989553, 171.463312, 10.914133]",7.454,170.051,[],['8318'],"['ACAP', 'WCPFC', 'FFA', 'IWC', 'SPC']","['71', '71.6.2']",['71'],[],[],[],[],93,66,420.639375,454.61025,95b5d9847-76d2-7701-71d5-353806f7c646,HNY761-04100%,991176104,,gear,,True,829.5910409959577,6200.516666666666,0.0722429034147719,170,165.21003678093763,10.914133,171.463312,3.989553,168.660822
2023-04-24T12:06:13.000Z,2024-08-09T04:20:49.000Z,4bbd980c1824f3ccd6220040135ef515,gap,"[-49.566135, -35.781898, -49.446283, -32.638005]",-34.21,-49.5073,[],[],"['ICCAT', 'ACAP', 'IWC', 'CCSBT']","['41', '41.2.4', '41.2']",['41'],[],[],[],[],413,198,444.15275,222.896891,8fff3643f-f6e4-fe1a-cf27-29f8df8e96db,05,710000038,BRA,gear,,True,349.7590817635168,11344.233333333334,0.01664764733053542,48,24.274609723148682,-35.781898,-49.446283,-32.638005,-49.566135
2023-04-24T16:14:46.000Z,2024-04-26T23:18:14.000Z,b2fa3268325d4222616406c951e4451a,gap,"[-166.59512, -4.590758, -160.116973, 2.9663500000000003]",-0.8135,-163.353,[],['8441'],"['ACAP', 'FFA', 'WCPFC', 'IWC', 'SPC']",['77'],['77'],[],[],[],[],127,467,130.038117,1036.31325,2c4355132-2442-1e44-bfce-0bdecd7a7b37,X.S.J.10 NO:03    9V,994135013,,gear,,True,1106.416030258134,8839.05,0.0675883565530632,175,162.64232850301846,2.9663500000000003,-160.116973,-4.590758,-166.59512
2023-04-24T23:32:36.000Z,2025-01-31T05:09:18.000Z,53216cdc1507f52e1834ec65a4f421eb,gap,"[144.51014, 28.633077, 160.472998, 32.469332]",30.7958,152.6504,[],[],"['ACAP', 'NPFC', 'WCPFC', 'IWC']",['61'],['61'],[],[],[],[],805,441,1802.252375,489.178,84ca52e64-43ac-f04b-438a-f14c1428b41d,-99%,221007358,,gear,,True,1585.1828521537843,15533.6,0.055101860852718246,84,80.91595766725248,28.633077,160.472998,32.469332,144.51014
2023-04-24T23:37:31.000Z,2025-04-28T05:44:40.000Z,51662d48f546a3af0428b5fe6d75778c,gap,"[65.07192, -3.381578, 77.841625, -2.564712]",-2.9917,71.4591,[],[],"['ACAP', 'IOTC', 'IWC', 'SIOFA']","['51', '51.4']",['51'],[],[],[],[],762,554,919.53225,612.358125,28c212a93-3511-1eec-6439-13c7f0b1c702,IMULA 0852 CHW BU-2,994177499,,gear,,True,1420.903481669988,17622.116666666665,0.04353770415292346,30,27.76500438303146,-3.381578,65.07192,-2.564712,77.841625
2023-04-24T23:43:32.000Z,2025-01-24T14:48:22.000Z,641b03131f482b75531d869f0206fefb,gap,"[143.674, 28.639352, 160.440438, 33.048487]",31.1154,152.2513,[],[],"['ACAP', 'NPFC', 'WCPFC', 'IWC']",['61'],['61'],[],[],[],[],803,356,1799.34625,387.564031,dc4a6a0ed-d73d-9904-a775-d022d3ff5e68,-99%,221007304,,gear,,True,1671.839197013479,15375.066666666668,0.05871330305633678,89,80.91595766725248,28.639352,160.440438,33.048487,143.674
2023-04-24T23:44:05.000Z,2025-01-31T06:50:23.000Z,5c8f033667c66bef4bb5c336554958f9,gap,"[144.810398, 28.639685, 160.438725, 31.832183]",30.469,152.7523,[],[],"['ACAP', 'NPFC', 'WCPFC', 'IWC']",['61'],['61'],[],[],[],[],803,453,1799.34625,557.0353120000001,ef978998f-f0ae-b796-e6ab-e60fcf65b687,-99%,221007392,,gear,,True,1541.24196875804,15535.1,0.05356927775182634,74,80.91595766725248,28.639685,160.438725,31.832183,144.810398
2023-04-25T00:01:35.000Z,2024-06-11T21:38:11.000Z,9f64a5b7e06b18ad2ad3a2e54aa1c556,gap,"[-168.01199, -9.69789, 173.190148, -7.130845]",-8.5272,-177.3795,[],[],"['ACAP', 'SPRFMO', 'WCPFC', 'IWC']",['77'],['77'],[],[],[],[],428,511,846.1373120000001,669.748688,6e3d4acb9-9078-5863-4c41-f7eca0393f8e,BUOY 011-839    12V6,46011839,,gear,,True,2086.957680972985,9933.6,0.1134399410450937,106,162.09644344385188,-7.130845,-168.01199,-9.69789,173.190148
2023-04-25T00:10:36.000Z,2024-06-04T21:24:17.000Z,efcdd4a69bc345197ae3feee5fa84522,gap,"[164.03265, 9.71573, 172.294518, 11.482195]",10.6259,168.1516,[],['8318'],"['ACAP', 'WCPFC', 'FFA', 'IWC', 'SPC']","['71', '71.6.2']",['71'],[],[],[],[],203,172,495.501688,420.36409399999997,5635ecb2f-f690-b32f-400a-91343788fa1b,SLC788-04 87%,991278804,,gear,,True,924.0568677482944,9765.216666666667,0.051094697593739406,144,159.83194475420106,11.482195,172.294518,9.71573,164.03265
2023-04-25T11:36:53.000Z,2024-10-20T17:11:52.000Z,98a2b6b20fdc2ecd8bea67339d8fdbc1,gap,"[-43.169672, -24.257695, -39.074637, -19.641747]",-21.9624,-41.0889,[],['8464'],"['ICCAT', 'ACAP', 'IWC']","['41', '41.2.1', '41.2']",['41'],[],[],[],[],133,76,26.888631,64.835312,cf2461a10-08ec-9dbc-a113-3cda083df027,CAPITAO_AMERICA_99%,710032801,BRA,gear,,True,664.5783786612286,13061.566666666668,0.027473244683846328,116,17.530449534020498,-24.257695,-43.169672,-19.641747,-39.074637
2023-04-25T13:33:12.000Z,2025-09-14T02:53:38.000Z,5b3b3df52b2a6c888b025865a394f048,gap,"[-59.64478, -45.630646666666664, 141.69644333333332, 41.62745833333334]",-10.529,-149.0011,[],[],"['ICCAT', 'IWC', 'ACAP', 'CCSBT']","['41.3.1', '41', '41.3']",['41'],[],[],[],[],451,30,482.215281,33.222297,9e9fb674d-d640-7fe3-9e4d-6eabc841bb44,CHANG SHUN NO 1,412329652,CHN,fishing,,True,18246.586649988774,20941.333333333332,0.47047475175915976,372,388.6413231410043,-45.630646666666664,-59.64478,41.62745833333334,141.69644333333332
2023-04-25T15:52:31.000Z,2024-01-12T22:51:12.000Z,1f5e33abf784a90a8f5d9df464bff82d,gap,"[-152.807113, -1.8351199999999999, -133.149093, 4.617542]",1.4119,-142.9645,[],[],"['ACAP', 'SPRFMO', 'WCPFC', 'IWC']",['77'],['77'],[],[],[],[],579,1050,595.047812,1058.168875,73711a52b-b114-629e-0e87-037603bbeb1e,BUOY-5,201510019,ALB,gear,,True,2298.9025250866075,6294.966666666666,0.19719056901048815,45,158.69997261988655,4.617542,-152.807113,-1.83512,-133.149093
2023-04-26T01:47:10.000Z,2024-05-08T00:45:55.000Z,0a7a9049dc5a302d2d2eede60fa324e9,gap,"[52.275602, -2.878613, 86.182235, -0.806972]",-1.9265,69.2188,[],[],"['ACAP', 'IOTC', 'IWC', 'SIOFA']","['51', '51.5']",['51'],[],[],[],[],456,1143,542.2395,1148.771125,3d9740799-9621-2b11-5028-8b507d891abb,994230266         9V,994230266,,gear,,True,3775.070308305832,9070.966666666667,0.22471418663502563,22,32.5974069903995,-0.806972,52.275602,-2.878613,86.182235
2023-04-26T01:53:41.000Z,2024-05-08T00:14:22.000Z,34fb8c032ef98dcbed5a24bff78ee7a3,gap,"[52.288607999999996, -2.874807, 86.317313, -0.818203]",-1.931,69.2928,[],[],"['ACAP', 'IOTC', 'IWC', 'SIOFA']","['51', '51.5']",['51'],[],[],[],[],455,1149,540.667188,1155.521,fb91392a9-91f8-81dc-0f6f-5645c2117303,994230269         6V,994230269,,gear,,True,3788.5040850726127,9070.333333333334,0.22552958976018064,25,32.5974069903995,-0.818203,52.288607999999996,-2.874807,86.317313
2023-04-26T02:16:16.000Z,2024-01-19T22:04:39.000Z,e9c2cef4e6d86d6b136ebb66033380f8,gap,"[-153.307802, -1.834283, -131.189268, 4.692932]",1.4564,-142.2326,[],[],"['ACAP', 'SPRFMO', 'WCPFC', 'IWC']",['77'],['77'],[],[],[],[],536,1199,551.418125,1214.33025,c531a1291-1597-3c31-751a-2aa49f9c13cb,BUOY-8,201510022,ALB,gear,,True,2562.304420730815,6451.8,0.21444150539357698,46,159.00586392316228,4.692932,-153.307802,-1.834283,-131.189268
2023-04-26T05:48:41.000Z,2024-01-19T20:14:54.000Z,15871ee92e17c5e62b55bcdb92b85dcd,gap,"[-153.140852, -1.833437, -131.011197, 4.70122]",1.461,-142.06,[],[],"['ACAP', 'SPRFMO', 'WCPFC', 'IWC']",['77'],['77'],[],[],[],[],552,1214,567.968438,1229.52875,2092bc40f-f9a2-d2cc-14c6-4c7ceffe6cc0,BUOY-7,201510021,ALB,gear,,True,2563.716085154682,6446.433333333333,0.21473827009894003,76,159.00586392316228,4.70122,-153.140852,-1.833437,-131.011197
2023-04-26T08:38:11.000Z,2025-01-23T12:43:57.000Z,d481c91a3a642465cc7da4985cf7dfff,gap,"[-46.83873, -25.52856, -46.22917, -25.469785]",-25.4995,-46.5339,[],['8464'],"['ICCAT', 'ACAP', 'IWC']","['41', '41.2.1', '41.2']",['41'],[],[],[],[],142,111,100.94179700000001,105.688641,4395afdaa-aa30-6907-f70d-74137706d07e,DOM ISAAC - II,710578342,BRA,gear,,True,61.52576818021489,15316.083333333334,0.0021690438993920355,47,13.47864756896169,-25.469785,-46.22917,-25.52856,-46.83873
2023-04-26T09:16:14.000Z,2024-01-15T01:54:05.000Z,0760df127b7972bf6566532ce01441eb,gap,"[-152.992805, -1.8497050000000002, -133.113077, 4.678187]",1.4358,-143.0388,[],[],"['ACAP', 'SPRFMO', 'WCPFC', 'IWC']",['77'],['77'],[],[],[],[],565,1052,581.053188,1060.29675,df76794c5-55b7-f41a-0f88-b28e378a8bd1,BUOY-6,201510020,ALB,gear,,True,2324.8680740923296,6328.616666666667,0.19835746101593954,29,158.69997261988655,4.678187,-152.992805,-1.849705,-133.113077
2023-04-26T11:24:36.000Z,2024-05-31T00:41:32.000Z,34b36711feacb952cf50eac5ea9649f0,gap,"[118.801332, -11.507527, 158.656055, 24.470862]",6.89,139.4949,[],['8314'],"['ACAP', 'WCPFC', 'FFA', 'IWC', 'SPC']",['71'],['71'],[],[],[],[],122,19,156.259797,20.980559,ac9e9c3f7-79a7-c1f2-88e1-8e07fc792094,BUOY 624-239     7V8,45624239,,gear,,True,5891.62007847961,9613.266666666666,0.3309198064568488,82,70.51429583906989,-11.507527,158.656055,24.470862,118.801332
2023-04-26T11:57:06.000Z,2025-11-10T22:09:44.000Z,6a9dffdd24bfa161b718954750cdb7c0,gap,"[155.021968, 14.5363, 159.756258, 28.56823]",21.5689,157.5042,[],[],"['ACAP', 'WCPFC', 'IWC']","['71', '71.6.1']",['71'],[],[],[],[],414,484,857.272312,1270.500125,2faeef61a-abf7-0e4e-8ec7-3bc4ae19d16b,MAAN FENG YU-11,364288411,TCA,gear,,True,1634.756537834017,22306.2,0.03957186408250627,15,109.2190095828068,14.5363,159.756258,28.56823,155.021968
2023-04-26T14:08:47.000Z,2024-08-15T16:52:30.000Z,e38d98120df2c4900b95af3403818ab4,gap,"[-169.401307, -7.02372, -147.413473, 3.208753]",-1.9431,-158.4406,[],[],"['ACAP', 'SPRFMO', 'WCPFC', 'IWC']",['77'],['77'],[],[],[],[],711,445,1116.603125,826.36175,081d4ef39-9a2a-73a3-c2cb-4d3337c3f4c0,BUOY-08  100%,201603034,ALB,gear,,True,2692.5161059028933,11450.716666666667,0.12696518760511746,22,153.4100609923681,3.208753,-169.401307,-7.02372,-147.413473
2023-04-27T10:26:24.000Z,2025-02-14T17:48:13.000Z,e25ba2544766dae77e290e1b7d4de734,gap,"[59.180618, -33.915645, 78.065712, -11.118067]",-22.7927,69.4195,[],[],"['ACAP', 'IOTC', 'IWC', 'SIOFA', 'CCSBT']","['51', '51.7']",['51'],[],[],[],[],1433,740,1445.202125,753.106812,593c31dea-a577-76a0-e995-43c20f353cd9,AIS BUOY_14_99%,999111114,,gear,,True,3179.3378150541366,15823.35,0.10849188596109775,15,158.0361897469465,-33.915645,59.180618,-11.118067,78.065712
2023-04-27T19:20:38.000Z,2025-10-30T07:22:02.000Z,e6e7f9f6203a37183f7dd4a234de9f0e,gap,"[29.77297, -39.66069, 120.15952, 22.381258]",-12.1177,80.2222,[],[],"['ACAP', 'IOTC', 'IWC', 'CCSBT']","['47', '47.C', '47.C.0']",['47'],[],[],[],[],718,19,731.544312,15.142185,4bc91253b-b6ef-b2f1-64a2-cdb8c69e206f,BUOY6001296-20    8V,994161400,,gear,,True,11603.07190953348,21996.016666666666,0.2848314635091625,96,153.95106330135238,-39.66069,29.77297,22.381258,120.15952
2023-04-27T20:16:42.000Z,2024-04-03T13:24:27.000Z,432819e4f6bd91b46837dcef275055f2,gap,"[44.637628, -37.404777, 47.067797, -35.46915]",-36.4431,45.8679,[],[],"['ACAP', 'IOTC', 'IWC', 'SIOFA', 'CCSBT']","['51', '51.7']",['51'],[],[],[],[],1065,1107,1388.52075,1156.466875,ef0d18c6d-d290-f753-53f0-4bcf5eee7578,NETFISH8355-12    9V,835500012,,gear,,True,305.8956157442367,8201.116666666667,0.020139991367237996,31,149.0054778458788,-37.404777,44.637628,-35.46915,47.067797
2023-04-28T13:50:50.000Z,2024-02-06T18:17:05.000Z,a832ecbb66638dbf3d7160eb79b6d49e,gap,"[133.038037, 17.101038, 161.614088, 22.168583]",20.2114,147.0957,[],[],"['ACAP', 'NPFC', 'WCPFC', 'IWC']",['61'],['61'],[],[],[],[],608,838,1626.62525,992.9488120000001,a6d74d966-62bd-d535-b842-65d940544b5e,952707116         9V,952707116,,gear,,True,3040.4886712407288,6820.433333333333,0.24070795265205305,105,95.72484461931612,22.168583,161.614088,17.101038,133.038037
2023-04-28T21:52:13.000Z,2025-01-07T20:59:36.000Z,0b6092bfbe1150fdb20a15a4fa945359,gap,"[168.938492, 3.502455, 170.951588, 11.466705]",7.4857,169.9358,[],['8318'],"['ACAP', 'WCPFC', 'FFA', 'IWC', 'SPC']","['71', '71.6.2']",['71'],[],[],[],[],121,122,461.421,479.21275,9c0eeec34-487d-a2fe-7bc9-7d5c01ecc6a0,SLC601-03 90%,991260103,,gear,,True,912.9267838388026,14879.116666666667,0.033129723963724156,156,161.3861833030686,11.466705,170.951588,3.502455,168.938492
2023-04-29T06:34:24.000Z,2024-09-02T17:11:02.000Z,518cfae5035ac0a9ea481d77a8f4c339,gap,"[170.27797, 4.966525, 170.680563, 11.520287]",8.2435,170.4776,[],['8318'],"['ACAP', 'WCPFC', 'FFA', 'IWC', 'SPC']","['71', '71.6.2']",['71'],[],[],[],[],94,117,443.12206199999997,262.765,543484abb-b7bb-9535-ad34-2a0727e66514,SLC790-02 94%,991279002,,gear,,True,730.0901453049561,11818.6,0.03335565473858061,118,161.3861833030686,11.520287,170.680563,4.966525,170.27797
2023-04-30T04:00:06.000Z,2024-02-02T15:42:41.000Z,d0dc16956b554830315fb2bb5abc7e05,gap,"[146.04568333333333, 30.65985, 152.97535, 46.33841666666667]",38.5496,149.1306,[],['5690'],"['ACAP', 'PICES', 'WCPFC', 'IWC']",['61'],['61'],[],[],[],[],97,503,401.003125,545.087812,0c5d3c83d-da17-fcda-d71e-e0fc6578f2cc,MAGIC HORIZON,537985026,,cargo,,True,1842.8929112764665,6683.7,0.1488819913347477,264,202.05065610881238,46.33841666666667,152.97535,30.65985,146.04568333333333
2023-04-30T07:57:43.000Z,2026-03-12T09:44:21.000Z,b91a29767cbbf16e619940505281c9cd,gap,"[28.854175, -38.327338, 113.998368, -14.931632]",-34.129,76.8742,[],[],"['ACAP', 'IOTC', 'IWC', 'CCSBT']","['47', '47.C', '47.C.0']",['47'],[],[],[],[],550,622,563.912812,574.912125,38da5d2f9-9781-51db-9dc0-4cae8691e8d7,BUOY6001296-18    8V,994161398,,gear,,True,8568.532134203298,25129.766666666666,0.1841098360705854,104,147.20494507073082,-38.327338,28.854175,-14.931632,113.998368
2023-04-30T08:48:14.000Z,2024-01-14T16:41:06.000Z,5257a3a79f4c1ded7511caac1045bdd5,gap,"[-33.483168, -2.95174, -2.727048, 10.464958]",3.8957,-17.9834,[],[],"['ICCAT', 'ACAP', 'IWC']","['34', '34.4.1', '34.4']",['34'],[],[],[],[],856,1063,825.308688,1091.3635,c22192fc3-3aad-854e-cadc-1921091c91d5,MARK104         (99),98354385,,gear,,True,3716.979428156771,6223.866666666667,0.32246968613373467,54,40.56966828183681,-2.95174,-2.727048,10.464958,-33.483168
2023-04-30T11:28:34.000Z,2024-05-06T21:57:47.000Z,db8aefbfd11bd03c3b3f9aa31755d2d4,gap,"[147.847545, 15.687947, 155.081508, 36.808188]",26.293,151.7975,[],[],"['ACAP', 'WCPFC', 'IWC']","['71', '71.6.1']",['71'],[],[],[],[],834,578,981.7526879999999,586.292188,744459aed-ded5-b613-f7c3-f3b023458f43,0000-12-79%,900012,,gear,,True,2454.664977725457,8938.483333333334,0.1482816497497546,30,82.82836496710931,15.687947,155.081508,36.808188,147.847545
2023-04-30T14:48:13.000Z,2024-09-05T16:08:27.000Z,2271f68cbd31f8cb94f887487bcfea29,gap,"[-166.11456, -45.309306666666664, -79.49228333333333, 8.901885]",-24.0542,-113.7868,[],[],"['ACAP', 'SPRFMO', 'WCPFC', 'IWC']",['81'],['81'],[],[],[],[],802,7,1498.96,0.0,9f0c7893a-acac-0374-c34e-6066659b0435,PACIFIC MOON,760000600,PER,other,,True,10447.967955402022,11857.333333333334,0.475777413117624,23,631.5048769110421,-45.309306666666664,-166.11456,8.901885,-79.49228333333333
2023-05-01T01:46:38.000Z,2026-09-03T10:47:38.000Z,fb4d9b3a6cb2d62464ab1cd6f461ec75,gap,"[-148.125932, 58.703763, -147.36199, 59.194895]",58.9499,-147.7467,[],['8463'],"['ACAP', 'IPHC', 'IWC']",['67'],['67'],[],[],[],[],121,62,141.235766,97.989188,a679b9667-71cd-917d-2e33-1d186f5a0674,LLBUOY11       11.4V,941213480,,gear,,True,70.01462196775633,29313.016666666666,0.0012896956974019136,14,75.90013429195012,58.703763,-148.125932,59.194895,-147.36199
2023-05-01T09:59:10.000Z,2024-02-16T01:24:27.000Z,473fd7477af94222dd88a02de23315e9,gap,"[-62.19126, -50.014446666666664, 76.29876666666667, -7.229876666666667]",-53.2931,36.4818,[],[],"['ACAP', 'IOTC', 'IWC', 'SIOFA']","['51', '51.4']",['51'],[],[],[],[],421,121,429.131,336.321188,e8c652584-464d-7dec-1ac7-5b1d30f4aa52,SHIN TORNG SHING,416251901,TWN,fishing,,True,12497.480742625534,6975.416666666667,0.9674117082187509,295,254.44798929131338,-7.229876666666667,76.29876666666667,-50.014446666666664,-62.19126
2023-05-01T10:04:11.000Z,2026-03-20T16:25:40.000Z,d337e5b9ffd680d047b769428ef95490,gap,"[-165.725495, -13.445385, -165.660482, -7.831098]",-10.6382,-165.6927,[],['8446'],"['ACAP', 'WCPFC', 'FFA', 'IWC', 'SPC']",['77'],['77'],[],[],[],[],212,337,284.327875,663.975375,6ba222dba-a0c7-826b-3970-4465df6737c4,SLC883-18 79%,991288318,,gear,,True,624.3216038170284,25302.35,0.013323137871596644,117,169.3453981085708,-13.445385,-165.725495,-7.831098,-165.660482
2023-05-01T14:19:57.000Z,2024-04-23T13:53:12.000Z,cf7c957e3e43d478a7a6d857bfe168b5,gap,"[48.729903, -38.567448, 52.924947, -35.601247]",-37.1028,50.7864,[],[],"['ACAP', 'IOTC', 'IWC', 'SIOFA', 'CCSBT']","['51', '51.7']",['51'],[],[],[],[],844,1154,1601.9355,1182.933875,3fff80a30-0007-cf8b-fffe-d448b86fbf71,AIS BUOY_13_99%,999000513,,gear,,True,497.14792463361186,8591.55,0.031244467439497187,67,158.91322535149047,-38.567448,52.924947,-35.601247,48.729903
2023-05-01T23:54:17.000Z,2024-11-13T05:48:16.000Z,afa101dc06e963b02282fd31972ada58,gap,"[-166.2893, -21.161637, -150.753333, -5.45787]",-13.4284,-158.2663,[],[],"['ACAP', 'SPRFMO', 'WCPFC', 'IWC']",['77'],['77'],[],[],[],[],433,488,445.153625,1095.953,b21813eab-b779-6b01-7486-6f5ff5532442,994048112         9V,994048112,,gear,,True,2419.4343834609003,13469.883333333333,0.09698599635466408,188,171.7820894049946,-21.161637,-166.2893,-5.45787,-150.753333
2023-05-02T13:50:59.000Z,2024-06-08T07:10:43.000Z,cba89072981766cceeab06d71c324db0,gap,"[162.678378, -17.442378, 174.490877, -13.034978]",-15.3162,168.5225,[],['8314'],"['ACAP', 'WCPFC', 'FFA', 'IWC', 'SPC']",['71'],['71'],[],[],[],[],238,255,296.870156,270.50506199999995,af246224b-b297-f17b-d05c-fee6f3734f82,HOSM AIS TEST SHIP,987703007,,fishing,,True,1358.2662328663757,9665.316666666668,0.07588008946149813,24,76.90196166018566,-13.034978,162.678378,-17.442378,174.490877
2023-05-02T14:08:47.000Z,2024-03-25T08:13:51.000Z,5544fcd1add06fb40694775f141971ad,gap,"[-46.086105, 10.030478, -40.218095, 11.093195]",10.5754,-43.1572,[],[],"['ICCAT', 'ACAP', 'NAMMCO', 'IWC']",['31'],['31'],[],[],[],[],860,1436,892.036438,1496.756625,9fac1f008-8490-4374-ddad-8e1a42a258e6,045-BUOY 008      9V,994118018,,gear,,True,652.2139253439686,7866.083333333333,0.04477035538203544,46,34.03295238144726,10.030478,-46.086105,11.093195,-40.218095
2023-05-02T23:43:15.000Z,2024-06-15T12:26:47.000Z,ef9f71b630f137ea2ad99b2f4ec4b281,gap,"[-177.129168, 11.97895, -173.785, 12.504358]",12.2467,-175.4554,[],[],"['ACAP', 'NPFC', 'WCPFC', 'IWC']",['77'],['77'],[],[],[],[],696,940,1714.39975,1394.82475,b95e1bf32-2444-be23-3a4e-01dca71896ca,BUOY-LS-14        9V,994008784,,gear,,True,368.062410904589,9828.716666666667,0.020220117193758654,104,140.23853687012758,11.97895,-173.785,12.504358,-177.129168
2023-05-03T10:30:56.000Z,2024-06-09T17:44:57.000Z,0e347f63b7c49824a95c9645981abb55,gap,"[-167.501388, -13.862937, -164.995682, -11.921292]",-12.8951,-166.2534,[],['8446'],"['ACAP', 'WCPFC', 'FFA', 'IWC', 'SPC']",['77'],['77'],[],[],[],[],210,210,215.268281,432.09765600000003,961cbf5e6-6abc-e2cb-9f24-01d971d98d9c,HNY736-06100%,991173606,,gear,,True,346.94454559832474,9679.233333333334,0.01935432914635146,165,172.38454026163868,-13.862937,-164.995682,-11.921292,-167.501388
2023-05-04T00:44:41.000Z,2024-01-03T18:14:09.000Z,4b17e3800dd1bf6c0baa62e0936b64ae,gap,"[-26.458553, -23.752705, -9.25019, -1.9394900000000002]",-12.9871,-17.4734,[],[],"['ICCAT', 'ACAP', 'IWC']","['34', '34.4.1', '34.4']",['34'],[],[],[],[],720,463,770.933875,1370.835375,7990e58ec-cc5c-4133-7349-af32962854cd,CBLS 1,941217653,,gear,,True,3051.7902529419403,5873.483333333334,0.28055496479304404,41,46.430030310860026,-1.9394900000000002,-9.25019,-23.752705,-26.458553
2023-05-04T01:11:39.000Z,2024-02-12T11:51:42.000Z,3c8f558f2d7c53af0a1b87398985f22f,gap,"[58.678203, -0.800502, 61.015813, 2.578622]",0.8892,59.8475,[],[],"['ACAP', 'IOTC', 'IWC', 'SIOFA']","['51', '51.5']",['51'],[],[],[],[],682,783,698.0075,832.085062,8b154f41f-f077-f444-0d5c-6db71b465785,IMULA 0959CHW NET 10,964171720,,gear,,True,456.8481407956842,6826.666666666667,0.036134511001278506,22,24.510332406033427,-0.800502,61.015813,2.578622,58.678203
2023-05-04T06:53:17.000Z,2024-03-30T19:10:53.000Z,599121c716009e89cf2557e4e1c0878a,gap,"[31.683742, -38.772215, 33.023167, -38.317885]",-38.547,32.3513,[],[],"['ACAP', 'IOTC', 'IWC', 'SIOFA', 'CCSBT']","['51', '51.8']",['51'],[],[],[],[],786,674,786.587,679.518125,5c67d2eb4-4f57-8d22-04c6-f261471d929d,994012173         9V,994012173,,gear,,True,126.96817210834783,7956.283333333334,0.008616753008909895,55,151.86770393390537,-38.772215,33.023167,-38.317885,31.683742
2023-05-04T23:01:39.000Z,2024-10-27T18:33:51.000Z,8aef2f7988e1a286e5bfe302e6a2ccf2,gap,"[49.883135, -36.170297, 63.556353, -11.319163]",-23.8944,57.3855,[],[],"['ACAP', 'IOTC', 'IWC', 'SIOFA', 'CCSBT']","['51', '51.7']",['51'],[],[],[],[],1087,749,1265.086375,929.710312,0d9f7ab0c-cb07-ed4b-739e-541291d65deb,994015102         9V,994015102,,gear,,True,3085.91057566126,13003.533333333333,0.12813889636541856,40,146.86550223498602,-36.170297,49.883135,-11.319163,63.556353
2023-05-05T15:28:35.000Z,2025-12-06T22:56:28.000Z,58997b624c237113979fc5fb77aecb8e,gap,"[126.984693, -10.189243, 139.235285, 30.106832]",10.0146,133.5061,[],['8492'],"['ACAP', 'SEAFDEC', 'WCPFC', 'APFIC', 'IWC']",['71'],['71'],[],[],[],[],203,238,227.331234,283.885719,1f0d39508-8ce6-8afd-0ed0-4bb51fe5d6e0,BUOY_99%,123037872,,gear,,True,4668.485753960223,22711.45,0.11099162073257962,54,24.40275285707399,-10.189243,139.235285,30.106832,126.984693
2023-05-05T18:58:28.000Z,2024-01-14T15:16:09.000Z,036b850d7d300f4d2d1a97926e91ba9f,gap,"[-33.671018, -2.54652, -2.337665, 10.461572]",4.1097,-17.8776,[],[],"['ICCAT', 'ACAP', 'IWC']","['34', '34.4.1', '34.4']",['34'],[],[],[],[],809,1081,780.937,1109.765875,f44b87865-515b-2571-4acb-9869cc56335d,B4              (99),98354164,,gear,,True,3757.5229968749163,6092.283333333334,0.3330278641511995,76,40.56966828183681,-2.54652,-2.337665,10.461572,-33.671018
2023-05-06T23:30:20.000Z,2024-02-05T10:24:53.000Z,c9b2af7ee8b342c5261de37e28d8aed2,gap,"[-56.181835, 11.05723, -55.611118, 12.248525]",11.653,-55.8959,[],['8418'],"['ICCAT', 'ACAP', 'CRFM', 'NAMMCO', 'IWC']",['31'],['31'],[],[],[],[],367,476,375.49475,481.72828100000004,fafb2f65e-ea3f-b295-20b8-d9d20898099d,941215334,941215334,,gear,,True,146.32196557302967,6586.9,0.011994647073156043,67,24.03276524961888,12.248525,-56.181835,11.05723,-55.611118
2023-05-07T07:04:48.000Z,2024-09-11T06:16:44.000Z,9231c921435174b21bd931081a77d6b3,gap,"[-151.972618, -6.228903, 79.653763, 3.712382]",-2.8876,144.0668,[],[],"['ACAP', 'SPRFMO', 'WCPFC', 'IWC']",['77'],['77'],[],[],[],[],617,800,641.491938,808.0775,eb37e0d2f-f594-b4ff-07bd-6dbcbadd6a60,BUOY-A36          9V,994208136,,gear,,True,14291.319317496213,11831.183333333332,0.6522335829332615,136,159.56699762048353,3.712382,-151.972618,-6.228903,79.653763
2023-05-08T13:25:12.000Z,2025-05-12T21:06:26.000Z,41357ef440b7c0946b0265184f716e1f,gap,"[46.588497, -37.019047, 101.53893, -2.519005]",-22.0195,70.7423,[],[],"['ACAP', 'IOTC', 'IWC', 'SIOFA']","['51', '51.5']",['51'],[],[],[],[],492,1257,508.671875,1288.29075,45b4a1aa6-6704-20f9-d59f-d791b0ac0171,22APRAT100        9V,998006003,,gear,,True,6784.805291550199,17647.683333333334,0.20759108762877793,32,38.36325941815953,-2.519005,46.588497,-37.019047,101.53893
2023-05-08T15:31:11.000Z,2024-04-26T15:51:44.000Z,d409f358691bf3d7a48321ad6a51c016,gap,"[-148.446795, 58.279027, -147.606572, 59.114387]",58.6974,-148.0317,[],['8463'],"['ACAP', 'IPHC', 'IWC']",['67'],['67'],[],[],[],[],162,75,188.596953,100.70204700000001,f80ea3040-0956-7c4b-131b-177ccad0d756,941215025,941215025,,gear,,True,104.80524597695675,8496.333333333334,0.006660556193233362,29,75.90013429195012,58.279027,-148.446795,59.114387,-147.606572
2023-05-09T07:28:50.000Z,2024-09-16T22:47:34.000Z,8f6fb99e60aeb6d11870136f1593db19,gap,"[168.952465, 2.121642, 170.35392, 12.656217999999999]",7.3895,169.6448,[],['8318'],"['ACAP', 'WCPFC', 'FFA', 'IWC', 'SPC']","['71', '71.6.2']",['71'],[],[],[],[],165,273,517.121938,371.8395,2dbf07b6b-b9ad-ad27-47d2-7749ca0b62bb,HNY767-10100%,991176710,,gear,,True,1181.5135517149356,11919.3,0.053523804302569394,82,156.6976422326098,12.656217999999999,170.35392,2.121642,168.952465
2023-05-11T19:21:06.000Z,2024-07-05T20:34:08.000Z,c7ebf7cc0be7fdee9495dc2f82c822d2,gap,"[-176.109108, -8.05511, 148.149845, 2.867202]",-2.7253,165.9404,[],[],"['ACAP', 'SPRFMO', 'WCPFC', 'IWC']",['71'],['71'],[],[],[],[],398,441,519.473219,562.677,81c8e190e-e6ae-2ee0-e64e-d6afdeff46bc,9453 BUOY 10-99%,945310,,gear,,True,4145.8066515102355,10105.216666666667,0.22152484020249708,144,134.53411618422535,-8.05511,-176.109108,2.867202,148.149845
2023-05-11T21:53:10.000Z,2024-02-20T11:32:05.000Z,cc5b4c1aa3ea2490c8fcac51cf8ab149,gap,"[-26.70756, -6.810428, -10.203793, 7.841445]",0.5209,-18.4461,[],[],"['ICCAT', 'ACAP', 'IWC']","['47', '47.A.0', '47.A']",['47'],[],[],[],[],470,801,480.38584399999996,821.8650620000001,9e9a75099-9891-8eff-25f7-468243489b81,994230346         9V,994230346,,gear,,True,2450.1841850874107,6829.633333333333,0.1937137113936178,34,49.61189996980801,-6.810428,-10.203793,7.841445,-26.70756
2023-05-12T02:21:04.000Z,2024-04-04T11:13:28.000Z,81a887b2820e4f07e8ed280cb659d0a0,gap,"[-174.079072, -5.67047, 63.227913, 12.145273]",6.7267,123.6449,[],[],"['ACAP', 'NPFC', 'WCPFC', 'IWC']",['77'],['77'],[],[],[],[],703,783,1690.03225,832.9163120000001,fe2635370-0f48-bd85-c3b7-9136b087aa15,BUOY-B022         9V,994008452,,gear,,True,13689.259163009543,7880.866666666667,0.9379182432561063,58,138.34416267653572,12.145273,-174.079072,-5.67047,63.227913
2023-05-12T08:02:41.000Z,2024-03-31T11:51:12.000Z,ad304e64477424a1f64d601a13a57c93,gap,"[136.31316, -28.296587, 163.600547, -5.750425]",-17.4863,149.1081,[],[],"['ACAP', 'SPRFMO', 'WCPFC', 'IWC']",['81'],['81'],[],[],[],[],428,108,566.0380620000001,97.93410899999999,602e3cbae-e2f8-6f65-fe90-3d219780aecb,994165028         9V,994165028,,gear,,True,3814.201910123127,7779.8,0.26472457789722087,78,81.59141201579226,-28.296587,163.600547,-5.750425,136.31316
2023-05-12T15:42:15.000Z,2024-06-25T11:48:33.000Z,2222771c7612649a54af8ecb6d6d9aeb,gap,"[-51.577743, -33.944247, -35.909508, -0.03521]",-17.1391,-43.0094,[],[],"['ICCAT', 'ACAP', 'IWC']","['41', '41.1.2', '41.1']",['41'],[],[],[],[],495,133,482.77325,186.50953099999998,00f46099f-f9ba-b5fa-0d03-a5c096b69763,BOIA AFN 03,108050016,,gear,,True,4109.315802439341,9836.1,0.22558260134354446,15,33.88623730952292,-0.03521,-35.909508,-33.944247,-51.577743
2023-05-12T22:55:11.000Z,2025-05-08T00:24:20.000Z,58531a02ec6cd6bad6aed491057f039c,gap,"[-37.895895, -0.392827, -37.036535, 8.602253]",4.1048,-37.4686,[],['8464'],"['ICCAT', 'ACAP', 'IWC']","['41', '41.1.2', '41.1']",['41'],[],[],[],[],347,1311,321.189375,1313.353875,fdbcdd445-538a-4207-0ce6-32b37954bc5e,FISH BUOY AZ-3100%,710999912,BRA,gear,,True,1004.7303285042368,17425.483333333334,0.031133195340205772,15,32.68565840598822,-0.392827,-37.895895,8.602253,-37.036535
2023-05-12T22:57:53.000Z,2024-10-07T18:19:29.000Z,c06ee62278e21025c862515eeed6aee5,gap,"[-176.524573, -12.19945, -129.083362, 12.343237]",0.0785,-152.7971,[],[],"['ACAP', 'NPFC', 'WCPFC', 'IWC']","['71', '71.6.2']",['71'],[],[],[],[],894,1047,1448.514,1063.23775,55293b1a6-6e1f-594e-9798-e9507335e5b6,2020619 60%,890906019,,gear,,True,5902.871054567937,12331.35,0.2584709205266106,40,138.10468735625412,12.343237,-176.524573,-12.19945,-129.083362
2023-05-12T22:58:17.000Z,2024-10-07T16:12:34.000Z,c72540b246ceb17ab8f9fd3feaaa29a9,gap,"[-176.526765, -12.199003, -128.712748, 12.343208]",0.0789,-152.6128,[],[],"['ACAP', 'NPFC', 'WCPFC', 'IWC']","['71', '71.6.2']",['71'],[],[],[],[],895,1076,1447.510875,1102.92175,a94d9b2ce-e150-f36d-aeae-99d6b533a6ef,2020620 74%,890906020,,gear,,True,5939.34354576774,12329.233333333334,0.26011260139977327,76,138.10468735625412,12.343208,-176.526765,-12.199003,-128.712748
2023-05-13T16:32:38.000Z,2025-09-09T16:40:59.000Z,8e18dd331733859c68b0915f433d5e75,gap,"[-157.125825, -13.160453, 174.9054, 16.88974]",1.9215,-170.9855,[],[],"['ACAP', 'SPRFMO', 'WCPFC', 'IWC']",['77'],['77'],[],[],[],[],404,680,527.889812,1153.132875,333b76c1a-a686-90cc-ceeb-5d64755dc854,LONGLINE BUOY 1583%,272515,UKR,gear,,True,4539.017188753003,20400.133333333335,0.1201400584997642,182,172.9183919897953,-13.160453,-157.125825,16.88974,174.9054
2023-05-13T17:33:19.000Z,2024-10-08T17:52:32.000Z,6719700e577203676e7d63adfeca2a47,gap,"[-176.071087, -12.367433, -129.205442, 11.96239]",-0.2207,-152.6572,[],[],"['ACAP', 'NPFC', 'WCPFC', 'IWC']","['71', '71.6.2']",['71'],[],[],[],[],878,1023,1478.645625,1052.644875,92e202ef5-5da9-a279-12c8-560bf14ea441,2020613100%,890906013,,gear,,True,5836.233761674722,12336.316666666668,0.25545016485263067,175,139.88714210893374,11.96239,-176.071087,-12.367433,-129.205442
2023-05-14T02:53:12.000Z,2024-03-02T22:36:15.000Z,5913af8b4e176a370f360b547892624b,gap,"[-172.97727, -36.686555, 173.26831, 34.156468]",-1.2742,-179.963,[],[],"['ACAP', 'SPRFMO', 'WCPFC', 'IWC', 'CCSBT']",['81'],['81'],[],[],[],[],760,1024,820.81875,2127.543,6329b1e37-7fd9-15e7-8cf4-73933b2ac03f,TK2553,81562553,,gear,,True,8005.302949298407,7051.716666666666,0.612973832546379,70,245.54412024418986,-36.686555,-172.97727,34.156468,173.26831
2023-05-14T07:22:12.000Z,2025-03-31T16:51:25.000Z,c7b78d1a3c4f246dce93ecf0d7ee56b9,gap,"[38.591068, -35.361498, 46.216048, -34.983233]",-35.2322,42.4124,[],[],"['ACAP', 'IOTC', 'IWC', 'SIOFA', 'CCSBT']","['51', '51.8']",['51'],[],[],[],[],914,1045,928.124875,1104.230875,9405307f9-9fd5-bc8a-1ce7-8acf6a6f14c2,NET FISH 817-12   9V,817333312,,gear,,True,694.1629058239363,16497.483333333334,0.022719706765752905,14,137.7048143232508,-35.361498,38.591068,-34.983233,46.216048
2023-05-14T07:44:53.000Z,2024-04-07T20:08:36.000Z,8140387b6dedad1607614c5c3d5b7308,gap,"[170.516003, 5.220092, 173.609565, 6.30612]",5.7652,172.0613,[],['8318'],"['ACAP', 'WCPFC', 'FFA', 'IWC', 'SPC']","['71', '71.6.2']",['71'],[],[],[],[],174,119,262.137453,226.262719,82fb04c58-88c3-c7c5-039d-099679b69758,SLC725-08100%,991272508,,gear,,True,362.9250137537016,7908.383333333333,0.02477925285874777,179,172.51011064257068,6.30612,173.609565,5.220092,170.516003
2023-05-14T08:17:57.000Z,2024-03-30T08:28:55.000Z,3a870267127ed781d4db17b4cfc0484d,gap,"[32.518068, -39.590883, 33.894907, -36.893448]",-38.2442,33.1937,[],[],"['ACAP', 'IOTC', 'IWC', 'SIOFA', 'CCSBT']","['51', '51.8']",['51'],[],[],[],[],844,600,904.588625,600.432625,545e39dbc-c3a2-2cfd-4c06-498b097f5299,994012176         9V,994012176,,gear,,True,323.1338030441505,7704.166666666667,0.02264726386763148,71,157.04220624674014,-39.590883,33.894907,-36.893448,32.518068
2023-05-14T10:28:46.000Z,2024-10-08T16:09:08.000Z,718b2fcd83b3fd32f030581648562f04,gap,"[-175.846718, -12.333358, -128.911095, 12.307332]",-0.0142,-152.3801,[],[],"['ACAP', 'NPFC', 'WCPFC', 'IWC']","['71', '71.6.2']",['71'],[],[],[],[],836,1051,1514.803125,1083.898875,ff491fc97-7280-f933-9b5d-d0a071a92adb,2020609 81%,890906009,,gear,,True,5858.277995257795,12317.666666666666,0.25680326848221285,156,138.06740703416642,12.307332,-175.846718,-12.333358,-128.911095
2023-05-15T17:16:18.000Z,2025-03-13T21:40:36.000Z,bacd8b50e74a5f754a34de982d72a723,gap,"[75.49759166666666, -4.255551666666666, 111.23874, 21.474292]",9.0382,92.7294,[],[],"['ACAP', 'IOTC', 'IWC', 'SIOFA']","['51', '51.4']",['51'],[],[],[],[],377,2,479.945344,0.0,be13a3908-8df0-9bb7-4f86-a4848d78f2e2,3488-6,6000000,,gear,,True,4830.523293823086,16036.4,0.16264709764979213,18,214.53228807969495,-4.255551666666666,75.49759166666666,21.474292,111.23874
2023-05-16T10:45:35.000Z,2024-07-08T18:02:52.000Z,7be26fb3d7ca4bb9ac8c2f03693dfce0,gap,"[-45.968603, -25.320162, -36.998595, -20.356327]",-22.9011,-41.4016,[],['8464'],"['ICCAT', 'ACAP', 'IWC']","['41', '41.2.1', '41.2']",['41'],[],[],[],[],137,306,72.597258,262.993719,f109dbd20-0f62-451c-7661-102b343b4f6f,DOM ISAAC - I,710457867,BRA,gear,,True,1071.70962206109,10063.283333333333,0.05750378704374295,93,14.921468827052578,-25.320162,-45.968603,-20.356327,-36.998595
2023-05-16T19:00:33.000Z,2024-05-28T05:09:31.000Z,8cbfcf5e132ff6b77e148e003edced9d,gap,"[39.09509, -39.022052, 54.89753, -35.46524]",-37.5071,46.8086,[],[],"['ACAP', 'IOTC', 'IWC', 'SIOFA', 'CCSBT']","['51', '51.7']",['51'],[],[],[],[],847,961,1720.02575,972.08425,dc4c6af51-1640-0022-cf08-800a6b3294e4,NETFISH816-11     9V,816374011,,gear,,True,1451.491122816725,9058.133333333333,0.08652362226070984,16,166.4914864513156,-39.022052,54.89753,-35.46524,39.09509
2023-05-16T19:49:08.000Z,2025-06-16T02:55:25.000Z,c0b056fa2862b0cddb12cd1f6e71be6b,gap,"[-157.311202, -12.928667, 153.947577, 39.030262]",14.2595,-178.7526,[],[],"['ACAP', 'SPRFMO', 'WCPFC', 'IWC']",['77'],['77'],[],[],[],[],428,793,560.019188,800.550125,2473ed743-3680-0492-703b-a76805387468,-97%,981300906,,gear,,True,7672.263445240618,18271.1,0.22673461615131665,20,173.75224548610598,-12.928667,-157.311202,39.030262,153.947577
2023-05-17T01:15:05.000Z,2025-07-08T18:07:45.000Z,32124f18dd9702dd0cbc3a10910d0a46,gap,"[-153.645165, -16.34333, -115.00167, -11.768245]",-14.8585,-134.5243,[],['8441'],"['ACAP', 'WCPFC', 'FFA', 'IWC', 'SPC']",['77'],['77'],[],[],[],[],204,1320,541.8365,1329.043625,960e5b42c-c577-9f29-80c5-7052add523db,XSJ208,208000004,VAT,fishing,,True,4193.093116069594,18808.866666666665,0.12037350233108872,108,165.20063104332414,-11.768245,-153.645165,-16.34333,-115.00167
2023-05-17T04:03:52.000Z,2024-10-14T21:06:01.000Z,814a3ec5de60a254b05deb3f581284d0,gap,"[120.223018, -28.66706, 163.379923, 39.798893]",5.9804,143.3037,[],[],"['ACAP', 'SPRFMO', 'WCPFC', 'IWC']",['81'],['81'],[],[],[],[],443,35,523.322312,25.756096000000003,f081b7aa3-3f1b-02ab-e6fd-18c3c52bb23d,LURONGYU139-5#[8.2V],13900005,,gear,,True,8824.08111027206,12401.033333333333,0.38421174281738885,71,81.59141201579226,-28.66706,163.379923,39.798893,120.223018
2023-05-17T05:47:43.000Z,2024-05-31T18:30:59.000Z,14a72ed7ed5e3d4c655e88b6797c1d23,gap,"[148.416925, 22.444983, 149.477173, 33.241185]",27.8441,148.9735,[],[],"['ACAP', 'NPFC', 'WCPFC', 'IWC']",['61'],['61'],[],[],[],[],502,746,892.96525,746.284125,cac374b3e-ee9c-42b9-fc9b-d8e060b0c161,LONGLINE BUOY 06-86%,275606,LVA,gear,,True,1204.9778569975226,9132.716666666667,0.0712423275183883,18,40.11450720083329,22.444983,149.477173,33.241185,148.416925
2023-05-17T06:50:36.000Z,2024-03-21T09:23:04.000Z,82bbcc8ae0724f76cb932325c524e959,gap,"[91.957997, -35.84218, 136.079912, -7.875798]",-23.3887,116.3373,[],[],"['ACAP', 'IOTC', 'IWC', 'SIOFA', 'CCSBT']","['57', '57.4']",['57'],[],[],[],[],1299,177,2126.711,194.70443799999998,46f3d0816-6240-8d78-cf05-08ad128316ad,994165128         9V,994165128,,gear,,True,5443.414795891698,7418.533333333334,0.396198105610265,135,244.9554186594014,-35.84218,91.957997,-7.875798,136.079912
2023-05-17T08:34:55.000Z,2025-04-01T12:09:37.000Z,3ccd02a223b80feb8746248b300e993d,gap,"[-47.837868, -29.106432, -47.163842, -27.84066]",-28.474,-47.4988,[],['8464'],"['ICCAT', 'ACAP', 'IWC']","['41', '41.2.2', '41.2']",['41'],[],[],[],[],111,127,125.72560899999999,147.854297,3d9678ce2-269a-f3e8-328f-492ee9be82aa,EDUARDA II B9100%,710000133,BRA,gear,,True,155.40286633571202,16443.566666666666,0.005102958297033377,36,16.189278609196037,-29.106432,-47.837868,-27.84066,-47.163842
2023-05-17T10:06:36.000Z,2024-03-01T08:04:39.000Z,22c349bb0534c0e3781a498bb2d92da0,gap,"[-176.61273, -16.233567, 162.41745, -1.6728]",-9.1026,172.6889,[],['8448'],"['ACAP', 'WCPFC', 'FFA', 'IWC', 'SPC']",['71'],['71'],[],[],[],[],122,455,271.103938,515.009031,873318322-27ae-9b0c-6972-98ea112720f5,994067023         9V,994067023,,gear,,True,2809.7189627440594,6933.966666666666,0.2187963892335143,44,119.05214181112622,-16.233567,-176.61273,-1.6728,162.41745
2023-05-18T12:42:51.000Z,2025-04-17T06:55:29.000Z,11f12e7559cc66be66b28a8754a1acc7,gap,"[103.585973, 2.62739, 144.104407, 9.455997]",6.4368,123.9787,[],[],"['ACAP', 'SEAFDEC', 'SPRFMO', 'WCPFC', 'IWC']",['71'],['71'],[],[],[],[],394,17,591.6365,131.5795,92197e7b6-680d-c46f-0e40-3ad81aeb9eaf,000001108,1108,,other,,True,4540.50998131237,16794.2,0.14598368815235224,26,34.58482585923291,2.62739,144.104407,9.455997,103.585973
2023-05-18T12:45:32.000Z,2025-04-22T23:37:15.000Z,f45295c7af2ef0ea658daf72eda1ccf9,gap,"[-48.309442, -30.493375, -48.071148, -27.414995]",-28.9542,-48.1921,[],['8464'],"['ICCAT', 'ACAP', 'IWC']","['41', '41.2.2', '41.2']",['41'],[],[],[],[],204,6,196.60654699999998,36.77626600000001,bfc625481-14b2-9c6f-2911-8bcf5d24b63a,EDUARDA II B4100%,710000128,BRA,gear,,True,343.084719722626,16930.85,0.010941620094438968,41,16.294022913594354,-30.493375,-48.071148,-27.414995,-48.309442
2023-05-18T13:27:32.000Z,2024-04-21T21:48:29.000Z,3842dfb4878b476d4827351a3a357e1c,gap,"[-148.113465, 58.773997, -147.897617, 59.02417]",58.8991,-148.0059,[],['8463'],"['ACAP', 'IPHC', 'IWC']",['67'],['67'],[],[],[],[],113,84,133.47718799999998,106.728602,74a7cc344-4e0b-ec64-16e0-51b49825275c,LLBUOY12       11.1V,941213466,,gear,,True,30.45560844463171,8144.333333333333,0.0020191601092451783,14,75.90013429195012,58.773997,-148.113465,59.02417,-147.897617
2023-05-18T16:09:18.000Z,2024-05-15T13:59:25.000Z,cc8b76d976eb67510da4f8cfc6c4a3b6,gap,"[-55.474242, 50.024573, -52.53888, 50.488358]",50.2657,-54.0137,[],['8493'],"['ICCAT', 'ACAP', 'NAFO', 'NAMMCO', 'NASCO', 'IWC']","['21.3', '21.3.K', '21']",['21'],[],[],[],[],134,4,170.591234,64.907875,c983dccaa-a8e6-101f-3e26-b268c152fdd3,PERFECT STORM,316005180,CAN,fishing,,True,214.94490080561812,8709.833333333334,0.013325279269573755,21,21.40068723518199,50.488358,-52.53888,50.024573,-55.474242
2023-05-19T09:05:48.000Z,2024-08-11T03:43:48.000Z,fc9294da9239959d09be2d144b117b60,gap,"[136.595975, 23.693192, 148.539577, 25.197142]",24.5628,142.6035,[],[],"['ACAP', 'NPFC', 'WCPFC', 'IWC']",['61'],['61'],[],[],[],[],512,470,740.455812,537.7555,795cdbac0-0b47-855e-3ec3-70088964d5b1,NETFISH55-10-60%,777222210,,gear,,True,1220.1013953343167,10794.633333333333,0.061030516644065634,15,34.81882513196488,23.693192,148.539577,25.197142,136.595975
2023-05-19T23:22:58.000Z,2024-01-23T10:38:10.000Z,b59217eb2464450e045ad44c90f00840,gap,"[-178.556682, 49.814548, 155.76042, 61.110893]",56.1232,166.7257,[],['5690'],"['ACAP', 'WCPFC', 'IWC']",['61'],['61'],[],[],[],[],179,34,239.662984,95.731875,f09ef149f-fb9a-cac0-de44-87b4abfa11fb,MA-6,941216573,,gear,,True,2026.656101431842,5963.25,0.1835084476138307,29,106.07786485261643,61.110893,-178.556682,49.814548,155.76042
2023-05-20T15:21:20.000Z,2024-05-23T19:12:54.000Z,c45d437b99eed7ca84abdc7abac0b6f4,gap,"[-148.912808, 4.03991, 178.190277, 12.332308]",8.5303,-165.1849,[],[],"['ACAP', 'IATTC', 'IWC']",['77'],['77'],[],[],[],[],953,830,979.046938,946.133812,228432c44-4c30-1d01-c773-7d1b2e1a29f5,BUOY-A019         9V,994008329,,gear,,True,3731.9846667354345,8859.85,0.22744296023027916,140,156.52268725548632,4.03991,-148.912808,12.332308,178.190277
2023-05-20T18:12:59.000Z,2026-03-31T21:30:34.000Z,bfaba66c64bc7725d3556c189b189866,gap,"[-165.724002, -9.448847, -164.301975, -6.793865]",-8.122,-165.0153,[],['8446'],"['ACAP', 'WCPFC', 'FFA', 'IWC', 'SPC']",['77'],['77'],[],[],[],[],229,451,442.00075,773.023,5fd2b5958-8016-a1b4-44d1-9e5214ed7926,HNY723-01 93%,991172301,,gear,,True,334.1473854718947,25107.283333333333,0.007186167923749553,44,175.01222391905497,-9.448847,-164.301975,-6.793865,-165.724002
2023-05-20T19:02:24.000Z,2024-07-14T15:02:29.000Z,4d014a04f2a797a2f1ec0ab49bfc11af,gap,"[159.394403, -35.794813, 163.919667, -30.385505]",-33.1106,161.7267,[],[],"['ACAP', 'SPRFMO', 'WCPFC', 'IWC', 'CCSBT']",['81'],['81'],[],[],[],[],447,412,475.842969,481.039062,297155104-46f4-fbdb-fdf8-cc11d7c4282c,994161280         9V,994161280,,gear,,True,734.2937659712026,10100.0,0.03925613016547284,118,115.78480093271904,-35.794813,159.394403,-30.385505,163.919667
2023-05-21T10:46:47.000Z,2025-06-10T07:39:46.000Z,d15622770baa86b8c9d1bef447b0f7ea,gap,"[-166.231727, 2.115458, 167.551667, 13.225992]",7.8734,-179.1653,[],[],"['ACAP', 'SPRFMO', 'WCPFC', 'IWC']",['77'],['77'],[],[],[],[],586,203,786.992125,495.25159399999995,909125ae0-0727-c2e6-e852-4060beef7d7b,NET FISH 805-15   9V,805458015,,gear,,True,3137.3056620339225,18020.866666666665,0.094002667467087,33,158.34373662257343,2.115458,-166.231727,13.225992,167.551667
2023-05-22T09:36:40.000Z,2024-06-06T04:41:05.000Z,3d7d2d25fed77779f75be89de5a83bf3,gap,"[102.582115, -34.748083, 102.650132, -34.233085]",-34.4906,102.6162,[],[],"['ACAP', 'IOTC', 'IWC', 'SIOFA', 'CCSBT']","['57', '57.3']",['57'],[],[],[],[],1141,1136,1160.440375,1152.754,a358d6656-6bc7-2652-a4b4-5e0233dfbef2,BUOY-01           9V,994110921,,gear,,True,57.60353962880756,9139.066666666668,0.0034033478756808886,15,245.71861416156094,-34.748083,102.582115,-34.233085,102.650132
2023-05-22T12:55:04.000Z,2025-04-16T12:18:14.000Z,9ecb3f3e7a3860b273db7f7d77aeecf7,gap,"[-50.005872, -39.481747, -49.627312, -36.768202]",-38.1251,-49.8201,[],[],"['ICCAT', 'ACAP', 'IWC', 'CCSBT']","['41', '41.2.4', '41.2']",['41'],[],[],[],[],669,431,669.544625,441.085531,d28755d83-36c7-5aa5-ba4d-04bac2f8fa3b,BUOY-09           9V,994001119,,gear,,True,303.5435663741185,16679.383333333335,0.009826527188290489,17,34.06629074128571,-39.481747,-49.627312,-36.768202,-50.005872
2023-05-22T16:09:50.000Z,2024-01-06T06:53:45.000Z,a28be9885345009f3da225b1d485963a,gap,"[-27.98579, -32.733878, 11.192667, -15.205088]",-25.2562,-9.7939,[],[],"['ICCAT', 'ACAP', 'IWC', 'CCSBT']","['47', '47.C', '47.C.1']",['47'],[],[],[],[],623,601,632.015312,1039.029812,7c89db65f-faf7-40ef-0f85-4f9ff1086f82,RIS102-09,81562885,,gear,,True,4397.746549773807,5486.716666666666,0.4327894647541429,30,104.08451677010305,-32.733878,11.192667,-15.205088,-27.98579
2023-05-22T22:07:23.000Z,2024-01-17T09:37:50.000Z,9428c1a4923f0c18f46e494103d71327,gap,"[-47.438213, 7.850338, -27.48208, 26.048802]",17.194,-36.9681,[],[],"['ICCAT', 'ACAP', 'NAMMCO', 'IWC']",['31'],['31'],[],[],[],[],1746,826,1751.498,849.087875,f4ca870e2-2ad8-ecdf-7642-f204e2616169,BUOY-01  100%,168800735,,gear,,True,2923.6660500508647,5747.5,0.2746678337986057,29,25.502011869764946,26.048802,-47.438213,7.850338,-27.48208
2023-05-23T00:48:30.000Z,2024-01-17T09:37:43.000Z,cd0be77bf67533343663f6b32cfec8f2,gap,"[-47.344572, 7.850887, -27.51405, 26.02446]",17.1789,-36.9415,[],[],"['ICCAT', 'ACAP', 'NAMMCO', 'IWC']",['31'],['31'],[],[],[],[],1753,827,1758.52725,850.338375,90e9d1e02-2582-4f99-4987-b126064556d3,BUOY-02  100%,168800736,,gear,,True,2912.3029568487054,5744.816666666667,0.2737281077042805,102,25.502011869764946,26.02446,-47.344572,7.850887,-27.51405
2023-05-23T01:38:58.000Z,2024-01-17T10:42:19.000Z,0e809608455a113663239cd13c142869,gap,"[-47.257532, 7.850002, -27.606033, 26.00823]",17.1659,-36.9491,[],[],"['ICCAT', 'ACAP', 'NAMMCO', 'IWC']",['31'],['31'],[],[],[],[],1759,832,1764.943125,854.583875,bc2a6b5e6-63bf-88b8-8a28-4f382c065379,BUOY-03  100%,168800737,,gear,,True,2897.6071031747097,5745.05,0.2723357793406176,100,25.502011869764946,26.00823,-47.257532,7.850002,-27.606033
2023-05-23T03:24:16.000Z,2024-01-17T11:02:45.000Z,04f8c8ae45f20f178ab1750aab94f9d9,gap,"[-47.166853, 7.8500119999999995, -27.667687, 25.9824]",17.1491,-36.9395,[],[],"['ICCAT', 'ACAP', 'NAMMCO', 'IWC']",['31'],['31'],[],[],[],[],1765,834,1771.167125,857.1874379999999,4ec635049-9d9d-fcf3-e098-7e96d30bd08b,BUOY-04  100%,168800738,,gear,,True,2884.2021680944536,5743.633333333333,0.27114275804589694,81,26.392478376637182,25.9824,-47.166853,7.850012,-27.667687
2023-05-23T05:14:05.000Z,2024-05-02T05:12:05.000Z,dce08f648b1e1e45d39b86ff97f95c64,gap,"[44.614988, -35.96464, 50.285198, -35.209955]",-35.6205,47.4635,[],[],"['ACAP', 'IOTC', 'IWC', 'SIOFA', 'CCSBT']","['51', '51.7']",['51'],[],[],[],[],1163,1150,1171.612,1231.53275,6642d9a14-48b7-5ee1-7857-68c780c7bcd0,810000012         9V,810000012,,gear,,True,519.4835310906153,8279.966666666667,0.03387678697123345,26,143.50552638847225,-35.209955,50.285198,-35.96464,44.614988
2023-05-23T10:19:00.000Z,2025-04-30T03:21:08.000Z,e8470164122effaf10e009b4432e00b1,gap,"[-4.19878, -44.39356, 155.566943, -42.507763]",-79.456,80.6778,[],[],"['ACAP', 'SPRFMO', 'WCPFC', 'IWC', 'CCSBT']",['81'],['81'],[],[],[],[],595,647,597.718938,2242.56775,6f0901594-454b-5060-dc24-6cdf5080d32e,68C019  100%,168805413,,gear,,True,10144.849820105532,16985.033333333333,0.3225063250039283,30,162.91257571091998,-42.507763,155.566943,-44.39356,-4.19878
2023-05-24T02:48:58.000Z,2025-11-18T17:43:51.000Z,06d49e867550d95f7b36faeaa55d9b7a,gap,"[125.230017, -14.883397, 173.23853, 32.463047]",9.6028,150.9634,[],[],"['ACAP', 'SPRFMO', 'WCPFC', 'IWC']",['71'],['71'],[],[],[],[],462,125,490.60081199999996,126.634797,d400483c3-3928-d81b-b707-ebaf0851d25e,LRYY619-5     [7.7V],61900005,CIV,gear,,True,7332.3481139811465,21830.9,0.18135538385727856,23,99.10870868708673,-14.883397,173.23853,32.463047,125.230017
2023-05-24T09:55:52.000Z,2024-03-01T21:52:59.000Z,c5a9bf1784d3fcd1f060762faf57d276,gap,"[-169.237442, -2.867465, -146.812538, 11.751618]",4.5281,-157.9118,[],[],"['ACAP', 'SPRFMO', 'IATTC', 'IWC']",['77'],['77'],[],[],[],[],865,552,995.698062,1397.264125,2bea09d7b-b338-f02d-1d42-9eee75b1223b,BUOY-A004         8V,994008114,,gear,,True,2964.4851660071545,6779.95,0.23609229185010702,245,156.71998402294398,-2.867465,-146.812538,11.751618,-169.237442
2023-05-24T16:33:11.000Z,2024-04-13T18:41:16.000Z,16275407f064fcc050966d6b6c3e78ee,gap,"[40.251997, -35.974857, 41.283492, -34.19139]",-35.0842,40.7621,[],[],"['ACAP', 'IOTC', 'IWC', 'SIOFA', 'CCSBT']","['51', '51.7']",['51'],[],[],[],[],975,1161,960.619062,1155.497375,0ef76b998-8d6a-0669-5957-6215d1520343,NET FISH 817-07   9V,817333307,,gear,,True,219.3982993561034,7802.133333333333,0.01518374518131069,36,132.9542339196452,-34.19139,40.251997,-35.974857,41.283492
2023-05-25T00:25:18.000Z,2025-08-15T07:14:56.000Z,59cd53ec725d82bb760e19c6056a3c62,gap,"[-18.046963, -36.219392, -7.633672, 3.064593]",-16.6416,-13.395,[],[],"['ICCAT', 'ACAP', 'CCSBT', 'IWC']","['47', '47.C', '47.C.0']",['47'],[],[],[],[],423,749,2265.07675,779.253875,9c395aa26-65fc-acf5-440b-a8dcfda2fbec,HY122-BUOY-008    9V,994208318,,gear,,True,4500.040039016441,19518.816666666666,0.124486400809309,14,131.3348367036859,-36.219392,-7.633672,3.064593,-18.046963
2023-05-25T01:34:17.000Z,2024-08-29T05:43:55.000Z,f804364f4f6c61fe4b2c3a231fbf48f8,gap,"[43.830213, -33.912127, 55.044922, -29.814698]",-31.9867,49.3125,[],[],"['ACAP', 'IOTC', 'IWC', 'SIOFA', 'CCSBT']","['51', '51.7']",['51'],[],[],[],[],1253,484,1254.468,610.820688,9f31f5f86-660e-a850-d75e-789232982829,C-18- 99%,568006818,,gear,,True,1152.0659679682242,11092.15,0.05608163047148175,33,144.47730910900722,-33.912127,55.044922,-29.814698,43.830213
2023-05-25T12:50:21.000Z,2025-05-20T15:46:52.000Z,c9c99883a6331e082cca6ff8acf3b1d5,gap,"[-159.747468, -9.665935, -159.422508, -7.944412]",-8.8052,-159.5846,[],['8446'],"['ACAP', 'WCPFC', 'FFA', 'IWC', 'SPC']",['77'],['77'],[],[],[],[],151,187,540.8265,714.9524379999999,64b6c4279-9a12-0ea9-e07c-8b4334f1d729,SLC883-15 00%,991288315,,gear,,True,194.7266481094933,17426.933333333334,0.006033418298544562,241,178.43067191696463,-9.665935,-159.747468,-7.944412,-159.422508
2023-05-25T19:35:43.000Z,2024-12-02T10:06:50.000Z,a29b086d14ff07df63429f21edb0a7d8,gap,"[92.217405, -37.317422, 109.107872, 16.646707]",-10.4452,101.4525,[],[],"['ACAP', 'IOTC', 'IWC', 'SIOFA', 'CCSBT']","['57', '57.4']",['57'],[],[],[],[],1292,98,2109.607,100.621594,8269adbfa-aca7-1b1c-f07a-d7f6cbdb5187,LQYY119-06-99%,11906,,gear,,True,6255.858345614233,13358.516666666666,0.2528643980059916,98,256.09566463066585,-37.317422,92.217405,16.646707,109.107872
2023-05-26T05:32:57.000Z,2024-05-21T09:48:59.000Z,a9c4c9d4bf3efa4b6cb77aa34bd7ba6d,gap,"[172.870623, -16.962915, 173.299847, -14.804777]",-15.884,173.0841,[],[],"['ACAP', 'SPRFMO', 'WCPFC', 'IWC']",['71'],['71'],[],[],[],[],381,500,401.11321899999996,512.947812,8c2cbc004-40a8-2ec9-5d58-4a1097f68761,LRYY618  [6]  [7.8V],123461816,,gear,,True,244.3249588529977,8668.266666666666,0.015219296874428854,14,93.9688451661845,-16.962915,173.299847,-14.804777,172.870623
2023-05-27T02:27:50.000Z,2024-02-06T20:27:39.000Z,6025633259b2d955f9e8c5e10b8e453a,gap,"[133.041215, 17.110175, 159.153512, 21.735165]",19.898,145.9082,[],[],"['ACAP', 'NPFC', 'WCPFC', 'IWC']",['61'],['61'],[],[],[],[],600,837,1587.494875,991.855625,4abef815e-e906-e563-a7b6-1f9985a8df90,952707101         9V,952707101,,gear,,True,2782.562928456476,6137.983333333334,0.24478133984241662,79,88.72446737042583,21.735165,159.153512,17.110175,133.041215
2023-05-27T02:46:14.000Z,2024-02-06T20:34:54.000Z,8570c0b93aa70b7a68f806fb9aa162d6,gap,"[133.005258, 17.296695, 159.109065, 21.736908]",19.9937,145.8746,[],[],"['ACAP', 'NPFC', 'WCPFC', 'IWC']",['61'],['61'],[],[],[],[],597,816,1583.747125,970.5028120000001,b0925ae91-1e72-cd5b-cdf2-5d6339379476,952707106         9V,952707106,,gear,,True,2776.455644922951,6137.8,0.24425137915363743,70,88.72446737042583,21.736908,159.109065,17.296695,133.005258
2023-05-28T00:07:57.000Z,2024-03-29T00:42:22.000Z,88d4c1cc677b2b9cc2be19762627da8d,gap,"[142.5382, -4.411452, 165.73782, 2.645457]",-0.9014,154.1268,[],[],"['ACAP', 'SPRFMO', 'WCPFC', 'IWC']",['71'],['71'],[],[],[],[],447,458,450.582812,607.4646879999999,4f53df2d3-3835-7c37-2ee4-eab0512ec68e,CCS-0010          9V,5988810,,gear,,True,2694.525919903712,7344.566666666667,0.19809577182313473,35,124.43699656017408,-4.411452,165.73782,2.645457,142.5382
2023-05-28T01:36:49.000Z,2025-07-15T10:39:52.000Z,b18a6ed2f1857b8c08e200e2a282783f,gap,"[39.942675, -35.10551, 84.204762, 1.286547]",-18.155,64.4009,[],[],"['ACAP', 'IOTC', 'IWC', 'SIOFA', 'CCSBT']","['51', '51.8']",['51'],[],[],[],[],1010,630,1001.1724379999999,637.7300620000001,00afdf48e-ec0b-30ad-134e-959e909d0726,BUOY-04  100%,168805115,,gear,,True,6121.593567278258,18705.05,0.17671142791078814,22,138.13150793005738,-35.10551,39.942675,1.286547,84.204762
2023-05-28T02:45:18.000Z,2025-01-15T18:32:12.000Z,2f7192b888412ac8d9d0fced3522dee1,gap,"[-155.80697, -15.519525, -109.544028, -11.924765]",-14.8705,-132.863,[],[],"['ACAP', 'SPRFMO', 'WCPFC', 'IWC']",['77'],['77'],[],[],[],[],390,1277,576.3324379999999,1284.502625,e9ba174f0-0f4c-1996-920d-74123e0a48d8,PING TAI RONG 818-4C,98349328,,gear,,True,5004.256760975998,14367.766666666666,0.1880655878548714,42,170.18716219706357,-11.924765,-155.80697,-15.519525,-109.544028
2023-05-28T05:16:48.000Z,2024-02-18T14:00:34.000Z,cb4664753270b9b0056ff84dfd5e9c04,gap,"[-51.500398, 6.962528, -48.119302, 9.764737]",8.3672,-49.8038,[],[],"['ICCAT', 'ACAP', 'NAMMCO', 'IWC']",['31'],['31'],[],[],[],[],509,463,528.581812,515.472719,809208d70-07b5-b566-2e01-c6f9a2828bdb,047-BUOY-XIA013,168804916,,gear,,True,485.1965647575317,6392.716666666666,0.040981823505527086,18,29.952902339683543,9.764737,-51.500398,6.962528,-48.119302
2023-05-28T07:50:48.000Z,2024-05-09T03:05:38.000Z,43bb2aa611a2177c766306f856010cf8,gap,"[41.767312, -34.819812, 42.52042, -34.76581]",-34.7934,42.144,[],[],"['ACAP', 'IOTC', 'IWC', 'SIOFA', 'CCSBT']","['51', '51.7']",['51'],[],[],[],[],1073,1048,1115.1835,1159.985125,15f25e11c-c6e4-37e4-43d2-d24d531fa398,NET FISH 04       9V,804000889,,gear,,True,69.03209810769455,8323.233333333334,0.004478349883667724,49,133.395060810658,-34.819812,41.767312,-34.76581,42.52042
2023-05-28T15:33:22.000Z,2024-02-24T22:29:59.000Z,93c8a5f5fb5ebb0932560c915cfc1fc5,gap,"[65.222365, -37.33445, 71.86752, -10.147965]",-23.7763,68.1912,[],[],"['ACAP', 'IOTC', 'IWC', 'SIOFA', 'CCSBT']","['51', '51.7']",['51'],[],[],[],[],500,771,2126.744,849.708375,a682d5474-4d70-171e-3679-9891d57e3739,88800128          8V,994083228,,gear,,True,3095.5224785047476,6534.933333333333,0.255771304351806,130,217.28781583877424,-37.33445,71.86752,-10.147965,65.222365
2023-05-28T17:04:23.000Z,2024-05-02T10:47:29.000Z,12be3311fb92b01854a5dcede2b4ff70,gap,"[-51.428447, -5.923808, -24.96249, 9.83959]",2.0113,-38.1317,[],[],"['ICCAT', 'ACAP', 'NAMMCO', 'IWC']",['31'],['31'],[],[],[],[],521,856,539.113625,856.3825,818d7afb3-3ae4-340e-e5d7-00b68c1b7cb7,047-BUOY-XIA015,168804918,,gear,,True,3415.7880135985856,8153.716666666666,0.22620089126288842,34,29.952902339683543,9.83959,-51.428447,-5.923808,-24.96249
2023-05-29T02:58:08.000Z,2024-03-25T14:15:00.000Z,7e35661ae996d81edb5e021d2f3b3b4c,gap,"[-51.795278, 9.985857, -41.086835, 11.104475]",10.5903,-46.4508,[],[],"['ICCAT', 'ACAP', 'NAMMCO', 'IWC']",['31'],['31'],[],[],[],[],518,1356,546.655062,1413.1495,c7a9d7313-38e4-9520-cfd2-61efd27277da,045-BUOY  013     9V,994008693,,gear,,True,1177.128562182266,7235.266666666666,0.08784729091197306,82,29.952902339683543,9.985857,-51.795278,11.104475,-41.086835
2023-05-29T08:47:24.000Z,2024-03-26T08:39:59.000Z,0b72b2cfd6eb3aa1b3ca4d50206f12ae,gap,"[-52.17901, 10.142623, -40.393765, 11.337435]",10.7957,-46.2981,[],[],"['ICCAT', 'ACAP', 'NAMMCO', 'IWC']",['31'],['31'],[],[],[],[],517,1435,556.154312,1493.033875,d576fef19-9934-1aa5-6d16-e253dfb2c04a,045-BUOY  011     9V,994008691,,gear,,True,1294.238084559929,7247.866666666667,0.09641908318534709,82,29.095930415603423,10.142623,-52.17901,11.337435,-40.393765
2023-05-29T10:12:32.000Z,2024-01-12T04:29:08.000Z,2026ca127c35cc9faf07b07883e9ed8d,gap,"[-94.745803, 1.236515, 23.263683, 71.062723]",47.2441,-76.0637,[],['8403'],"['ACAP', 'CPPS', 'IATTC', 'IWC']","['87', '87.1', '87.1.4']",['87'],[],[],[],[],308,21,309.576594,21.335305,731ac60b7-7507-4d09-03d2-528c2fbb96cf,REYARCA004,941500614,,fishing,,True,10850.732573905969,5466.266666666666,1.0718333431273928,63,46.96632799319556,1.236515,-94.745803,71.062723,23.263683
2023-05-29T17:51:17.000Z,2024-05-30T08:39:29.000Z,c851df4139f01d8389e130648bccb73f,gap,"[-51.951133, -32.177423, 12.377057, 10.153633]",-12.932,-22.4997,[],[],"['ICCAT', 'ACAP', 'NAMMCO', 'IWC']",['31'],['31'],[],[],[],[],528,509,561.604562,528.819938,de168e1da-ac49-abdf-5fa0-319696483d5a,BUOY-04,168803195,,gear,,True,8285.270996905818,8798.8,0.5084430198724464,25,30.089415483323588,10.153633,-51.951133,-32.177423,12.377057
2023-05-30T01:32:50.000Z,2024-02-02T11:34:05.000Z,32c88f346be0875b7232b031eedbda95,gap,"[-10.485682, -9.999087, 3.507945, -9.906622]",-10.026,-3.4899,[],[],"['ICCAT', 'ACAP', 'IWC']","['47', '47.A.1', '47.A']",['47'],[],[],[],[],973,472,896.92225,484.12218800000005,1681ce4d6-64ce-8994-ff10-d15986ca1216,AIS NET MARK,98341177,,gear,,True,1532.5249583631248,5962.016666666666,0.13879486153743315,124,41.52977797939017,-9.999087,3.507945,-9.906622,-10.485682
2023-05-30T10:39:35.000Z,2025-01-11T16:11:31.000Z,013249550bc59d67a230efef55bb577b,gap,"[91.913475, -29.711137, 92.885082, -15.487903]",-22.6002,92.4245,[],[],"['ACAP', 'IOTC', 'IWC', 'SIOFA', 'CCSBT']","['57', '57.3']",['57'],[],[],[],[],1600,560,2025.38125,573.166562,b955422cf-fcff-b944-3542-52555ada5040,994271252         9V,994271252,,gear,,True,1584.6714134625943,14213.516666666666,0.06020002867746258,98,204.12207115136135,-29.711137,91.913475,-15.487903,92.885082
2023-05-30T11:17:48.000Z,2024-01-10T21:23:28.000Z,f6e265cec5e8de2435f2c5ae4421199a,gap,"[157.171727, 2.945522, 166.68163, 8.499693]",5.7422,161.9498,[],['8316'],"['ACAP', 'WCPFC', 'FFA', 'IWC', 'SPC']","['71', '71.6.1']",['71'],[],[],[],[],169,287,199.625078,387.801938,9d680c1f5-552b-1fd2-0608-86c0c502525d,,991302201,,gear,,True,1219.671671090972,5410.083333333333,0.12173010584330776,65,110.24156334262521,8.499693,157.171727,2.945522,166.68163
2023-05-30T12:38:27.000Z,2025-01-23T08:43:30.000Z,979fc2f0216421d3e935600f79a49f07,gap,"[120.391502, 22.34575, 161.67086, 27.792542]",26.5579,140.551,[],[],"['ACAP', 'NPFC', 'WCPFC', 'IWC']",['61'],['61'],[],[],[],[],861,2,1920.837,1.0284179999999998,046ae8963-331b-2069-f31e-15e76309a5c4,YU-15 90%,994162695,,gear,,True,4182.279679751978,14492.083333333334,0.15582648230033902,30,87.2864769523989,27.792542,161.67086,22.34575,120.391502
2023-05-31T23:41:38.000Z,2024-03-11T02:21:18.000Z,435f87991c2cd026d2311bf7833279d7,gap,"[-164.826168, -9.490728, -158.2863, -7.377066666666667]",-8.4475,-161.5473,[],['8446'],"['ACAP', 'WCPFC', 'FFA', 'IWC', 'SPC']",['77'],['77'],[],[],[],[],175,187,838.931312,458.196875,4390b44fe-e48b-8bc6-7cb0-f9b463507adb,ZHONG YANG 19,412421025,CHN,fishing,,True,756.709835510693,6818.65,0.05992251016342827,16,461.45183174576766,-7.377066666666667,-158.2863,-9.490728,-164.826168
2023-06-01T00:16:14.000Z,2024-05-29T22:26:45.000Z,a873a5c044735f7ad8b58bf5bddc2847,gap,"[52.92950833333333, -1.9592433333333332, 78.61806, 14.315073333333334]",6.3352,65.976,[],['8353'],"['ACAP', 'PERSGA', 'IOTC', 'IWC']","['51', '51.3']",['51'],[],[],[],[],164,610,182.377062,650.448125,64f5a45ce-ef68-d040-8a31-999ac8706e64,SUNNY LIGER,538009607,MHL,other,,True,3358.7931331746604,8734.166666666666,0.207644675545237,24,87.99871102017569,14.315073333333334,52.92950833333333,-1.9592433333333332,78.61806
2023-06-01T00:38:17.000Z,2024-02-28T06:46:01.000Z,c4389a3db4a2bd8076e73472d0a75c96,gap,"[59.496393, -13.013122, 63.279437, 4.804862]",-4.1064,61.3666,[],[],"['ACAP', 'IOTC', 'IWC', 'SIOFA']","['51', '51.5']",['51'],[],[],[],[],1016,585,1095.0285,741.820375,f4bea84f2-2e3a-d349-b368-7db9a94634c4,994110266         9V,994110266,,gear,,True,2024.8561224458706,6534.116666666667,0.16732710710710044,29,17.822540051925486,4.804862,59.496393,-13.013122,63.279437
2023-06-01T04:58:04.000Z,2024-07-13T00:03:07.000Z,3a0871b9a3f7964767e9042f03ecd2fa,gap,"[158.683773, -3.673395, 178.463612, 1.597637]",-1.0535,168.5654,[],[],"['ACAP', 'SPRFMO', 'WCPFC', 'IWC']",['71'],['71'],[],[],[],[],436,212,598.374875,541.83625,240f030ec-c53a-00e1-b5c6-59f3d173ec46,NETFISH866-01     9V,866593001,,gear,,True,2275.0730911505684,9787.083333333334,0.12551657650057058,24,108.14659762351546,1.597637,158.683773,-3.673395,178.463612
2023-06-01T05:00:37.000Z,2024-06-04T13:22:19.000Z,159927ff2f99a2aee3f9a83cb98d2cff,gap,"[85.749782, -9.875358, 89.829305, -9.544305]",-9.7159,87.7885,[],[],"['ACAP', 'SEAFDEC', 'IOTC', 'IWC']","['57', '57.2']",['57'],[],[],[],[],770,1213,807.776562,1248.0745,2c9a0074b-b814-9dbd-4ddf-928cb4bc01df,994171772         9V,994171772,,gear,,True,448.6340360133345,8864.35,0.027327779251405917,21,39.11936521675422,-9.875358,89.829305,-9.544305,85.749782
2023-06-01T05:49:03.000Z,2024-12-09T01:55:13.000Z,e69f97d9b3907a4cf3050c4df58b6690,gap,"[-164.295627, -15.360915, -132.14562, -7.2513]",-11.7535,-148.4546,[],[],"['ACAP', 'SPRFMO', 'WCPFC', 'IWC']",['77'],['77'],[],[],[],[],434,567,679.744688,890.397312,b24ee301e-eb75-9ed7-dda8-3c041759bb1b,168-13-02-89%,928005302,,gear,,True,3614.70741318506,13364.1,0.14604693621352072,57,174.68701663967198,-7.2513,-164.295627,-15.360915,-132.14562
2023-06-01T05:49:30.000Z,2024-06-20T05:06:03.000Z,f3b8f8be75dcdc34185c582d8c7dd6b8,gap,"[58.262722, -34.202835, 66.300895, -13.947963]",-24.1277,62.6031,[],[],"['ACAP', 'IOTC', 'IWC', 'SIOFA', 'CCSBT']","['51', '51.7']",['51'],[],[],[],[],1443,701,1455.691375,706.9845,23c6b65c5-55ea-a7a0-d871-704b54ae53eb,WEN DAR 818-2     5V,994230472,,gear,,True,2393.157909076943,9239.266666666666,0.13985978989133,64,158.61062905179242,-34.202835,58.262722,-13.947963,66.300895
2023-06-01T12:45:52.000Z,2024-01-06T12:32:17.000Z,3414d688d2cfb91180afa93b50144826,gap,"[141.982993, -5.839668, 166.444168, 2.8217179999999997]",-1.544,154.1888,[],[],"['ACAP', 'SPRFMO', 'WCPFC', 'IWC']",['71'],['71'],[],[],[],[],438,488,592.744688,609.8053120000001,4654fbaa9-9a2a-fec8-70c3-4840abef1caa,CCS-004          8V1,42343928,AZE,gear,,True,2882.082568692478,5255.766666666666,0.29609383174417653,106,123.2617966835182,-5.839668,166.444168,2.821718,141.982993
2023-06-01T22:44:38.000Z,2024-04-15T21:12:35.000Z,5d06d8ff1a38c9407d0c102a3a404ec2,gap,"[-150.611737, 57.331063, -150.604742, 57.342023]",57.3365,-150.6082,[],['8463'],"['ACAP', 'WCPFC', 'IPHC', 'IWC']",['67'],['67'],[],[],[],[],98,97,118.382648,117.353617,4b498f957-7387-cb64-a392-c09fc409148b,941206345      11.7V,941206345,,gear,,True,1.2889710554028804,7654.45,9.092602222527937e-05,27,76.02207671307558,57.331063,-150.604742,57.342023,-150.611737
2023-06-01T22:48:29.000Z,2025-11-21T18:48:31.000Z,6f2869bd29f18fe4f840d9ddf70a5adb,gap,"[49.370422, -34.533608, 67.223627, -17.664697]",-26.3745,58.9507,[],[],"['ACAP', 'IOTC', 'IWC', 'SIOFA', 'CCSBT']","['51', '51.7']",['51'],[],[],[],[],1060,452,1076.980375,458.98556199999996,ba0e6fe8a-a814-f9a9-a337-3cdef9255ee0,810000013         9V,810000013,,gear,,True,2579.1339967677395,21692.0,0.06419974868977932,21,137.79127911569188,-34.533608,49.370422,-17.664697,67.223627
2023-06-01T23:42:06.000Z,2024-04-15T16:21:05.000Z,503f1ccd1e8f6127515bdf00d70324ab,gap,"[-151.186648, 57.337508, -150.625983, 57.482267]",57.4102,-150.9058,[],['8463'],"['ACAP', 'WCPFC', 'IPHC', 'IWC']",['67'],['67'],[],[],[],[],96,59,116.27592999999999,79.309656,4f69e7863-3200-8a2e-c49b-a679d93cd0a3,941206456      11.9V,941206456,,gear,,True,37.23811630056034,7648.633333333333,0.0026288322852051614,26,76.02207671307558,57.337508,-150.625983,57.482267,-151.186648
2023-06-02T01:10:45.000Z,2024-05-21T18:56:02.000Z,95a97ccf592f83f06438fc35523674a8,gap,"[-21.669422, 67.505468, -18.72796, 67.777248]",67.648,-20.2072,[],['5680'],"['ICCAT', 'ACAP', 'ICES', 'NAMMCO', 'NASCO', 'IWC']","['27.5.a', '27.5', '27.5.a.2', '27']",['27'],[],[],[],[],121,138,141.246016,141.243719,4d2e6d5c0-0db1-1b5d-81bd-0d8eb3dd2d24,BAUJA 16 THORSNES SH,992511221,,gear,,True,128.02480256691683,8513.75,0.008119555208584057,38,66.99326726816015,67.505468,-21.669422,67.777248,-18.72796
2023-06-02T09:05:12.000Z,2026-09-14T14:52:06.000Z,9f35b8da213ac00df1b83b9474a2c480,gap,"[-28.758688, 1.949763, 108.2249, 19.0204]",26.7267,35.7014,[],['8464'],"['ICCAT', 'ACAP', 'NAMMCO', 'IWC']","['34', '34.4.2', '34.4']",['34'],[],[],[],[],756,42,759.414875,36.096582000000005,1e9097038-8cda-5d2d-4a6a-2855271afdf7,MARIA CLARA BOIA 01,108060402,,other,,True,14769.394255013467,28805.766666666666,0.27684855616575843,42,38.38735769928774,1.949763,-28.758688,19.0204,108.2249
2023-06-02T11:25:39.000Z,2024-01-01T18:44:33.000Z,66e4f90ea179aaa80cddbc17aea81fc8,gap,"[169.93738, 4.437368, 170.173395, 4.87899]",4.6582,170.0554,[],['8318'],"['ACAP', 'WCPFC', 'FFA', 'IWC', 'SPC']",['71'],['71'],[],[],[],[],157,107,321.269125,290.094562,7cd0edc8f-fbd6-ec61-c32d-7d8a47cd957c,SLC710-01 92%,991271001,,gear,,True,55.638168276805644,5119.3,0.005868420974132325,183,175.41887994160183,4.437368,170.173395,4.87899,169.93738
2023-06-02T21:29:23.000Z,2024-05-30T11:42:38.000Z,8a65fa868d0942d99c16e7fe8c6950eb,gap,"[-51.608123, -32.018437, 12.569537, 9.949182]",-12.9484,-22.2043,[],[],"['ICCAT', 'ACAP', 'NAMMCO', 'IWC']",['31'],['31'],[],[],[],[],523,485,546.368062,513.9535619999999,7d3bc433d-d0a5-e3a4-5d1f-787e339d1d65,BUOY-01  100%,168802469,,gear,,True,8251.456388540206,8702.216666666667,0.5119879435404939,16,29.952902339683543,9.949182,-51.608123,-32.018437,12.569537
2023-06-03T11:31:50.000Z,2024-03-03T10:08:23.000Z,683022e9337d7795c2ec7dd06a74c2d9,gap,"[110.838805, -6.25894, 164.887147, 15.52115]",5.1956,138.3184,[],['8314'],"['ACAP', 'WCPFC', 'FFA', 'IWC', 'SPC']",['71'],['71'],[],[],[],[],319,48,513.198781,218.901125,56c42cf59-93f1-aa1c-7b6c-b420ba283183,LONGLINE BUOY 0999%,309,BHS,gear,,True,6425.043501589186,6574.6,0.5276740716061914,14,110.46572779807573,-6.25894,164.887147,15.52115,110.838805
2023-06-04T01:12:59.000Z,2024-05-28T10:00:38.000Z,6cfe416a58b87627268e29037ed62650,gap,"[-51.917272, -31.960303, 12.311918, 10.349723000000001]",-12.6855,-22.4568,[],[],"['ICCAT', 'ACAP', 'NAMMCO', 'IWC']",['31'],['31'],[],[],[],[],549,506,584.0843120000001,539.273188,f7d82424b-bc32-004c-e055-49db3dcc5348,BUOY-06  100%,168803724,,gear,,True,8280.532070936062,8624.783333333333,0.518404863650902,16,30.089415483323588,10.349723000000001,-51.917272,-31.960303,12.311918
2023-06-04T01:34:40.000Z,2024-05-30T09:15:13.000Z,815408f0ee0b162967624d5159f6ff85,gap,"[-52.114763, -32.123903, 12.439565, 10.380505]",-12.7843,-22.5387,[],[],"['ICCAT', 'ACAP', 'NAMMCO', 'IWC']",['31'],['31'],[],[],[],[],545,501,583.785625,524.206969,8084943c1-14a2-f03e-5965-a28d570ffe24,BUOY-01  100%,168801872,,gear,,True,8317.943355077437,8671.666666666666,0.5179315900826512,16,29.095930415603423,10.380505,-52.114763,-32.123903,12.439565
2023-06-04T01:36:52.000Z,2024-04-19T07:57:32.000Z,468f256ddde6b1d468d826b5657dc5ee,gap,"[37.677903, -33.457678, 62.09813, -4.787042]",-19.5285,50.9864,[],[],"['ACAP', 'IOTC', 'IWC', 'SIOFA', 'CCSBT']","['51', '51.8']",['51'],[],[],[],[],742,683,724.106625,696.775438,9abaa22b4-4901-b1e5-b644-d32d2ede46c3,BUOY-10  88%,168805757,,gear,,True,4067.6319579538126,7686.333333333333,0.28574685150931356,19,125.00838454634008,-33.457678,37.677903,-4.787042,62.09813
2023-06-04T01:59:31.000Z,2024-05-30T13:32:25.000Z,b4d1de675259cd12cc944ffc5cb5eb6f,gap,"[-52.017827, -32.032388, 12.508267, 10.368205]",-12.7365,-22.4372,[],[],"['ICCAT', 'ACAP', 'NAMMCO', 'IWC']",['31'],['31'],[],[],[],[],547,491,584.835562,519.328969,d344e056a-a234-a3d9-bfe5-72bd9ee6d24c,BUOY-05  90%,168803196,,gear,,True,8310.683831525837,8675.533333333333,0.5172489233555505,35,29.095930415603423,10.368205,-52.017827,-32.032388,12.508267
2023-06-04T03:55:42.000Z,2024-09-03T15:12:33.000Z,d0c5c75984374399ffb2d026fe613da6,gap,"[-167.916432, -6.984097, 149.79744, 23.660783]",8.9297,171.8303,[],[],"['ACAP', 'SPRFMO', 'WCPFC', 'IWC']",['77'],['77'],[],[],[],[],446,430,865.215438,853.2435,77994f7d1-13bd-ff9c-f7db-1301226b0768,BUOY9730-12       9V,973000012,,gear,,True,5716.2477940620165,10979.266666666666,0.2811232280215337,26,165.7941946672739,-6.984097,-167.916432,23.660783,149.79744
2023-06-04T04:16:57.000Z,2024-10-10T10:12:28.000Z,06ebf8afd9dfad4aa0f09e7a57153f38,gap,"[16.329165, 14.976473, 110.134662, 71.542683]",50.4587,91.651,[],['5686'],"['ICCAT', 'ICES', 'IWC', 'NASCO', 'ACAP', 'NAMMCO']","['27.2.a', '27.2.a.2', '27.2', '27']",['27'],[],[],[],[],176,115,184.917875,150.168422,80c668631-1685-eef8-0e0f-147a6c7a2b63,T9K BUOY 5        0%,941500149,,gear,,True,8562.812099064162,11861.916666666666,0.38978090805471405,22,29.988162721921768,71.542683,16.329165,14.976473,110.134662
2023-06-04T07:04:37.000Z,2024-07-09T03:49:10.000Z,61cbd7b3e0925dbbaa7debb5016cd164,gap,"[153.188053, -7.873608, 175.47058, -5.76265]",-6.9478,164.3045,[],['8324'],"['ACAP', 'WCPFC', 'FFA', 'IWC', 'SPC']",['71'],['71'],[],[],[],[],107,196,167.844375,413.208125,85e61bef7-7698-edd7-5832-46aecb6165e0,,398706209,,gear,,True,2470.992226381533,9620.733333333334,0.1386826780967058,19,60.752616709530834,-5.76265,153.188053,-7.873608,175.47058
2023-06-04T08:33:28.000Z,2024-05-31T10:26:49.000Z,079856a6244cbcb4dd9f9c152f8c8d0a,gap,"[-52.52429, -32.071022, 12.450063, 10.378578]",-12.7832,-22.7498,[],[],"['ICCAT', 'ACAP', 'NAMMCO', 'IWC']",['31'],['31'],[],[],[],[],529,498,567.673688,524.15575,f215d7905-524a-b0a4-11c9-83d686b625c8,044-BUOY-001  100%,168804018,,gear,,True,8351.979804469762,8689.883333333333,0.518960743747797,35,29.095930415603423,10.378578,-52.52429,-32.071022,12.450063
2023-06-04T10:35:05.000Z,2024-04-03T13:18:35.000Z,cd4f8c469ed737543e74f2d8e6d29127,gap,"[136.604697, -35.975313, 160.314452, -5.740595]",-21.2677,147.2218,[],[],"['ACAP', 'SPRFMO', 'WCPFC', 'IWC', 'CCSBT']",['81'],['81'],[],[],[],[],478,94,509.41190600000004,88.28935899999999,55c4d52fd-d7a4-72f1-1bc6-c24bf038bfa7,994165026         9V,994165026,,gear,,True,4141.983183498569,7298.716666666666,0.3064226359057527,109,117.2123549349256,-35.975313,160.314452,-5.740595,136.604697
2023-06-04T13:17:49.000Z,2024-02-23T05:48:51.000Z,e5fd837a2cd3361192f21cd3a3ec4d01,gap,"[176.150837, -26.603992, 178.226228, 34.502245]",3.9498,177.2308,[],[],"['ACAP', 'PICES', 'WCPFC', 'NPFC', 'IWC', 'NPAFC']",['61'],['61'],[],[],[],[],857,474,2014.501125,435.58525,29af4471e-e98e-65d9-807a-d65702a310e1,,891106003,,gear,,True,6798.230894541024,6328.516666666666,0.5800333974475823,47,132.83509461643783,34.502245,176.150837,-26.603992,178.226228
2023-06-04T20:37:39.000Z,2024-08-23T13:56:45.000Z,97252cdb9e571c78748d3cd1ae0a7112,gap,"[-158.274833, 18.720123, -158.255887, 18.724163]",18.7221,-158.2654,[],['8453'],"['ACAP', 'WCPFC', 'IWC', 'SPC']",['77'],['77'],[],[],[],[],251,250,258.813078,257.854797,9a1bdc6df-f71f-1391-8bad-83145c3bcce0,941212645,941212645,,fishing,,True,2.045175938120179,10697.316666666668,0.00010323211852678934,128,144.96408470743327,18.724163,-158.274833,18.720123,-158.255887
2023-06-04T22:13:45.000Z,2024-03-07T22:58:24.000Z,191b56ce7f313cae015a2695a70a9999,gap,"[117.434833, -36.054412, 158.132277, -12.244578]",-25.5435,135.7758,[],[],"['ACAP', 'SPRFMO', 'WCPFC', 'IWC', 'CCSBT']",['81'],['81'],[],[],[],[],487,333,510.82975,378.753812,07e89c59d-d8ed-4fc1-15e7-2886f2c3563a,994165424         9V,994165424,,gear,,True,4851.325664562096,6648.733333333334,0.3939857664657423,31,121.78199396554214,-36.054412,158.132277,-12.244578,117.434833
2023-06-05T01:26:11.000Z,2024-01-08T16:06:34.000Z,a3be935d640b14ca21bfed56ed1e6e04,gap,"[82.415517, -33.400692, 120.989075, 21.821892]",-6.13,102.7654,[],[],"['ACAP', 'IOTC', 'IWC', 'SIOFA', 'CCSBT']","['57', '57.3']",['57'],[],[],[],[],657,17,2421.412,84.657305,06f1d215e-e9b0-e21f-8a0b-060eefc11bd4,994162572         7V,994162572,,gear,,True,7376.832094900806,5222.666666666667,0.7626699025259562,232,220.10489386655877,-33.400692,82.415517,21.821892,120.989075
2023-06-05T04:05:52.000Z,2024-01-23T10:38:31.000Z,f30696f31d2ec0d05e32899a9b5e1e36,gap,"[-177.767782, 49.783262, 155.567833, 61.33015]",56.267,166.8991,[],['5690'],"['ACAP', 'WCPFC', 'IWC']",['61'],['61'],[],[],[],[],195,28,240.510984,103.713367,a67b28b36-67df-2e85-2811-699691d4094a,MA-1,941216617,,gear,,True,2087.148807537828,5574.533333333334,0.20216404334973645,61,105.69738877735695,61.33015,-177.767782,49.783262,155.567833
2023-06-05T04:28:46.000Z,2024-04-22T23:48:23.000Z,d7aca84426f294555cbcbf211b2aa440,gap,"[-178.509358, 58.664745, 164.3845, 60.91837]",60.0691,172.6465,[],['5690'],"['ACAP', 'WCPFC', 'IWC']",['61'],['61'],[],[],[],[],197,19,259.97470300000003,97.283875,82a535430-0891-4cf3-04cd-2cc6e1c09a3c,GRP BUOY 23,109012151,,gear,,True,986.1507794753614,7747.316666666667,0.06873074194861702,22,104.62587560142224,60.91837,-178.509358,58.664745,164.3845
2023-06-05T14:09:10.000Z,2024-04-26T23:33:43.000Z,842d2213e847525b3707506204959508,gap,"[47.140623, -37.780357, 59.32946, -34.227877]",-36.1586,53.3729,[],[],"['ACAP', 'IOTC', 'IWC', 'SIOFA', 'CCSBT']","['51', '51.7']",['51'],[],[],[],[],1469,947,1482.1195,1413.37875,71ca413b7-7012-ed5f-2893-c9b1697a29e5,AIS BUOY_11_99%,999097911,,gear,,True,1164.3207895352155,7833.4,0.08025671250216752,116,162.34598708516017,-34.227877,59.32946,-37.780357,47.140623
2023-06-06T16:24:41.000Z,2025-03-30T00:35:20.000Z,b8fd4ab4a3f550cd3c0e5dffcdb29832,gap,"[-173.762617, 12.335127, 119.883577, 14.658535]",16.0011,153.2428,[],[],"['ACAP', 'NPFC', 'WCPFC', 'IWC']",['77'],['77'],[],[],[],[],664,26,1729.656125,32.434727,28d57e57e-e39e-fcb3-6bd8-ebbf2452ae65,LS886-4,81060220,,gear,,True,7153.54623842574,15896.166666666666,0.24298977491049695,80,138.8936082116169,12.335127,-173.762617,14.658535,119.883577
2023-06-07T01:16:24.000Z,2024-10-27T09:55:48.000Z,84498445f865172a3bf8a7bbb1598121,gap,"[57.981485, -33.513902, 81.011323, -6.898193]",-20.5836,68.4803,[],[],"['ACAP', 'IOTC', 'IWC', 'SIOFA', 'CCSBT']","['57', '57.3']",['57'],[],[],[],[],569,187,2322.24425,370.981,9765f9206-6989-b6c2-9354-5e3abed5c2cd,994010069         1V,994010069,,gear,,True,3791.7173195128294,12200.65,0.16780774495226497,65,218.78390568757487,-33.513902,81.011323,-6.898193,57.981485
2023-06-07T03:54:28.000Z,2024-01-17T11:49:00.000Z,0f14080519ed0c16c2b5c02fa56e7856,gap,"[-46.813225, 7.850512, -27.730098, 25.634037]",16.9632,-36.8184,[],[],"['ICCAT', 'ACAP', 'NAMMCO', 'IWC']",['31'],['31'],[],[],[],[],1779,837,1784.551375,859.832875,f44fb34b7-7919-3033-7fc3-6ba617725d4b,BUOY-05  100%,168800739,,gear,,True,2827.31830071595,5383.9,0.28355462620153654,108,26.83453185202736,25.634037,-46.813225,7.850512,-27.730098
2023-06-07T19:14:20.000Z,2025-06-10T00:04:16.000Z,d43dc40856d9d44d32684d421907204b,gap,"[-162.126938, 18.11434, -156.328927, 29.625712]",23.8971,-159.3573,[],[],"['ACAP', 'NPFC', 'WCPFC', 'IWC']",['77'],['77'],[],[],[],[],426,874,515.765375,883.7404379999999,e43dec978-888e-a193-6eb9-e822bf8925f5,PSV-06         12.2V,941206509,,gear,,True,1408.5809744938497,17596.816666666666,0.043222185853478076,70,144.7386722061182,18.11434,-162.126938,29.625712,-156.328927
2023-06-08T04:28:25.000Z,2024-09-21T02:54:50.000Z,da8adc95fefc1cf6a4fe7e77c6b69237,gap,"[154.741027, 15.4767, 159.117658, 40.061097]",27.7859,156.6782,[],[],"['ACAP', 'WCPFC', 'IWC']","['71', '71.6.1']",['71'],[],[],[],[],807,952,947.076,1079.1405,0b71f6eef-f317-84f8-e963-8f1f6e02c2a2,4995-5 90%,499500005,,gear,,True,2766.418693251956,11302.433333333332,0.13216150456938353,42,77.08951085969744,15.4767,154.741027,40.061097,159.117658
2023-06-08T06:02:47.000Z,2024-02-10T23:54:58.000Z,383df16abc5a23eb488a0bf3c51f3f53,gap,"[11.071308, 67.342987, 16.327953, 71.574165]",69.4782,13.4403,[],['5686'],"['ICCAT', 'ICES', 'IWC', 'NASCO', 'ACAP', 'NAMMCO']","['27.2.a', '27.2.a.2', '27.2', '27']",['27'],[],[],[],[],178,39,187.481609,46.684426,f25064c93-3f4d-99c7-008d-a61486d6b603,,941500752,,other,,True,512.804584345236,5945.866666666667,0.04656887543624051,23,29.988162721921768,71.574165,16.327953,67.342987,11.071308
2023-06-08T18:24:29.000Z,2024-03-22T10:31:57.000Z,869837cefd3c02fce78e60a01afdc5f0,gap,"[134.134055, 15.548442, 151.985912, 15.736418]",15.8246,143.0559,[],[],"['ACAP', 'WCPFC', 'IWC']","['71', '71.6.1']",['71'],[],[],[],[],634,787,672.1115,798.087688,fdb72165b-b326-4c6b-2603-c7798939b82e,NET FISH 9588-15  9V,958833315,,gear,,True,1911.0655294644005,6904.116666666667,0.1494605152699743,108,60.720990689547484,15.736418,151.985912,15.548442,134.134055
2023-06-08T18:55:08.000Z,2024-03-21T00:36:19.000Z,1e8f8f4fc73cd87b58dbef51093d5571,gap,"[133.864807, 15.498412, 151.98927, 15.735457]",15.8045,142.9218,[],[],"['ACAP', 'WCPFC', 'IWC']","['71', '71.6.1']",['71'],[],[],[],[],634,799,672.1115,809.802312,6591cd1b5-5154-78b6-4018-e083b2e56d0a,NET FISH 9588-14  9V,958833314,,gear,,True,1940.5362387961907,6869.683333333333,0.15252606177728478,103,60.720990689547484,15.735457,151.98927,15.498412,133.864807
2023-06-08T20:23:48.000Z,2025-07-24T07:45:09.000Z,33849a581730a2fdc1fd39ea249eea69,gap,"[-176.562972, -25.034077, 8.836428, -3.516927]",-75.151,141.8525,[],[],"['ICCAT', 'ACAP', 'IWC', 'CCSBT']","['47', '47.B.1', '47.B']",['47'],[],[],[],[],579,256,617.191125,726.079562,6f3bdf410-027e-8ab9-beeb-bb580119012d,BUOY-02  100%,168805680,,gear,,True,16787.303196647696,18635.35,0.4864098915611427,28,72.4424727042534,-25.034077,8.836428,-3.516927,-176.562972
2023-06-08T20:53:17.000Z,2024-04-01T12:27:30.000Z,d89e70ee54e75464a724bf4eea98b7f0,gap,"[-64.35333333333334, 47.68407666666667, -63.14089333333333, 47.93666666666667]",47.812,-63.7456,[],['8493'],"['ICCAT', 'ACAP', 'NAMMCO', 'NAFO', 'NASCO', 'IWC']","['21.4', '21', '21.4.T']",['21'],[],[],[],[],94,9,101.724992,33.594301,f8dcf6972-2b00-f326-f692-0c5519288512,,316006077,CAN,fishing,,True,94.7966590585533,7143.566666666667,0.007165342383151996,171,186.66451774554173,47.68407666666667,-63.14089333333333,47.93666666666667,-64.35333333333334
2023-06-08T22:49:12.000Z,2026-09-19T10:05:07.000Z,64033835ad6e499cfcd395c38be708ac,gap,"[-154.525708, -25.00797, 9.154717, 2.620202]",-52.8599,-91.4305,[],[],"['ICCAT', 'ACAP', 'IWC', 'CCSBT']","['47', '47.B.1', '47.B']",['47'],[],[],[],[],547,309,587.383375,335.78875,7990131ec-caf2-ee7c-b772-ca9522c53560,BUOY-08  65%,168805686,,gear,,True,16973.038286997453,28763.25,0.3186255898891382,23,70.86574553712744,-25.00797,9.154717,2.620202,-154.525708
2023-06-08T22:59:30.000Z,2025-12-22T07:33:54.000Z,a0e6a5191daeaeca64794e306d8d3abf,gap,"[-154.96447, -25.046293, 9.04128, -2.866208]",-59.3528,-92.0847,[],[],"['ICCAT', 'ACAP', 'IWC', 'CCSBT']","['47', '47.B.1', '47.B']",['47'],[],[],[],[],559,124,599.32475,605.7805,87151f23a-a267-7635-9941-5d5579e0d539,BUOY-07  72%,168805685,,gear,,True,16463.959704015986,22256.566666666666,0.39942490623760385,33,70.86574553712744,-25.046293,9.04128,-2.866208,-154.96447
2023-06-09T00:57:05.000Z,2026-01-01T13:27:05.000Z,4a7444b711d43922931d5e33a9e67fd0,gap,"[-152.102827, -24.991173, 9.268415, 0.82088]",-51.7258,-88.0707,[],[],"['ICCAT', 'ACAP', 'IWC', 'CCSBT']","['47', '47.B.1', '47.B']",['47'],[],[],[],[],535,573,575.364062,612.416938,3df3bc034-418a-1333-1048-7ec0fd070d61,BUOY-09  74%,168805687,,gear,,True,16664.329899653134,22500.5,0.3999030379035286,27,66.69936114209119,-24.991173,9.268415,0.82088,-152.102827
2023-06-09T03:53:52.000Z,2025-12-27T09:58:02.000Z,70ca8f4e752c6bd7efd2a8b49d934dfd,gap,"[-153.627488, -24.975575, 9.31258, -3.10745]",-58.0735,-90.0129,[],[],"['ICCAT', 'ACAP', 'IWC', 'CCSBT']","['47', '47.B.1', '47.B']",['47'],[],[],[],[],531,172,571.2165620000001,708.244688,11779b1c3-389b-2804-eb9b-2f1182cbdcef,BUOY-10  100%,168805688,,gear,,True,16389.98901869485,22374.066666666666,0.395542134161673,26,66.69936114209119,-24.975575,9.31258,-3.10745,-153.627488
2023-06-09T18:58:34.000Z,2026-08-07T18:53:49.000Z,b45fd22541df8597019368de72793f6a,gap,"[-22.16141, -32.753603, -2.498155, -31.863935]",-32.6929,-12.3785,[],[],"['ICCAT', 'ACAP', 'CCSBT', 'IWC']","['47', '47.C', '47.C.0']",['47'],[],[],[],[],1011,1056,1831.799625,1989.216625,23e45319e-ed60-fff7-7d15-4171aa31deca,A-BUOY 003        9V,994008033,,gear,,True,1847.9477189905967,27719.916666666668,0.035996210064344523,41,117.02172940012068,-32.753603,-2.498155,-31.863935,-22.16141
2023-06-10T02:47:28.000Z,2024-01-15T10:16:00.000Z,86033e9faaa815db6bb0455322ca6ef9,gap,"[16.974673, 70.354108, 31.09413, 71.022813]",70.8241,24.1526,[],['5686'],"['ICCAT', 'ICES', 'IWC', 'NASCO', 'ACAP', 'NAMMCO']","['27.2.a', '27.2.a.2', '27.2', '27']",['27'],[],[],[],[],115,2,127.205602,2.346154,f65530c55-55ff-2933-6771-5237f9560951,SIMONA BUOY 13    92,91800185,,gear,,True,523.2758254482246,5263.466666666666,0.05368065572145326,17,29.988162721921768,71.022813,16.974673,70.354108,31.09413
2023-06-10T10:31:20.000Z,2024-04-29T11:48:17.000Z,f21f780a68ee83a2585c9ace966d698a,gap,"[-18.765128, -7.260665, 122.122473, 36.689308]",36.9361,35.068,[],[],"['ICCAT', 'ACAP', 'IWC']","['47', '47.A.0', '47.A']",['47'],[],[],[],[],485,14,484.878031,11.792465,5f1a39548-8775-0511-dcd3-b6973554a1d9,WY168-06          8V,994050006,,gear,,True,14882.947112490785,7777.266666666666,1.0332870008564854,137,48.39470174258058,-7.260665,-18.765128,36.689308,122.122473
2023-06-10T12:33:33.000Z,2024-03-13T07:06:56.000Z,22ea31f76684b98103b174f32f2aba11,gap,"[-18.647853, -7.247772, 175.31437, 12.094698]",19.168,-98.2958,[],[],"['ICCAT', 'ACAP', 'IWC']","['47', '47.A.0', '47.A']",['47'],[],[],[],[],472,523,471.980406,702.218438,d6b02f6ca-a41c-1957-beb9-1fec43286269,WY168-08          8V,994050008,,gear,,True,18393.098202204208,6642.55,1.4951304108978327,83,48.39470174258058,-7.247772,-18.647853,12.094698,175.31437
2023-06-10T15:41:49.000Z,2024-03-13T06:59:53.000Z,8eaa9648c35424883436e05126670fac,gap,"[-18.399113, -7.237783, 175.300782, 12.095065]",19.5432,-98.1076,[],[],"['ICCAT', 'ACAP', 'IWC']","['47', '47.A.0', '47.A']",['47'],[],[],[],[],445,523,444.970625,702.41875,bd834fccd-dcdf-58ea-b251-a4036960f1bd,WY168-15          8V,994050015,,gear,,True,18419.768550476332,6639.3,1.4980313206075135,19,48.39470174258058,-7.237783,-18.399113,12.095065,175.300782
2023-06-10T17:21:17.000Z,2024-03-13T15:31:16.000Z,94f0f304e6feb6a1359f990e0154041c,gap,"[-18.274503, -7.228437, 176.117612, 12.068358]",18.6151,-97.8216,[],[],"['ICCAT', 'ACAP', 'IWC']","['47', '47.A.0', '47.A']",['47'],[],[],[],[],431,605,431.049,758.4330620000001,eed352dc1-101e-378f-d1ae-92da2f271063,WY168-17          9V,994050017,,gear,,True,18348.752100979313,6646.15,1.4907177135403629,15,48.39470174258058,-7.228437,-18.274503,12.068358,176.117612
2023-06-10T17:33:31.000Z,2024-03-20T11:39:48.000Z,b5cc1f7768a1f57d58709a98692b1c6e,gap,"[-28.838903, -6.228832, -17.572977, 6.542867]",0.1578,-23.2042,[],[],"['ICCAT', 'ACAP', 'IWC']","['47', '47.A.0', '47.A']",['47'],[],[],[],[],395,1019,394.60593800000004,1043.814938,1898b5644-401e-0a86-1ba4-03fea92a2fdd,994008077         9V,994008077,,gear,,True,1891.984261786741,6810.1,0.15001097989499498,79,48.59324791517747,-6.228832,-17.572977,6.542867,-28.838903
2023-06-10T18:06:21.000Z,2024-03-13T07:18:57.000Z,8fbc8e2347170995a63e9b3064bafb8b,gap,"[-18.337713, -7.234233, 175.339285, 12.094018]",19.5825,-98.0509,[],[],"['ICCAT', 'ACAP', 'IWC']","['47', '47.A.0', '47.A']",['47'],[],[],[],[],439,526,438.647156,704.245125,1fa406d32-271b-be7a-8770-21f59b3b0902,WY168-16          9V,994050016,,gear,,True,18422.025138398214,6637.2,1.4986888758679089,54,48.39470174258058,-7.234233,-18.337713,12.094018,175.339285
2023-06-10T23:46:55.000Z,2024-02-05T11:10:47.000Z,1c0cda5cb506d10ab50793ae33d69e18,gap,"[-17.619737, -6.153865, -10.073488, -5.934455]",-6.0572,-13.8458,[],[],"['ICCAT', 'ACAP', 'IWC']","['47', '47.A.0', '47.A']",['47'],[],[],[],[],404,518,403.736312,527.675938,42719ac85-5cd7-49ed-b931-dd5533eaa92e,994008281         9V,994008281,,gear,,True,834.790726138438,5747.383333333333,0.07842715648109892,75,48.59324791517747,-6.153865,-17.619737,-5.934455,-10.073488
2023-06-11T01:55:14.000Z,2024-03-13T10:34:20.000Z,1826d3354a283bc5a3bef55379a28261,gap,"[-17.943848, -7.219747, 175.729912, 12.080338]",19.5898,-97.6624,[],[],"['ICCAT', 'ACAP', 'IWC']","['47', '47.A.0', '47.A']",['47'],[],[],[],[],395,566,395.509094,730.589812,88ff71fa0-0607-e005-eddf-80c94b183412,WY168-23          9V,994050023,,gear,,True,18422.26926485207,6632.65,1.499736850979646,54,48.971021364204404,-7.219747,-17.943848,12.080338,175.729912
2023-06-11T21:20:15.000Z,2025-05-21T06:29:29.000Z,364a36bad85c1c271d170cba307441f4,gap,"[-21.248277, 67.604718, -18.804053, 67.701483]",67.6577,-20.0237,[],['5680'],"['ICCAT', 'ACAP', 'ICES', 'NAMMCO', 'NASCO', 'IWC']","['27.5.a', '27.5', '27.5.a.2', '27']",['27'],[],[],[],[],147,119,167.779672,122.61240600000001,e9543b804-4a9a-5e69-3bec-337646a82166,^ORSNES BAUJA NR. 22,992511290,,gear,,True,103.88833744087091,17025.15,0.003294844074848222,29,66.99326726816015,67.701483,-21.248277,67.604718,-18.804053
2023-06-12T02:34:41.000Z,2024-05-22T16:31:35.000Z,c45eef068552ff49ea21a1d3e5625eaa,gap,"[-21.019893, 67.660618, -20.190782, 67.692673]",67.6772,-20.6056,[],['5680'],"['ICCAT', 'ACAP', 'ICES', 'NAMMCO', 'NASCO', 'IWC']","['27.5.a', '27.5', '27.5.a.2', '27']",['27'],[],[],[],[],146,156,168.311734,158.589359,7c23feec4-47e9-b4bb-cccc-203bddfedeac,BAUJA 19 THORSNES SH,992511287,,gear,,True,35.198663988914255,8293.933333333332,0.002291525302835755,41,66.99326726816015,67.660618,-21.019893,67.692673,-20.190782
2023-06-13T03:29:45.000Z,2024-02-16T12:09:33.000Z,83fcaab2d98a73b6d1eedad64c104ec3,gap,"[68.657153, -4.259162, 83.611895, 9.759065]",2.7735,76.0901,[],['8344'],"['ACAP', 'IOTC', 'SWIOFC', 'IWC']","['51', '51.4']",['51'],[],[],[],[],359,285,532.68725,288.892344,caf40d4db-ba4c-a9e6-8978-bc3e9bc28785,IMULA 0899 CHW NET 8,108060374,,other,,True,2274.786738359199,5960.65,0.20606587801463003,20,28.616573019086978,-4.259162,68.657153,9.759065,83.611895
2023-06-13T03:53:21.000Z,2024-03-13T09:57:34.000Z,6cfe7d416870f0828c4fb0ab21ca2a47,gap,"[-18.869692, -7.284882, 175.660915, 12.083892]",18.3057,-98.3939,[],[],"['ICCAT', 'ACAP', 'IWC']","['47', '47.A.0', '47.A']",['47'],[],[],[],[],495,559,495.449156,725.594938,abc7d5d91-17c3-664a-2a7f-ee17641ef249,WY168-24          9V,994050024,,gear,,True,18335.990165816012,6582.066666666667,1.5041844969861944,57,48.39470174258058,-7.284882,-18.869692,12.083892,175.660915
2023-06-13T04:58:45.000Z,2024-03-13T11:10:19.000Z,31bdd65f59e2440dfc8eef1b8e928c07,gap,"[-18.813063, -7.300957, 175.808453, 12.076285]",18.1166,-98.3263,[],[],"['ICCAT', 'ACAP', 'IWC']","['47', '47.A.0', '47.A']",['47'],[],[],[],[],488,574,488.57875,736.354562,8098aa4d7-7167-5434-2066-4832a2162949,WY168-22          9V,994050022,,gear,,True,18327.389291687494,6582.183333333333,1.5034522796582037,36,48.39470174258058,-7.300957,-18.813063,12.076285,175.808453
2023-06-13T06:11:04.000Z,2024-03-13T07:30:50.000Z,76f3843b856b7f817c3e0cad7978d0e9,gap,"[-18.754015, -7.293, 175.363363, 12.093442]",18.8053,-98.3861,[],[],"['ICCAT', 'ACAP', 'IWC']","['47', '47.A.0', '47.A']",['47'],[],[],[],[],482,528,482.193906,705.6015,1c924b238-8002-5be1-0fda-bc1c6adbd8d7,WY168-25          9V,994050025,,gear,,True,18378.836798506585,6577.316666666667,1.5087882295904924,72,48.39470174258058,-7.293,-18.754015,12.093442,175.363363
2023-06-13T06:30:05.000Z,2024-03-13T07:52:51.000Z,14ace03337400f982fc6c8177d4c853f,gap,"[-18.693935, -7.292302, 175.408313, 12.09254]",18.8231,-98.3304,[],[],"['ICCAT', 'ACAP', 'IWC']","['47', '47.A.0', '47.A']",['47'],[],[],[],[],476,533,475.649812,709.01075,0a72cb006-6d90-4102-c980-9f6afcb386ca,WY168-26          9V,994050026,,gear,,True,18380.40737032707,6577.366666666667,1.508905693245396,61,48.39470174258058,-7.292302,-18.693935,12.09254,175.408313
2023-06-13T06:37:14.000Z,2024-03-13T11:10:01.000Z,5be6a8cfafbbf77ccb85784e9797a556,gap,"[-18.63141, -7.292452, 175.808033, 12.076675]",18.3598,-98.1907,[],[],"['ICCAT', 'ACAP', 'IWC']","['47', '47.A.0', '47.A']",['47'],[],[],[],[],469,574,469.107625,736.354562,1fbc32f46-6a2f-171b-ef6d-35fd32934cda,WY168-27          9V,994050027,,gear,,True,18345.97908740692,6580.533333333334,1.5053546152746167,50,48.39470174258058,-7.292452,-18.63141,12.076675,175.808033
2023-06-13T06:38:28.000Z,2024-03-14T17:20:52.000Z,c2397e1a6ee2adc60cf638b4591a7780,gap,"[-18.564073, -7.297947, 176.639672, 12.078378]",17.4888,-97.9058,[],[],"['ICCAT', 'ACAP', 'IWC']","['47', '47.A.0', '47.A']",['47'],[],[],[],[],461,660,461.30768800000004,799.39225,86d819e16-6731-e07a-0b5a-dc964dc17b7a,WY168-30          9V,994050030,,gear,,True,18266.557637771642,6610.7,1.491998135179468,53,48.39470174258058,-7.297947,-18.564073,12.078378,176.639672
2023-06-13T10:06:26.000Z,2024-03-17T10:10:38.000Z,c1a0d80d90ae62ddac2b8a73564aadd5,gap,"[-18.504013, -7.291133, 179.239903, 12.146405]",15.3546,-96.9687,[],[],"['ICCAT', 'ACAP', 'IWC']","['47', '47.A.0', '47.A']",['47'],[],[],[],[],455,936,454.93996899999996,1028.540375,f73d6fd8b-b88e-d247-a22e-2fed8960abd9,WY168-31          9V,994050031,,gear,,True,17997.676230967056,6672.066666666667,1.4565153816364782,47,48.39470174258058,-7.291133,-18.504013,12.146405,179.239903
2023-06-13T11:46:34.000Z,2024-01-20T06:11:46.000Z,8aa12ceb8c45af18a0918f3f1865c28f,gap,"[-18.444753, -7.280873, 122.329893, 36.763603]",36.91,35.3134,[],[],"['ICCAT', 'ACAP', 'IWC']","['47', '47.A.0', '47.A']",['47'],[],[],[],[],448,6,448.58178100000003,5.5597460000000005,d0cc07199-9730-b596-a21c-d0ef5780304b,WY168-32          9V,994050032,,gear,,True,14871.708531630376,5298.416666666667,1.51556223412611,59,48.39470174258058,-7.280873,-18.444753,36.763603,122.329893
2023-06-13T13:28:44.000Z,2024-03-13T18:05:47.000Z,15923b0a0a933bc51bd53f23e7280aa9,gap,"[-18.32664, -7.262663, 176.679308, 12.130405]",18.0051,-97.6673,[],[],"['ICCAT', 'ACAP', 'IWC']","['47', '47.A.0', '47.A']",['47'],[],[],[],[],437,666,436.98278100000005,806.3700620000001,565510b05-5bea-b80d-3bd5-55c73598fc08,WY168-34          9V,994050034,,gear,,True,18284.233886868496,6580.616666666667,1.5002691971406426,54,48.39470174258058,-7.262663,-18.32664,12.130405,176.679308
2023-06-13T15:55:01.000Z,2024-03-13T18:34:00.000Z,a00fdb9f9706be30626c39d7d2d26f3a,gap,"[-18.212447, -7.256468, 176.651385, 12.161652]",18.2947,-97.565,[],[],"['ICCAT', 'ACAP', 'IWC']","['47', '47.A.0', '47.A']",['47'],[],[],[],[],424,663,423.944156,806.3,72bd79ca5-537d-2d7f-6c08-76144d89eab7,WY168-36          9V,994050036,,gear,,True,18297.76241771408,6578.633333333333,1.501831885872116,37,48.39470174258058,-7.256468,-18.212447,12.161652,176.651385
2023-06-13T16:57:58.000Z,2024-03-13T18:34:13.000Z,22651a2bb195a60133ac2df26c846a5a,gap,"[-18.151843, -7.266495, 176.650765, 12.16168]",18.3298,-97.5265,[],[],"['ICCAT', 'ACAP', 'IWC']","['47', '47.A.0', '47.A']",['47'],[],[],[],[],417,663,417.23356199999995,806.3,d877e212f-ff34-61a3-578e-5036ea059e29,WY168-37          9V,994050037,,gear,,True,18304.49558764914,6577.6,1.5026205494977538,52,48.39470174258058,-7.266495,-18.151843,12.16168,176.650765
2023-06-13T17:52:37.000Z,2024-03-13T21:49:29.000Z,5b8bcf1e65edfe73b8d1c57127dcc37d,gap,"[-18.08915, -7.27978, 176.29561, 12.176447]",18.8261,-97.5724,[],[],"['ICCAT', 'ACAP', 'IWC']","['47', '47.A.0', '47.A']",['47'],[],[],[],[],410,628,410.523062,780.825812,08612e2a3-3e89-5262-2e36-1884b683eb66,WY168-38          9V,994050038,,gear,,True,18347.8329451592,6579.933333333333,1.5056440127166095,38,48.39470174258058,-7.27978,-18.08915,12.176447,176.29561
2023-06-13T18:14:22.000Z,2024-03-13T18:35:14.000Z,bafdca5e0e4cbfd4870e098edfc3b5a1,gap,"[-18.030445, -7.300377, 176.647767, 12.161788]",18.3546,-97.4564,[],[],"['ICCAT', 'ACAP', 'IWC']","['47', '47.A.0', '47.A']",['47'],[],[],[],[],404,663,403.619906,806.3,4a5567113-3105-0107-80d9-0cf59e07197e,WY168-39          9V,994050039,,gear,,True,18318.67936861218,6576.333333333333,1.5040745433736342,41,48.39470174258058,-7.300377,-18.030445,12.161788,176.647767
2023-06-13T19:51:22.000Z,2024-03-13T20:35:52.000Z,ac4caf9171aaaff7333ebdae806d6642,gap,"[-18.02332, -7.324783, 176.32809, 12.173927]",18.6963,-97.5404,[],[],"['ICCAT', 'ACAP', 'IWC']","['47', '47.A.0', '47.A']",['47'],[],[],[],[],402,631,402.155688,782.309938,be22d36cd-d717-e0c6-cdc2-32e9a4c0db96,WY168-40          9V,994050040,,gear,,True,18353.092754821515,6576.733333333334,1.5068084404749813,42,48.39470174258058,-7.324783,-18.02332,12.173927,176.32809
2023-06-14T05:29:01.000Z,2024-08-30T05:14:42.000Z,9019073862589c6e331fd8dad2b98ef1,gap,"[-148.105595, 58.744125, -147.03941, 59.201157]",58.9737,-147.576,[],['8463'],"['ACAP', 'IPHC', 'IWC']",['67'],['67'],[],[],[],[],116,45,136.812016,106.66093,94dcd7bef-f274-26f0-78f5-d6ce174cb61a,108100298,108100298,,gear,,True,79.47732219827917,10631.75,0.004036430582115215,30,75.90013429195012,58.744125,-148.105595,59.201157,-147.03941
2023-06-14T15:04:30.000Z,2024-02-17T16:19:08.000Z,6816a0e9c942ed848930bdaf11f934b9,gap,"[-165.245102, -6.7260349999999995, -148.387492, -2.750233]",-4.7896,-156.8407,[],[],"['ACAP', 'SPRFMO', 'WCPFC', 'IWC']",['77'],['77'],[],[],[],[],617,405,984.200375,896.274,eeddcac52-2a6a-0b45-4338-2b8a22c6b984,994132002         9V,994132002,,gear,,True,1919.2585791915337,5953.233333333334,0.17407628248378765,185,167.36732795540914,-2.750233,-165.245102,-6.726035,-148.387492
2023-06-14T16:49:24.000Z,2024-02-14T22:22:08.000Z,705910cfeef9e49256567b15c0256576,gap,"[-97.83419, -1.287182, -96.581143, -0.726192]",-1.0067,-97.2077,[],[],"['ACAP', 'SPRFMO', 'IATTC', 'IWC']","['87', '87.1', '87.1.4']",['87'],[],[],[],[],687,557,699.401938,578.125188,930bb4196-63cb-4d11-6928-5c5dcd768979,REYARCA001,941500699,,gear,,True,152.63889438469386,5885.533333333334,0.01400355835692745,67,58.57484353020293,-0.726192,-97.83419,-1.287182,-96.581143
2023-06-14T19:08:03.000Z,2024-10-08T01:53:48.000Z,f78d55da954002086ac2dfa236f7c8b3,gap,"[-149.326652, 57.937527, -148.188067, 58.882188]",58.4111,-148.765,[],['8463'],"['ACAP', 'IPHC', 'IWC']",['67'],['67'],[],[],[],[],101,149,121.20775,176.906562,593b59df7-7b55-aada-e021-1b2998e98508,108010495,108010495,,gear,,True,124.22236758584071,11550.75,0.005806957342107866,29,75.90013429195012,58.882188,-148.188067,57.937527,-149.326652
2023-06-15T00:32:16.000Z,2024-01-11T19:34:26.000Z,0b9f2cd3fe01f0febda0f0801bf009d0,gap,"[-58.299767, 11.19152, -56.835105, 12.250912]",11.7221,-57.5688,[],['8418'],"['ICCAT', 'ACAP', 'CRFM', 'NAMMCO', 'IWC']",['31'],['31'],[],[],[],[],298,241,306.462875,240.33406200000002,809556486-6f1f-20e1-ac6d-b92e433ebc9b,LADY BENJIE,941216561,,gear,,True,198.2562763759795,5059.033333333334,0.02116013439794329,43,24.03276524961888,12.250912,-56.835105,11.19152,-58.299767
2023-06-15T00:51:29.000Z,2024-09-14T00:42:20.000Z,d4ae22498fe424a661bbf31914ce8938,gap,"[95.95502, -28.961303, 113.52567333333333, 14.270025]",-7.4316,105.1927,[],[],"['ACAP', 'IOTC', 'IWC', 'SIOFA', 'CCSBT']","['57', '57.3']",['57'],[],[],[],[],1716,274,1725.8195,464.92303100000004,79f7a4084-4677-79c2-dac6-9a95d71706a7,"KM DOA"" IBU 99",538765432,MHL,fishing,,True,5164.606911617687,10967.833333333334,0.25425848062690193,284,198.19123687760248,-28.961303,95.95502,14.270025,113.52567333333333
2023-06-15T01:30:13.000Z,2024-01-05T16:27:02.000Z,546562bba7ab6ee4b6e9a5da7784d3e5,gap,"[58.544557, -35.182937, 74.062892, -6.584377]",-21.0581,65.5446,[],[],"['ACAP', 'IOTC', 'IWC', 'SIOFA', 'CCSBT']","['51', '51.7']",['51'],[],[],[],[],425,254,2015.0325,389.88443800000005,669beb884-4bee-7c1c-c50d-f1828b1eb11f,994230148         9V,994230148,,gear,,True,3554.056317611177,4910.933333333333,0.39076826303736234,68,217.27980618819387,-35.182937,74.062892,-6.584377,58.544557
2023-06-15T06:06:33.000Z,2025-07-25T21:20:18.000Z,73a42f8d2dfa02f5999fdebbdeb500c1,gap,"[-175.618242, -12.344188, -164.258295, -5.170047]",-8.7996,-169.9933,[],['8446'],"['ACAP', 'WCPFC', 'FFA', 'IWC', 'SPC']",['77'],['77'],[],[],[],[],152,131,160.587344,682.155562,e606608ab-bb67-372f-0eb3-3b144c57c2a4,,991288508,,gear,,True,1480.7717659518078,18519.216666666667,0.04317422295889899,162,173.28922480968566,-12.344188,-164.258295,-5.170047,-175.618242
2023-06-15T13:38:17.000Z,2024-01-15T22:55:06.000Z,517c81f88cb16ea301414df9f8bbf66e,gap,"[-57.606403, 10.053053, -54.177572, 12.35396]",11.2084,-55.8852,[],['8418'],"['ICCAT', 'ACAP', 'CRFM', 'NAMMCO', 'IWC']",['31'],['31'],[],[],[],[],217,453,223.741188,475.470312,c295672d1-18fd-a71b-199a-4efd07335106,SUNRISE 4      11.9V,941211800,,gear,,True,453.1169965054615,5145.266666666666,0.04755120013693114,17,22.66279783710342,12.35396,-57.606403,10.053053,-54.177572
2023-06-15T17:05:19.000Z,2024-03-28T00:03:55.000Z,2b37a587f6f73a54c6bf5fab51653da9,gap,"[59.143397, -34.637387, 60.718192, -34.442087]",-34.5423,59.9299,[],[],"['ACAP', 'IOTC', 'IWC', 'SIOFA', 'CCSBT']","['51', '51.7']",['51'],[],[],[],[],1486,1448,1565.11925,1500.058625,99c2ecfcd-d8a0-2978-6e1a-e2609fa22bc8,LONGLINE BUOY 1099%,282810,,gear,,True,145.86746657130138,6870.966666666666,0.011463034940938612,16,166.26890287301674,-34.637387,60.718192,-34.442087,59.143397
2023-06-16T10:09:41.000Z,2024-01-17T16:16:23.000Z,e8647076c3c726e8c54df5601646ec08,gap,"[-166.220162, -19.827928, -121.451948, -8.750413]",-15.3995,-144.4188,[],['8446'],"['ACAP', 'WCPFC', 'FFA', 'IWC', 'SPC']",['77'],['77'],[],[],[],[],239,636,604.6033120000001,1061.525,bc58383a5-5eff-7824-5570-8bc67b0639fd,PTR25-04 94%,421234564,,gear,,True,4962.25704089914,5166.1,0.5186512939605422,96,169.17357076609727,-8.750413,-166.220162,-19.827928,-121.451948
2023-06-17T03:29:25.000Z,2024-12-20T17:54:29.000Z,f077e2381a17efdd6e4e9183d049f2d1,gap,"[-152.214445, -29.054688, 173.15694, -18.1348]",-24.5828,-170.2744,[],[],"['ACAP', 'SPRFMO', 'WCPFC', 'IWC']",['81'],['81'],[],[],[],[],682,347,730.725062,414.663656,cf2677738-83b5-faf9-9f7f-d1cafb5d6a55,BUOY 343-898    12V2,987712007,,gear,,True,3715.2730293804602,13262.416666666666,0.1512610408291251,23,231.86805887743523,-29.054688,-152.214445,-18.1348,173.15694
2023-06-17T05:10:33.000Z,2024-05-15T22:40:28.000Z,e7a952665cc69f13eee48d0c866a130c,gap,"[161.343957, -37.166428, 161.541238, -35.291293]",-36.2289,161.4414,[],[],"['ACAP', 'SPRFMO', 'WCPFC', 'IWC', 'CCSBT']",['81'],['81'],[],[],[],[],437,636,469.97818800000005,668.472188,c9bd47228-855c-bf63-b822-66d65271e1ac,994165073         9V,994165073,,gear,,True,209.2551964296852,8009.483333333334,0.014106873348552117,41,118.85268588814108,-35.291293,161.343957,-37.166428,161.541238
2023-06-17T07:44:11.000Z,2024-04-16T23:28:01.000Z,34762906978582c45eb84f5355ff4fad,gap,"[98.317233, -19.856128, 99.911325, -16.077363]",-17.9684,99.1228,[],[],"['ACAP', 'SEAFDEC', 'IOTC', 'IWC']","['57', '57.3']",['57'],[],[],[],[],861,538,877.5651879999999,550.98175,388310247-7f2e-3525-e464-0a63d5c934b9,BUOY-02           6V,994110922,,gear,,True,452.73332989667153,7311.716666666666,0.033433522218294244,15,106.23305022715589,-19.856128,98.317233,-16.077363,99.911325
2023-06-17T11:53:20.000Z,2025-01-16T11:12:28.000Z,cb88d1d27221cb721ece0e17953d3903,gap,"[55.48157666666667, -10.338263333333334, 63.89116333333333, -4.61815]",-7.4982,59.6587,[],[],"['ACAP', 'IOTC', 'IWC', 'SIOFA']","['51', '51.7']",['51'],[],[],[],[],789,1,993.5306879999999,0.0,3c56bb74c-ccae-0486-0ccf-86d779dbfab4,INDO PRINCE,664932000,SYC,fishing,,True,1124.0060989624303,13895.316666666668,0.043677647283592545,308,315.78147885779754,-10.338263333333334,63.89116333333333,-4.61815,55.48157666666667
2023-06-18T07:44:08.000Z,2024-01-14T19:27:24.000Z,d733006375d13806b471499fcc6f889f,gap,"[-56.1777, 9.717178, -54.016973, 11.737212]",10.7291,-55.0937,[],[],"['ICCAT', 'ACAP', 'NAMMCO', 'IWC']",['31'],['31'],[],[],[],[],386,420,393.302219,444.027,8b3a6133b-b6c5-3d19-ec75-2b3cd4b9be31,941214886,941214886,,gear,,True,325.84134149862507,5051.716666666666,0.034827814146872,39,24.313528287251355,11.737212,-56.1777,9.717178,-54.016973
2023-06-19T14:32:49.000Z,2024-02-05T10:08:52.000Z,749f66d80afb5cde4417e70d5305358b,gap,"[-56.108118, 11.059142, -55.608538, 11.544518]",11.3019,-55.8581,[],[],"['ICCAT', 'ACAP', 'NAMMCO', 'IWC']",['31'],['31'],[],[],[],[],403,476,409.168344,481.72828100000004,e0053f208-8926-f927-d4de-4435f4096ad4,SUNRISE HEAD B 12.0V,941500493,,gear,,True,76.682926816667,5539.6,0.007474450870740974,18,24.313528287251355,11.544518,-56.108118,11.059142,-55.608538
2023-06-19T15:30:48.000Z,2024-10-13T04:31:19.000Z,18ad616b3917103b73868914a5570104,gap,"[116.979533, -6.947668, 171.18345, 18.392585]",6.4223,144.742,[],[],"['ACAP', 'SPRFMO', 'WCPFC', 'IWC']",['71'],['71'],[],[],[],[],545,258,844.567625,403.881188,1354cb43f-f041-cb6f-727c-d467be9ba789,MAN03             9V,994011373,,gear,,True,6577.272617172985,11557.0,0.3072980096760046,79,130.7042540551679,-6.947668,171.18345,18.392585,116.979533
2023-06-19T22:36:24.000Z,2024-07-27T19:35:49.000Z,44a71e7f05d8a1cf9e1437e31ecccaf7,gap,"[40.312997, -35.712747, 55.437247, -32.64807]",-34.4133,47.7369,[],[],"['ACAP', 'IOTC', 'IWC', 'SIOFA', 'CCSBT']","['51', '51.7']",['51'],[],[],[],[],1211,886,1433.73975,878.087,adaa9bdcd-d88d-2055-022a-537e79801a18,NETFISH816-15     9V,816374015,,gear,,True,1430.758491701104,9692.983333333334,0.07970175488070172,26,153.23908136424143,-35.712747,55.437247,-32.64807,40.312997
2023-06-20T04:29:09.000Z,2025-07-10T05:19:24.000Z,84e7cac8be59c0f97feb53254192d238,gap,"[-166.591433, -3.369848, -150.563845, 2.497307]",-0.4406,-158.5808,[],[],"['ACAP', 'SPRFMO', 'WCPFC', 'IWC']",['77'],['77'],[],[],[],[],581,487,816.801938,971.870812,327c432c1-1ec1-a471-308a-8865214999c8,NETFISH805-19     9V,805458019,,gear,,True,1897.0655361947163,18024.833333333332,0.05682901050604539,40,158.34373662257343,2.497307,-166.591433,-3.369848,-150.563845
2023-06-20T10:32:12.000Z,2025-05-02T04:14:13.000Z,53e4f7fdeb5733675438d4d4e97d486b,gap,"[162.504048, -18.31757, 177.831472, -12.460242]",-15.5209,170.0592,[],['8314'],"['ACAP', 'WCPFC', 'FFA', 'IWC', 'SPC']",['71'],['71'],[],[],[],[],174,7,252.673047,18.156713,636f59f51-1c34-0018-9fdd-bc66d16a1e1d,893306107,893306107,,gear,,True,1766.4561549966054,16361.7,0.05829528831946895,26,79.84209025670334,-12.460242,162.504048,-18.31757,177.831472
2023-06-20T10:35:14.000Z,2025-01-13T18:24:43.000Z,4ef60d93d7185ec34da21f19439a71a3,gap,"[-17.71918, 18.872303333333335, -16.817875, 19.334251666666667]",19.1038,-17.2692,[],['8369'],"['ICCAT', 'NAMMCO', 'IWC', 'SRFC', 'ACAP']","['34.3.1', '34', '34.3', '34.3.11']",['34'],[],[],[],[],135,29,196.9255,155.70065599999998,652db8296-6577-6135-1282-4ccb9e6525a6,GORGOL,654080420,MRT,passenger,,True,107.7348918423221,13759.816666666668,0.0042276862569507355,331,216.36507377045814,18.872303333333335,-17.71918,19.334251666666667,-16.817875
2023-06-20T11:12:22.000Z,2024-01-16T08:01:20.000Z,b20677810447835e4357f08ab0b3dd38,gap,"[-19.640777, 63.352925, -17.121337, 68.009325]",65.6863,-18.4944,[],['5680'],"['ICCAT', 'ACAP', 'ICES', 'NAMMCO', 'NASCO', 'IWC']","['27.14.a', '27.14', '27']",['27'],[],[],[],[],165,16,167.96168799999998,32.929598,289efe183-34af-a434-ba62-290128af1e3b,,992511251,,gear,,True,530.3564640798045,5036.8,0.056855460021563595,50,65.91751371160456,68.009325,-17.121337,63.352925,-19.640777
2023-06-20T11:50:44.000Z,2025-06-10T08:55:26.000Z,ca51d0f6a897093709d67b6b93b31c73,gap,"[-166.62233, 2.565598, 167.690652, 13.215073]",8.0901,-179.2971,[],[],"['ACAP', 'SPRFMO', 'WCPFC', 'IWC']",['77'],['77'],[],[],[],[],578,199,818.650375,493.735625,b20b5cd82-26c5-0641-b5c2-435dad733409,NET FISH 805-16   9V,805458016,,gear,,True,3062.635845510619,17301.066666666666,0.09558318531174366,30,158.34373662257343,2.565598,-166.62233,13.215073,167.690652
2023-06-20T12:03:24.000Z,2024-01-29T06:05:18.000Z,4064a29cf55d68f76bbbc87c9030cd96,gap,"[158.09943, -11.022205, 158.892727, -10.70078]",-10.8617,158.4963,[],['8314'],"['ACAP', 'WCPFC', 'FFA', 'IWC', 'SPC']",['71'],['71'],[],[],[],[],182,113,226.9975,166.13953099999998,d8c44521d-d898-2675-81c1-462a08a34328,BUOY 728        11V7,987728001,,gear,,True,93.71354000704376,5346.016666666666,0.009465227412819528,21,70.51429583906989,-11.022205,158.09943,-10.70078,158.892727
2023-06-20T16:43:51.000Z,2024-04-24T00:30:44.000Z,e0d6a9de51fb0ba65d8e14c844a277c2,gap,"[48.469823, -36.63378, 53.220842, -32.438277]",-34.559,50.9052,[],[],"['ACAP', 'IOTC', 'IWC', 'SIOFA', 'CCSBT']","['51', '51.7']",['51'],[],[],[],[],1019,1048,1020.6558120000001,1293.308625,70942f9b6-6409-6533-ef5e-404137dc73c3,AIS BUOY_07_99%,999003507,,gear,,True,637.8011601780142,7399.766666666666,0.04653999121910229,60,134.74822735833644,-32.438277,53.220842,-36.63378,48.469823
2023-06-21T13:26:11.000Z,2024-05-15T08:35:58.000Z,0fb05e219491a736a8f2ed429843844f,gap,"[-48.413033, -27.56772, -47.641345, -26.566505]",-27.0676,-48.0255,[],['8464'],"['ICCAT', 'ACAP', 'IWC']","['41', '41.2.1', '41.2']",['41'],[],[],[],[],94,2,85.28779700000001,48.43434,91e5eb318-89cf-473d-f6ad-25c6e91b8768,SOFIA CATARINA,718907866,,fishing,,True,135.0280675525341,7891.15,0.00923937876386456,14,12.940853899165614,-26.566505,-47.641345,-27.56772,-48.413033
2023-06-21T16:35:16.000Z,2024-01-20T22:53:36.000Z,35028f46c140e34d8b34df4188764483,gap,"[91.160908, -10.063065, 94.604235, -7.859767]",-8.9654,92.8878,[],[],"['ACAP', 'SEAFDEC', 'IOTC', 'IWC']","['57', '57.2']",['57'],[],[],[],[],625,489,663.7075,532.492562,bb0976e55-5da9-4d42-7415-2269e65b2a44,994080503         9V,994080503,,gear,,True,450.6039198544309,5118.3,0.04753661414712259,14,42.71653246424547,-10.063065,91.160908,-7.859767,94.604235
2023-06-21T18:18:22.000Z,2024-03-15T00:38:08.000Z,12bc7856eaa6a743b527be424f06f780,gap,"[129.548085, -7.625992, 172.19303, 16.926512]",4.9902,151.2664,[],[],"['ACAP', 'SPRFMO', 'WCPFC', 'IWC']",['71'],['71'],[],[],[],[],480,647,774.5123120000001,739.11275,d9b192339-9e7e-7d23-4af1-5681b4977b36,994230036         6V,994230036,,gear,,True,5425.047725488946,6414.316666666667,0.4566802015984693,82,127.01915104373342,-7.625992,172.19303,16.926512,129.548085
2023-06-21T23:41:27.000Z,2024-05-23T05:50:29.000Z,c5eebe00ee42355ba4f15a4e0e0b4692,gap,"[157.3595, -12.256005, 163.646752, -8.0008]",-10.1433,160.4822,[],['8314'],"['ACAP', 'WCPFC', 'FFA', 'IWC', 'SPC']",['71'],['71'],[],[],[],[],200,2,368.596156,23.695068,87ce1a17e-e9f6-64a8-149f-331af91652f7,994161957         9V,994161957,,gear,,True,835.0253910200777,8070.15,0.05586979683643634,36,82.65895576465343,-12.256005,163.646752,-8.0008,157.3595
2023-06-22T00:00:03.000Z,2025-10-25T16:19:23.000Z,8532f08e3f2a9881637f18898a593767,gap,"[-169.820712, -23.570897, 156.39537, 11.996805]",-6.0458,172.7217,[],[],"['ACAP', 'SPRFMO', 'WCPFC', 'IWC']",['77'],['77'],[],[],[],[],489,481,501.596,589.1988120000001,2af357305-50db-81bf-6e8d-776c4985835c,994054002         9V,994054002,,gear,,True,5397.90936552098,20560.316666666666,0.14176035970670467,189,168.26438293073005,-23.570897,-169.820712,11.996805,156.39537
2023-06-22T04:46:43.000Z,2024-05-21T09:09:31.000Z,a4c417debee6c0644345de9d8049c969,gap,"[152.448703, 36.656085, 168.517023, 39.5717]",38.3885,160.3214,[],[],"['ACAP', 'PICES', 'WCPFC', 'NPFC', 'IWC', 'NPAFC']",['61'],['61'],[],[],[],[],923,1474,932.006562,1561.087,bafd994af-f99d-9682-ccc6-0a1a3e2b88a0,070-V06-99%,928007006,,gear,,True,1440.524711648036,8020.366666666667,0.09698074301679284,18,29.993285019152147,36.656085,152.448703,39.5717,168.517023
2023-06-22T05:16:28.000Z,2024-04-23T08:16:37.000Z,9e3fde305bc6d0d9443ce11d8b516f89,gap,"[152.389525, 36.616882, 166.414645, 37.221677]",37.1261,159.3741,[],[],"['ACAP', 'PICES', 'WCPFC', 'NPFC', 'IWC', 'NPAFC']",['61'],['61'],[],[],[],[],924,1596,933.271438,1697.708,3fd16afa8-8c0f-c8f2-159a-81b8fbe7a30f,070-V10-99%,928007010,,gear,,True,1247.4839591447228,7347.0,0.09168197236179051,16,29.993285019152147,36.616882,152.389525,37.221677,166.414645
2023-06-22T08:33:59.000Z,2024-05-12T13:06:09.000Z,80e041dab7c16a227aa0f677f27f8af5,gap,"[157.592058, -36.19351, 164.995933, -32.764185]",-34.5347,161.3702,[],[],"['ACAP', 'SPRFMO', 'WCPFC', 'IWC', 'CCSBT']",['81'],['81'],[],[],[],[],490,515,576.844562,536.473938,62a23af59-91a9-1639-25d3-e7bc1bdd8d06,BUOY-06           9V,994208056,,gear,,True,778.1015370869702,7804.533333333334,0.05383297127261064,167,103.91984023940333,-32.764185,164.995933,-36.19351,157.592058
2023-06-23T06:33:32.000Z,2024-03-20T06:32:14.000Z,833afdc523c1430b66f9d58a34bdd4ea,gap,"[-147.655958, -7.003892, 123.593022, 36.678152]",20.2354,173.8994,[],[],"['ACAP', 'SPRFMO', 'WCPFC', 'IATTC', 'IWC']",['77'],['77'],[],[],[],[],428,98,848.156062,96.089609,7cb6c555f-f950-2c9b-0671-5cc9168f909b,HAUANG 6,180000006,,gear,,True,10361.23176108486,6503.966666666666,0.8601854634729522,73,154.62771632865557,-7.003892,-147.655958,36.678152,123.593022
2023-06-23T07:20:17.000Z,2024-07-09T08:40:37.000Z,a331a8aec8507e2b2ef073743e0af7f3,gap,"[163.815728, -32.52112, 164.748937, -29.248043]",-30.8854,164.2744,[],[],"['ACAP', 'SPRFMO', 'WCPFC', 'IWC', 'CCSBT']",['81'],['81'],[],[],[],[],483,398,548.693,522.470156,75308eded-d95c-ab44-e312-13c009e87d04,BUOY-04           9V,994208054,,gear,,True,374.68097943456036,9169.333333333334,0.02206393165309854,19,103.91984023940333,-32.52112,164.748937,-29.248043,163.815728
2023-06-23T17:49:19.000Z,2024-01-21T13:51:31.000Z,09e446127067818559a13bdde89a19b0,gap,"[147.254122, 3.500952, 151.173305, 16.21995]",9.8661,149.1757,[],[],"['ACAP', 'WCPFC', 'IWC']","['71', '71.6.1']",['71'],[],[],[],[],545,419,591.499812,613.0860620000001,5f5420433-3de9-efaf-3701-bddd1b311e8c,NETFISH865-01     9V,865777701,,gear,,True,1477.7466165014914,5084.033333333334,0.15694612663770688,33,58.88842175580645,16.21995,151.173305,3.500952,147.254122
2023-06-23T18:00:59.000Z,2025-06-17T05:21:22.000Z,c2ce82ba9eb9dbe766f35ecaf5d65547,gap,"[115.235593, -9.803532, 139.336672, 21.698107]",6.0802,127.6455,[],['8492'],"['ACAP', 'SEAFDEC', 'WCPFC', 'APFIC', 'IWC']",['71'],['71'],[],[],[],[],163,100,185.499891,89.40207799999999,6f932f978-826c-c060-ef17-66766fb0f3a8,AISBUOY JR LM IIB99%,123038039,,gear,,True,4380.308102124135,17387.333333333332,0.1360287466531664,32,23.007954986320307,-9.803532,139.336672,21.698107,115.235593
2023-06-24T04:53:34.000Z,2025-07-19T23:23:37.000Z,596d1cf741f58950779e4cb6a8745bcd,gap,"[-18.873353, -31.030342, -7.7830449999999995, -9.901288]",-20.5536,-13.7154,[],[],"['ICCAT', 'ACAP', 'CCSBT', 'IWC']","['47', '47.C', '47.C.0']",['47'],[],[],[],[],788,533,1692.997125,536.5748120000001,f62ddd0e0-0066-7d55-1b51-c73bdd0a45b2,D-BUOY002         9V,994008202,,gear,,True,2613.9344377185676,18162.5,0.07771020968662638,27,111.28501782257224,-31.030342,-7.7830449999999995,-9.901288,-18.873353
2023-06-24T06:28:32.000Z,2026-07-20T14:00:16.000Z,43a994875b224905c43c6db7c80df4f6,gap,"[-7.769397, -31.09877, -6.125032, -8.759552]",-19.931,-6.8883,[],[],"['ICCAT', 'ACAP', 'CCSBT', 'IWC']","['47', '47.C', '47.C.0']",['47'],[],[],[],[],782,791,1700.590125,797.3386879999999,f8d93d1bf-f13f-89f8-b377-f0f4fe09f353,HY122-BUOY-003    9V,994008433,,gear,,True,2489.8467265036943,26935.516666666666,0.04991215487621852,68,111.28501782257224,-31.09877,-7.769397,-8.759552,-6.125032
2023-06-24T06:40:57.000Z,2026-05-26T07:20:20.000Z,5f29f2e0a4fcbf04c3a50517d260ab1e,gap,"[-7.769403, -35.379593, -0.319213, -31.095617]",-33.2931,-4.1357,[],[],"['ICCAT', 'ACAP', 'CCSBT', 'IWC']","['47', '47.C', '47.C.0']",['47'],[],[],[],[],782,1004,1700.590125,1698.091625,0210014f8-86dc-4838-9a49-ceda4bdd85bd,HY122-BUOY-015    9V,994208325,,gear,,True,840.4217082187711,25608.65,0.017720239806651515,160,111.28501782257224,-31.095617,-7.769403,-35.379593,-0.319213
2023-06-24T06:41:26.000Z,2025-07-15T11:49:09.000Z,f20c26496f57db3ab83dc6fbcb8944c0,gap,"[-18.940408, -31.095567, -7.769397, -10.109423]",-20.692,-13.745,[],[],"['ICCAT', 'ACAP', 'CCSBT', 'IWC']","['47', '47.C', '47.C.0']",['47'],[],[],[],[],782,550,1700.590125,553.3715,3ed7d70a1-1c2f-6d3c-e1b2-c3ea26eca279,HY122-BUOY-013    9V,994208323,,gear,,True,2602.9254645486167,18053.116666666665,0.07785178257149553,46,111.28501782257224,-31.095567,-7.769397,-10.109423,-18.940408
2023-06-24T06:41:36.000Z,2024-11-24T11:24:48.000Z,55278caae1d84d6f503bbf76be3d8526,gap,"[-23.753633, -31.09551, -7.7694469999999995, -6.49729]",-18.9667,-16.3584,[],[],"['ICCAT', 'ACAP', 'CCSBT', 'IWC']","['47', '47.C', '47.C.0']",['47'],[],[],[],[],782,1003,1700.590125,1002.791438,c56461f3e-e391-61fa-44d9-2a0014fac18a,HY122-BUOY-010    9V,994208320,,gear,,True,3201.7812840028,12460.716666666667,0.13874190656298638,109,111.28501782257224,-31.09551,-7.7694469999999995,-6.49729,-23.753633
2023-06-24T06:43:52.000Z,2026-08-23T14:18:20.000Z,bd3d66b119572d8e937726d38b67149c,gap,"[-21.64516, -31.095355, -7.769428, -5.126603]",-18.235,-15.2331,[],[],"['ICCAT', 'ACAP', 'CCSBT', 'IWC']","['47', '47.C', '47.C.0']",['47'],[],[],[],[],782,857,1700.590125,856.388,f91af0356-6d36-6078-503d-c729f4d8398d,HY122-BUOY-002    9V,994008169,,gear,,True,3230.900259271228,27751.566666666666,0.06286299426748379,43,111.28501782257224,-31.095355,-7.769428,-5.126603,-21.64516
2023-06-24T12:52:09.000Z,2024-06-30T09:50:40.000Z,4b693016b39768fbee9eaf3cb1bc53e9,gap,"[-50.869595, 44.415208, -50.778008, 44.959415]",44.6873,-50.8236,[],['8493'],"['ICCAT', 'ACAP', 'NAMMCO', 'NAFO', 'IWC', 'NASCO']","['21.3', '21.3.N', '21']",['21'],[],[],[],[],256,307,275.29281199999997,327.34418800000003,0af8ce630-0a4d-9594-8fb4-072e04717b58,ATRI-FISHBUOY-06 94%,100099006,,other,,True,60.944755757522465,8924.966666666667,0.003687132595029856,19,15.921239914326044,44.959415,-50.869595,44.415208,-50.778008
2023-06-25T11:09:53.000Z,2024-12-29T16:36:12.000Z,45ee727d3da27395afbb3a55b95254e1,gap,"[-138.726562, -27.275567, -104.425868, -16.974747]",-23.0479,-120.9283,[],[],"['ACAP', 'SPRFMO', 'WCPFC', 'IWC', 'IATTC']",['81'],['81'],[],[],[],[],473,1226,589.151562,1230.5995,455e3b3e6-6edb-4ed4-d3e2-6f1aa3d479d0,PINGTAIRONG313-0 86%,590687308,,gear,,True,3700.0438701906714,13277.433333333332,0.15047063770814886,296,220.93445426326554,-27.275567,-138.726562,-16.974747,-104.425868
2023-06-26T11:34:49.000Z,2024-03-13T04:31:09.000Z,d2feae5229b018d0dcbd684baaceb509,gap,"[128.502813, -6.445638, 169.532555, 17.741652]",6.0275,149.472,[],[],"['ACAP', 'SPRFMO', 'WCPFC', 'IWC']",['71'],['71'],[],[],[],[],456,610,719.588438,705.016062,0f8755539-9639-f74c-3e4b-4a58b8994ad9,994230033         9V,994230033,,gear,,True,5245.806481759783,6256.933333333333,0.45269922956480185,106,126.90172999071079,-6.445638,169.532555,17.741652,128.502813
2023-06-26T16:26:07.000Z,2024-06-27T09:46:01.000Z,ef02dee896e5910ef299db2ca7b1417f,gap,"[-20.72454, -7.451813, -20.424137, -2.208323]",-4.8301,-20.5749,[],[],"['ICCAT', 'ACAP', 'IWC']","['41', '41.1.4', '41.1']",['41'],[],[],[],[],941,663,942.456125,663.15325,871e17274-4bb5-58eb-7061-cffb86cd5623,994060018         9V,994060018,,gear,,True,583.9990178725492,8801.316666666668,0.0358280760543491,57,45.34771816101998,-2.208323,-20.72454,-7.451813,-20.424137
2023-06-27T00:25:07.000Z,2026-04-20T15:05:31.000Z,21ba8e46bcd504aa3e6b227dc2f91c77,gap,"[15.854667, -32.584538, 107.069392, 17.71424]",-10.5466,65.043,[],['8396'],"['ICCAT', 'ACAP', 'IWC', 'CCSBT']","['47', '47.1', '47.1.6']",['47'],[],[],[],[],189,51,200.022609,63.590855000000005,fbb29b624-4077-316f-b08f-ead98f7e7108,KIANGA199%,11111100,,gear,,True,11166.313396120218,24686.666666666668,0.2442341434412867,120,100.35780264010349,-32.584538,15.854667,17.71424,107.069392
2023-06-27T00:26:28.000Z,2024-04-01T13:25:06.000Z,3b152c14c0001e04432e569aa24f76c8,gap,"[39.36247, -37.297083, 61.20181, -30.19109]",-34.2285,49.8237,[],[],"['ACAP', 'IOTC', 'IWC', 'SIOFA', 'CCSBT']","['51', '51.8']",['51'],[],[],[],[],700,1251,706.245375,1858.237,f5a205ce0-0588-1a75-5c40-ada353c45b37,994030937         9V,994030937,,gear,,True,2162.013856285349,6708.966666666666,0.174005051577762,21,107.95083362235485,-30.19109,39.36247,-37.297083,61.20181
2023-06-27T14:41:17.000Z,2026-05-20T08:27:49.000Z,ad174fe4668a769ae8e18e09f97b4821,gap,"[115.25482, -10.112903, 128.308958, -8.75768]",-9.4957,121.769,[],['8492'],"['ACAP', 'IOTC', 'APFIC', 'IWC', 'CCSBT']","['57.5.1', '57', '57.5']",['57'],[],[],[],[],197,3,212.243719,0.0,faee3a1e0-08c1-1b66-14fa-51de53706e01,KM MERAUKE JAYA,525500921,IDN,fishing,,True,1439.7070959260034,25385.766666666666,0.030622657634739973,15,15.308159518101826,-10.112903,128.308958,-8.75768,115.25482
2023-06-28T08:11:10.000Z,2024-04-05T14:16:33.000Z,d4e66f46824f73448d7906a5eb82cb61,gap,"[121.634035, 3.649963, 178.258415, 27.572565]",17.6002,151.7727,[],[],"['ACAP', 'SPRFMO', 'WCPFC', 'IWC']",['71'],['71'],[],[],[],[],580,41,640.555,4.457536,e33743c55-5149-c456-bc07-aab15ad22abc,E34-99%,150000323,,gear,,True,6552.445806359654,6774.083333333333,0.5222902521746589,141,160.00310997303157,3.649963,178.258415,27.572565,121.634035
2023-06-28T21:17:10.000Z,2026-08-16T08:12:07.000Z,b841d8ed31838c1b991f7414e13b8fe7,gap,"[-173.464083, -4.676878, -150.49202, 2.392117]",-1.1657,-161.9924,[],[],"['ACAP', 'SPRFMO', 'WCPFC', 'IWC']",['77'],['77'],[],[],[],[],395,496,1459.268125,1072.365625,1476caf47-7fe9-bffd-905a-80f134b7929b,NETFISH8899-06    9V,889988006,,gear,,True,2670.539304235786,27466.9,0.05249867535899671,34,151.02505628863202,2.392117,-173.464083,-4.676878,-150.49202
2023-06-29T00:54:42.000Z,2025-09-06T04:00:03.000Z,6f19e32fb4229383d4d5f2e6a972db2e,gap,"[96.358625, -22.538538, 102.670387, -8.990873]",-15.7874,99.6204,[],[],"['ACAP', 'SEAFDEC', 'IOTC', 'IWC', 'SIOFA', 'CCSBT']","['57', '57.3']",['57'],[],[],[],[],1145,354,1163.29275,365.711656,bdaf18157-7e2d-fa15-3da7-f1c3d43185ce,994271120         8V,994271120,,gear,,True,1650.117163757549,19203.083333333332,0.046398381635064725,43,138.17632123393702,-22.538538,96.358625,-8.990873,102.670387
2023-06-29T08:44:29.000Z,2024-07-07T14:33:25.000Z,5722d31b6a060e57b2dc05d85c990826,gap,"[53.13991, -33.22563, 53.38625, -31.197975]",-32.2119,53.2645,[],[],"['ACAP', 'IOTC', 'IWC', 'SIOFA', 'CCSBT']","['51', '51.7']",['51'],[],[],[],[],925,1086,927.4224379999999,1086.75875,237e74233-3cf7-d4b7-1d46-b5e03d39b266,,282816,,gear,,True,226.65302785144087,8981.8,0.013625647911579537,65,129.88308352753927,-31.197975,53.38625,-33.22563,53.13991
2023-06-29T11:47:05.000Z,2024-02-27T10:09:34.000Z,d9f84d45590a9a66d25739c7fb4a375f,gap,"[-26.010658, 2.013313, -16.301523, 7.266635]",4.6566,-21.138,[],[],"['ICCAT', 'ACAP', 'NAMMCO', 'IWC']","['34.3.3', '34', '34.3']",['34'],[],[],[],[],717,845,744.4681879999999,865.12775,85251b227-7d44-9a7d-7a78-8f3ed7271ef8,FY11015           9V,994129115,,gear,,True,1224.052530887569,5830.366666666667,0.11336087927687911,31,43.94578770237082,2.013313,-16.301523,7.266635,-26.010658
2023-06-29T11:49:25.000Z,2024-01-15T11:30:26.000Z,8bbfbc13f24cf105ef69fa1aca450fd8,gap,"[-16.29828, -3.17814, -13.73334, 2.009228]",-0.5846,-15.0164,[],[],"['ICCAT', 'ACAP', 'NAMMCO', 'IWC']","['34.3.3', '34', '34.3']",['34'],[],[],[],[],717,525,744.4681879999999,531.4638120000001,2fed03949-954d-d55f-7d4e-05ec03f5cf2a,FY11016           9V,994129116,,gear,,True,643.4202824886479,4799.683333333333,0.07238376677860323,54,43.94578770237082,2.009228,-16.29828,-3.17814,-13.73334
2023-06-29T11:49:55.000Z,2024-01-23T07:27:07.000Z,8db514e0adc8e128c0123bdbc0d60584,gap,"[-26.483117, 2.008355, -16.297587, 6.512965]",4.2775,-21.3754,[],[],"['ICCAT', 'ACAP', 'NAMMCO', 'IWC']","['34.3.3', '34', '34.3']",['34'],[],[],[],[],717,938,744.4681879999999,958.468125,a32b0d0cb-b60e-2e93-d1ff-93a7ae6875a5,FY11014           9V,994129114,,gear,,True,1235.2586317792964,4987.616666666667,0.1337284612737492,50,43.94578770237082,2.008355,-16.297587,6.512965,-26.483117
2023-06-29T12:01:56.000Z,2024-01-14T09:59:46.000Z,24884fee372ca155b5e82d776a03ba8c,gap,"[-16.281123, -4.003328, -12.677393, 1.98763]",-1.0083,-14.4809,[],[],"['ICCAT', 'ACAP', 'NAMMCO', 'IWC']","['34.3.3', '34', '34.3']",['34'],[],[],[],[],717,469,745.217,475.44003100000003,c227bbd63-35ac-be94-124b-038e7674e9d5,FY11008           9V,994129108,,gear,,True,777.2735285651058,4773.95,0.08791339035699276,16,44.89622809697245,1.98763,-16.281123,-4.003328,-12.677393
2023-06-29T12:02:08.000Z,2024-01-05T05:41:06.000Z,5fa98aee467d00909ecea214b2f2a159,gap,"[-16.280818, -8.658083, -9.200185, 1.987292]",-3.3418,-12.7597,[],[],"['ICCAT', 'ACAP', 'NAMMCO', 'IWC']","['34.3.3', '34', '34.3']",['34'],[],[],[],[],717,568,745.217,579.139125,39bba8d71-10b1-7f7a-cb03-315c5343f16b,FY11012           9V,994129112,,gear,,True,1420.2714963097035,4553.633333333333,0.16841172774560936,19,44.89622809697245,1.987292,-16.280818,-8.658083,-9.200185
2023-06-29T12:20:31.000Z,2024-01-14T10:52:25.000Z,f0d398157944347b6934e382b0ad08a8,gap,"[-16.255665, -4.002457, -12.885763, 1.955018]",-1.0242,-14.5723,[],[],"['ICCAT', 'ACAP', 'NAMMCO', 'IWC']","['34.3.3', '34', '34.3']",['34'],[],[],[],[],719,460,746.9325620000001,466.526969,ccb440a01-18b0-1346-5f94-61dc2b2f834f,FY11011           9V,994129111,,gear,,True,760.9668374719015,4774.516666666666,0.08605880967298032,22,44.89622809697245,1.955018,-16.255665,-4.002457,-12.885763
2023-06-29T12:20:33.000Z,2024-01-14T09:51:17.000Z,d0c9a1f64293a1e633b928c5e709fc6b,gap,"[-16.255652, -4.003335, -12.72977, 1.954968]",-1.0247,-14.4944,[],[],"['ICCAT', 'ACAP', 'NAMMCO', 'IWC']","['34.3.3', '34', '34.3']",['34'],[],[],[],[],720,467,747.887438,473.229781,387ff9f8f-fb4d-c7db-5dd5-7a5b9a029c41,FY11009           9V,994129109,,gear,,True,769.7241996067717,4773.5,0.08706773192881276,38,44.89622809697245,1.954968,-16.255652,-4.003335,-12.72977
2023-06-29T13:16:23.000Z,2024-01-27T12:20:43.000Z,4621269ab80e16e08d0d9f7bc9ec290b,gap,"[-31.35998, 1.856888, -16.182277, 8.081288]",5.0128,-23.735,[],[],"['ICCAT', 'ACAP', 'NAMMCO', 'IWC']","['34.3.3', '34', '34.3']",['34'],[],[],[],[],724,1037,752.03775,1064.489125,acd1ecd2c-c5ca-49ba-481e-98fcafee7ad5,FY11013           9V,994129113,,gear,,True,1817.4093034344105,5087.066666666667,0.192905377962376,24,44.89622809697245,1.856888,-16.182277,8.081288,-31.35998
2023-06-29T13:30:01.000Z,2025-09-15T03:38:43.000Z,e69cf89218f36db754b8ea9b78447dd1,gap,"[96.256348, -22.472738, 101.997383, -16.145168]",-19.3314,99.1825,[],[],"['ACAP', 'SEAFDEC', 'IOTC', 'IWC', 'SIOFA', 'CCSBT']","['57', '57.3']",['57'],[],[],[],[],1138,702,1156.0725,713.076375,db6c55a88-85f0-f2b7-d44c-4c338b7abfd3,994271119         9V,994271119,,gear,,True,925.9981082885568,19406.133333333335,0.025764997589638468,59,138.17632123393702,-22.472738,96.256348,-16.145168,101.997383
2023-06-29T15:12:03.000Z,2024-02-15T23:17:50.000Z,a24f613ceccbb85eab29bc10a4d092ff,gap,"[-158.528687, -13.957428, 147.844592, 3.227612]",-6.0066,174.247,[],[],"['ACAP', 'SPRFMO', 'WCPFC', 'IWC']",['77'],['77'],[],[],[],[],472,415,501.22843800000004,593.174875,fe7cc3cf1-1483-e569-0138-0d0e61f01ac3,NETFISH800-011    9V,800888011,,gear,,True,6212.71445580651,5552.083333333333,0.6042051671307375,121,174.67952438948703,-13.957428,-158.528687,3.227612,147.844592
2023-06-29T15:53:18.000Z,2024-11-22T06:21:40.000Z,e177e63c48eaeeca24dd510b05dc3b22,gap,"[-165.066023, -2.141092, 157.922995, 16.377305]",7.5017,176.8189,[],[],"['ACAP', 'SPRFMO', 'WCPFC', 'IWC']",['77'],['77'],[],[],[],[],593,697,920.751312,1044.419938,4bbabad27-732e-1254-6a47-8e4ba474a238,MFT_88_02         9V,958333302,,gear,,True,4555.675626409965,12278.466666666667,0.20034000299854016,20,167.36732795540914,-2.141092,-165.066023,16.377305,157.922995
2023-06-29T16:32:39.000Z,2024-02-15T19:27:46.000Z,8b40e45d14a0ce5c0626d89d682ae28f,gap,"[-158.680237, -13.956547, 147.950083, 2.8952299999999997]",-6.1849,174.2219,[],[],"['ACAP', 'SPRFMO', 'WCPFC', 'IWC']",['77'],['77'],[],[],[],[],463,444,485.22709399999997,560.131375,e47ac7920-0f09-e142-152e-8f3dca82d7cd,NETFISH800-012    9V,800888012,,gear,,True,6173.582887524756,5546.916666666667,0.6009587455763994,94,174.67952438948703,-13.956547,-158.680237,2.89523,147.950083
2023-06-29T17:22:03.000Z,2024-11-22T15:17:56.000Z,6d3a0d436b906ae37b06f99b6039bbdc,gap,"[-165.178808, -2.016043, 158.883045, 16.226917]",7.4656,177.224,[],[],"['ACAP', 'SPRFMO', 'WCPFC', 'IWC']",['77'],['77'],[],[],[],[],600,619,919.685625,1030.340188,356539ac8-8919-a533-8a0a-8a25f05c402d,MFT88-01          9,958333301,,gear,,True,4437.482446337241,12285.916666666666,0.1950240183230236,14,167.36732795540914,-2.016043,-165.178808,16.226917,158.883045
2023-06-29T19:52:20.000Z,2024-11-22T10:57:16.000Z,e4e657bd015c9a2713acd0ea04b28984,gap,"[-165.371473, -1.802053, 158.414617, 16.29215]",7.618,176.9008,[],[],"['ACAP', 'SPRFMO', 'WCPFC', 'IWC']",['77'],['77'],[],[],[],[],614,655,917.7093120000001,1034.44225,a24a3cdef-f164-e59a-521d-a1cfa93d724e,MFT88-04          9,958333304,,gear,,True,4456.035808421113,12279.066666666668,0.19594867562132612,16,165.8670647731213,-1.802053,-165.371473,16.29215,158.414617
2023-06-29T19:54:23.000Z,2024-11-22T11:02:57.000Z,5c6c5a0f7b324d6556b229b8427957cc,gap,"[-165.37424, -1.799078, 158.424845, 16.290675]",7.6185,176.9043,[],[],"['ACAP', 'SPRFMO', 'WCPFC', 'IWC']",['77'],['77'],[],[],[],[],614,654,917.7093120000001,1034.470312,9287939c7-7817-2e1b-6f11-c171e6895c53,MFT88-03          9,958333303,,gear,,True,4454.541694178056,12279.133333333333,0.19588191029078814,18,165.8670647731213,-1.799078,-165.37424,16.290675,158.424845
2023-06-29T19:56:02.000Z,2024-11-22T05:58:47.000Z,8e048b421e97c9f766c3410858fbcbf6,gap,"[-165.376243, -1.79674, 157.884632, 16.385628]",7.6814,176.6439,[],[],"['ACAP', 'SPRFMO', 'WCPFC', 'IWC']",['77'],['77'],[],[],[],[],615,701,918.518438,1045.644625,9a3d779a9-9628-3def-74b2-fb7f8237b23c,MFT 88-07         9V,958333307,,gear,,True,4511.334722216893,12274.033333333333,0.19846172890142452,30,165.8670647731213,-1.79674,-165.376243,16.385628,157.884632
2023-06-29T20:31:32.000Z,2025-08-17T20:39:18.000Z,bbf8890809747eb09f9d9efd2e4610dc,gap,"[-165.423317, -27.7608, -161.692915, -1.7443469999999999]",-14.76,-163.6716,[],[],"['ACAP', 'SPRFMO', 'WCPFC', 'IWC']",['77'],['77'],[],[],[],[],617,745,917.2183120000001,754.5695,67c02ed71-152d-84ac-f3eb-d33137ecacad,MFT_88_10         9V,958333310,,gear,,True,2920.003977970808,18720.116666666665,0.08422362115031948,29,165.8670647731213,-1.7443469999999999,-165.423317,-27.7608,-161.692915
2023-06-29T20:31:41.000Z,2024-11-22T06:20:34.000Z,31541e7867ddce9a46b0a348681e0a78,gap,"[-165.42355, -1.7441550000000001, 157.92114, 16.377735]",7.703,176.6374,[],[],"['ACAP', 'SPRFMO', 'WCPFC', 'IWC']",['77'],['77'],[],[],[],[],617,697,917.2183120000001,1044.419938,e4fb256b2-2c22-3639-778c-c55eea303c34,MFT 88-05         9V,958333305,,gear,,True,4500.018405456287,12273.8,0.19796766720185266,31,165.8670647731213,-1.7441550000000001,-165.42355,16.377735,157.92114
2023-06-30T04:45:08.000Z,2025-09-06T03:59:55.000Z,46f1f649e7ec1490fd62ffeaeabbaced,gap,"[96.738487, -22.816847, 102.467855, -8.844455]",-15.8494,99.7028,[],[],"['ACAP', 'SEAFDEC', 'IOTC', 'IWC', 'SIOFA', 'CCSBT']","['57', '57.3']",['57'],[],[],[],[],1175,369,1193.213625,392.826344,8ed5785e5-5092-7cb7-0cf9-9252c97f79e8,994271118         9V,994271118,,gear,,True,1669.4879306504938,19175.233333333334,0.0470112332283806,34,138.17632123393702,-22.816847,96.738487,-8.844455,102.467855
2023-06-30T05:03:06.000Z,2025-09-06T02:59:55.000Z,a6da4ac11537c07bf89129211fa6c574,gap,"[96.754682, -22.832742, 102.572917, -8.917653]",-15.8946,99.7648,[],[],"['ACAP', 'SEAFDEC', 'IOTC', 'IWC', 'SIOFA', 'CCSBT']","['57', '57.3']",['57'],[],[],[],[],1176,367,1194.312875,379.010375,6fc0f4b91-126f-6ca9-641b-4601ab9e4b95,994271116         9V,994271116,,gear,,True,1667.0177571150934,19173.933333333334,0.04694485809392938,63,138.17632123393702,-22.832742,96.754682,-8.917653,102.572917
2023-06-30T07:31:30.000Z,2024-01-15T00:37:04.000Z,8528376175eb440529d13aa37b72a053,gap,"[-51.018828, -34.434373, -49.076865, -34.067677]",-34.2549,-50.05,[],['8464'],"['ICCAT', 'ACAP', 'IWC']","['41', '41.2.4', '41.2']",['41'],[],[],[],[],360,183,356.585781,215.648953,de880c166-61c3-e746-548e-d4ee372a80c5,05,108010061,,gear,,True,183.08375874606895,4769.083333333333,0.02072878878970863,14,22.14913870433398,-34.434373,-49.076865,-34.067677,-51.018828
2023-06-30T09:01:46.000Z,2024-06-07T09:59:58.000Z,9ceaa1440b2ce9296d4eee7c979a3817,gap,"[84.917553, -9.005848, 87.153735, -7.45052]",-8.2297,86.0378,[],[],"['ACAP', 'SEAFDEC', 'IOTC', 'IWC']","['57', '57.2']",['57'],[],[],[],[],1143,1315,1184.18775,1351.277375,8483b4256-6510-cf60-c73b-ef7f6d925f5a,994171778         9V,994171778,,gear,,True,300.778157727952,8232.966666666667,0.019726450886001366,23,31.37716289982951,-7.45052,87.153735,-9.005848,84.917553
2023-06-30T13:19:58.000Z,2025-09-23T04:23:53.000Z,cfa5adaf985b33db3369dcc4b694bbce,gap,"[-49.58363, -34.418922, -48.835842, -32.662062]",-33.5411,-49.2059,[],['8464'],"['ICCAT', 'ACAP', 'IWC']","['41', '41.2.4', '41.2']",['41'],[],[],[],[],318,251,322.68706199999997,290.698875,11df25cc8-875b-1a7e-c2c7-57bd183bddea,B18 ESTR. DE KALY I,710000149,BRA,gear,,True,207.28151490960835,19575.05,0.005717638739418393,36,22.14913870433398,-34.418922,-49.58363,-32.662062,-48.835842
2023-06-30T14:19:54.000Z,2026-03-10T08:42:04.000Z,935c015f0828cc2f6ed8f3a3c97010e9,gap,"[-159.072063, -14.395723, -146.029493, -6.487427]",-10.5081,-152.4673,[],[],"['ACAP', 'SPRFMO', 'WCPFC', 'IWC']",['77'],['77'],[],[],[],[],460,597,454.556812,701.784,fb1f5189f-f931-fcb4-9522-f7082e23fb96,BUOY 860-22       9V,860784022,,gear,,True,1674.4034196934938,23610.366666666665,0.0382927351767669,86,175.18840504554063,-14.395723,-159.072063,-6.487427,-146.029493
2023-07-01T08:38:50.000Z,2024-04-03T16:12:34.000Z,091e3a4e505bcd3c9b427f4d5130f5d6,gap,"[-149.126775, -28.503405, -119.157495, -7.803293]",-18.7462,-135.0604,[],[],"['ACAP', 'SPRFMO', 'IATTC', 'IWC']","['87', '87.2.6', '87.2']",['87'],[],[],[],[],703,262,967.2763120000001,807.1689379999999,3a6252d9f-fcfd-509e-ef90-baf58de712b0,PINGTAIRONG301-6100%,59080039,,gear,,True,3893.167351092695,6655.55,0.3158480062826059,165,206.98056623009396,-28.503405,-119.157495,-7.803293,-149.126775
2023-07-01T17:23:06.000Z,2024-02-19T11:10:03.000Z,90aea871b436ac644f971e52ccaf8e2a,gap,"[69.68559833333333, -14.050665, 128.54285, 22.82125]",5.0313,98.288,[],['8487'],"['ACAP', 'WCPFC', 'APFIC', 'IWC']",['61'],['61'],[],[],[],[],325,790,378.672031,807.436062,cc4fdf9e1-16ff-0e17-ae8b-bae2ed5bff85,ERIKOUSSA,635961353,ATF,other,,True,7604.805006755686,5585.766666666666,0.7351302779717286,33,22.549471140976813,22.82125,128.54285,-14.050665,69.68559833333333
2023-07-01T19:28:48.000Z,2025-04-01T14:10:33.000Z,224b21f1d021609f2e8bb82d7a1c7ee8,gap,"[38.628978000000004, -36.19586, 62.396993, -31.356552]",-34.3517,50.1722,[],[],"['ACAP', 'IOTC', 'IWC', 'SIOFA', 'CCSBT']","['51', '51.8']",['51'],[],[],[],[],679,1354,674.999,1783.314375,cccbdfcb6-63e6-f8f0-4c89-91cb67abf0eb,,181205,,gear,,True,2255.4782638992333,15354.683333333332,0.07931526865129498,17,113.23137832712676,-31.356552,38.628978000000004,-36.19586,62.396993
2023-07-02T10:31:43.000Z,2024-08-09T19:20:43.000Z,fcbb347d9bd960001a55df7a086e240e,gap,"[60.823949999999996, 12.981533333333333, 71.40713333333333, 13.260983333333334]",13.1755,66.1125,[],[],"['ACAP', 'IOTC', 'IWC']","['51', '51.3']",['51'],[],[],[],[],684,201,813.022688,327.680094,17ec8fa1d-dcf2-c4f7-79be-d15ed162d0da,,372834305,PAN,other,,True,1146.409712687768,9704.816666666668,0.06378396884503897,96,86.89529765608027,12.981533333333333,60.823949999999996,13.260983333333334,71.40713333333333
2023-07-02T12:44:51.000Z,2024-03-01T08:06:43.000Z,cd6ada0b4d5757d4712f89a610070f9d,gap,"[53.903905, -2.56631, 66.040553, 1.654373]",-0.4585,59.9704,[],[],"['ACAP', 'IOTC', 'IWC', 'SIOFA']","['51', '51.4']",['51'],[],[],[],[],699,612,877.522125,690.116375,af51f333c-c771-8812-91c4-4fda0161956c,X.S.J.67 NO:13    8V,994073013,,gear,,True,1428.4842695325553,5827.35,0.1323620170340863,23,24.487168231793838,-2.56631,66.040553,1.654373,53.903905
2023-07-02T16:19:24.000Z,2026-06-20T18:58:16.000Z,6e9935d1867b7dbeb12b51c5b80bd0e0,gap,"[-179.303957, -10.10408, 158.720842, -2.26286]",-6.298,169.791,[],['8314'],"['ACAP', 'WCPFC', 'FFA', 'IWC', 'SPC']",['71'],['71'],[],[],[],[],113,418,154.006328,712.868812,27162236a-a682-ef70-0557-59a25b57a19a,LONGLINE BUOY 0799%,88807,,gear,,True,2579.029126352309,26018.633333333335,0.0535218089760441,17,72.64990171741313,-10.10408,158.720842,-2.26286,-179.303957
2023-07-02T16:43:32.000Z,2024-05-17T21:18:47.000Z,733a08b41ff810fa19268832bb598e8a,gap,"[158.686117, -10.071213, 165.281898, -6.665033]",-8.3818,161.9984,[],['8314'],"['ACAP', 'WCPFC', 'FFA', 'IWC', 'SPC']",['71'],['71'],[],[],[],[],111,321,155.34092199999998,523.412719,809a6754a-add9-ae2f-2e7f-aa58caf7be3a,SANLIANFA0499%,8888804,,gear,,True,818.4036629903667,7684.583333333333,0.05750508604518575,39,72.64990171741313,-10.071213,158.686117,-6.665033,165.281898
2023-07-02T17:57:23.000Z,2024-07-27T19:56:06.000Z,03a56bb2f04f70285431dc18692e434f,gap,"[33.982137, -34.327605, 53.565033, -31.970567]",-33.5351,43.9064,[],[],"['ACAP', 'IOTC', 'IWC', 'SIOFA', 'CCSBT']","['51', '51.7']",['51'],[],[],[],[],1000,502,1001.7069379999999,557.606188,7e1846711-1c85-da58-52c0-f48c45175eb4,AN 36 BUOY 17-85%,268217,SMR,gear,,True,1838.9363497599736,9385.966666666667,0.1057905092185424,37,129.88308352753927,-31.970567,53.565033,-34.327605,33.982137
2023-07-02T23:38:50.000Z,2025-06-02T13:47:21.000Z,5bd671bc83d2c2a6367617a67a87a4b8,gap,"[149.394003, 38.880457, 163.951542, 38.917475]",39.1257,156.6747,[],[],"['ACAP', 'PICES', 'WCPFC', 'NPFC', 'IWC', 'NPAFC']",['61'],['61'],[],[],[],[],1316,569,1441.514625,580.329938,d07511c0c-caa4-8e6d-7578-40eec6117a80,NETFISH981-06-60%,981663006,,gear,,True,1258.447238981757,16814.133333333335,0.0404128559591695,15,77.36099008375164,38.880457,163.951542,38.917475,149.394003
2023-07-02T23:53:33.000Z,2024-01-29T21:16:48.000Z,61fb9daafc0ae9b12eadab97c00c6479,gap,"[158.486005, -12.743548, 159.384885, -11.604455]",-12.1744,158.9345,[],['8314'],"['ACAP', 'WCPFC', 'FFA', 'IWC', 'SPC']",['71'],['71'],[],[],[],[],144,142,146.509297,174.285781,8af46e9fd-d4da-5c49-1c4d-8377a9c24a17,HOSM AIS TEST SHIP,987728002,,gear,,True,159.9647560402196,5061.383333333333,0.017065306586878746,16,71.33758374763725,-12.743548,159.384885,-11.604455,158.486005
2023-07-03T03:09:29.000Z,2024-01-17T18:00:47.000Z,953e317f783ca384e149eb7749a30526,gap,"[62.41042, -33.375255, 69.54535, -2.466183]",-17.953,65.6585,[],[],"['ACAP', 'IOTC', 'IWC', 'SIOFA', 'CCSBT']","['51', '51.7']",['51'],[],[],[],[],872,754,1639.938625,759.360688,2153122d2-220f-71dd-8bd3-1b540a57d893,VN-20             9V,994030880,,gear,,True,3516.243942948682,4766.85,0.3982965353650985,22,196.6802327789429,-33.375255,69.54535,-2.466183,62.41042
2023-07-03T04:33:13.000Z,2024-11-07T04:18:06.000Z,e530e55a523871ec062f7bbb35714147,gap,"[96.706098, -21.7299, 99.171258, -19.043753]",-20.3912,97.9494,[],[],"['ACAP', 'SEAFDEC', 'IOTC', 'IWC', 'SIOFA', 'CCSBT']","['57', '57.3']",['57'],[],[],[],[],1054,795,1072.071125,810.7445620000001,a5f97a069-90de-b00b-1754-1fddf05ca606,994071254         9V,994071254,,gear,,True,393.9737796286638,11831.733333333334,0.017979514640880705,35,127.9505509204907,-21.7299,96.706098,-19.043753,99.171258
2023-07-03T11:09:12.000Z,2025-02-27T17:07:35.000Z,435aed2fd0379b08c74f57cf30332bfe,gap,"[-99.451135, 2.314603, 31.137207, 70.487038]",50.0964,-81.4768,[],[],"['ACAP', 'IATTC', 'IWC']","['87', '87.1', '87.1.4']",['87'],[],[],[],[],830,9,830.8536879999999,12.282348,0c783193e-ea9f-5f02-068e-25c0b0c0475a,JOTA JOTA 5,941500696,,gear,,True,11154.640656168287,14525.966666666667,0.4146384368500008,50,52.05108462410766,2.314603,-99.451135,70.487038,31.137207
2023-07-03T20:22:45.000Z,2025-11-05T04:42:46.000Z,ee427b8ee66441a68c3311dbb5691286,gap,"[-173.736298, -21.91595, -173.6936, -21.122753]",-21.5194,-173.715,[],['8448'],"['ACAP', 'WCPFC', 'FFA', 'IWC', 'SPC']",['77'],['77'],[],[],[],[],137,116,175.604938,124.725227,06c4ec3d3-3b56-ad1a-bb4d-2e4b1a411056,994057004         1V,994057004,,gear,,True,88.31014239405182,20528.333333333332,0.0023228218981803366,47,140.18306182646492,-21.91595,-173.6936,-21.122753,-173.736298
2023-07-04T07:06:42.000Z,2024-05-26T08:33:35.000Z,c5a4ae20adcede5951b50bdf74c6fd4e,gap,"[-166.310562, -13.443885, -158.742043, -4.6938130000000005]",-9.0883,-162.5726,[],[],"['ACAP', 'SPRFMO', 'WCPFC', 'IWC']",['77'],['77'],[],[],[],[],412,501,473.266344,1014.525688,760fc12f5-5941-41ae-e492-c5bc0e6a70bc,BUOY 860-13       9V,860784013,,gear,,True,1279.005220294961,7849.433333333333,0.08798183779979667,18,174.67952438948703,-13.443885,-158.742043,-4.693813,-166.310562
2023-07-04T10:54:13.000Z,2024-01-15T13:43:17.000Z,99fbee3357897ab1cfac638810a15870,gap,"[-33.444683, 3.201357, -14.661467, 10.295983]",6.8395,-23.9836,[],[],"['ICCAT', 'ACAP', 'NAMMCO', 'IWC']","['34.3.3', '34', '34.3']",['34'],[],[],[],[],518,1067,543.535,1095.96,84abc84d3-3c1a-8177-f0da-2291f6bf9e52,B11             (99),98354160,,gear,,True,2217.674710911935,4682.816666666667,0.2557111741171313,34,43.13741727951305,3.201357,-14.661467,10.295983,-33.444683
2023-07-04T11:33:36.000Z,2025-07-17T13:54:32.000Z,74f7f9b4129dc9bbf4ef8fbc5538d550,gap,"[53.239075, -32.354912, 108.139885, 10.711285]",-12.1472,82.9332,[],[],"['ACAP', 'IOTC', 'IWC', 'SIOFA', 'CCSBT']","['51', '51.7']",['51'],[],[],[],[],1013,15,1013.97975,112.918891,500787a08-87fc-f414-4b15-9a139831b599,BUOY 637-685      0%,42637685,,gear,,True,7539.329007590017,17858.333333333332,0.22795587444550544,55,134.74822735833644,-32.354912,53.239075,10.711285,108.139885
2023-07-04T12:57:38.000Z,2026-05-19T12:56:02.000Z,ff10d2f55a09bc5d0eabab456c2d1fee,gap,"[-132.541495, -0.288378, 172.573902, 18.559108]",10.2694,-159.1897,[],[],"['ACAP', 'SPRFMO', 'IATTC', 'IWC']",['77'],['77'],[],[],[],[],1225,576,1233.71175,1205.891375,cb0a25b0c-c8e8-ea5c-246f-691a422a165e,888298308-90%,888298308,,fishing,,True,6345.235576810524,25199.966666666667,0.13595863695169483,55,132.04966038676204,-0.288378,-132.541495,18.559108,172.573902
2023-07-04T13:54:15.000Z,2024-02-12T22:07:39.000Z,2d19d86dfe60348a583a9d937e207066,gap,"[62.195913, -33.624482, 69.722743, -6.946048]",-20.3252,65.629,[],[],"['ACAP', 'IOTC', 'IWC', 'SIOFA', 'CCSBT']","['51', '51.7']",['51'],[],[],[],[],844,653,1670.689125,762.2235,40c429cb6-658b-f607-584f-586566da00fe,88800138          9V,994083238,,gear,,True,3066.0295408006846,5360.216666666666,0.3088538417573091,115,196.6802327789429,-33.624482,69.722743,-6.946048,62.195913
2023-07-04T14:01:27.000Z,2024-12-27T20:43:23.000Z,1d647e4bb19838eb90c53e7da6a19ae7,gap,"[-51.266508, -34.029192, -47.141868, -33.597968]",-33.8307,-49.199,[],[],"['ICCAT', 'ACAP', 'IWC']","['41', '41.2.2', '41.2']",['41'],[],[],[],[],439,162,468.8925,203.281203,edd6aecb1-10c3-3eda-732a-0482701781ad,B6 - S SHARK100%,710000102,BRA,gear,,True,384.039638106899,13014.683333333332,0.015933143364417427,15,22.916693780215613,-33.597968,-47.141868,-34.029192,-51.266508
2023-07-04T16:16:05.000Z,2024-12-27T22:19:55.000Z,f3826f7b2dd8ee263923185dc793aa37,gap,"[-51.118722, -33.931052, -46.983095, -33.631188]",-33.7984,-49.0473,[],[],"['ICCAT', 'ACAP', 'IWC']","['41', '41.2.2', '41.2']",['41'],[],[],[],[],453,168,484.031406,197.704734,2c5456015-5218-1422-4bb0-4e92f9c94b44,B5 - S SHARK100%,710000101,BRA,gear,,True,383.64703915688557,13014.05,0.015917629709306845,20,24.56474432160857,-33.631188,-46.983095,-33.931052,-51.118722
2023-07-05T00:20:41.000Z,2024-01-12T07:37:46.000Z,814a06e1d6a810d4d0328c63097a07af,gap,"[48.199767, -3.563765, 66.119967, -1.3693520000000001]",-2.497,57.1673,[],[],"['ACAP', 'IOTC', 'IWC', 'SIOFA']","['51', '51.4']",['51'],[],[],[],[],758,600,845.96275,695.653,5f63a32c6-69e5-f89e-a293-4d701ee99b94,XIN85013          9V,994110293,,gear,,True,2005.553649540878,4591.283333333334,0.23586266826596478,40,22.13217397814019,-1.3693520000000001,66.119967,-3.563765,48.199767
2023-07-06T02:21:03.000Z,2025-06-30T13:26:43.000Z,2efddc46ea9f969a695a484dd8b37e76,gap,"[65.143447, -6.201498, 80.768185, 5.392788]",-0.4081,72.9614,[],[],"['ACAP', 'IOTC', 'IWC', 'SIOFA']","['51', '51.4']",['51'],[],[],[],[],675,62,809.686375,71.632289,986edab14-4283-b981-0970-de5f59a1dff4,IMULA 0064 KMN NET 5,964170240,,gear,,True,2161.0587107464958,17411.083333333332,0.06701928485408194,14,36.40528888932896,-6.201498,65.143447,5.392788,80.768185
2023-07-06T03:08:46.000Z,2024-02-02T19:27:49.000Z,f6a4243cc467e47e628f20b1a3d0e2f4,gap,"[166.022827, 2.4662319999999998, 168.849185, 6.93157]",4.7003,167.4405,[],['8318'],"['ACAP', 'WCPFC', 'FFA', 'IWC', 'SPC']","['71', '71.6.2']",['71'],[],[],[],[],216,234,274.84668800000003,397.22684399999997,8d372b4b3-383f-796a-4834-a4d4320cb515,HNY762-03 88%,991176203,,gear,,True,587.0198468578654,5080.316666666667,0.0623908667257175,98,167.99708649039803,6.93157,166.022827,2.466232,168.849185
2023-07-06T08:50:38.000Z,2024-09-10T02:20:06.000Z,ee4da097a8f36c5c3a7004c533021b17,gap,"[-38.101573, -20.299815, -36.32133, -17.078688]",-18.6914,-37.2199,[],['8464'],"['ICCAT', 'ACAP', 'IWC']","['41', '41.2.4', '41.2']",['41'],[],[],[],[],360,111,332.959375,271.312906,5e524537c-cf17-634d-3c3a-f81be10eeb2b,GOSPEON 3 BOIA 06,91806087,,gear,,True,404.27453357458324,10361.483333333334,0.021067522655297315,31,29.31604763666133,-20.299815,-36.32133,-17.078688,-38.101573
2023-07-06T10:50:00.000Z,2024-10-07T09:23:11.000Z,1f07e16481a77434cfdef94b8229fa3c,gap,"[50.899013, -32.067365, 51.766112, -24.57198]",-28.3204,51.3479,[],[],"['ACAP', 'IOTC', 'IWC', 'SIOFA', 'CCSBT']","['51', '51.7']",['51'],[],[],[],[],866,435,867.63025,487.58765600000004,6d8520070-0b48-c77c-ec87-b57be070e63a,AIS BUOY_09_99%,999095909,,gear,,True,837.7493444808159,11014.55,0.04106826498976256,46,129.3451208515619,-32.067365,50.899013,-24.57198,51.766112
2023-07-06T12:34:25.000Z,2025-04-05T09:38:37.000Z,baa60fe0aaf37e4addbdf80ad0da2d6a,gap,"[65.483493, -6.812792, 79.10457, 7.146775]",0.1682,72.2916,[],[],"['ACAP', 'IOTC', 'IWC', 'SIOFA']","['51', '51.4']",['51'],[],[],[],[],638,79,764.4040620000001,61.816410000000005,501d833b1-1b81-8203-4daa-353c7c028fb8,IMULA 0064 KMN NET12,964171149,,gear,,True,2166.113946741152,15333.066666666668,0.07628010678032751,18,36.40528888932896,-6.812792,65.483493,7.146775,79.10457
2023-07-06T14:26:17.000Z,2025-10-02T20:16:45.000Z,515ebc8df9d6cb87b562780b72458041,gap,"[-49.002678, -3.289447, -5.189787, 25.938757]",12.178,-25.8933,[],[],"['ICCAT', 'ACAP', 'NAMMCO', 'IWC']",['31'],['31'],[],[],[],[],1605,887,1611.941125,896.50525,d6b79db57-7419-34b9-88e4-14b154aaf771,BUOY-10  100%,168804136,,gear,,True,5724.682250916698,19661.833333333332,0.15721225363884497,18,25.105864081957446,25.938757,-49.002678,-3.289447,-5.189787
2023-07-06T19:46:19.000Z,2024-12-03T06:38:18.000Z,dd7d3e172eb6d0b65de9149eba80f17c,gap,"[-49.735358, -2.70525, -16.68344, 25.381285]",11.8118,-32.3568,[],[],"['ICCAT', 'ACAP', 'NAMMCO', 'IWC']",['31'],['31'],[],[],[],[],1509,626,1515.86475,629.998375,b82565e02-2e8a-95a5-5c2e-2013c5ff8a38,YCH BUOY-17  100%,168803971,,gear,,True,4735.96977804111,12370.85,0.2067132899205786,42,25.105864081957446,25.381285,-49.735358,-2.70525,-16.68344
2023-07-07T05:06:18.000Z,2024-04-13T21:17:26.000Z,b4a13877c1404461207df838471e195c,gap,"[163.830742, 6.334467, 173.039543, 10.113112]",8.25,168.4571,[],['8318'],"['ACAP', 'WCPFC', 'FFA', 'IWC', 'SPC']","['71', '71.6.2']",['71'],[],[],[],[],114,209,202.86232800000002,453.648406,cc97ab3d1-10c0-dbb9-ef45-9e8c74ce0516,SLC723-09 79%,991272309,,gear,,True,1096.8899919570777,6760.183333333333,0.08761200467438773,167,172.51011064257068,6.334467,173.039543,10.113112,163.830742
2023-07-07T07:35:08.000Z,2024-02-12T11:33:03.000Z,53d62c67046fc128dfb5d792f87a4848,gap,"[60.761435, -12.737398, 95.372698, -7.717612]",-10.7015,78.2083,[],[],"['ACAP', 'IOTC', 'IWC', 'SIOFA']","['51', '51.7']",['51'],[],[],[],[],470,472,822.223938,513.286688,85e7da17c-cac1-fc1b-f94e-5b25b75de0be,IMULA 0897KLT NET 2,994171500,,gear,,True,3825.1725779159397,5283.95,0.39088711245147667,27,55.420770763716924,-12.737398,60.761435,-7.717612,95.372698
2023-07-07T08:10:59.000Z,2024-04-25T11:41:45.000Z,406419c562c4dee847fa63a75085ad8a,gap,"[46.670432, -37.621228, 51.122613, -32.360887]",-35.0114,48.9681,[],[],"['ACAP', 'IOTC', 'IWC', 'SIOFA', 'CCSBT']","['51', '51.7']",['51'],[],[],[],[],904,976,905.782938,1395.76575,569ff07a3-3508-67bd-8622-e16fdba18bc3,AIS BUOY_12_81%,999097912,,gear,,True,711.557464292556,7035.5,0.05461023294641016,58,130.8695251979866,-32.360887,51.122613,-37.621228,46.670432
2023-07-07T09:14:17.000Z,2024-03-24T18:45:47.000Z,c71d86b1da1b6237a8548019bef0b8d1,gap,"[168.787035, 2.810125, 172.251155, 10.0368]",6.4264,170.5068,[],['8318'],"['ACAP', 'WCPFC', 'FFA', 'IWC', 'SPC']",['71'],['71'],[],[],[],[],196,153,426.14790600000003,339.430344,30c9caeb4-4333-25b5-28eb-cef65c43e442,SLC786-01 66%,991278601,,gear,,True,889.9666109484381,6273.516666666666,0.07659874867047597,105,168.0523341981081,2.810125,168.787035,10.0368,172.251155
2023-07-07T15:04:57.000Z,2024-05-19T03:17:02.000Z,8c7702b8b742748ddf13375679da8d45,gap,"[97.483947, -19.780742, 101.666678, -13.438867]",-16.6203,99.6099,[],[],"['ACAP', 'SEAFDEC', 'IOTC', 'IWC']","['57', '57.3']",['57'],[],[],[],[],841,531,857.4876879999999,540.694125,5d40b987e-ef66-3fab-1330-0522368a41c4,BUOY - 09         5V,994110669,,gear,,True,834.0646573108852,7596.2,0.05928739188501869,47,107.18047405758445,-19.780742,97.483947,-13.438867,101.666678
2023-07-07T19:55:46.000Z,2024-08-11T07:24:00.000Z,2db5e07b9c85b121088ed65d7ba8f11f,gap,"[-174.321763, -11.77089, -158.870615, -7.818727]",-9.8828,-166.6425,[],['8446'],"['ACAP', 'WCPFC', 'FFA', 'IWC', 'SPC']",['77'],['77'],[],[],[],[],273,212,488.790344,640.947625,2a9cfee18-87d2-93a3-cbd3-28fd0732b9ee,994048110         9V,994048110,,gear,,True,1748.6540438231625,9611.466666666667,0.09823658350990618,44,176.30254267864092,-11.77089,-158.870615,-7.818727,-174.321763
2023-07-08T05:14:55.000Z,2025-02-03T17:12:35.000Z,76f4428449aeb5f17696a51fef0e64a3,gap,"[168.835368, 3.5382249999999997, 170.060763, 4.234172]",3.8864,169.4478,[],['8318'],"['ACAP', 'WCPFC', 'FFA', 'IWC', 'SPC']",['71'],['71'],[],[],[],[],116,150,481.817969,347.56359399999997,275dccec6-62de-912b-15d2-b4f91f27ca15,SLC786-06 77%,991278606,,gear,,True,156.42660121275466,13835.95,0.0061046482219350474,92,170.8797521606561,3.5382249999999997,168.835368,4.234172,170.060763
2023-07-08T09:55:10.000Z,2024-08-01T21:06:55.000Z,904d620df02fefd6edfece7d89db0de0,gap,"[167.11605, 2.962732, 173.621175, 6.887253]",4.9329,170.359,[],['8318'],"['ACAP', 'WCPFC', 'FFA', 'IWC', 'SPC']","['71', '71.6.2']",['71'],[],[],[],[],189,250,249.322484,388.771656,0c2239af6-6420-8d60-2f56-0cc24979ee05,,991272104,,gear,,True,842.3679943036069,9371.183333333332,0.04853627480744176,213,172.51011064257068,6.887253,173.621175,2.962732,167.11605
2023-07-08T11:13:12.000Z,2024-05-27T20:05:36.000Z,bf940a812113060285422f33932db5f9,gap,"[-178.011302, -4.621448, 142.128903, 3.145715]",-0.7849,162.0406,[],[],"['ACAP', 'SPRFMO', 'WCPFC', 'IWC']",['71'],['71'],[],[],[],[],384,500,530.564062,649.964562,662ef4f3a-a29e-ac32-6b46-676926b2252d,516888-10         9V,994011620,,gear,,True,4511.840209647749,7784.866666666667,0.3129403394583166,27,143.27816160147557,-4.621448,-178.011302,3.145715,142.128903
2023-07-08T19:49:13.000Z,2024-01-23T16:24:48.000Z,d64e2463147aa9a54904f2a0bba9237c,gap,"[-60.726425, 16.648623, -56.35294, 29.072747]",22.8756,-58.4393,[],[],"['ICCAT', 'ACAP', 'NAMMCO', 'IWC']",['31'],['31'],[],[],[],[],498,523,510.38340600000004,524.8370620000001,ac28e2747-71f4-e427-7625-2c8b91871830,047-BUOY-XIA010,168804913,,gear,,True,1451.939186871217,4772.583333333333,0.16426836105290668,14,22.40968151557982,16.648623,-56.35294,29.072747,-60.726425
2023-07-08T21:29:37.000Z,2024-02-14T13:30:35.000Z,59ade9e1b28e4e8a056cde5607de284c,gap,"[-56.252235, 10.03888, -54.935092, 16.641018]",13.3408,-55.5847,[],[],"['ICCAT', 'ACAP', 'NAMMCO', 'IWC']",['31'],['31'],[],[],[],[],509,445,520.8969060000001,463.976875,12789c985-50ef-c0b5-b2b9-621101e11f4f,047-BUOY-XIA009,168804912,,gear,,True,747.8117064535104,5296.0,0.07624358357315093,40,22.40968151557982,16.641018,-56.252235,10.03888,-54.935092
2023-07-09T00:47:37.000Z,2024-05-25T19:01:39.000Z,6408a1f7bfe11f3a99d4d048c3db91a0,gap,"[-168.197948, -7.381352, 109.815123, 20.147708]",8.4284,152.1729,[],[],"['ACAP', 'SPRFMO', 'WCPFC', 'IWC']",['77'],['77'],[],[],[],[],395,14,812.9061879999999,12.936489,fcffab277-77c5-eadb-3e93-bb682cb99458,BUOY925-05      11V2,925077705,,gear,,True,9461.960936241167,7722.233333333334,0.661602668686827,75,162.09644344385188,-7.381352,-168.197948,20.147708,109.815123
2023-07-09T02:13:31.000Z,2024-02-14T13:45:04.000Z,1bb314ffac51a8b2a487bb24c0c099a0,gap,"[-55.857058, 10.180777, -54.87891, 16.534933]",13.3583,-55.3615,[],[],"['ICCAT', 'ACAP', 'NAMMCO', 'IWC']",['31'],['31'],[],[],[],[],535,460,544.419,479.80731199999997,f16cdf38a-a370-2463-3504-996945deb06a,047-BUOY-XIA005,168804908,,gear,,True,714.422394031496,5291.516666666666,0.07290107099699178,21,23.90578408541501,16.534933,-55.857058,10.180777,-54.87891
2023-07-09T04:57:19.000Z,2024-04-05T19:29:16.000Z,1ffc5dfb057a164fe4d01b11d02e67a4,gap,"[82.052458, -37.411682, 100.297312, -33.53129]",-35.8167,90.9528,[],[],"['ACAP', 'IOTC', 'IWC', 'SIOFA', 'CCSBT']","['57', '57.3']",['57'],[],[],[],[],624,1373,2401.44275,1405.044,5533c1678-83f8-3696-9e9f-a0d1a6884850,,400002024,,gear,,True,1704.5638151656296,6518.516666666666,0.1411963604587638,218,220.10489386655877,-33.53129,82.052458,-37.411682,100.297312
2023-07-09T05:04:18.000Z,2024-01-01T13:22:42.000Z,3535cde598a1ad6889da02cf8217dd32,gap,"[-55.761757, 16.529177, -54.102022, 31.742252]",24.1379,-54.9816,[],[],"['ICCAT', 'ACAP', 'NAMMCO', 'IWC']",['31'],['31'],[],[],[],[],543,999,552.5,998.18975,87d15550e-e375-0603-fafd-34393a38b4e9,047-BUOY-XIA004,168804907,,gear,,True,1699.9039916467143,4232.3,0.21687373898617412,14,23.90578408541501,16.529177,-55.761757,31.742252,-54.102022
2023-07-09T09:00:50.000Z,2024-01-17T11:20:52.000Z,0186ad6dd0d81e82862c99b9b57862fc,gap,"[48.4424, -25.3643, 116.89221666666667, -13.895716666666667]",-23.3278,84.063,[],['8348'],"['ACAP', 'IOTC', 'SWIOFC', 'IWC', 'CCSBT']","['51', '51.6']",['51'],[],[],[],[],141,522,151.35565599999998,556.183875,85421adb9-9ac1-ba93-b8de-9dc5bc5ea3cf,GENCO CONSTANTINE,635961345,ATF,cargo,,True,7210.435281089676,4610.333333333333,0.8444776775146164,507,467.0254331515553,-25.3643,48.4424,-13.895716666666667,116.89221666666667
2023-07-09T11:03:43.000Z,2024-05-26T00:40:25.000Z,f5931b7aab0279a5a258e72f89de53d9,gap,"[-174.723827, -0.079905, -165.888985, 4.483067]",2.2081,-170.2996,[],[],"['ACAP', 'SPRFMO', 'WCPFC', 'IWC']",['77'],['77'],[],[],[],[],652,458,847.574,1410.717125,b8481cad0-0ecc-b32b-69f0-d1fd46b052b5,NETFISH9327-22    9V,932700022,,gear,,True,1104.802278751776,7717.6,0.0772967641346284,42,164.29083491589398,-0.079905,-165.888985,4.483067,-174.723827
2023-07-09T12:19:20.000Z,2024-04-24T21:48:55.000Z,a9dae5dff1765f34be4047748364c240,gap,"[159.694687, 37.444613, 168.915093, 39.281213]",38.4533,164.2463,[],[],"['ACAP', 'PICES', 'WCPFC', 'NPFC', 'IWC', 'NPAFC']",['61'],['61'],[],[],[],[],1498,1224,1607.039,1296.920875,f4b2962bb-b133-956f-150a-473966e6cf3a,AIS RB-10-57%,928007110,,gear,,True,829.0185182756269,6969.483333333334,0.06422774368263183,61,99.11869017520874,39.281213,168.915093,37.444613,159.694687
2023-07-09T13:37:16.000Z,2025-01-14T02:13:08.000Z,d2aa48d56445c54a2fbdb45c6ef3bc9b,gap,"[68.678955, -32.728273, 80.169567, -9.263663]",-21.092,74.8837,[],[],"['ACAP', 'IOTC', 'IWC', 'SIOFA', 'CCSBT']","['51', '51.7']",['51'],[],[],[],[],980,872,1542.3875,881.482562,e31b6b247-7608-402e-e873-b8a33c87619b,994068116         9V,994068116,,gear,,True,2863.756285482143,13308.583333333334,0.11618852668654998,113,188.82486501058514,-32.728273,68.678955,-9.263663,80.169567
2023-07-09T17:03:24.000Z,2024-06-01T09:52:22.000Z,e82bc5cd11173c9424608165db8020d3,gap,"[64.221213, -6.763087, 78.775978, 3.455472]",-1.6672,71.5175,[],[],"['ACAP', 'IOTC', 'IWC', 'SIOFA']","['51', '51.5']",['51'],[],[],[],[],776,325,903.55175,327.417312,c76fa56c7-7b82-9076-0c8b-ec2551d79872,IMULA 1822 MTR NET10,108060479,,gear,,True,1975.143557803954,7864.8,0.13560321964169314,29,36.83918131021398,-6.763087,64.221213,3.455472,78.775978
2023-07-10T03:59:21.000Z,2024-09-18T02:17:31.000Z,9e34b2cf30320c320391168bf6aadba8,gap,"[66.006587, -3.43137, 68.645485, -1.834255]",-2.6335,67.3252,[],[],"['ACAP', 'IOTC', 'IWC', 'SIOFA']","['51', '51.4']",['51'],[],[],[],[],398,741,596.317125,873.054188,a3cbecbde-eeda-6684-b066-2ce4bab6a863,IMULA 0040 CBO BU-5,994178119,,gear,,True,342.7156721363345,10462.3,0.017687473960880013,61,25.71272736513129,-3.43137,68.645485,-1.834255,66.006587
2023-07-10T05:43:51.000Z,2024-12-24T05:44:51.000Z,63c5c3c0a8762603378d58b0477b9eb3,gap,"[47.724393, -31.65225, 60.580799999999996, -17.4825]",-24.7039,54.5194,[],[],"['ACAP', 'IOTC', 'IWC', 'SIOFA', 'CCSBT']","['51', '51.7']",['51'],[],[],[],[],707,137,735.326312,386.558812,e75157d56-68c0-4f36-fcad-92cb779eebb4,JIAE HA FA,416002738,TWN,fishing,,True,2039.0292572478452,12792.016666666666,0.08606834626515064,89,120.79985489733156,-31.65225,47.724393,-17.4825,60.5808
2023-07-10T06:01:12.000Z,2024-04-24T22:01:24.000Z,8590f2218c27377fd4e64cc6af8160ec,gap,"[159.707122, 37.44464, 168.282515, 38.920148]",38.2604,163.9513,[],[],"['ACAP', 'PICES', 'WCPFC', 'NPFC', 'IWC', 'NPAFC']",['61'],['61'],[],[],[],[],1549,1225,1610.4085,1298.32275,0bba653ad-de17-e24a-42e8-677a6543c601,AIS RB-09-99%       ,928007109,,gear,,True,766.9561928393614,6952.0,0.05956893185789889,33,100.97424893026523,38.920148,168.282515,37.44464,159.707122
2023-07-10T06:44:17.000Z,2024-01-18T12:38:43.000Z,ab40564a767fc3ca1c11a220bfd9ddb2,gap,"[-37.773042, -22.05854, -37.430425, -20.749973]",-21.4043,-37.6025,[],['8464'],"['ICCAT', 'ACAP', 'IWC']","['41', '41.2.4', '41.2']",['41'],[],[],[],[],349,249,234.34175,195.940344,75e956c95-5aa4-a5da-206a-f8a7d42f373c,NANTES - BOIA1,710467388,BRA,gear,,True,149.7667712825451,4613.9,0.017526948370274065,14,28.541032820582057,-22.05854,-37.430425,-20.749973,-37.773042
2023-07-10T07:24:24.000Z,2024-09-18T05:10:37.000Z,01fe13812a87bf8fa9fcc09056ba1417,gap,"[65.753675, -3.210392, 68.767053, -1.82885]",-2.5205,67.2596,[],[],"['ACAP', 'IOTC', 'IWC', 'SIOFA']","['51', '51.4']",['51'],[],[],[],[],400,766,605.327625,900.4184379999999,436db272b-b485-587b-aabb-9c5b03731775,IMULA 0040 CBO BU-8,994177085,,gear,,True,368.30782839901764,10461.766666666666,0.0190092480597655,46,25.71272736513129,-3.210392,68.767053,-1.82885,65.753675
2023-07-10T07:42:24.000Z,2026-04-27T08:47:47.000Z,afdbff3311f0076d996fa810c26d429f,gap,"[-166.369062, -13.423532, -157.701492, -4.9449570000000005]",-9.2101,-162.0873,[],[],"['ACAP', 'SPRFMO', 'WCPFC', 'IWC']",['77'],['77'],[],[],[],[],431,501,549.182375,990.81175,61aeb949a-a6f5-3c12-30f3-1a38f0d608e9,NET FISH 918-12   9V,918918012,,gear,,True,1338.7417169595594,24529.083333333332,0.029469617283251273,59,172.9183919897953,-13.423532,-157.701492,-4.944957,-166.369062
2023-07-10T10:22:36.000Z,2024-03-31T18:58:54.000Z,f4748dad7fd886ea8523020826f5c64c,gap,"[-47.38866, -26.62556, -33.640482, -21.229372]",-24.081,-40.3701,[],[],"['ICCAT', 'ACAP', 'IWC']","['41', '41.2.4', '41.2']",['41'],[],[],[],[],454,118,623.435562,87.3735,44b361fa6-6022-8c18-36aa-188cb78811e7,MONTE SIAO - B4,710459344,BRA,other,,True,1519.46582421378,6368.6,0.12882672948570942,15,37.04852172613061,-21.229372,-33.640482,-26.62556,-47.38866
2023-07-10T10:44:13.000Z,2024-10-01T20:41:32.000Z,1d41f916abb6ac3b75835b0f6dc4cbd4,gap,"[-167.680482, -11.869522, -157.067842, -6.689725]",-9.3189,-162.3348,[],['8446'],"['ACAP', 'WCPFC', 'FFA', 'IWC', 'SPC']",['77'],['77'],[],[],[],[],224,173,420.32725,961.9089379999999,0ce2594df-f3a1-13c8-6c7f-6f183dc83702,XINSHIJI215-007 48%,590850278,,gear,,True,1298.8466820491963,10785.95,0.06502172758248985,154,163.34728321770515,-11.869522,-167.680482,-6.689725,-157.067842
2023-07-10T11:57:45.000Z,2024-01-28T22:01:58.000Z,5f8c256956eb45e3e261e90833d13cf8,gap,"[-37.862427, -21.932777, -34.070205, -21.598995]",-21.7767,-35.9641,[],['8464'],"['ICCAT', 'ACAP', 'IWC']","['41', '41.2.4', '41.2']",['41'],[],[],[],[],303,505,189.789516,582.5738120000001,bb503759f-f164-3aa1-89c1-4c47171137a1,NANTES - B6,710785990,BRA,gear,,True,393.35806568119386,4858.066666666667,0.043720347688122295,21,27.792699440843656,-21.932777,-37.862427,-21.598995,-34.070205
2023-07-10T13:03:15.000Z,2024-01-29T00:55:53.000Z,32bc5f2b8912546ab8315637117a57be,gap,"[-37.898862, -21.944253, -33.80714, -21.646592]",-21.808,-35.8509,[],['8464'],"['ICCAT', 'ACAP', 'IWC']","['41', '41.2.4', '41.2']",['41'],[],[],[],[],300,481,185.65079699999998,608.9385,a1d278996-6431-0349-03b4-95529c3c6651,NANTES - BOIA9,710743344,BRA,gear,,True,423.73702775960976,4859.866666666667,0.04707941733962003,17,27.792699440843656,-21.944253,-37.898862,-21.646592,-33.80714
2023-07-10T13:43:49.000Z,2024-06-04T15:12:59.000Z,fbde17d32c1879127e901c5dab7b27e0,gap,"[-99.346767, 0.2962, 17.156178, 70.789047]",46.452,-80.3045,[],[],"['ACAP', 'SPRFMO', 'IATTC', 'IWC']","['87', '87.1', '87.1.4']",['87'],[],[],[],[],830,91,831.423812,101.95119500000001,110f89fcc-c480-1794-96b6-19ea28530fb1,ARCAJR305,941500827,,gear,,True,10914.998889917995,7921.483333333334,0.7440055936900991,120,58.62685149072012,0.2962,-99.346767,70.789047,17.156178
2023-07-10T16:55:13.000Z,2024-03-19T23:20:08.000Z,3ae9702ed793dfc8d349ae0cd87f3135,gap,"[-142.939645, -30.004195, 163.541065, 59.6154]",16.3547,-177.2414,[],[],"['ACAP', 'SPRFMO', 'WCPFC', 'IWC']",['81'],['81'],[],[],[],[],436,51,461.068219,177.137234,401d98d77-797c-4985-6b7c-c728240b1aef,-99%,231501146,FRO,gear,,True,11102.08824957649,6078.4,0.9862213876883179,78,90.66572229283611,-30.004195,163.541065,59.6154,-142.939645
2023-07-10T19:02:27.000Z,2024-04-26T21:56:41.000Z,3cb2cc01bc9b7df29414788751d6a503,gap,"[-154.273107, 23.086857, -117.736813, 33.1899]",29.3851,-136.899,[],['8453'],"['ACAP', 'WCPFC', 'IWC', 'SPC']",['77'],['77'],[],[],[],[],311,25,332.775219,30.251779,bda6695e7-761e-88e3-134c-b2a7196d2040,VOLPE,338178257,USA,passenger,,True,3732.884360634404,6986.9,0.28848220341467823,14,133.94916300874553,23.086857,-154.273107,33.1899,-117.736813
2023-07-10T23:46:49.000Z,2024-06-24T12:00:37.000Z,6c0c3e586bc3a8e736381889702af91a,gap,"[70.574558, -32.725298, 84.782568, -31.499527]",-32.3115,77.6306,[],[],"['ACAP', 'IOTC', 'IWC', 'SIOFA', 'CCSBT']","['57', '57.3']",['57'],[],[],[],[],864,945,2569.5205,1496.131,9bdc47a63-3c9f-32c6-93e7-0fe3fc50cf23,LQYY119-09-75%,11909,,gear,,True,1344.053278935162,8388.216666666667,0.08651787871097123,131,217.11391601438402,-32.725298,84.782568,-31.499527,70.574558
2023-07-11T10:36:03.000Z,2025-08-01T15:14:14.000Z,dfe2b5166047c558e0e2ad9ff8e5154d,gap,"[-53.272315, -31.684013, 97.644677, 10.275922]",-35.9446,6.5737,[],[],"['ACAP', 'IOTC', 'IWC', 'SIOFA', 'CCSBT']","['57', '57.3']",['57'],[],[],[],[],1582,496,1583.697,529.70625,bbc041e12-250b-000b-802c-35e4f2d79854,994165760         9V,994165760,,gear,,True,16193.616076343476,18052.633333333335,0.4843533356890669,133,225.16185030304393,-31.684013,97.644677,10.275922,-53.272315
2023-07-11T10:38:03.000Z,2024-08-31T20:38:32.000Z,c2d51ff22c68497246795c9e95294a9f,gap,"[165.514825, -4.388718, 167.593257, 39.256152]",17.4364,166.4234,[],[],"['ACAP', 'PICES', 'WCPFC', 'NPFC', 'IWC', 'NPAFC']",['61'],['61'],[],[],[],[],1502,454,1546.89925,456.512344,b1ceab0fa-a237-1ea2-c1d7-43774b9b6865,2407-11,240700011,GRC,gear,,True,4857.782477290573,10018.0,0.26182797946906006,83,94.70047619525488,39.256152,167.593257,-4.388718,165.514825
2023-07-11T12:31:53.000Z,2024-02-11T01:25:29.000Z,6351e2dd75051f71417ba47fad651e92,gap,"[-158.424653, -13.177547, 148.406867, 2.673437]",-5.8687,174.6242,[],[],"['ACAP', 'SPRFMO', 'WCPFC', 'IWC']",['77'],['77'],[],[],[],[],412,455,507.746531,550.419,13f7bb139-9aa9-0f70-abde-7437f3bbb86f,NETFISH800-02     9V,800888002,,gear,,True,6124.7935099348715,5148.883333333333,0.6422992542947749,15,174.67952438948703,-13.177547,-158.424653,2.673437,148.406867
2023-07-11T23:05:11.000Z,2025-01-15T19:12:31.000Z,2dc23204f184023d079fbc9f61ddac13,gap,"[-168.69397, -2.152263, -158.572312, 3.893908]",0.8742,-163.6372,[],['8450'],"['ACAP', 'FFA', 'WCPFC', 'IWC', 'SPC']",['77'],['77'],[],[],[],[],284,76,1233.560625,87.706625,3f1bd1211-1eb2-a9fd-8512-c0017758fd42,XIN SHI JI 66-2 (99),98354126,,fishing,,True,1310.429615982155,13292.116666666667,0.05323270960853506,20,161.13702605237472,-2.152263,-168.69397,3.893908,-158.572312
2023-07-12T04:59:22.000Z,2025-03-31T18:17:59.000Z,dd4289fafa9893809a8ccbae25aa0dbb,gap,"[66.245617, -2.125963, 67.163502, 0.568958]",-0.7785,66.7044,[],[],"['ACAP', 'IOTC', 'IWC', 'SIOFA']","['51', '51.4']",['51'],[],[],[],[],615,744,766.6468120000001,798.55075,4a546667e-e242-32b8-3518-fa433476547b,IMULA 2434CHW NET 8,964172813,,gear,,True,316.56058232090663,15085.3,0.011330834662226088,14,23.74678351098981,-2.125963,67.163502,0.568958,66.245617
2023-07-12T06:12:47.000Z,2024-08-05T11:11:51.000Z,955dd9385328ea81f7b7e45e263909f9,gap,"[62.546838, -7.496392, 82.684477, 7.301357]",-0.099,72.6179,[],[],"['ACAP', 'IOTC', 'IWC', 'SIOFA']","['51', '51.5']",['51'],[],[],[],[],692,90,822.025938,210.377297,ce83fcd67-7f6f-5012-e63a-e09537f3f59c,IMULA 0836KLT NET 1,964170224,,gear,,True,2773.7224820308047,9364.983333333334,0.15992450512322987,19,40.529419381560196,-7.496392,62.546838,7.301357,82.684477
2023-07-13T03:05:48.000Z,2025-03-28T15:28:16.000Z,3b834d6b4f16dd5988fa31f562794f5f,gap,"[-82.053835, 10.320508333333333, -75.53177333333333, 15.648213333333333]",13.0047,-78.7578,[],['8427'],"['ICCAT', 'ACAP', 'NAMMCO', 'OSPESCA', 'IWC']",['31'],['31'],[],[],[],[],137,1,262.81046899999996,0.0,af3cfaf24-4545-5093-844a-b3ea48c7f3bc,MADELINE,366968390,USA,passenger,,True,921.9028692888448,14988.366666666667,0.03321160587196722,110,86.28682841807218,15.648213333333333,-82.053835,10.320508333333333,-75.53177333333333
2023-07-13T04:33:08.000Z,2024-01-25T22:18:30.000Z,c71bcf2a46639b68f3d5d40afc928c60,gap,"[156.73724, 3.171115, 166.852038, 3.195168]",3.1956,161.7947,[],['8316'],"['ACAP', 'WCPFC', 'FFA', 'IWC', 'SPC']",['71'],['71'],[],[],[],[],207,257,448.264656,411.475281,99c97ac70-0a9b-0186-3a55-21cf22b2d378,SLC761-08 86%,991276108,,gear,,True,1122.979380490628,4721.75,0.12841856443827146,21,98.92952188039514,3.195168,156.73724,3.171115,166.852038
2023-07-13T06:07:19.000Z,2024-07-11T18:00:29.000Z,4d96cbc7e0cba75f84d0711c3da38ddd,gap,"[156.865258, 2.838325, 167.80393, 3.20696]",3.0364,162.3355,[],['8316'],"['ACAP', 'WCPFC', 'FFA', 'IWC', 'SPC']",['71'],['71'],[],[],[],[],220,216,442.226875,387.56575,c309c3899-9257-b212-b133-6cba94f284aa,ABCDE100%,59095767,,gear,,True,1215.3187543281363,8747.883333333333,0.07501467552342898,55,98.92952188039514,3.20696,156.865258,2.838325,167.80393
2023-07-13T06:14:05.000Z,2024-01-10T22:40:53.000Z,0ac4fa3e20df4aeac33fd1d0551ec7b8,gap,"[120.293333, -28.63322, 163.632105, 26.73033]",-1.0238,141.7644,[],[],"['ACAP', 'SPRFMO', 'WCPFC', 'IWC']",['81'],['81'],[],[],[],[],419,5,545.329438,5.982613000000001,e86700781-1119-ea8a-a651-bb4f8bafd1c4,ZHONGDA5-06-61%,412005006,CHN,gear,,True,7698.140285788012,4360.433333333333,0.9532683803447268,43,81.59141201579226,-28.63322,163.632105,26.73033,120.293333
2023-07-13T09:56:22.000Z,2024-06-28T20:25:07.000Z,2ef8db289038d654ed94447b06a26ae4,gap,"[157.229527, 3.215417, 171.232228, 10.787778]",7.0537,164.1737,[],['8316'],"['ACAP', 'WCPFC', 'FFA', 'IWC', 'SPC']",['71'],['71'],[],[],[],[],258,67,429.517,407.06825,d04dc8433-3dbb-9b8d-06c8-ba9b73972a49,ABCDE 88%,59097082,,gear,,True,1758.8314751209525,8434.466666666667,0.11259668911572647,89,106.21139363358235,3.215417,157.229527,10.787778,171.232228
2023-07-13T13:35:33.000Z,2024-05-08T19:21:09.000Z,8060a6415bfd90b6670b4b361bfc92c6,gap,"[157.566775, 3.231898, 171.10543, 11.102613]",7.217,164.2773,[],['8316'],"['ACAP', 'WCPFC', 'FFA', 'IWC', 'SPC']",['71'],['71'],[],[],[],[],288,92,420.583375,441.98940600000003,f549caf8f-fb07-31ca-7de1-faabf2fa0efa,SLC761-01 53%,991276101,,gear,,True,1730.07315604855,7205.75,0.12964157389370018,99,106.21139363358235,3.231898,157.566775,11.102613,171.10543
2023-07-14T04:45:20.000Z,2024-07-07T19:53:44.000Z,ece5a2e80d47ceaa60ce14236af7a84f,gap,"[-168.859652, -32.477032, -166.239913, -28.32551]",-30.4078,-167.5219,[],[],"['ACAP', 'SPRFMO', 'WCPFC', 'IWC']",['81'],['81'],[],[],[],[],933,1017,1368.955125,1026.169688,e47c84f77-731f-0752-1fe5-b4f941a23069,TK2548,81562548,,gear,,True,525.5171165237313,8631.133333333333,0.03287593082400414,116,233.53898267453613,-32.477032,-168.859652,-28.32551,-166.239913
2023-07-14T06:05:11.000Z,2024-06-08T01:43:21.000Z,3b1eda7ab225ec1fd2bb2846c92587ed,gap,"[67.572565, -5.009625, 81.89268, 0.37569]",-2.3352,74.7463,[],[],"['ACAP', 'IOTC', 'IWC', 'SIOFA']","['51', '51.4']",['51'],[],[],[],[],435,629,590.076,639.641875,5f4659ccb-b957-f7b5-2a78-949a4515f10a,IMULA 1822 MTR NET 9,108060471,,gear,,True,1699.4262551059437,7915.633333333333,0.11592461774998879,23,32.265484744023865,-5.009625,67.572565,0.37569,81.89268
2023-07-14T07:47:44.000Z,2024-05-12T08:04:37.000Z,87b6cfee2026f07b74461dc490d88091,gap,"[67.64845, -4.951577, 76.789895, -2.556797]",-3.7661,72.2255,[],[],"['ACAP', 'IOTC', 'IWC', 'SIOFA']","['51', '51.4']",['51'],[],[],[],[],430,451,585.063875,523.6045,dd1467aaa-a6b2-92b6-d6dc-1bd5d581be84,IMULA 1822 MTR NET 8,108060462,,gear,,True,1048.5980841232172,7272.266666666666,0.0778571105221162,23,29.197575656211775,-4.951577,67.64845,-2.556797,76.789895
2023-07-14T08:41:23.000Z,2024-03-17T03:59:25.000Z,224f649d1dc070c98adc124ea07b5900,gap,"[28.246297, -39.594518, 32.2879, -35.746338]",-37.6877,30.3195,[],[],"['ACAP', 'IOTC', 'IWC', 'SIOFA', 'CCSBT']","['51', '51.8']",['51'],[],[],[],[],494,658,502.898188,666.657375,d365bef93-3238-c4c0-9df6-281b854a69c3,BUOY-01  100%,168801812,,gear,,True,556.3126509163294,5923.3,0.05071240705531731,42,133.06675757738523,-35.746338,32.2879,-39.594518,28.246297
2023-07-14T14:35:20.000Z,2024-06-04T20:14:51.000Z,7d8af8f1eb7f02783a193ef736af0374,gap,"[67.891265, -4.888943, 81.041172, 1.011728]",-1.9514,74.4777,[],[],"['ACAP', 'IOTC', 'IWC', 'SIOFA']","['51', '51.4']",['51'],[],[],[],[],408,545,564.569562,553.19,2f924585d-d62e-9b66-e209-8f6d8dc15911,IMULA 1822 MTR NET 5,108060464,,gear,,True,1601.3093256132145,7829.65,0.11043122806280635,21,29.197575656211775,-4.888943,67.891265,1.011728,81.041172
2023-07-14T16:28:27.000Z,2024-10-03T06:27:53.000Z,5078b3376069d540de73fdf04a303e7f,gap,"[-100.717488, 0.964335, 28.593643, 71.832048]",49.0937,-83.9821,[],[],"['ACAP', 'SPRFMO', 'IATTC', 'IWC']","['87', '87.1', '87.1.4']",['87'],[],[],[],[],972,83,972.656062,86.412312,08d351ae3-3af9-bd81-c0e6-6e548dc01b5d,NARCISA09,941500824,,other,,True,11170.460582274922,10717.983333333334,0.5627519656962824,87,60.586260703572634,0.964335,-100.717488,71.832048,28.593643
2023-07-14T18:43:16.000Z,2025-10-30T00:55:12.000Z,867e896cd56e68936aa64e18bda18efa,gap,"[-10.422872, -5.74812, 117.752832, 23.615005]",19.7193,48.8195,[],[],"['ICCAT', 'ACAP', 'IWC']","['34', '34.4.1', '34.4']",['34'],[],[],[],[],493,17,502.245094,14.938439,a8b4b9a17-7308-92ae-a552-ae1f57a2b999,LQ2335,111113377,,gear,,True,14135.94757629454,20118.183333333334,0.37939812659262717,141,49.13234855870143,-5.74812,-10.422872,23.615005,117.752832
2023-07-15T00:36:54.000Z,2024-05-08T17:40:11.000Z,2bcae40f9a827e449220142fed1fe7f1,gap,"[158.318732, 3.768802, 171.355217, 11.101645]",7.483,164.7822,[],['8316'],"['ACAP', 'WCPFC', 'FFA', 'IWC', 'SPC']",['71'],['71'],[],[],[],[],252,103,354.960438,441.477969,139e8bcc4-494a-2969-2b33-67222e1d4390,SLC761-02 53%,991276102,,gear,,True,1651.621283663876,7169.05,0.12439641916942766,44,113.58032440590198,3.768802,158.318732,11.101645,171.355217
2023-07-15T07:03:36.000Z,2026-07-31T18:18:35.000Z,66cf2d1d4bdeab66eac8a438d4767e91,gap,"[-170.005402, -30.978245, -156.528523, -29.715885]",-30.5205,-163.2233,[],[],"['ACAP', 'SPRFMO', 'WCPFC', 'IWC', 'CCSBT']",['81'],['81'],[],[],[],[],782,864,1196.508375,1001.827812,52453f04c-c505-93e2-2b0c-d072d6bcdc0f,CI012-26      [97%],92080263,,other,,True,1300.0142147648342,26699.233333333334,0.026291074020281066,127,209.71863606671215,-30.978245,-170.005402,-29.715885,-156.528523
2023-07-15T19:27:23.000Z,2024-01-14T07:47:35.000Z,69d3111f2980bf28664990b136f0cd71,gap,"[51.436948, -32.72861, 65.50102, -16.520787]",-24.7883,58.9302,[],[],"['ACAP', 'IOTC', 'IWC', 'SIOFA', 'CCSBT']","['51', '51.7']",['51'],[],[],[],[],955,409,956.17425,414.461344,ff19e8588-89c9-1c34-0139-5a88d250f4bf,,416225500,TWN,fishing,,True,2290.247345481692,4380.333333333333,0.282315189663477,31,130.8695251979866,-32.72861,51.436948,-16.520787,65.50102
2023-07-15T21:24:09.000Z,2025-08-27T12:03:10.000Z,23700e99eff1155d7eeff05cc67363db,gap,"[-151.328162, -8.809455, 116.784458, 23.189367]",10.2756,164.8691,[],['8441'],"['ACAP', 'WCPFC', 'FFA', 'IWC', 'SPC']",['77'],['77'],[],[],[],[],172,4,765.509,1.111949,50e476ed4-45b4-ecfb-b18b-34e01a7690bb,FENG HUI 18-2-99%,900018002,,gear,,True,10583.151378133596,18566.65,0.30778005664053837,130,163.16413385713054,-8.809455,-151.328162,23.189367,116.784458
2023-07-16T02:29:03.000Z,2025-04-26T12:18:52.000Z,8c86c2b4eeda967450a4dca3dc45c8a0,gap,"[66.999132, -5.906358, 75.82292699999999, -3.7467230000000002]",-4.8408,71.404,[],[],"['ACAP', 'IOTC', 'IWC', 'SIOFA']","['51', '51.4']",['51'],[],[],[],[],389,551,406.710031,714.640562,bee6a92cb-b24f-a2a4-9c59-2c71e251407a,IMULA 0791 CHW BU-2,994178025,,gear,,True,1006.6795553923627,15609.816666666668,0.034821899990319496,34,29.015745547251825,-5.906358,75.82292699999999,-3.746723,66.999132
2023-07-16T04:01:39.000Z,2024-08-16T00:08:43.000Z,5c923083810b2b86d5f78bfd16ae726f,gap,"[-165.188885, -13.575387, -158.009802, -4.318682]",-8.9643,-161.6452,[],[],"['ACAP', 'SPRFMO', 'WCPFC', 'IWC']",['77'],['77'],[],[],[],[],447,617,552.8295,1018.882938,f650ceaa0-0211-22e0-ebcd-c2a10a753ab9,22-18-96%,928005318,,gear,,True,1296.0790747297983,9524.116666666667,0.07347943528099234,93,174.67952438948703,-13.575387,-158.009802,-4.318682,-165.188885
2023-07-17T06:28:41.000Z,2024-01-30T15:23:56.000Z,7f866180b407c5130dd4255c995825aa,gap,"[-166.962057, -7.371015, -126.725397, 4.12467]",-1.7286,-146.9036,[],[],"['ACAP', 'SPRFMO', 'IATTC', 'IWC']",['77'],['77'],[],[],[],[],1351,507,1355.6645,843.524938,5538d755b-b192-9668-95f1-352f97d2a82b,BUOY-11  100%,168801616,,gear,,True,4644.037257333953,4736.916666666667,0.5293695644352324,60,144.51715864633758,-7.371015,-126.725397,4.12467,-166.962057
2023-07-17T08:50:49.000Z,2024-01-30T15:12:55.000Z,c50e07a6a17a8d65c41443be0529a96b,gap,"[-166.903823, -7.605748, -126.723858, 4.123303]",-1.854,-146.8793,[],[],"['ACAP', 'SPRFMO', 'IATTC', 'IWC']",['77'],['77'],[],[],[],[],1345,501,1349.816375,836.8735,b1f9eab05-594f-2674-237c-32f2678b1886,BUOY-08  91%,168801612,,gear,,True,4644.6370072395075,4734.366666666667,0.5297230924885137,37,144.51715864633758,-7.605748,-126.723858,4.123303,-166.903823
2023-07-18T08:21:19.000Z,2025-03-06T07:21:32.000Z,bdddd84f4dfbaf291a1d3c7136c0f822,gap,"[-164.885428, -13.596122, -158.012628, -1.755425]",-7.6894,-161.4971,[],[],"['ACAP', 'SPRFMO', 'WCPFC', 'IWC']",['77'],['77'],[],[],[],[],446,561,552.958562,876.4705,c0b6cdc8f-ff1c-8e4e-b72c-969e0f843188,22-06-99%,928005306,,gear,,True,1518.2081647342063,14327.0,0.05721831699659822,144,174.67952438948703,-13.596122,-158.012628,-1.755425,-164.885428
2023-07-18T10:58:22.000Z,2024-01-11T05:32:49.000Z,679a71ec204963ee890dad88e04c4f37,gap,"[120.295317, -29.648833, 163.625918, 26.744645]",-1.5624,141.6513,[],[],"['ACAP', 'SPRFMO', 'WCPFC', 'IWC']",['81'],['81'],[],[],[],[],420,5,485.167688,5.963751,794e53f72-282a-6eb6-a7d5-2d89ace9bcfb,ZHONGDA5-01-99%,412005001,CHN,fishing,,True,7784.294240988877,4242.566666666667,0.9907169328762823,51,85.84510266122307,-29.648833,163.625918,26.744645,120.295317
2023-07-18T22:29:50.000Z,2024-02-29T22:13:51.000Z,d14dda492e4a6afe0679462bf8a13fdb,gap,"[-39.456233, -19.816675, -38.10883, -16.466293]",-18.1427,-38.7761,[],['8464'],"['ICCAT', 'ACAP', 'IWC']","['41', '41.1.3', '41.1']",['41'],[],[],[],[],96,44,212.176328,25.533863,00ee8d41d-d0e9-4ef6-7b85-5f59f904a75f,BOA VISTA II B5,71000070,BRA,gear,,True,398.8157822090973,5423.733333333334,0.039703886916020614,132,23.992874575729537,-16.466293,-38.10883,-19.816675,-39.456233
2023-07-18T23:56:02.000Z,2024-04-04T16:16:55.000Z,3c33acfe72fe8a2e367659e665100f5a,gap,"[-176.686958, 53.953878, -167.148118, 61.91285]",58.0216,-171.3867,[],['5690'],"['ACAP', 'WCPFC', 'IWC']",['61'],['61'],[],[],[],[],209,5,237.353734,34.108012,49d164c91-1419-601b-0ff5-55c2ad66bd94,BLK BUOY 21,109050352,,gear,,True,1046.6077249772657,6256.333333333333,0.0903281413475611,18,105.2133938844586,61.91285,-176.686958,53.953878,-167.148118
2023-07-19T02:08:26.000Z,2024-04-13T07:58:50.000Z,8c210cca79e630e48dd4e845267755f8,gap,"[-145.013303, -10.436693, 122.151893, 34.454613]",17.0796,173.8447,[],[],"['ACAP', 'SPRFMO', 'WCPFC', 'IATTC', 'IWC']",['77'],['77'],[],[],[],[],436,170,460.513188,150.373031,f96f289ed-df0b-70b2-b052-f8256923e323,ZHONGYANG88-11   8V0,900088011,,gear,,True,10919.117994243155,6461.833333333333,0.9124116554219505,14,146.8345790070317,-10.436693,-145.013303,34.454613,122.151893
2023-07-19T09:56:53.000Z,2024-11-10T08:21:20.000Z,750c3dcb2533dd7f672a072551e37520,gap,"[-176.441602, 60.067423, 170.633595, 62.048675]",61.2123,176.8931,[],['5690'],"['ACAP', 'WCPFC', 'IWC']",['61'],['61'],[],[],[],[],215,10,240.398141,246.126625,29bc5a3ff-f89c-bcb2-17a3-9221a63f41f8,TIBURON BUOY 6,941214128,,gear,,True,728.1068922731222,11518.4,0.034132020951336633,160,106.9172717384757,62.048675,-176.441602,60.067423,170.633595
2023-07-19T14:14:53.000Z,2024-06-05T00:24:57.000Z,a43d466770ff0a7fff2381a3f366e156,gap,"[-54.331067, 50.363627, -52.288132, 50.964057]",50.6683,-53.3161,[],['8493'],"['ICCAT', 'ACAP', 'NAFO', 'NAMMCO', 'NASCO', 'IWC']","['21.3', '21.3.K', '21']",['21'],[],[],[],[],180,62,223.967203,84.980031,bb243e24a-ab17-2dbc-6019-082671d2de3f,NORTHERN NAVIGATOR,316002398,CAN,fishing,,True,158.71051866120976,7714.166666666667,0.011109019033955723,14,21.40068723518199,50.964057,-52.288132,50.363627,-54.331067
2023-07-20T01:05:04.000Z,2024-06-07T21:00:46.000Z,b7f8c4ed5fe9e5bec31c3bb8cc87cd92,gap,"[-118.552955, 31.492688333333334, -118.49591, 33.19633833333334]",32.3445,-118.5247,[],['8456'],"['ACAP', 'IWC', 'IATTC']",['77'],['77'],[],[],[],[],146,15,148.56179699999998,21.634266,1573e1b92-2f84-f6c4-ccf7-c417621f0947,TYRIAN 114,369900093,USA,other,,True,189.51330610267252,7771.916666666667,0.013166507486423354,234,224.29554405051434,31.492688333333334,-118.552955,33.19633833333334,-118.49591
2023-07-20T11:02:59.000Z,2024-03-16T12:29:02.000Z,47dcbfc582995fad401d2258460b4665,gap,"[39.223813, -34.115193, 59.481188, -31.510307]",-33.2239,49.2025,[],[],"['ACAP', 'IOTC', 'IWC', 'SIOFA', 'CCSBT']","['51', '51.8']",['51'],[],[],[],[],737,1461,733.1945,1474.19425,88a0889b6-62d5-df27-ec40-b45e160e49d3,02- 92%,928006102,,gear,,True,1911.9029011555497,5761.433333333333,0.1791819707524762,16,114.23412798816352,-31.510307,39.223813,-34.115193,59.481188
2023-07-20T19:08:45.000Z,2026-09-14T04:07:34.000Z,24866d36e86a5dedb59ecfdfe38a0b06,gap,"[170.00906, -14.869847, 172.584048, -13.320063]",-14.0984,171.2922,[],['8314'],"['ACAP', 'WCPFC', 'FFA', 'IWC', 'SPC']",['71'],['71'],[],[],[],[],173,472,272.816188,481.020844,72149f2d9-9b83-8a71-1323-a128ae1237c8,ZS704           12V6,987704007,,gear,,True,326.8198339276979,27632.966666666667,0.006386161680077667,25,96.45945421085887,-13.320063,170.00906,-14.869847,172.584048
2023-07-21T12:03:59.000Z,2026-01-16T01:19:50.000Z,7e5773cbb87c19d74fbfb57a265969cb,gap,"[157.01761, -6.39662, 163.435188, 10.751595]",2.1809,160.2448,[],['8314'],"['ACAP', 'WCPFC', 'FFA', 'IWC', 'SPC']",['71'],['71'],[],[],[],[],224,412,385.781656,436.12884399999996,b3244ed60-047e-dc2b-139e-8fe7876d28e4,LONGLINE BUOY 09-99%,111109,,gear,,True,2034.8345301480233,21829.25,0.05033259266626457,31,106.18803531323834,-6.39662,163.435188,10.751595,157.01761
2023-07-21T12:34:23.000Z,2025-04-29T13:41:59.000Z,570033ce5f6f4e9d5da5265c735c047f,gap,"[68.89352, -4.215885, 77.253808, 2.99248]",-0.6133,73.0708,[],[],"['SEAFDEC', 'IOTC', 'IWC', 'SIOFA', 'ACAP']","['51', '51.4']",['51'],[],[],[],[],566,431,634.971688,521.194531,7888fdfea-abe1-bae8-26a8-867700e1a0c1,IMULA 0650 CHW BU-3,994178553,,gear,,True,1226.9546382796643,15553.116666666667,0.0425961251798832,31,24.886620699144384,-4.215885,77.253808,2.99248,68.89352
2023-07-21T18:34:15.000Z,2024-09-09T23:39:39.000Z,4bf54357010043aa668fefe39b80e0c2,gap,"[-165.523132, -4.583577, -142.020035, 37.66708]",16.8714,-155.1391,[],[],"['ACAP', 'SPRFMO', 'WCPFC', 'IWC']",['77'],['77'],[],[],[],[],585,1552,999.678125,1571.599375,bd0400a0a-a7e0-043e-aa4e-0d54984b27e7,ELECTRIC BUOY 01,98346369,,gear,,True,5289.0220093518765,9989.083333333334,0.2858964453771975,97,169.96534625830432,-4.583577,-165.523132,37.66708,-142.020035
2023-07-21T18:56:56.000Z,2025-01-28T19:29:58.000Z,38f4e3755b2f34f49a58ad310df840a1,gap,"[159.59017, -25.903472999999998, 172.697838, -16.214973]",-21.1854,166.3588,[],[],"['ACAP', 'SPRFMO', 'WCPFC', 'IWC']",['81'],['81'],[],[],[],[],622,442,627.12725,470.681875,0b323fb0a-ac5f-0eb9-6cfe-2454bb6b9d98,616-3         [100%],616000003,COM,fishing,,True,1732.9780136839784,13368.55,0.069995120542456,33,67.284844153797,-25.903472999999998,159.59017,-16.214973,172.697838
2023-07-21T23:14:41.000Z,2024-04-21T04:14:21.000Z,df97b90d3c9ef23faaa4792b21d25589,gap,"[52.293307, -32.399058, 53.468272, -28.725392]",-30.5635,52.8919,[],[],"['ACAP', 'IOTC', 'IWC', 'SIOFA', 'CCSBT']","['51', '51.7']",['51'],[],[],[],[],965,757,965.73075,762.066625,28f33e978-86b7-8848-171e-5b4f7ed80033,AIS BUOY_02_90%,999000302,,gear,,True,423.6913384579311,6580.983333333334,0.0347630451526679,55,132.66272129919048,-32.399058,52.293307,-28.725392,53.468272
2023-07-22T06:17:37.000Z,2024-12-20T11:35:18.000Z,eb5e229dad81861141ea416c6e83daa2,gap,"[-16.89486, -5.601685, -9.114002, 6.235447]",0.3176,-13.0022,[],[],"['ICCAT', 'ACAP', 'NAMMCO', 'IWC']","['34', '34.3.3', '34.3']",['34'],[],[],[],[],449,630,452.912688,639.530062,1df0e6a56-697d-62b1-9c9a-97b875105fd9,994230558         9V,994230558,,gear,,True,1574.272971522795,12413.283333333333,0.06847820827448486,17,38.79834113978271,6.235447,-16.89486,-5.601685,-9.114002
2023-07-22T14:06:14.000Z,2024-10-09T11:53:38.000Z,6cb1699222ece1216d2fe8fcc6774e54,gap,"[-45.422008, 16.742952, 108.43473, 45.067157]",65.7369,64.5526,[],[],"['ICCAT', 'ACAP', 'NAMMCO', 'NAFO', 'NASCO', 'IWC']","['21.3', '21.3.M', '21']",['21'],[],[],[],[],615,61,618.3106879999999,63.154742,da0a82f7a-ac25-b185-22ed-0667199f8b84,BUOY 9 IR 100%,460,,fishing,,True,12651.617782617675,10677.783333333333,0.6397701548335559,43,18.653621489036514,45.067157,-45.422008,16.742952,108.43473
2023-07-23T10:42:02.000Z,2024-02-04T18:13:15.000Z,e0128cf650d687fb92cb8d4bd128eee5,gap,"[-32.444917, -1.042902, 25.86609, 37.704652]",20.7359,-7.008,[],['8464'],"['ICCAT', 'ACAP', 'IWC']","['41', '41.1.2', '41.1']",['41'],[],[],[],[],306,18,310.25175,28.375118999999998,5b0d2a2a2-2875-26e1-ea29-95f4bb06d8aa,NRD BUOY N.1033%,110,,gear,,True,7355.09574775306,4711.516666666666,0.8429205009853573,28,35.37381255699866,-1.042902,-32.444917,37.704652,25.86609
2023-07-23T11:15:42.000Z,2024-06-03T17:21:26.000Z,dee9a614e5e5cb96358324b6cc7a38e3,gap,"[44.59093, -36.163813, 52.276138, -32.233802]",-34.2587,48.5233,[],[],"['ACAP', 'IOTC', 'IWC', 'SIOFA', 'CCSBT']","['51', '51.7']",['51'],[],[],[],[],949,1172,949.547375,1253.702,be9e13030-001a-0c7d-b6e3-74ce23c81bff,AIS BUOY_01_99%,999000301,,gear,,True,830.5577520291148,7590.083333333333,0.059085689731690996,110,132.66272129919048,-32.233802,52.276138,-36.163813,44.59093
2023-07-23T16:55:38.000Z,2024-04-16T22:25:54.000Z,5255c3e94c534b9517c07d68fb50eeca,gap,"[-141.304107, -32.501005, 71.011787, 59.019057]",33.0197,104.9867,[],[],"['ACAP', 'IOTC', 'IWC', 'SIOFA', 'CCSBT']","['51', '51.7']",['51'],[],[],[],[],835,83,1613.1745,106.405766,31335af1a-a294-b8e2-4816-3e7ad829d36e,LONGLINE BUOY 14-99%,123456014,,gear,,True,16217.596641616667,6437.5,1.3602798667715126,117,197.46638450127278,-32.501005,71.011787,59.019057,-141.304107
2023-07-23T17:43:30.000Z,2024-08-17T02:55:28.000Z,633f97be75cb56462f85e66c761511f1,gap,"[77.189628, -30.246612, 96.734052, -23.711665]",-27.3189,86.675,[],[],"['ACAP', 'IOTC', 'IWC', 'SIOFA', 'CCSBT']","['51', '51.7']",['51'],[],[],[],[],1484,1650,1490.737125,1656.931625,8fed418b0-0722-d82c-957d-22c624654f39,BUOY-10  100%,168805158,,gear,,True,2064.985912359419,9369.183333333332,0.11900751140729372,42,146.35669209214151,-23.711665,77.189628,-30.246612,96.734052
2023-07-23T17:45:30.000Z,2024-07-26T23:07:58.000Z,51e30260345acd1c87e3b246e4d71b14,gap,"[77.190542, -31.583975, 91.170435, -23.712825]",-27.8242,83.9273,[],[],"['ACAP', 'IOTC', 'IWC', 'SIOFA', 'CCSBT']","['51', '51.7']",['51'],[],[],[],[],1484,1422,1490.737125,2192.707,4368825f9-9c77-4478-c9fb-d3ab7502c6f2,BUOY-12  100%,168805160,,gear,,True,1629.3110591811778,8861.366666666667,0.0992801251143196,36,146.35669209214151,-23.712825,77.190542,-31.583975,91.170435
2023-07-23T17:48:11.000Z,2024-06-22T06:51:34.000Z,de9cbab9b5f23f98fdbe9dccfbad9563,gap,"[77.192318, -32.989598, 93.675518, -23.715275]",-28.6012,85.0707,[],[],"['ACAP', 'IOTC', 'IWC', 'SIOFA', 'CCSBT']","['51', '51.7']",['51'],[],[],[],[],1484,1555,1491.0225,1972.93775,8f5805e28-898a-9c9d-455c-e178285982a3,BUOY-09  100%,168805157,,gear,,True,1910.6237185602522,8029.05,0.12849020440531342,24,146.35669209214151,-23.715275,77.192318,-32.989598,93.675518
2023-07-23T17:51:23.000Z,2024-09-10T05:13:42.000Z,ec1cefe260877ccd11a5850e69409f60,gap,"[77.195123, -23.717137, 84.653147, -11.397467]",-17.5922,81.0517,[],[],"['ACAP', 'IOTC', 'IWC', 'SIOFA', 'CCSBT']","['51', '51.7']",['51'],[],[],[],[],1485,1303,1492.006375,1333.5365,289d376d7-74d8-a679-52fb-32ee0f954726,BUOY-11  100%,168805159,,gear,,True,1580.671077588371,9947.366666666667,0.08580100955055416,55,146.35669209214151,-23.717137,77.195123,-11.397467,84.653147
2023-07-23T19:28:39.000Z,2024-12-19T03:49:10.000Z,2e0b4a8bbdb7865b1b30f7b3a2e7f65f,gap,"[77.243768, -23.793295, 82.407437, -10.431847]",-17.1289,79.9188,[],[],"['ACAP', 'IOTC', 'IWC', 'SIOFA', 'CCSBT']","['51', '51.7']",['51'],[],[],[],[],1491,1142,1497.95125,1152.6535,b196565de-e74d-2c65-77e8-8097750b0c09,BUOY-08  100%,168805156,,gear,,True,1583.2702874420154,12344.333333333334,0.06925425134989997,20,146.35669209214151,-23.793295,77.243768,-10.431847,82.407437
2023-07-23T22:48:59.000Z,2024-11-05T01:32:05.000Z,ee7b6e61c68a27ec10e9374fa0b55838,gap,"[-18.404603, -6.769267, 122.139317, 36.698775]",37.2,35.3192,[],[],"['ICCAT', 'ACAP', 'IWC']","['47', '47.A.0', '47.A']",['47'],[],[],[],[],457,11,456.85843800000004,9.948955,0e407114d-dac7-9f9a-53e4-5b04658cc9df,WY168-10          9V,994050010,,gear,,True,14816.857966918049,11282.716666666667,0.7090901510192912,92,48.029511806250134,-6.769267,-18.404603,36.698775,122.139317
2023-07-23T23:30:45.000Z,2024-04-11T01:42:54.000Z,41de8563e97ec6df2909a1d7cbaf8400,gap,"[77.313507, -36.571322, 93.715365, -23.956687]",-30.5199,84.9819,[],[],"['ACAP', 'IOTC', 'IWC', 'SIOFA', 'CCSBT']","['51', '51.7']",['51'],[],[],[],[],1503,1436,1509.830125,1971.046875,ba423a446-688f-166d-9087-9bdfbbfd1963,BUOY-06  100%,168803674,,gear,,True,2103.3911454030426,6290.2,0.1805571141281517,42,146.35669209214151,-23.956687,77.313507,-36.571322,93.715365
2023-07-24T02:01:44.000Z,2024-04-22T20:59:29.000Z,b9f0e0ab8cb2f43a4325fe671704ab49,gap,"[-159.669888, -29.202145, 172.496733, -15.168763]",-22.7871,-174.2991,[],[],"['ACAP', 'SPRFMO', 'WCPFC', 'IWC']",['81'],['81'],[],[],[],[],823,460,889.628062,469.328469,e333236d8-81c2-30d7-46b6-7c2ee6254e96,ZS805           11V3,987805001,,fishing,,True,3249.977785861029,6570.95,0.2670614776486857,196,230.71420759577305,-29.202145,-159.669888,-15.168763,172.496733
2023-07-24T04:58:23.000Z,2024-01-22T10:25:16.000Z,cddfaae002920fd6dae0e0a0a770b2c5,gap,"[66.104172, -0.949848, 83.983738, 7.427735]",3.2787,75.0066,[],[],"['ACAP', 'IOTC', 'IWC', 'SIOFA']","['51', '51.4']",['51'],[],[],[],[],777,234,836.4115,327.200438,bf115fb24-411f-0028-191f-b347e4bd2e87,IMULA 2239 MTR NET 4,108000303,,gear,,True,2191.022098146751,4373.433333333333,0.27050996282466994,15,19.973711346374895,-0.949848,66.104172,7.427735,83.983738
2023-07-24T12:40:17.000Z,2024-09-13T02:10:51.000Z,25b16f553cc921a50a8b53e713e7a8d0,gap,"[100.138475, -18.21235, 102.826717, -16.386]",-17.3037,101.4893,[],[],"['ACAP', 'SEAFDEC', 'IOTC', 'IWC', 'CCSBT']","['57', '57.3']",['57'],[],[],[],[],750,713,765.10225,730.38425,c7a3caa7d-d76e-278d-a97e-f1f2e6157796,994165084         9V,994165084,,gear,,True,350.26220484266685,9997.5,0.018917375393668442,47,94.22894845247427,-18.21235,100.138475,-16.386,102.826717
2023-07-24T13:18:55.000Z,2025-07-24T23:15:31.000Z,5e0dae43c85ee13fee94b447d13db1df,gap,"[157.463572, -5.529408, 157.830923, 41.972122]",18.2214,157.6739,[],['8314'],"['ACAP', 'WCPFC', 'FFA', 'IWC', 'SPC']",['71'],['71'],[],[],[],[],122,698,176.880531,846.424062,5bd096de2-282b-cb01-3f38-69dc182c6e60,994032021         9V,994032021,,gear,,True,5282.068862000763,17553.933333333334,0.16247578045332348,18,80.27503861937191,-5.529408,157.830923,41.972122,157.463572
2023-07-24T16:55:35.000Z,2024-10-05T03:47:16.000Z,ba3be68537a080c74df4dfa08ff0f8ec,gap,"[98.742437, -19.618327, 100.316213, -18.12544]",-18.8735,99.5328,[],[],"['ACAP', 'SEAFDEC', 'IOTC', 'IWC', 'CCSBT']","['57', '57.3']",['57'],[],[],[],[],752,844,766.345438,860.5691879999999,b55cfe1e9-90ea-c1c3-1114-fd1685c8ad15,994013422         9V,994013422,,gear,,True,234.46546245455664,10522.85,0.012031077286831074,26,94.22894845247427,-18.12544,100.316213,-19.618327,98.742437
2023-07-24T17:24:50.000Z,2025-07-19T11:10:57.000Z,b837a8897d63bb91ce9b3411c905d72d,gap,"[157.336692, -5.715195, 157.714762, 41.862245]",18.0736,157.5529,[],['8314'],"['ACAP', 'WCPFC', 'FFA', 'IWC', 'SPC']",['71'],['71'],[],[],[],[],129,702,151.930766,843.9040620000001,2d1b5f61d-deee-a3aa-ac14-97e4a48df575,994164417         9V,994164417,,gear,,True,5290.517490297794,17417.766666666666,0.16400787582915113,37,80.27503861937191,-5.715195,157.714762,41.862245,157.336692
2023-07-25T03:19:01.000Z,2024-03-27T17:02:09.000Z,5ef6287325ce6edfa492fdcaf9b8e372,gap,"[-149.309867, -18.612088, -147.135095, -16.552692]",-17.5854,-148.2287,[],['8440'],"['ACAP', 'SPC', 'WCPFC', 'IATTC', 'IWC']",['77'],['77'],[],[],[],[],126,53,238.919188,107.549367,99835e28c-c4ec-d68e-8022-300ce8539648,ONWA33NT 100%,91800310,,gear,,True,324.92027999506155,5917.716666666666,0.02964706248143098,115,158.19377858416576,-18.612088,-147.135095,-16.552692,-149.309867
2023-07-25T07:08:39.000Z,2024-07-19T18:39:11.000Z,ef2b3bd29c0edf3d223afee45f427dfc,gap,"[163.875725, 14.530188333333333, 164.6565, 24.371238333333334]",19.4511,164.278,[],['8318'],"['ACAP', 'WCPFC', 'FFA', 'IWC', 'SPC']","['71', '71.6.2']",['71'],[],[],[],[],320,626,721.93725,1781.298375,af34966d3-326b-a8d1-7d06-2118ff60c29e,,363070545,,other,,True,1097.32407434493,8651.5,0.06848611218150599,207,383.5089137675427,14.530188333333333,164.6565,24.371238333333334,163.875725
2023-07-25T08:30:17.000Z,2024-07-03T10:00:56.000Z,a8ec50ddcb9d2732d6d81053f87a1366,gap,"[-51.943902, 51.299552, -51.60623, 53.12419]",52.212,-51.7716,[],['8493'],"['ICCAT', 'ACAP', 'NAFO', 'NAMMCO', 'NASCO', 'IWC']","['21.3', '21.3.K', '21']",['21'],[],[],[],[],241,252,275.18175,282.725844,8105f0438-8abe-e0eb-d4bf-8cf3cd45d96f,941216774,941216774,,other,,True,204.1904282168917,8257.5,0.013351984367695817,17,23.686134592076357,51.299552,-51.60623,53.12419,-51.943902
2023-07-25T21:23:14.000Z,2024-06-09T12:14:06.000Z,93b357697835808e9ceb90134648ef1a,gap,"[-171.756072, -30.166227, -168.217312, -28.454628]",-29.3221,-169.9718,[],[],"['ACAP', 'SPRFMO', 'WCPFC', 'IWC']",['81'],['81'],[],[],[],[],946,600,1058.307875,1011.967875,e029ce2fc-cb89-bf86-8f62-783784cb9e9a,994018432         9V,994018432,,gear,,True,392.33421439746525,7670.833333333333,0.027616755453649257,55,203.9009142959096,-28.454628,-168.217312,-30.166227,-171.756072
2023-07-26T00:47:15.000Z,2024-03-14T21:50:24.000Z,4bef0eb759f88748a2162a4ee94a1dea,gap,"[-163.782295, -12.618457, -158.588482, -10.22285]",-11.4321,-161.1964,[],['8446'],"['ACAP', 'WCPFC', 'FFA', 'IWC', 'SPC']",['77'],['77'],[],[],[],[],355,232,494.822,344.724312,59785f0f8-8156-3b4b-f952-f68078fe2179,SLC883-08 48%,991288308,,gear,,True,625.5850802545951,5589.05,0.06043762718599108,28,175.52013438229233,-12.618457,-158.588482,-10.22285,-163.782295
2023-07-26T03:58:05.000Z,2024-03-27T21:02:09.000Z,6fdcb02afb8ec0f593e341b34a3bd48f,gap,"[-149.093778, -18.890432, -147.317788, -16.602598]",-17.7485,-148.2115,[],['8440'],"['ACAP', 'SPC', 'WCPFC', 'IATTC', 'IWC']",['77'],['77'],[],[],[],[],136,63,234.57507800000002,109.15493,9ec3f94cc-c803-8346-523a-f270a9ecff46,994167849         8V,994167849,,gear,,True,316.3645262170361,5897.066666666667,0.02896748298073651,247,158.19377858416576,-18.890432,-147.317788,-16.602598,-149.093778
2023-07-26T10:58:20.000Z,2024-09-30T20:46:44.000Z,a9247de475c9dc25ce6123787c31c53b,gap,"[160.23287, -5.044973, 172.365503, 1.297555]",-1.8843,166.2881,[],[],"['ACAP', 'SPRFMO', 'WCPFC', 'IWC']",['71'],['71'],[],[],[],[],532,416,542.777062,715.46875,d80873c16-616d-9e37-3017-cf5b883c8e3e,NETFISH928-11     9V,928728011,,gear,,True,1521.0567440078396,10377.8,0.0791405632570722,27,122.30654368097314,1.297555,160.23287,-5.044973,172.365503
2023-07-26T17:31:51.000Z,2024-03-13T02:48:56.000Z,68493adc1465ed31d899b7b18fcb7416,gap,"[66.42714, -33.26744, 83.082938, 5.40942]",-14.0705,74.0251,[],[],"['ACAP', 'IOTC', 'IWC', 'SIOFA', 'CCSBT']","['57', '57.3']",['57'],[],[],[],[],709,703,2464.4975,745.388625,dbe68f8a1-1093-91f1-18ed-b41c4b3c5112,994030847         7V,994030847,,gear,,True,4645.251563613161,5529.283333333334,0.4536275380238423,15,221.45852849901868,-33.26744,83.082938,5.40942,66.42714
2023-07-27T04:19:55.000Z,2024-04-04T14:14:58.000Z,35321ef6ca8f6bb1055304f0a102e3a4,gap,"[101.480832, -19.164315, 112.594855, -11.735875]",-15.5195,107.1379,[],[],"['ACAP', 'SEAFDEC', 'IOTC', 'IWC', 'CCSBT']","['57', '57.3']",['57'],[],[],[],[],913,363,927.51725,368.187,4cf301091-1e36-e583-4649-e798a7e13dc9,MATSAM JAYA 08,525700784,IDN,fishing,,True,1448.5851597597434,6057.916666666667,0.12911590822982646,18,102.71668537618118,-19.164315,101.480832,-11.735875,112.594855
2023-07-27T06:41:52.000Z,2025-08-26T09:36:16.000Z,8c27209657dbcbd00f492ce5687d20be,gap,"[-160.236553, -25.5544, -158.10864, -13.972643]",-19.7667,-159.1338,[],[],"['ACAP', 'SPRFMO', 'WCPFC', 'IWC']",['77'],['77'],[],[],[],[],435,463,544.52275,485.969625,58c36a51c-c099-29a2-191a-556656f1857a,22-12-90%,928005312,,gear,,True,1306.8540368354454,18266.9,0.03862969241156822,21,174.67952438948703,-13.972643,-158.10864,-25.5544,-160.236553
2023-07-27T13:28:05.000Z,2024-02-21T16:44:22.000Z,4dcf65cc5979034de01b5965f1cf5db7,gap,"[151.418333, 15.552340000000001, 174.380465, 15.812285]",15.9863,162.9068,[],[],"['ACAP', 'WCPFC', 'IWC']","['71', '71.6.2']",['71'],[],[],[],[],586,573,993.76925,611.944562,d8705dd46-605d-e510-dc8c-3baa90159c88,NETFISH896-06     9V,896333306,,gear,,True,2457.178922722212,5019.266666666666,0.26433552244654546,49,140.37389281260428,15.552340000000001,174.380465,15.812285,151.418333
2023-07-27T22:10:56.000Z,2024-03-15T17:41:21.000Z,86d2201b38f0748acaab142c2b71b1ef,gap,"[129.411417, -4.365023, 165.407943, 17.010238]",6.6449,147.7989,[],[],"['ACAP', 'SPRFMO', 'WCPFC', 'IWC']",['71'],['71'],[],[],[],[],455,639,458.342219,731.2839379999999,b023f2c0f-fd66-2cf2-a69d-8afc1c50eab2,994230038         9V,994230038,,gear,,True,4612.7379543599445,5563.5,0.4476820780111601,14,124.43699656017408,-4.365023,165.407943,17.010238,129.411417
2023-07-27T22:36:25.000Z,2026-05-31T16:10:13.000Z,2a3e66e599591d161921f12734c9fbe7,gap,"[-174.951328, -25.09461, -174.756023, -17.017862]",-21.0563,-174.8563,[],['8448'],"['ACAP', 'WCPFC', 'FFA', 'IWC', 'SPC']",['81'],['81'],[],[],[],[],339,127,441.31390600000003,173.930172,9431e198b-b5c3-8277-5f14-5e4675f2b07a,994057009         9V,994057009,,gear,,True,898.3229111179105,24929.55,0.01945705267677383,153,154.1780689724082,-25.09461,-174.756023,-17.017862,-174.951328
2023-07-28T01:03:21.000Z,2024-06-18T16:30:39.000Z,0041ee2ad24378fb71544fe9275cd3eb,gap,"[-46.999897, -25.44027, -36.668207, -0.643218]",-13.093,-41.5703,[],[],"['ICCAT', 'ACAP', 'IWC']","['41', '41.1.2', '41.1']",['41'],[],[],[],[],394,93,375.729125,117.71293,cf327388a-a6a1-0d0c-b2a7-2d456229e5ea,J BATALHA 1,710000029,BRA,fishing,,True,2971.930791012148,7839.45,0.20469730019409005,15,33.28518859565813,-0.643218,-36.668207,-25.44027,-46.999897
2023-07-28T03:15:31.000Z,2024-05-20T09:01:07.000Z,bab2b01496e11f321f8b7bad317602a7,gap,"[8.016077, -33.279832, 13.551472, -25.871138]",-29.6042,10.682,[],[],"['ICCAT', 'ACAP', 'IWC', 'CCSBT']","['47', '47.B.1', '47.B']",['47'],[],[],[],[],678,404,714.6798120000001,410.615125,7668dad22-2f91-6137-b0e2-6cb400059281,106-2             9V,994230562,,gear,,True,982.0296770916153,7133.75,0.07433027584945434,40,72.4424727042534,-25.871138,8.016077,-33.279832,13.551472
2023-07-28T10:00:08.000Z,2024-04-10T03:44:04.000Z,79b30ac90beddf49bcce9a57bcf4ce15,gap,"[78.585812, -37.397565, 92.358078, -32.022028]",-34.904,85.2469,[],[],"['ACAP', 'IOTC', 'IWC', 'SIOFA', 'CCSBT']","['51', '51.7']",['51'],[],[],[],[],649,1303,2041.917,2097.97475,f7dfb64ff-fddd-d16f-6b3a-095907a5c36b,BUOY-211006-004- 92%,59048879,,gear,,True,1391.6774736491295,6161.716666666666,0.12195395549069186,43,209.69945575697741,-32.022028,78.585812,-37.397565,92.358078
2023-07-28T22:59:14.000Z,2024-08-02T15:18:08.000Z,1c586e6091448b843cbd5a7dd5cc5a56,gap,"[-157.76315, -34.757977, -114.795622, -10.156088]",-23.9373,-138.311,[],['8446'],"['ACAP', 'WCPFC', 'FFA', 'IWC', 'SPC']",['77'],['77'],[],[],[],[],118,983,676.22825,987.229688,c1d771da8-85fc-3242-47d6-6fb5a0dd630b,HX817-03         7V6,44481895,,gear,,True,5135.9873379789005,8896.3,0.31172637001946407,162,175.24165176856675,-10.156088,-157.76315,-34.757977,-114.795622
2023-07-29T07:07:07.000Z,2024-01-24T06:27:04.000Z,7ec866bce0ad6de83e16b767261b7685,gap,"[-91.87228166666667, -0.170725, -85.05326, 5.547193333333333]",2.693,-88.4548,[],[],"['ACAP', 'SPRFMO', 'CPPS', 'IWC', 'IATTC']","['87', '87.1', '87.1.4']",['87'],[],[],[],[],458,429,488.808875,430.566031,fa82aa93d-db28-95fb-3206-237f3c7960cf,HESPER,224900000,ESP,fishing,,True,988.6517904621679,4295.316666666667,0.12428170073034506,372,268.3824874513332,-0.170725,-85.05326,5.547193333333333,-91.87228166666667
2023-07-29T17:56:37.000Z,2024-06-10T07:18:56.000Z,3d114dc514debc556b617598238c0e35,gap,"[132.214817, -1.273633, 161.948822, 17.746098]",8.5172,147.4506,[],[],"['ACAP', 'SPRFMO', 'WCPFC', 'IWC']",['71'],['71'],[],[],[],[],453,752,557.560062,908.539312,a38141d99-9975-a46a-218c-c527be7ad85c,000001119         7V,1119,,gear,,True,3881.9584713252116,7597.366666666667,0.2758968968183662,35,117.36601517605213,-1.273633,161.948822,17.746098,132.214817
2023-07-29T18:39:04.000Z,2025-08-06T14:41:12.000Z,1a862956cb97652c8e8904103beb73cc,gap,"[-160.83937, -6.248322, 160.190433, -5.46105]",-6.2077,179.6898,[],['8314'],"['ACAP', 'WCPFC', 'FFA', 'IWC', 'SPC']",['71'],['71'],[],[],[],[],98,493,214.790109,901.24475,94420c306-6aa5-a246-cf4d-7ddf63ad58da,994048212         7V,994048212,,gear,,True,4310.639363860248,17732.033333333333,0.13126295264655075,26,92.25699770011786,-6.248322,160.190433,-5.46105,-160.83937
2023-07-29T18:58:42.000Z,2024-06-04T22:28:04.000Z,5ccc40400d4f2bdb6e4e532f9734bc1c,gap,"[172.843992, -9.347465, 173.657043, -8.528433]",-8.9382,173.2501,[],[],"['ACAP', 'SPRFMO', 'WCPFC', 'IWC']",['71'],['71'],[],[],[],[],447,457,612.410875,696.092,8a0b6f587-73e1-fcc6-08a7-caa4e19eb28d,208010180     [100%],208010180,VAT,gear,,True,127.55472496992296,7467.483333333334,0.009223193207943806,36,118.70107004743103,-9.347465,173.657043,-8.528433,172.843992
2023-07-30T00:46:23.000Z,2024-07-09T07:23:28.000Z,7ced2b53eeb3493ee6f19df15e0bc736,gap,"[52.488373, -32.102338, 64.00882, -30.469757]",-31.4149,58.2986,[],[],"['ACAP', 'IOTC', 'IWC', 'SIOFA', 'CCSBT']","['51', '51.7']",['51'],[],[],[],[],948,1187,949.111688,1201.256625,6535263b0-0410-8034-8927-de553a069436,AIS BUOY_17_99%,999777717,,gear,,True,1109.11888418882,8286.616666666667,0.07227030179493932,113,132.66272129919048,-32.102338,52.488373,-30.469757,64.00882
2023-07-30T03:50:13.000Z,2024-12-07T07:07:03.000Z,0f9a8b3b0364cefe3352fbb20d9fff1c,gap,"[70.803263, -32.261677, 107.717855, 20.117422]",-6.3978,90.261,[],[],"['ACAP', 'IOTC', 'IWC', 'SIOFA', 'CCSBT']","['51', '51.7']",['51'],[],[],[],[],868,2,1580.227125,96.570055,0d602b3fd-ddb8-7538-0cdc-493d41928938,LONGLINE BUOY 02-35%,77702,,gear,,True,7024.823084839169,11907.266666666666,0.3185534618410942,121,194.85633851184724,-32.261677,70.803263,20.117422,107.717855
2023-07-30T09:19:47.000Z,2024-05-04T19:44:30.000Z,0173b879a75a3aa8171343d51dcbf21e,gap,"[123.140853, 2.355328, 143.015733, 21.110498]",11.9064,133.4226,[],[],"['ACAP', 'SEAFDEC', 'SPRFMO', 'WCPFC', 'IWC']",['71'],['71'],[],[],[],[],411,124,591.44675,315.727219,8948156fb-bfb2-1ca6-7632-2b91d71fdd0b,BUOY-13-03-99%,928006403,,gear,,True,2996.9839672207254,6706.4,0.24129814549513243,49,31.776245706917017,2.355328,143.015733,21.110498,123.140853
2023-07-31T00:44:58.000Z,2024-04-23T18:52:41.000Z,8ab08d2236c33e7819a3e0ddddd55679,gap,"[38.223327, -37.096398, 40.473452, -32.524267]",-34.8155,39.3172,[],[],"['ACAP', 'IOTC', 'IWC', 'SIOFA', 'CCSBT']","['51', '51.8']",['51'],[],[],[],[],713,1076,700.249688,1180.528625,bbf916489-93fd-bcbc-7172-94f0bf6c4047,CHANG-016         9V,994103136,,gear,,True,548.2820137365429,6426.116666666667,0.046069596754304824,66,119.58413660120932,-32.524267,38.223327,-37.096398,40.473452
2023-07-31T01:37:14.000Z,2025-04-05T11:38:44.000Z,9e352fc13f7ae59e1faf73b81e8e6d32,gap,"[-116.617965, -16.185893, 109.552813, 21.205332]",6.3745,178.4604,[],[],"['ACAP', 'SPRFMO', 'IWC', 'IATTC']","['87', '87.1', '87.1.4']",['87'],[],[],[],[],1266,15,1424.906375,7.852338,e90c84875-568e-2da1-9e73-5bfa8627f522,ZHONGYANG23-16   7V8,412365424,CHN,gear,,True,15136.484352494941,14746.016666666666,0.5542546093146564,17,175.82965379390478,-16.185893,-116.617965,21.205332,109.552813
2023-07-31T05:26:17.000Z,2024-05-19T21:11:11.000Z,4cc0d2a630e79f30b982ee0677771337,gap,"[168.479702, 2.757715, 169.250408, 10.701198]",6.7296,168.8682,[],['8318'],"['ACAP', 'WCPFC', 'FFA', 'IWC', 'SPC']",['71'],['71'],[],[],[],[],210,92,437.15653100000003,228.376969,c85e3f694-4e92-66c5-4a28-497272aa8200,SLC601-05 90%,991260105,,gear,,True,887.3604249253107,7047.733333333334,0.06798445342556235,84,170.06052513996534,2.757715,169.250408,10.701198,168.479702
2023-07-31T15:57:49.000Z,2026-05-21T19:28:46.000Z,25cd62e41b996dbbc5f2481fbccd432d,gap,"[-171.470875, -34.851813, -171.001958, -33.257263]",-34.0548,-171.2342,[],[],"['ACAP', 'SPRFMO', 'WCPFC', 'IWC', 'CCSBT']",['81'],['81'],[],[],[],[],830,780,1026.456938,1154.8635,bb8bc3747-72d3-d504-bd75-4515bbdaedc1,BUOY-07  100%,168805603,,gear,,True,182.4920852076994,24603.5,0.004005033551515796,49,235.3494586777328,-34.851813,-171.470875,-33.257263,-171.001958
2023-07-31T19:16:20.000Z,2024-03-08T08:34:39.000Z,cd5d1c5ce1a0ed213465910a1c4252c7,gap,"[-118.566472, -3.703118, -93.081543, 11.734807]",4.1169,-105.7007,[],['8403'],"['ACAP', 'CPPS', 'IATTC', 'IWC']","['87', '87.1', '87.1.4']",['87'],[],[],[],[],350,838,364.66225,1542.333375,1c68f73c4-47f1-e394-0d5d-6f0c786f6104,SD-1046,338431541,USA,other,,True,3299.6778172403565,5293.3,0.3365921989365541,24,62.46982231212701,-3.703118,-93.081543,11.734807,-118.566472
2023-07-31T19:21:28.000Z,2024-03-21T23:05:13.000Z,eaf679182c3667ff9ee52d7d108d8fdc,gap,"[-108.685953, -3.097883, -93.491553, 0.374077]",-1.374,-101.0943,[],['8403'],"['ACAP', 'CPPS', 'IATTC', 'IWC']","['87', '87.1', '87.1.4']",['87'],[],[],[],[],326,1098,345.686219,1716.661625,2af34359e-ef0c-4600-86f7-9c875ad3d2ee,SD-1085 (UNCREWED),338431593,USA,other,,True,1732.3693522421952,5619.716666666666,0.16645049445102952,19,62.46982231212701,-3.097883,-93.491553,0.374077,-108.685953
2023-08-01T05:21:20.000Z,2025-09-17T19:34:07.000Z,a366d6e391d0c0dfd294769438780649,gap,"[147.848347, 8.88489, 172.756113, 10.071137]",9.7021,160.3241,[],['8316'],"['ACAP', 'WCPFC', 'FFA', 'IWC', 'SPC']","['71', '71.6.1']",['71'],[],[],[],[],257,168,508.4985,249.321281,8750c68e1-1120-2120-873e-dddccedbf63b,SLC760-02 78%,991276002,,gear,,True,2734.3492175515094,18686.2,0.07901180887718058,29,47.494410760537455,10.071137,147.848347,8.88489,172.756113
2023-08-01T10:12:07.000Z,2025-11-09T21:47:54.000Z,96691b226e6c7dd44b8af55ded8fd534,gap,"[-16.386318, -18.440422, 6.4847, 57.330547]",19.7804,-1.7705,[],[],"['ICCAT', 'ACAP', 'IWC']","['47', '47.A.0', '47.A']",['47'],[],[],[],[],563,466,639.773875,531.038625,d46f59387-7135-dbb9-e16a-5c58023cc120,BUOY-01  100%,168805799,,gear,,True,8688.65953978798,19955.583333333332,0.235097153165271,14,52.31755710083118,-18.440422,6.4847,57.330547,-16.386318
2023-08-01T10:59:11.000Z,2024-07-09T21:07:25.000Z,4dfcddfe106aedaf141a9172334114f9,gap,"[-5.9445483333333335, -24.02147, 14.925956666666666, 35.57431166666667]",5.8726,3.8794,[],[],"['ICCAT', 'ACAP', 'CCSBT', 'IWC']","['47', '47.B.0', '47.B']",['47'],[],[],[],[],886,44,900.945625,23.678461,3ba882b08-83bc-4eb9-7e93-3802a46bf2f9,PRESINGE,538010297,MHL,cargo,,True,6981.226037905899,8242.133333333333,0.45735252551477795,504,478.1993661171638,-24.02147,-5.9445483333333335,35.57431166666667,14.925956666666666
2023-08-01T10:59:11.000Z,2024-07-09T21:07:25.000Z,4dfcddfe106aedaf141a9172334114f9,gap,"[-5.9445483333333335, -24.02147, 14.925956666666666, 35.57431166666667]",5.8726,3.8794,[],[],"['ICCAT', 'ACAP', 'CCSBT', 'IWC']","['47', '47.B.0', '47.B']",['47'],[],[],[],[],886,44,900.945625,23.678461,3ba882b08-83bc-4eb9-7e93-3802a46bf2f9,PRESINGE,538010297,MHL,cargo,,True,6981.226037905899,8242.133333333333,0.45735252551477795,504,478.1993661171638,-24.02147,-5.9445483333333335,35.57431166666667,14.925956666666666
2023-08-01T11:41:37.000Z,2025-11-09T21:06:24.000Z,4b0646f95017ca6ebdb4def2f0ee65a6,gap,"[-16.469453, -18.418735, 6.464338, 57.350748]",19.8034,-1.8096,[],[],"['ICCAT', 'ACAP', 'IWC']","['47', '47.A.0', '47.A']",['47'],[],[],[],[],565,470,640.6765,536.204875,a4b14887e-e5ef-d460-b5b3-a02e35574083,BUOY-02  100%,168805800,,gear,,True,8689.805512480621,19953.4,0.23515388891973105,16,52.31755710083118,-18.418735,6.464338,57.350748,-16.469453
2023-08-01T16:42:35.000Z,2025-04-13T01:24:20.000Z,6e9b62aecfbd77f66c0d8f2059dcbbbf,gap,"[-172.0742, 10.825858, -168.368378, 11.917118]",11.3773,-170.2177,[],[],"['ACAP', 'NPFC', 'WCPFC', 'IWC']",['77'],['77'],[],[],[],[],665,597,1259.638,1661.144,b59594746-66d8-ae85-58e9-f0312cb8575a,CC226 BUOY-17  100%,111103127,,gear,,True,421.80118011510876,14888.683333333332,0.015297149641090227,59,146.0629901594695,10.825858,-168.368378,11.917118,-172.0742
2023-08-01T20:32:30.000Z,2025-04-14T05:12:36.000Z,b01d1fa531179cae8776ca3806e0c974,gap,"[-172.174043, 10.762822, -167.80116, 11.707565]",11.2432,-169.984,[],[],"['ACAP', 'NPFC', 'WCPFC', 'IWC']",['77'],['77'],[],[],[],[],687,623,1205.833875,1658.36675,04427a6fd-def7-91fc-a583-8699b6b1b678,CC226 BUOY-18  1%,111103128,,gear,,True,488.347031761839,14912.666666666666,0.017682035556834008,39,147.15684630399272,10.762822,-167.80116,11.707565,-172.174043
2023-08-01T20:39:52.000Z,2024-04-24T01:00:57.000Z,94092ad2b0a365e15ef7ffa9d9b08f8e,gap,"[46.32562, -37.092477, 53.408483, -31.483647]",-34.339,49.9855,[],[],"['ACAP', 'IOTC', 'IWC', 'SIOFA', 'CCSBT']","['51', '51.7']",['51'],[],[],[],[],949,1041,951.2521879999999,1337.8985,06467c4dc-c68f-6f5c-756d-7bacdc81658c,AIS BUOY_20_83%,999039920,,gear,,True,900.7844134416322,6388.35,0.07613619674637154,43,129.88308352753927,-31.483647,53.408483,-37.092477,46.32562
2023-08-01T22:16:43.000Z,2024-03-05T14:01:57.000Z,d3c1b32b5c90b41a460b975c7381d477,gap,"[-28.71999, -12.736005, -14.703888, 6.157057]",-3.3142,-21.7793,[],[],"['ICCAT', 'ACAP', 'IWC']","['47', '47.A.0', '47.A']",['47'],[],[],[],[],526,1052,536.897,1076.1065,a1d2568e3-315f-0c66-067f-347e037e1a32,994008280         9V,994008280,,gear,,True,2610.0119010747976,5199.75,0.27103104631679287,94,53.54573096162429,-12.736005,-14.703888,6.157057,-28.71999
2023-08-01T22:29:49.000Z,2024-03-05T18:02:09.000Z,e7c274fe241963199ca623bcd21054db,gap,"[-28.6316, -12.740497, -14.710718, 6.172893]",-3.3081,-21.738,[],[],"['ICCAT', 'ACAP', 'IWC']","['47', '47.A.0', '47.A']",['47'],[],[],[],[],526,1047,536.962688,1070.93275,2653cd310-0f10-2d57-3247-4d6475558246,994008279         9V,994008279,,gear,,True,2605.6025008397582,5203.533333333334,0.27037643602994277,46,53.54573096162429,-12.740497,-14.710718,6.172893,-28.6316
2023-08-01T22:33:02.000Z,2024-03-06T05:02:26.000Z,1bc8fb330fddea881b40ce1989954ee2,gap,"[-28.274632, -12.740595, -14.713255, 6.186275]",-3.3002,-21.559,[],[],"['ICCAT', 'ACAP', 'IWC']","['47', '47.A.0', '47.A']",['47'],[],[],[],[],526,1029,536.962688,1052.968125,9b2760c38-8f2b-c1c0-1bc5-d019e5805c44,994008074         9V,994008074,,gear,,True,2583.5707781566175,5214.483333333334,0.26752729459455493,95,53.54573096162429,-12.740595,-14.713255,6.186275,-28.274632
2023-08-01T22:38:33.000Z,2024-03-06T11:52:30.000Z,1b5adeea4e91f6fe5b056cf86424a62b,gap,"[-28.780967, -12.745357, -14.734202, 6.003017]",-3.3966,-21.8262,[],[],"['ICCAT', 'ACAP', 'IWC']","['47', '47.A.0', '47.A']",['47'],[],[],[],[],528,1071,538.210312,1095.036625,8f6e0856a-aeca-b0ce-104f-b4bc956763b4,994008075         9V,994008075,,gear,,True,2599.0878271727224,5221.216666666666,0.268786998252808,26,53.54573096162429,-12.745357,-14.734202,6.003017,-28.780967
2023-08-01T23:43:07.000Z,2024-03-09T05:56:59.000Z,8432d10e6e14afe035eca0a086d21a0a,gap,"[174.751358, -18.455863, 178.200372, -11.729472]",-15.0992,176.4485,[],['8325'],"['ACAP', 'WCPFC', 'FFA', 'IWC', 'SPC']",['71'],['71'],[],[],[],[],256,8,601.85,23.873758000000002,5f077b00f-f787-7d25-0434-fb03f5c000e8,YX3-007-99%,100016183,,gear,,True,834.4655367952231,5286.216666666666,0.08523588272177894,31,111.45299884471468,-11.729472,174.751358,-18.455863,178.200372
2023-08-02T01:44:11.000Z,2024-03-03T10:52:19.000Z,254961c6ee19110c6534d432f3801c3b,gap,"[-45.899087, -33.778307, -15.005705, -12.731807]",-24.0242,-29.1888,[],[],"['ICCAT', 'ACAP', 'IWC']","['47', '47.A.0', '47.A']",['47'],[],[],[],[],528,546,538.857438,573.021,7d059fc94-4ffd-1177-2d81-59ead266e642,994008713         9V,994008713,,gear,,True,3901.6997631707795,5145.133333333333,0.40946447753196835,104,53.214517627692224,-12.731807,-15.005705,-33.778307,-45.899087
2023-08-02T10:38:05.000Z,2024-03-05T16:24:56.000Z,50656bfb42048d52270858f43bda309c,gap,"[-28.774755, -13.21361, -14.55361, 6.164277]",-3.5519,-21.7393,[],[],"['ICCAT', 'ACAP', 'IWC']","['47', '47.A.0', '47.A']",['47'],[],[],[],[],577,1054,588.420062,1078.4505,af3a28b52-21a0-a63f-1f2d-8bbc00298c43,994008704         9V,994008704,,gear,,True,2666.4272136642485,5189.766666666666,0.2774220128594412,39,54.69229777507466,-13.21361,-14.55361,6.164277,-28.774755
2023-08-02T10:51:32.000Z,2024-08-29T15:24:10.000Z,ea2114611d28a2f484b39aab75f10da4,gap,"[-128.246998, 71.941102, -125.340152, 89.856458]",80.8989,-125.3634,[],[],"['ACAP', 'IWC']",['18'],['18'],[],[],[],[],712,4,15.567289,810.045062,960550b58-84a5-df37-6c0f-4a52d7e2d560,SHERP,985780156,,other,,True,1992.120519165864,9436.533333333333,0.11398879118327597,82,190.3019477198337,89.856458,-128.246998,71.941102,-125.340152
2023-08-03T06:08:16.000Z,2024-12-29T18:15:09.000Z,3124b67cf59c703c5e494be38f620877,gap,"[-36.45941833333333, -4.073546666666667, 107.089, 9.77263]",9.0411,34.2633,[],['8464'],"['ICCAT', 'IWC', 'ACAP']","['41.1.2', '41', '41.1']",['41'],[],[],[],[],108,45,89.51368799999999,51.255055,42962fa68-855b-ed4f-f51e-b5d714604de1,VIGO,574005070,VNM,other,,True,15944.575305581155,12348.1,0.6972232095999114,416,359.0607165850965,-4.073546666666667,-36.45941833333333,9.77263,107.089
2023-08-03T08:31:51.000Z,2024-09-26T18:18:09.000Z,c606dc1dbafdb5a5c6e43ea795476fe8,gap,"[-51.940093, 51.075838, -51.465958, 53.139587]",52.108,-51.6975,[],['8493'],"['ICCAT', 'ACAP', 'NAMMCO', 'NAFO', 'NASCO', 'IWC']","['21.2', '21.2.J', '21']",['21'],[],[],[],[],252,233,282.976125,266.05140600000004,60d299bc9-9128-2d2a-6492-1099e4fcbf46,941217419,941217419,,other,,True,231.7505633392044,10089.766666666666,0.012402198932221756,14,28.229266182651674,53.139587,-51.940093,51.075838,-51.465958
2023-08-03T08:31:52.000Z,2024-02-07T17:21:34.000Z,6bc537e54b371cd7666dbe44fe1821f4,gap,"[148.578882, 6.722825, 168.95243, 9.913135]",8.4493,158.8076,[],['8316'],"['ACAP', 'WCPFC', 'FFA', 'IWC', 'SPC']","['71', '71.6.1']",['71'],[],[],[],[],187,64,450.790594,260.809547,c9a0db163-3f08-3e8a-ea8d-f0b3e9539a24,SLC760-01 86%,991276001,,gear,,True,2268.9517355694334,4520.816666666667,0.270998807663819,37,52.69505628442525,9.913135,148.578882,6.722825,168.95243
2023-08-03T14:02:28.000Z,2025-09-10T15:45:30.000Z,4febc3fee4bf6de2f48ca75c5c376eae,gap,"[-161.401548, -13.059332, -156.747202, -8.655857]",-10.8663,-159.0572,[],['8446'],"['ACAP', 'WCPFC', 'FFA', 'IWC', 'SPC']",['77'],['77'],[],[],[],[],192,134,186.354578,861.5435,3fece2ddf-fa85-89ed-5686-8c8a456b67f2,SLC711-07 52%,991171107,,gear,,True,705.6556909762269,18457.716666666667,0.020643051257145207,115,176.80861769132815,-13.059332,-161.401548,-8.655857,-156.747202
2023-08-03T14:28:48.000Z,2024-06-12T09:54:04.000Z,6a42834cdc646ebe7dc1f73c38276b65,gap,"[-156.765445, -12.847743, 167.410625, -4.105168]",-8.9014,-174.8884,[],[],"['ACAP', 'SPRFMO', 'WCPFC', 'IWC']",['77'],['77'],[],[],[],[],405,398,531.806312,401.934031,5178f91b1-1bc0-77f8-0ad0-1e29e854ed9a,NET FISH 805-02   9V,805666602,,gear,,True,4052.691591535419,7531.416666666667,0.2905533572246063,61,171.64712957719303,-12.847743,-156.765445,-4.105168,167.410625
2023-08-03T14:42:54.000Z,2024-06-12T09:57:16.000Z,4b99e0a501bc88ba73dd2c1f6d3cc44d,gap,"[-156.754297, -12.84401, 167.416363, -4.105828]",-8.8999,-174.8798,[],[],"['ACAP', 'SPRFMO', 'WCPFC', 'IWC']",['77'],['77'],[],[],[],[],405,399,531.50425,402.08906199999996,0ed41c6ce-e791-d676-48bc-819f2e23bb26,NET FISH 805-05   9V,805666605,,gear,,True,4053.1707032760505,7531.233333333334,0.2905947804212666,102,171.64712957719303,-12.84401,-156.754297,-4.105828,167.416363
2023-08-03T14:46:04.000Z,2024-06-12T14:42:06.000Z,45585592df924761dd3e32912a8485f3,gap,"[-156.753907, -12.844152, 167.900673, -4.187473]",-8.9309,-174.6335,[],[],"['ACAP', 'SPRFMO', 'WCPFC', 'IWC']",['77'],['77'],[],[],[],[],405,407,531.50425,421.569656,56e3f05a1-11a9-35a3-978c-6d74edc4842a,NET FISH 805-08   9V,805666608,,gear,,True,3999.0985113894126,7535.933333333333,0.2865392186211444,81,171.64712957719303,-12.844152,-156.753907,-4.187473,167.900673
2023-08-03T14:46:22.000Z,2024-06-12T08:16:55.000Z,d9b01bf378eebdf9c417f91726dea7d0,gap,"[-156.753915, -12.844173, 167.239037, -4.086243]",-8.8942,-174.9697,[],[],"['ACAP', 'SPRFMO', 'WCPFC', 'IWC']",['77'],['77'],[],[],[],[],405,394,531.50425,397.547719,29f34c614-48af-a72c-7b2e-e90e6e85a5b8,NET FISH 805-06   9V,805666606,,gear,,True,4072.713380436086,7529.5,0.2920631248146123,155,171.64712957719303,-12.844173,-156.753915,-4.086243,167.239037
2023-08-03T14:46:29.000Z,2024-06-12T16:31:28.000Z,7a6b2be35b45449984cfd953213991b5,gap,"[-156.753957, -12.844203, 168.021382, -4.317277]",-8.9959,-174.5709,[],[],"['ACAP', 'SPRFMO', 'WCPFC', 'IWC']",['77'],['77'],[],[],[],[],405,414,531.50425,439.093875,3f134ee93-3783-ac3f-8bf4-fc9f7e609e04,NET FISH 805-03   9V,805666603,,gear,,True,3982.229324224131,7537.733333333334,0.2852623887643997,58,171.64712957719303,-12.844203,-156.753957,-4.317277,168.021382
2023-08-03T14:46:56.000Z,2024-06-12T09:57:59.000Z,87894494d620cc00877a616ad9e9a58a,gap,"[-156.7541, -12.844258, 167.417665, -4.105997]",-8.9001,-174.8791,[],[],"['ACAP', 'SPRFMO', 'WCPFC', 'IWC']",['77'],['77'],[],[],[],[],405,399,531.50425,402.08906199999996,c250b1053-3b97-421f-5bf8-38c292e24524,NET FISH 805-04   9V,805666604,,gear,,True,4053.052857726387,7531.183333333333,0.2905882606268195,82,171.64712957719303,-12.844258,-156.7541,-4.105997,167.417665
2023-08-03T14:47:01.000Z,2024-06-12T08:22:25.000Z,bdeca1f70c69afcc17a5ecb846494112,gap,"[-156.7541, -12.844333, 167.248722, -4.087412]",-8.8946,-174.9648,[],[],"['ACAP', 'SPRFMO', 'WCPFC', 'IWC']",['77'],['77'],[],[],[],[],405,394,531.50425,397.65168800000004,a71ed111a-a2b5-4949-518f-b3204eb69166,NET FISH 805-07   9V,805666607,,gear,,True,4071.628871243486,7529.583333333333,0.29198212076914415,67,171.64712957719303,-12.844333,-156.7541,-4.087412,167.248722
2023-08-03T14:47:27.000Z,2024-06-12T08:16:49.000Z,36d18c0b19214438ffac35e241b53f63,gap,"[-156.754197, -12.844308, 167.238738, -4.086247]",-8.8942,-174.9699,[],[],"['ACAP', 'SPRFMO', 'WCPFC', 'IWC']",['77'],['77'],[],[],[],[],405,394,531.50425,397.547719,45f1ae952-2561-928e-980a-ec2bf1d02978,NET FISH 805-01   9V,805666601,,gear,,True,4072.7178336868724,7529.483333333334,0.2920640906553592,56,171.64712957719303,-12.844308,-156.754197,-4.086247,167.238738
2023-08-03T18:30:55.000Z,2024-04-12T09:16:09.000Z,b04d4dff5f85e4e62f1c5d8444bdead0,gap,"[1.423768, -36.357288, 9.866213, -29.149082]",-32.8239,5.4736,[],[],"['ICCAT', 'ACAP', 'IWC', 'CCSBT']","['47', '47.C', '47.C.1']",['47'],[],[],[],[],1369,807,1376.310875,811.808562,fb9ead26a-abfc-63ea-936c-29052af8e4c0,BUOY-02  100%,168803697,,gear,,True,1124.0869354378694,6062.75,0.10011271922236152,66,100.5461295764681,-29.149082,1.423768,-36.357288,9.866213
2023-08-03T22:54:48.000Z,2024-05-19T19:09:10.000Z,a5be2a8d00506e0e2ebcb549fda263aa,gap,"[89.52707, -32.279108, 92.474778, -8.01332]",-20.1523,91.1172,[],[],"['ACAP', 'IOTC', 'IWC', 'SIOFA', 'CCSBT']","['57', '57.3']",['57'],[],[],[],[],1250,618,2351.295,662.457188,7d7918dec-c0fd-3659-eac0-c83ee93879ea,LQYY120-09-92%,12009,,gear,,True,2715.3579367180914,6956.233333333334,0.21077153705047694,67,224.0130287966372,-32.279108,89.52707,-8.01332,92.474778
2023-08-04T05:36:19.000Z,2024-03-06T23:04:52.000Z,a87d8bc2e50a616cda07d28392e9a10b,gap,"[-179.399798, -10.631655, -134.148432, 12.092087]",0.7911,-156.713,[],[],"['ACAP', 'SPRFMO', 'WCPFC', 'IATTC', 'IWC']",['77'],['77'],[],[],[],[],489,1080,494.46984399999997,1153.227375,17af039d2-2fce-aa8f-eb8a-64f0d1562369,BUOY-02           9V,994008577,,gear,,True,5600.19612478229,5177.466666666666,0.5840431610560974,222,143.75080170317463,-10.631655,-134.148432,12.092087,-179.399798
2023-08-04T08:19:53.000Z,2024-09-26T19:41:30.000Z,ee16d999a31d41801deef8db4bccd99b,gap,"[-51.846532, 50.886423, -51.57128, 53.000303]",51.9434,-51.7057,[],['8493'],"['ICCAT', 'ACAP', 'NAMMCO', 'NAFO', 'NASCO', 'IWC']","['21.2', '21.2.J', '21']",['21'],[],[],[],[],257,215,287.599688,244.911438,59c9a07ef-f733-408e-9df5-4a79b5f06225,941217416,941217416,,other,,True,235.80859214488063,10067.35,0.012647464689510566,17,28.229266182651674,53.000303,-51.846532,50.886423,-51.57128
2023-08-04T11:37:18.000Z,2024-04-12T09:20:38.000Z,e3a9ad42c879dc1a36fad3cc50c70397,gap,"[1.5109430000000001, -36.338193, 9.809345, -29.351222]",-32.9132,5.4963,[],[],"['ICCAT', 'ACAP', 'IWC', 'CCSBT']","['47', '47.C', '47.C.1']",['47'],[],[],[],[],1364,811,1371.150625,816.372625,9ecc1a7ef-f299-5907-fcd8-90e68624546f,BUOY-01  100%,168803696,,gear,,True,1096.63254902965,6045.716666666666,0.09794276483453329,57,100.5461295764681,-29.351222,1.5109430000000001,-36.338193,9.809345
2023-08-05T02:07:04.000Z,2024-03-15T15:05:23.000Z,3b3b23ba9ab23c40c78d2ce131c2d876,gap,"[-114.509513, -16.311332, 113.379283, 21.0221]",5.7843,-178.7728,[],[],"['ACAP', 'SPRFMO', 'IWC', 'IATTC']","['87', '87.1', '87.1.4']",['87'],[],[],[],[],1301,83,1310.644875,83.556703,3661ca891-15b1-40f5-de94-3959eda8e63d,FENGHUI7-12      7V9,100900112,,gear,,True,14960.990891009582,5364.966666666666,1.5057481844633516,117,171.1270339274838,-16.311332,-114.509513,21.0221,113.379283
2023-08-05T07:43:33.000Z,2024-09-26T18:19:45.000Z,b05d33d31c97463ad6efe5b0d1839ed9,gap,"[-51.71921, 51.231163, -51.348012, 52.879788]",52.0556,-51.5302,[],['8493'],"['ICCAT', 'ACAP', 'NAMMCO', 'NAFO', 'NASCO', 'IWC']","['21.2', '21.2.J', '21']",['21'],[],[],[],[],260,250,295.84125,284.48659399999997,01e6a664e-e64f-accc-c8a0-ce63a84cb817,941217401,941217401,,other,,True,185.06688592254565,10042.6,0.009950423610244636,25,25.830254388149264,52.879788,-51.71921,51.231163,-51.348012
2023-08-05T12:41:00.000Z,2024-03-12T22:18:56.000Z,697f3adbcfe8d4901a1d6d0206a1b7aa,gap,"[-165.785335, -9.72904, -162.094935, -9.179593]",-9.4591,-163.9387,[],['8446'],"['ACAP', 'WCPFC', 'FFA', 'IWC', 'SPC']",['77'],['77'],[],[],[],[],126,142,488.313125,466.031094,f04faf286-61e9-7907-638f-1f23c1e25d61,,590817088,,gear,,True,409.3617849337221,5289.616666666667,0.04178708870203108,167,172.23637934846005,-9.72904,-165.785335,-9.179593,-162.094935
2023-08-05T17:21:25.000Z,2024-03-19T14:00:18.000Z,e29d6758be411fc89a3c683b1cbb9216,gap,"[-23.74121, 10.82698, -22.488405, 12.832702]",11.8305,-23.1125,[],['8362'],"['ICCAT', 'ACAP', 'NAMMCO', 'IWC', 'SRFC']","['34.3.2', '34', '34.3']",['34'],[],[],[],[],230,464,231.626938,465.359219,7949b1bca-ad4b-85e6-c82c-b9c21539a264,BUOY-10  78%,168802271,,gear,,True,261.3984215305047,5444.633333333333,0.025923482349833736,46,28.68339989502706,12.832702,-23.74121,10.82698,-22.488405
2023-08-05T21:07:36.000Z,2024-10-17T12:54:53.000Z,409ee6bca1860b240e142f71012971ca,gap,"[-130.684268, -34.288983, 122.44906, 33.368898]",-0.7721,175.4668,[],[],"['ACAP', 'SPRFMO', 'WCPFC', 'IWC', 'IATTC']",['81'],['81'],[],[],[],[],1024,148,1026.793688,116.872016,73b191b18-8f70-9ce5-04c1-0170da717061,ABCDE 91%,412153670,CHN,gear,,True,13417.737386820949,10527.783333333333,0.688178922343215,118,255.16895034034766,-34.288983,-130.684268,33.368898,122.44906
2023-08-05T22:03:02.000Z,2024-07-21T22:45:07.000Z,1dcce5caa6a80b9623e0af9776d03cbe,gap,"[-153.60004, 4.777695, 171.780147, 20.043738]",12.9794,-170.3833,[],[],"['ACAP', 'SPRFMO', 'WCPFC', 'IWC']",['77'],['77'],[],[],[],[],515,544,530.3536879999999,1325.221875,40b3880aa-a9cf-e17c-2437-6325eb7f4182,BUOY-03  100%,168802433,,gear,,True,4110.826267579443,8424.7,0.26347153144966806,91,159.00586392316228,4.777695,-153.60004,20.043738,171.780147
2023-08-06T02:12:29.000Z,2026-01-14T09:22:15.000Z,5fec94ad43ab06698028981a02678f69,gap,"[101.6574, -32.059678, 121.671065, 23.982577]",-4.1006,112.0441,[],[],"['ACAP', 'IOTC', 'IWC', 'SIOFA', 'CCSBT']","['57', '57.3']",['57'],[],[],[],[],1221,5,1219.42525,2.31623,6049ab37e-eb89-3d58-f126-f1841ee2bfca,994165739         9V,994165739,,gear,,True,6584.400570050931,21415.15,0.16601760363465792,15,232.52122048964478,-32.059678,101.6574,23.982577,121.671065
2023-08-06T04:41:53.000Z,2024-06-17T15:49:26.000Z,8e94e445c9a2d4476177dc820eefb3e6,gap,"[34.069745, -36.673312, 75.439093, -10.738832]",-25.127,56.9406,[],[],"['ACAP', 'IOTC', 'IWC', 'SIOFA']","['51', '51.7']",['51'],[],[],[],[],493,681,507.797219,692.411375,875b5b26b-ba2e-0784-a5d1-2b50ca3565f6,NETFISH939-03     9V,939777703,,gear,,True,5043.727650070201,7595.116666666667,0.3585718533311738,31,51.42569047913526,-10.738832,75.439093,-36.673312,34.069745
2023-08-06T05:56:10.000Z,2024-02-21T14:58:16.000Z,948a54f0902ecf9cf788f6c1ecee6794,gap,"[-177.257252, 2.531803, -168.076015, 16.246447]",9.4188,-172.5752,[],[],"['ACAP', 'SPRFMO', 'WCPFC', 'IWC']",['77'],['77'],[],[],[],[],705,824,979.31875,1600.60625,85d1d59dd-d902-c888-1f58-cae7590e2619,GE-13             9V,994018373,,gear,,True,1826.1533231552112,4785.033333333334,0.20606834734504142,237,155.83397759860284,2.531803,-168.076015,16.246447,-177.257252
2023-08-06T06:19:24.000Z,2024-01-13T02:58:56.000Z,131450b320ae1a9a5e34a6d4d59ea084,gap,"[35.406398333333335, -19.806398333333334, 56.51771, 25.825905]",3.0614,46.1982,[],['8343'],"['ACAP', 'IOTC', 'SWIOFC', 'IWC']","['51', '51.7']",['51'],[],[],[],[],100,78,102.74946899999999,113.992352,4a7e006a1-1a48-68dd-09b5-1a50d7c46855,PATRIOTSHIP,538009384,MHL,cargo,,True,5562.808924848414,3836.65,0.7828904188018505,312,412.50828066399265,-19.806398333333334,56.51771,25.825905,35.406398333333335
2023-08-06T20:59:00.000Z,2024-06-01T02:54:21.000Z,15a00203836d9b851cab944e531dbfb7,gap,"[86.949845, -32.12132, 88.529688, -29.364132]",-30.7451,87.7285,[],[],"['ACAP', 'IOTC', 'IWC', 'SIOFA', 'CCSBT']","['57', '57.3']",['57'],[],[],[],[],1182,1277,2385.17475,2177.67475,3c8d2a413-33cf-42e9-cba5-27876db5891e,LQYY118-07-77%,11807,,gear,,True,341.7331979423224,7181.916666666667,0.025692468147403332,50,222.59385761608866,-32.12132,88.529688,-29.364132,86.949845
2023-08-07T05:35:45.000Z,2025-08-22T12:57:52.000Z,91413f349f0d75ada2fc1b883c857e0b,gap,"[75.894087, -4.708557, 88.042847, 6.409355]",0.8552,81.9597,[],[],"['ACAP', 'IOTC', 'IWC', 'SIOFA']","['51', '51.4']",['51'],[],[],[],[],407,594,479.975156,608.65525,0d6c487b7-767a-0a55-396d-7bd8bfd2a81f,IMULA 2434CHW NET 9,964172814,,gear,,True,1829.5015876055484,17911.366666666665,0.055152230845626704,16,25.5454917006281,-4.708557,75.894087,6.409355,88.042847
2023-08-07T06:56:25.000Z,2025-04-21T18:07:42.000Z,d88ec653a9494917777a689c91810b9e,gap,"[68.535808, -4.793767, 75.92949, -0.990258]",-2.898,72.2264,[],[],"['ACAP', 'IOTC', 'IWC', 'SIOFA']","['51', '51.4']",['51'],[],[],[],[],410,506,478.2825,576.74775,7c30f1880-06a0-45f0-7250-cd7d79b6772a,IMULA 2434CHW NET 10,964172815,,gear,,True,923.4796909331332,14963.183333333332,0.03332440235907026,19,25.5454917006281,-4.793767,75.92949,-0.990258,68.535808
2023-08-08T07:27:06.000Z,2024-04-17T11:50:06.000Z,6e4f189cb04ae862d90b0719e343cbed,gap,"[-93.793573, -0.991413, 26.33977, 71.029735]",46.4472,-75.2194,[],['8403'],"['ACAP', 'CPPS', 'IATTC', 'IWC']","['87', '87.1', '87.1.4']",['87'],[],[],[],[],247,5,273.28081199999997,11.242827,e98e3294d-dbc2-db83-541f-2a0fd970c386,JOTA JOTA 3,941500692,,other,,True,11157.593501221629,6076.383333333333,0.9914809831250474,50,51.9809255334718,-0.991413,-93.793573,71.029735,26.33977
2023-08-08T07:54:41.000Z,2024-03-24T19:06:51.000Z,07bd4db17e9ff360b7217cbc6eae176e,gap,"[163.503125, -11.969797, 169.379315, -11.364]",-11.6818,166.4444,[],['8314'],"['ACAP', 'WCPFC', 'FFA', 'IWC', 'SPC']",['71'],['71'],[],[],[],[],117,165,328.35484399999996,348.464938,108e7ddd3-35a5-6b64-a012-8f5acd1879e0,HOSM AIS TEST SHIP,987810002,,gear,,True,643.4250924902477,5507.2,0.06308500802662649,16,102.3580582044941,-11.364,169.379315,-11.969797,163.503125
2023-08-09T03:23:32.000Z,2024-01-08T12:09:09.000Z,72155a34d59e274b53584b013fd064bc,gap,"[-32.367365, -28.822628, 1.894552, -13.337597]",-21.9648,-16.1619,[],[],"['ICCAT', 'ACAP', 'IWC', 'CCSBT']","['47', '47.C', '47.C.1']",['47'],[],[],[],[],1318,540,1325.95675,544.779812,56ee28084-41ac-2345-cd8d-78294dea7dc8,CJ-002            9V,994008312,,gear,,True,3929.2301819631048,3656.75,0.5801913089750595,60,95.75193095842532,-28.822628,1.894552,-13.337597,-32.367365
2023-08-09T14:43:33.000Z,2024-06-20T09:17:45.000Z,60cce84d496cff2cddcf692a12a96e1b,gap,"[-57.250365, 35.029257, -56.99658, 35.87782]",35.4536,-57.1241,[],[],"['ICCAT', 'ACAP', 'NAMMCO', 'NAFO', 'IWC']","['21.6.F', '21.6', '21']",['21'],[],[],[],[],806,747,805.765375,746.688188,8ea69ec25-54df-4140-d613-2bb53a6aaca5,F.26)S$!QV\W=\=O-W?`,375,VCT,other,,True,97.11568791989276,7578.566666666667,0.006919286815179949,45,12.648873757361265,35.87782,-56.99658,35.029257,-57.250365
2023-08-09T14:55:45.000Z,2024-04-06T21:24:11.000Z,9b94f7d851095a23850c43438b43b6fd,gap,"[-157.938028, -10.203772, 161.072697, 4.323658]",-3.1383,-178.5729,[],['8446'],"['ACAP', 'WCPFC', 'FFA', 'IWC', 'SPC']",['77'],['77'],[],[],[],[],120,213,657.08625,238.68148399999998,dac8dfe65-5e31-d69b-e454-79a181c43357,HAIXING717-2 72%,591176749,,gear,,True,4817.9839831296595,5790.466666666666,0.4492735008056171,60,175.24165176856675,-10.203772,-157.938028,4.323658,161.072697
2023-08-09T19:09:29.000Z,2024-07-16T05:21:07.000Z,5f13fbf4f2ece1cbcc539c98e15aa2b6,gap,"[173.124778, -21.024523, 179.465612, -15.727843]",-18.4024,176.2464,[],[],"['ACAP', 'SPRFMO', 'WCPFC', 'IWC']",['71'],['71'],[],[],[],[],430,190,457.559469,270.217219,64df08944-4175-62ce-5ec2-9d54974e2f08,GUIYUANGYU60006-4,98532788,,gear,,True,891.1374467373436,8194.183333333332,0.058721620887172955,20,96.30381771212583,-15.727843,173.124778,-21.024523,179.465612
2023-08-10T04:38:25.000Z,2024-11-25T23:25:34.000Z,6a1a3ee7e40092d9aadb97654b6a907a,gap,"[-159.154508, -8.877797, 162.930753, 4.990073]",-2.0552,-178.1931,[],['8446'],"['ACAP', 'WCPFC', 'FFA', 'IWC', 'SPC']",['77'],['77'],[],[],[],[],120,32,650.205062,40.167801,7cf8d1f19-90e5-ec78-a004-2ec98ac76d13,SLC882-01 52%,991288201,,gear,,True,4476.946009734424,11370.783333333333,0.21259374889094912,94,178.3782985306165,-8.877797,-159.154508,4.990073,162.930753
2023-08-10T06:10:04.000Z,2026-06-23T19:40:25.000Z,a9cd15619522e5f2a5a43ff7069226b1,gap,"[109.613895, -21.28812, 136.031183, -7.048658]",-14.5369,123.2466,[],[],"['ACAP', 'SEAFDEC', 'IOTC', 'IWC', 'SIOFA', 'CCSBT']","['57', '57.3']",['57'],[],[],[],[],440,144,462.11078100000003,146.51642199999998,87c16a53e-e275-00f3-7b63-64c6cd826985,994161499         9V,994161499,,gear,,True,3249.6109324008635,25165.5,0.06972440569565252,37,107.18449790798131,-21.28812,109.613895,-7.048658,136.031183
2023-08-10T07:15:31.000Z,2024-06-18T00:48:17.000Z,7b1d90377183dbaed414a39730492070,gap,"[67.140742, -30.594177, 78.292712, -11.614358]",-21.1953,73.0776,[],[],"['ACAP', 'IOTC', 'IWC', 'SIOFA', 'CCSBT']","['51', '51.7']",['51'],[],[],[],[],1245,791,1269.338375,804.0455,6cd93b4ea-afd0-67cd-b20a-128f07b582f4,932555518         9V,932555518,,gear,,True,2402.927086209283,7505.533333333334,0.17286937127364793,69,175.00654679955753,-30.594177,67.140742,-11.614358,78.292712
2023-08-11T03:33:11.000Z,2024-01-27T14:42:22.000Z,000b20177bf7764d0d5093257588c489,gap,"[-47.54825, -33.71561, -42.375027, -31.110097]",-32.4393,-44.9243,[],[],"['ICCAT', 'ACAP', 'IWC']","['41', '41.2.4', '41.2']",['41'],[],[],[],[],680,419,590.748375,437.37028100000003,04a8ddc78-844e-db61-8397-c24a1531255d,994120031         9V,994120031,,gear,,True,565.3568123096309,4067.15,0.07505704416769132,70,28.62027731385298,-31.110097,-42.375027,-33.71561,-47.54825
2023-08-11T05:47:58.000Z,2025-05-26T06:53:14.000Z,fdc953da781ea51898b0ac93d77cb1cd,gap,"[40.09567, -30.648062, 66.975748, -28.354713]",-30.188,53.3806,[],[],"['ACAP', 'IOTC', 'IWC', 'SIOFA', 'CCSBT']","['51', '51.7']",['51'],[],[],[],[],1252,539,1271.077625,657.3765,848dc3636-60b5-4a88-c26a-a0e33c36223e,932555523         9V,932555523,,gear,,True,2607.676314636703,15697.083333333334,0.08970026707499391,39,171.4723857349023,-30.648062,66.975748,-28.354713,40.09567
2023-08-11T06:29:04.000Z,2024-07-18T07:02:13.000Z,9291fe1a26e6ffaa418e2330cdc80159,gap,"[66.960545, -30.682133, 77.809653, -12.166213]",-21.5114,72.7331,[],[],"['ACAP', 'IOTC', 'IWC', 'SIOFA', 'CCSBT']","['51', '51.7']",['51'],[],[],[],[],1251,789,1273.704,802.780125,e2e1a88d0-0867-cb7f-d8f8-33d1a1e4b9aa,932555519         9V,932555519,,gear,,True,2341.6896969272993,8208.55,0.1540358873903511,81,171.4723857349023,-30.682133,66.960545,-12.166213,77.809653
2023-08-11T07:27:30.000Z,2024-07-28T05:23:10.000Z,b2491af727face9e5ee4c145aaa1f2a6,gap,"[66.940382, -30.716307, 69.607743, -12.547323]",-21.6371,68.3586,[],[],"['ACAP', 'IOTC', 'IWC', 'SIOFA', 'CCSBT']","['51', '51.7']",['51'],[],[],[],[],1250,644,1277.401125,659.3478120000001,51a835b1c-c48b-013f-5aed-128a9874e084,932555520         9V,932555520,,gear,,True,2038.7968153924426,8445.916666666666,0.13034253767619608,114,171.4723857349023,-30.716307,66.940382,-12.547323,69.607743
2023-08-11T07:50:27.000Z,2024-04-09T23:25:44.000Z,3d5ea9e2aa504eb762ee9be65837f757,gap,"[158.004757, -9.331923, 165.68834, -6.249373]",-7.808,161.8324,[],['8314'],"['ACAP', 'WCPFC', 'FFA', 'IWC', 'SPC']",['71'],['71'],[],[],[],[],110,123,496.026375,131.402938,ae02811a1-18ad-df37-39b6-ccc7f21601ea,LONGLINE BUOY 06-99%,292706,,gear,,True,913.1439604340698,5823.583333333333,0.08466579178985677,19,100.44152319970783,-9.331923,165.68834,-6.249373,158.004757
2023-08-11T09:06:52.000Z,2026-04-02T03:13:45.000Z,7d06b62aa5cad56628927436adf2f575,gap,"[29.061145, -37.000632, 108.949158, 7.954737]",-18.5996,74.1342,[],[],"['ACAP', 'IOTC', 'IWC', 'CCSBT']","['47', '47.C', '47.C.0']",['47'],[],[],[],[],425,257,453.68481199999997,327.616531,e7b171358-84d5-43f8-d826-eb7c0da5ba84,CC020           10V5,119062605,,gear,,True,9653.267177614083,23154.1,0.22511552114435696,56,142.37282425873863,-37.000632,29.061145,7.954737,108.949158
2023-08-11T21:17:19.000Z,2024-05-09T20:29:04.000Z,c905540a2db3a4e196c93d33061f6008,gap,"[-171.046348, -31.829202, -123.196855, -25.917297]",-31.0986,-147.8454,[],[],"['ACAP', 'SPRFMO', 'IWC', 'IATTC']",['81'],['81'],[],[],[],[],809,633,1008.7884379999999,677.568688,4ae1264a2-2d2c-031f-ffbf-de67bbf0df79,PINGTAIRONG58-03 67%,590760188,,gear,,True,4668.433661044019,6527.183333333333,0.3861930005687643,233,225.43498157642975,-31.829202,-123.196855,-25.917297,-171.046348
2023-08-11T23:22:44.000Z,2024-01-14T23:24:01.000Z,97c763ba6f05583cc299a331df3b2fa4,gap,"[101.17988, -31.184237, 159.192193, 13.594123]",-10.0263,132.21,[],[],"['ACAP', 'IOTC', 'IWC', 'SIOFA', 'CCSBT']","['57', '57.3']",['57'],[],[],[],[],1241,391,1243.288375,742.312375,f52119d81-10b5-9d09-e177-46bdc4ba6bf0,994162705         9V,994162705,,gear,,True,7940.43865712096,3744.016666666667,1.1451588646779416,64,224.50364452140064,-31.184237,101.17988,13.594123,159.192193
2023-08-11T23:30:44.000Z,2024-03-12T04:06:15.000Z,afc43bfc8c7c4c7c7ec702521b3fe127,gap,"[128.474692, -5.271698, 167.667822, 17.846823]",6.6705,148.5309,[],[],"['ACAP', 'SPRFMO', 'WCPFC', 'IWC']",['71'],['71'],[],[],[],[],500,616,533.774875,711.126625,4c9c469ec-c9a0-2fda-2045-29e5207ab578,994230035         9V,994230035,,gear,,True,5009.7222072435625,5116.583333333333,0.5286796702013491,51,126.69839542057427,-5.271698,167.667822,17.846823,128.474692
2023-08-11T23:30:54.000Z,2024-03-20T09:22:36.000Z,f9a390abefa9fead72131c5270e4881e,gap,"[128.970422, -5.271695, 167.667757, 15.311017]",5.3184,148.64,[],[],"['ACAP', 'SPRFMO', 'WCPFC', 'IWC']",['71'],['71'],[],[],[],[],500,507,533.774875,603.68275,f0e29ffda-a583-9e2a-45c3-2ec22a604181,994230039         9V,994230039,,gear,,True,4837.554703147513,5313.85,0.49155895895701474,66,126.69839542057427,-5.271695,167.667757,15.311017,128.970422
2023-08-11T23:34:58.000Z,2024-03-12T13:45:30.000Z,55614500d0e9b0923aa79346a38d0255,gap,"[128.611058, -5.271028, 167.666742, 17.93818]",6.7165,148.6021,[],[],"['ACAP', 'SPRFMO', 'WCPFC', 'IWC']",['71'],['71'],[],[],[],[],500,634,533.774875,728.746562,b436a7df4-4e13-2f14-1772-713992df9599,994230032         9V,994230032,,gear,,True,5001.426842803843,5126.166666666667,0.5268175278651392,36,126.69839542057427,-5.271028,167.666742,17.93818,128.611058
2023-08-11T23:54:06.000Z,2024-03-02T19:55:53.000Z,8065fcc64d81f8bdedd661c0e8646e4d,gap,"[-76.19947333333333, 35.41292833333333, -70.89347, 36.996851666666664]",36.2342,-73.5196,[],[],"['ICCAT', 'NAMMCO', 'NAFO', 'IWC', 'ACAP']","['21.6.C', '21.6', '21']",['21'],[],[],[],[],416,6,430.140312,8.939855999999999,ed97522b8-88e2-7e60-6159-3760a18aeb55,US GOVT VESSEL 67,366988000,USA,other,,True,507.5194907883389,4892.016666666666,0.05601751191994058,73,88.22462867337404,35.41292833333333,-70.89347,36.996851666666664,-76.19947333333333
2023-08-12T00:10:16.000Z,2024-08-30T03:27:34.000Z,28ac2d1168cae6c8ace2054a3f92f412,gap,"[-178.417993, 39.053265, 160.012853, 42.817575]",41.441,170.4864,[],[],"['ACAP', 'PICES', 'WCPFC', 'NPFC', 'IWC', 'NPAFC']",['61'],['61'],[],[],[],[],1088,935,1208.318125,1014.026875,3aafe5888-8299-ecce-3d1b-7ac6527f780a,,66004,REU,fishing,,True,1854.0318319045573,9219.283333333333,0.10858730177439796,35,61.23608284045064,39.053265,160.012853,42.817575,-178.417993
2023-08-12T21:42:35.000Z,2024-04-30T18:17:59.000Z,603a745ecdc822dc42f6a86cd61c4b00,gap,"[159.039008, -12.508837, 159.440885, -12.24433]",-12.3767,159.2398,[],['8314'],"['ACAP', 'WCPFC', 'FFA', 'IWC', 'SPC']",['71'],['71'],[],[],[],[],119,127,121.611453,133.4235,94524fdc5-50c3-23e1-72ab-0f17d68de238,ZS718           13V2,441840504,KOR,gear,,True,52.632905431376734,6284.583333333333,0.004522096989720385,21,71.33758374763725,-12.508837,159.440885,-12.24433,159.039008
2023-08-13T06:06:26.000Z,2024-12-05T15:33:38.000Z,d9f1b0ccdfd2494738db144e6ac365f8,gap,"[-173.454068, -31.605725, 157.375807, -6.414513]",-19.592,170.8133,[],[],"['ACAP', 'SPRFMO', 'WCPFC', 'IWC', 'CCSBT']",['81'],['81'],[],[],[],[],498,66,1033.8295620000001,67.898375,995e50df2-2098-a0f7-f78a-d750bad0f74a,LONGLINE BUOY 12-61%,258212,NOR,gear,,True,4125.632651872516,11529.45,0.19321506393953256,85,201.4151226561487,-31.605725,-173.454068,-6.414513,157.375807
2023-08-13T13:36:39.000Z,2024-06-23T20:17:05.000Z,298983857cbdaf76f6f5614ba365978b,gap,"[167.117033, 3.150598, 170.982593, 11.282017]",7.2204,169.0324,[],['8318'],"['ACAP', 'WCPFC', 'FFA', 'IWC', 'SPC']",['71'],['71'],[],[],[],[],235,109,409.8625,450.680156,28a5de2af-f9c8-6477-d730-11b7e76be81e,SLC783-07100%,991278307,,gear,,True,999.5244340744789,7566.666666666667,0.07132599362097973,188,168.07401368670324,3.150598,167.117033,11.282017,170.982593
2023-08-14T01:59:24.000Z,2024-02-18T20:30:56.000Z,1c4ef1b2d7988a66e8d5ea909a85dd4c,gap,"[-155.648492, -11.226398, 105.836437, 18.893475]",5.8607,156.293,[],['8446'],"['ACAP', 'WCPFC', 'FFA', 'IWC', 'SPC']",['77'],['77'],[],[],[],[],344,11,643.786,12.044864,04a1c5326-6541-0aed-56d9-aaf0c88eb325,,226258176,FRA,gear,,True,11293.355700823606,4530.516666666666,1.345966628788884,29,170.18716219706357,-11.226398,-155.648492,18.893475,105.836437
2023-08-14T15:08:14.000Z,2025-05-03T04:38:45.000Z,11d4a6895a831485bd27c10bfc96ed39,gap,"[-167.784375, -26.855092, 117.860087, 38.594602]",7.3431,157.9062,[],[],"['ACAP', 'SPRFMO', 'WCPFC', 'IWC']",['81'],['81'],[],[],[],[],881,23,894.503812,11.292938,08e7d21bc-c19f-1bde-5b2b-5e995d45eb70,SUIYUANYU--------8V1,412018008,CHN,gear,,True,10605.782682346533,15061.5,0.3802187375298544,150,194.03239165204064,-26.855092,-167.784375,38.594602,117.860087
2023-08-15T01:04:40.000Z,2024-03-18T13:15:17.000Z,e906aa5160b5b4a4bf84ed6373dadf83,gap,"[-23.167263, 10.82663, -22.733613, 13.170533]",11.9987,-22.9495,[],['8362'],"['ICCAT', 'ACAP', 'NAMMCO', 'IWC', 'SRFC']","['34.3.2', '34', '34.3']",['34'],[],[],[],[],195,459,195.43971900000003,459.99768800000004,eb12f7d34-416a-1044-ae70-f0b5b3aedf87,T38011  100%,168805139,,gear,,True,264.86332253071737,5196.166666666667,0.027523126597109752,20,27.102356246611222,13.170533,-23.167263,10.82663,-22.733613
2023-08-15T08:49:31.000Z,2024-04-04T07:08:09.000Z,2cab8735b8c5ab89d027c67f7a51855a,gap,"[38.376157, -34.877895, 55.205833, -33.559423]",-34.5076,46.7247,[],[],"['ACAP', 'IOTC', 'IWC', 'SIOFA', 'CCSBT']","['51', '51.8']",['51'],[],[],[],[],798,1293,780.68325,1347.771875,e9a7ccd6c-c70a-ecd9-526f-112d7d9ba07e,C-10-99%,568006810,,gear,,True,1552.5243150609876,5590.3,0.14995547044838692,40,125.82022841419814,-33.559423,38.376157,-34.877895,55.205833
2023-08-15T08:53:51.000Z,2024-05-07T12:39:09.000Z,b83ab875e87ae7d38ad83f84af874752,gap,"[36.24503, -35.169353, 38.028427, -33.66648]",-34.4212,37.1287,[],[],"['ACAP', 'IOTC', 'IWC', 'SIOFA', 'CCSBT']","['51', '51.8']",['51'],[],[],[],[],635,859,643.440625,875.143812,57de82ad0-0314-cb48-fe2e-aea1e9499f5f,SHENG-004         9V,994103004,,gear,,True,233.8449623879239,6387.75,0.019766925505100747,40,124.10512310683723,-33.66648,36.24503,-35.169353,38.028427
2023-08-15T10:35:03.000Z,2024-03-27T06:46:16.000Z,1296129c05b0bbbe68a28e332fb94dbd,gap,"[88.27278, -10.806272, 92.865925, -10.282362]",-10.5526,90.5674,[],[],"['ACAP', 'SEAFDEC', 'IOTC', 'IWC']","['57', '57.2']",['57'],[],[],[],[],421,925,459.597781,960.45075,ae4d9aed0-0cd7-d44b-e308-ad309fd77a24,994080150         9V,994080150,,gear,,True,505.4726036144515,5396.183333333333,0.05057896561744589,16,41.80266711549925,-10.806272,92.865925,-10.282362,88.27278
2023-08-15T12:42:34.000Z,2024-03-16T12:30:58.000Z,779da687080e05f02497a41cee5109e0,gap,"[39.941645, -34.118917, 59.482112, -31.266607]",-33.0743,49.5542,[],[],"['ACAP', 'IOTC', 'IWC', 'SIOFA', 'CCSBT']","['51', '51.8']",['51'],[],[],[],[],790,1461,788.817,1474.19425,f5e20f99f-f63b-80bc-7d5b-41c2a8cb7a37,08- 99%,928006108,,gear,,True,1852.9034545862,5135.8,0.19480661755723197,97,114.23412798816352,-31.266607,39.941645,-34.118917,59.482112
2023-08-15T12:55:20.000Z,2026-04-14T18:08:04.000Z,d73d4c5a6fea6dd9bf52c1924ad15d01,gap,"[-167.122295, -10.540935, -167.079735, -6.5012229999999995]",-8.5211,-167.1009,[],['8446'],"['ACAP', 'WCPFC', 'FFA', 'IWC', 'SPC']",['77'],['77'],[],[],[],[],144,503,530.220438,867.322938,baf613c68-874b-3308-71bd-d80764a2a66c,HNY723-02 87%,991172302,,gear,,True,449.2205550050382,23357.2,0.01038479333683517,128,164.25769594457796,-10.540935,-167.122295,-6.501223,-167.079735
2023-08-15T22:40:07.000Z,2025-08-28T16:16:13.000Z,f57d37698ad7722497e6a3dba7651d53,gap,"[38.393827, -33.940738, 44.454362, -30.317093]",-32.165,41.4843,[],[],"['ACAP', 'IOTC', 'IWC', 'SIOFA', 'CCSBT']","['51', '51.8']",['51'],[],[],[],[],825,528,808.6558120000001,633.8623120000001,5bbd9db8d-d19a-fa2b-60d6-4078c0fa6887,C-21- 99%,568006821,,gear,,True,698.3730719762825,17849.6,0.021126035965168266,64,125.82022841419814,-33.940738,38.393827,-30.317093,44.454362
2023-08-15T23:03:57.000Z,2025-04-04T16:22:30.000Z,12cdf946eada2eaf4b2d166817c6e1b5,gap,"[-178.14923, -9.528905, -134.596307, 12.755093]",1.737,-156.2458,[],[],"['ACAP', 'SPRFMO', 'WCPFC', 'IATTC', 'IWC']",['77'],['77'],[],[],[],[],452,1024,457.52643800000004,1308.0435,ff3163036-63ef-5558-5de6-cc60bde4fbed,BUOY-30           9V,994062230,,gear,,True,5410.542248360877,14345.3,0.20365270139955824,142,141.320296457436,-9.528905,-134.596307,12.755093,-178.14923
2023-08-16T00:45:48.000Z,2024-05-14T23:18:49.000Z,6681b62142fabeef36d3d1f0ef44efaf,gap,"[-20.16501, 67.740223, -20.154458, 67.814315]",67.7773,-20.1597,[],['5680'],"['ICCAT', 'ACAP', 'ICES', 'NAMMCO', 'NASCO', 'IWC']","['27.5.a', '27.5', '27.5.a.2', '27']",['27'],[],[],[],[],160,165,162.553516,168.453719,c1de5e223-3dbc-680a-2a1b-ce03459d367d,BAUJA 17 JOKULL T 33,992511663,,gear,,True,8.250610058807252,6550.55,0.0006800914478804381,36,65.56679155755909,67.740223,-20.16501,67.814315,-20.154458
2023-08-16T03:47:07.000Z,2024-04-18T19:00:17.000Z,ff6768027862db326c71de0bcb446357,gap,"[157.829992, -36.642725, 162.775555, -26.812785]",-31.7516,160.4343,[],[],"['ACAP', 'WCPFC', 'SPRFMO', 'IWC']",['81'],['81'],[],[],[],[],560,557,604.445875,580.282312,e67ff487b-b2ad-7b1c-87ae-7ee5ef8733fa,994165069         9V,994165069,,gear,,True,1188.4141471113935,5919.216666666666,0.10840831484838839,37,73.27848698960204,-26.812785,162.775555,-36.642725,157.829992
2023-08-16T06:18:32.000Z,2024-04-18T17:52:24.000Z,492b4aea4bb6c9ce3a05adbb12fa9ec9,gap,"[157.647765, -36.635645, 162.715148, -26.89335]",-31.7895,160.3152,[],[],"['ACAP', 'WCPFC', 'SPRFMO', 'IWC']",['81'],['81'],[],[],[],[],561,561,615.0125,583.7133120000001,6ede11e61-19cc-50a7-440e-da7af07fa0a4,994165066         9V,994165066,,gear,,True,1183.9789346897005,5915.55,0.10807067490494773,98,73.27848698960204,-26.89335,162.715148,-36.635645,157.647765
2023-08-16T06:45:18.000Z,2024-05-15T00:13:01.000Z,2fc371ec00a70efb5de6cafc32dcf607,gap,"[161.280427, -36.091083, 162.71689, -26.950318]",-31.5227,162.0339,[],[],"['ACAP', 'WCPFC', 'SPRFMO', 'IWC']",['81'],['81'],[],[],[],[],558,516,619.917062,548.29425,cbc4e4d1b-b354-5fb9-ce53-4f0c5672c975,994165063         9V,994165063,,gear,,True,1025.4468770492529,6545.45,0.08459265869346935,67,73.27848698960204,-26.950318,162.71689,-36.091083,161.280427
2023-08-16T06:48:47.000Z,2024-04-18T04:56:02.000Z,0efaa9fe2ec70aed3c499cdeb34ef5e3,gap,"[157.28383, -35.612328, 162.727913, -27.010008]",-31.3398,160.1305,[],[],"['ACAP', 'WCPFC', 'SPRFMO', 'IWC']",['81'],['81'],[],[],[],[],554,464,615.4519379999999,483.424875,503f9e36a-a83d-2c9c-5ca1-305b41ac6809,994165060         9V,994165060,,gear,,True,1086.8901824526918,5902.116666666667,0.09943445407289986,112,76.38552360893597,-27.010008,162.727913,-35.612328,157.28383
2023-08-16T08:04:05.000Z,2024-04-18T19:49:37.000Z,ec145420bda5b3e01f0289f0b2f6cbbb,gap,"[157.980413, -36.635658, 162.74376, -27.04764]",-31.8638,160.4862,[],[],"['ACAP', 'WCPFC', 'SPRFMO', 'IWC']",['81'],['81'],[],[],[],[],552,554,612.359875,577.770375,b99e536ca-ac81-5213-79b5-4a38779184bc,994165076         9V,994165076,,gear,,True,1156.745155857584,5915.75,0.10558127317242172,110,76.38552360893597,-27.04764,162.74376,-36.635658,157.980413
2023-08-16T09:43:31.000Z,2024-04-18T18:48:09.000Z,12e73020ec7dbe65e2d515b91ac33798,gap,"[157.832047, -36.645585, 162.794892, -27.079753]",-31.8867,160.4426,[],[],"['ACAP', 'WCPFC', 'SPRFMO', 'IWC']",['81'],['81'],[],[],[],[],546,558,612.4809379999999,581.371938,fa2b8ec78-82f2-c008-e753-fed46a5624ea,994165068         9V,994165068,,gear,,True,1161.8649696377813,5913.066666666667,0.10609670589194514,132,76.38552360893597,-27.079753,162.794892,-36.645585,157.832047
2023-08-16T10:53:41.000Z,2024-04-18T17:47:47.000Z,5f4590ba2310a257df1fcee49147ee15,gap,"[157.60906, -36.631073, 162.815593, -27.114587]",-31.8993,160.3472,[],[],"['ACAP', 'WCPFC', 'SPRFMO', 'IWC']",['81'],['81'],[],[],[],[],542,561,611.497125,583.455688,5bb360439-929d-3d17-76a6-d94b33e37228,994165086         9V,994165086,,gear,,True,1166.2888386175011,5910.9,0.10653971361484615,70,76.38552360893597,-27.114587,162.815593,-36.631073,157.60906
2023-08-16T12:53:14.000Z,2024-04-18T15:59:28.000Z,e4227b2498acdf4edc9b869ff2864149,gap,"[157.16001, -36.641997, 162.868803, -27.167252]",-31.9365,160.1618,[],[],"['ACAP', 'WCPFC', 'SPRFMO', 'IWC']",['81'],['81'],[],[],[],[],535,575,609.0289379999999,595.292312,d25479431-18bd-b488-df9d-ae470b7b417e,994161272         9V,994161272,,gear,,True,1182.7345193346487,5907.1,0.10811151840948664,66,76.38552360893597,-27.167252,162.868803,-36.641997,157.16001
2023-08-16T13:37:15.000Z,2024-04-18T16:23:18.000Z,e227458da9a24f32c6b9b67289f938d1,gap,"[157.308503, -36.634248, 162.825725, -27.21647]",-31.9551,160.2088,[],[],"['ACAP', 'WCPFC', 'SPRFMO', 'IWC']",['81'],['81'],[],[],[],[],536,569,602.2065620000001,590.339125,5fab985a6-6a8c-c39a-627a-f729ca0dabbc,BUOY-7  11.5V,168800081,,gear,,True,1168.9255597820102,5906.766666666666,0.10685529738281856,35,76.38552360893597,-27.21647,162.825725,-36.634248,157.308503
2023-08-16T14:41:42.000Z,2024-04-18T16:34:23.000Z,aa34d68c71253b3e4e3fb359ac3ad72d,gap,"[157.384162, -36.6375, 162.817885, -27.252222]",-31.9737,160.2402,[],[],"['ACAP', 'WCPFC', 'SPRFMO', 'IWC']",['81'],['81'],[],[],[],[],536,568,598.939,589.695375,10ccf4a0c-cca4-5519-11ed-af9aa3110555,BUOY-8  12.0V,168800082,,gear,,True,1162.1647285071874,5905.866666666667,0.10625345733514635,54,76.38552360893597,-27.252222,162.817885,-36.6375,157.384162
2023-08-16T15:38:46.000Z,2024-04-18T04:10:37.000Z,e2e6ace82e90de82c64940b91dc55069,gap,"[157.293527, -35.48363, 162.838445, -27.267343]",-31.4053,160.1875,[],[],"['ACAP', 'WCPFC', 'SPRFMO', 'IWC']",['81'],['81'],[],[],[],[],533,451,598.342375,469.573531,13242bbb6-6b97-db17-3384-a3954f96178e,994161326         9V,994161326,,gear,,True,1053.910338679233,5892.516666666666,0.09657436538471299,180,76.38552360893597,-27.267343,162.838445,-35.48363,157.293527
2023-08-16T17:19:50.000Z,2024-05-26T00:41:57.000Z,844bffb63025b8876869254d7b06f9f0,gap,"[-123.34215, 36.79497, -122.114752, 36.863282]",36.8307,-122.7287,[],['8456'],"['ACAP', 'IWC', 'IATTC']",['77'],['77'],[],[],[],[],94,11,109.126711,13.699356,44b55fe24-4260-4048-6c3c-d6bd12edd890,BUONA SERA,367620450,USA,other,,True,109.50575974296748,6799.366666666667,0.00869615993511207,26,17.824198477982115,36.79497,-123.34215,36.863282,-122.114752
2023-08-16T18:13:45.000Z,2024-09-09T13:19:09.000Z,42fda32297d9f6b506ace8a1bc0b9cb0,gap,"[158.278567, -8.739245, 161.536238, -5.46323]",-7.1041,159.9016,[],['8314'],"['ACAP', 'WCPFC', 'FFA', 'IWC', 'SPC']",['71'],['71'],[],[],[],[],118,50,212.852047,52.462457,3e8b03b32-24b9-0af3-edbc-2206f2db5a7a,994161950         8V,994161950,,gear,,True,511.732927438965,9355.083333333334,0.02953620677417624,16,85.43336161749428,-5.46323,158.278567,-8.739245,161.536238
2023-08-17T02:26:31.000Z,2024-02-19T17:56:12.000Z,c965870085e2e372991eafd2443dd5ae,gap,"[-174.385347, -26.56258, 169.135803, -14.08797]",-20.5194,177.0394,[],[],"['ACAP', 'SPRFMO', 'WCPFC', 'IWC']",['81'],['81'],[],[],[],[],453,123,556.861375,173.29798399999999,502f55856-6e20-62eb-dc57-428f6f9f37a1,RONGDAYANG8-4  100%,413098204,CHN,gear,,True,2203.9893912514535,4479.483333333334,0.2656688233874727,21,160.18582386254573,-26.56258,-174.385347,-14.08797,169.135803
2023-08-17T19:47:14.000Z,2024-02-21T00:38:28.000Z,13ad84034fb2ec43c3a29c372c1c7251,gap,"[-40.857087, 0.793813, -40.768083, 1.006353]",0.9001,-40.8126,[],[],"['ICCAT', 'ACAP', 'NAMMCO', 'IWC']","['41', '41.1.1', '41.1']",['41'],[],[],[],[],422,397,493.237031,466.82084399999997,f5ad52210-0097-dcaa-b12d-83197476b935,R PESCA I1,710595678,BRA,other,,True,25.621484325654574,4492.85,0.0030792247184462797,80,32.51847740194757,1.006353,-40.857087,0.793813,-40.768083
2023-08-18T00:49:23.000Z,2024-09-23T14:06:45.000Z,be7246fe7f6763e230a887277c994edf,gap,"[135.089663, 24.42394, 148.912572, 34.3078]",29.5444,141.6632,[],[],"['ACAP', 'PICES', 'WCPFC', 'NPFC', 'IWC', 'NPAFC']",['61'],['61'],[],[],[],[],751,395,749.8224379999999,416.692969,123affa0e-e6d4-3ee5-2d2a-7c86a46fa92d,FA-07             9V,994007027,,gear,,True,1729.5805712016909,9661.283333333333,0.0966640522096122,23,18.888346229907686,34.3078,148.912572,24.42394,135.089663
2023-08-18T01:12:20.000Z,2024-02-21T12:55:40.000Z,30100a13252f0fcdef00e3c9dbbebf6f,gap,"[-177.33805, 2.598097, -168.500808, 16.197032]",9.4251,-172.8321,[],[],"['ACAP', 'SPRFMO', 'WCPFC', 'IWC']",['77'],['77'],[],[],[],[],694,833,1024.310062,1590.454625,5cb6b2304-46c5-a27b-ed8e-3192acccfa8c,GE-0              9V,994018360,,gear,,True,1794.8792153454685,4499.716666666666,0.21538183745800069,97,155.83397759860284,2.598097,-168.500808,16.197032,-177.33805
2023-08-18T04:47:12.000Z,2024-02-21T15:03:56.000Z,1d15d80a50f584795577e0889bb96a61,gap,"[-177.225692, 2.593925, -168.706737, 16.271593]",9.4584,-172.8812,[],[],"['ACAP', 'SPRFMO', 'WCPFC', 'IWC']",['77'],['77'],[],[],[],[],681,821,1047.563,1604.4985,b8213c655-5fae-b677-0c12-70caf3762ec6,GE-2              9V,994018362,,gear,,True,1783.7532510506433,4498.266666666666,0.21411574167628866,236,155.83397759860284,2.593925,-168.706737,16.271593,-177.225692
2023-08-18T06:30:02.000Z,2024-02-21T15:52:57.000Z,a2493ff1e56012daffd033355647cd66,gap,"[-177.136872, 2.577955, -168.809402, 16.344578]",9.4858,-172.8892,[],[],"['ACAP', 'SPRFMO', 'WCPFC', 'IWC']",['77'],['77'],[],[],[],[],675,811,1058.718,1616.85975,6481f2f21-1d77-2f58-ab18-3ef744c7d651,GE-4              9V,994018364,,gear,,True,1781.335079327951,4497.366666666667,0.2138682626094088,35,155.83397759860284,2.577955,-168.809402,16.344578,-177.136872
2023-08-18T06:36:54.000Z,2024-02-01T05:03:59.000Z,e354db55d12f0f64aeee4146903ecb62,gap,"[-22.626202, -6.206987, -21.827517, -5.683722]",-5.9455,-22.2267,[],[],"['ICCAT', 'ACAP', 'IWC']","['41', '41.1.4', '41.1']",['41'],[],[],[],[],926,855,925.453438,854.858062,b000ce4a4-4501-d0b3-1a26-202e2828ffde,994060046         9V,994060046,,gear,,True,105.77310760560772,4006.45,0.014255240692958162,76,44.87670834890467,-6.206987,-22.626202,-5.683722,-21.827517
2023-08-18T09:57:25.000Z,2024-02-21T16:26:57.000Z,2cf4b4cc89a5ed557799b49ed03c85fe,gap,"[-177.074632, 2.666798, -168.89758, 16.394257]",9.5544,-172.9033,[],[],"['ACAP', 'SPRFMO', 'WCPFC', 'IWC']",['77'],['77'],[],[],[],[],679,803,1067.288875,1626.167625,5d6ae593e-e7c0-06d1-b802-946564378778,GE-7              9V,994018367,,gear,,True,1769.1321996374572,4494.483333333334,0.21253943925482743,100,155.83397759860284,2.666798,-168.89758,16.394257,-177.074632
2023-08-18T11:32:23.000Z,2024-02-21T16:25:56.000Z,f2eb6d0da9a5f8c089a002965f10c862,gap,"[-177.07646, 2.68092, -168.773542, 16.392825]",9.5615,-172.841,[],[],"['ACAP', 'SPRFMO', 'WCPFC', 'IWC']",['77'],['77'],[],[],[],[],687,804,1052.82625,1625.3275,f413759c7-7df3-4907-864c-3f8bbf6e3c3c,GE-8              9V,994018368,,gear,,True,1774.6385994016016,4492.883333333333,0.21327689021275079,130,155.83397759860284,2.68092,-168.773542,16.392825,-177.07646
2023-08-18T12:02:12.000Z,2024-02-10T00:48:12.000Z,f5a9fcfc2bc2840f1aa14cc664f2f43a,gap,"[63.20728, -33.040202, 89.377613, -9.809603]",-21.9389,75.2184,[],[],"['ACAP', 'IOTC', 'IWC', 'SIOFA', 'CCSBT']","['57', '57.3']",['57'],[],[],[],[],1194,719,2371.61125,1016.173688,96d38d1bb-b07e-1a7a-848c-e6433b6f6eed,*(09-01  100%,398116591,,gear,,True,3720.8798310064853,4212.766666666666,0.4769109088073083,21,230.35626264311696,-33.040202,89.377613,-9.809603,63.20728
2023-08-18T13:33:54.000Z,2024-02-21T19:12:28.000Z,7da99adefef801d0d6b179af677c60ca,gap,"[-176.954365, 2.694207, -168.658147, 16.37854]",9.5609,-172.7225,[],[],"['ACAP', 'SPRFMO', 'WCPFC', 'IWC']",['77'],['77'],[],[],[],[],694,790,1040.567,1635.59025,8a143bda1-1717-2148-55d0-19eab69b8c52,GE-9              9V,994018369,,gear,,True,1771.6353872435309,4493.633333333333,0.2128804265112255,193,155.83397759860284,2.694207,-168.658147,16.37854,-176.954365
2023-08-18T15:33:16.000Z,2024-02-22T18:31:34.000Z,010a54fb0dbbaa6c36bd9cf824ca6022,gap,"[-176.931785, 2.71809, -168.545313, 16.286572]",9.5274,-172.6549,[],[],"['ACAP', 'SPRFMO', 'WCPFC', 'IWC']",['77'],['77'],[],[],[],[],703,789,1028.021875,1631.184125,58a71e111-13c8-9756-6442-2270f6d4125b,GE-10             9V,994018370,,gear,,True,1765.760179833955,4514.966666666666,0.21117192944338,233,155.83397759860284,2.71809,-168.545313,16.286572,-176.931785
2023-08-18T22:18:05.000Z,2024-06-20T14:48:22.000Z,aacfcca1e513c66a474950aa9cdcc6dd,gap,"[-60.663435, 62.026668, -60.555007, 62.156065]",62.0914,-60.6093,[],['8493'],"['ICCAT', 'ACAP', 'NAMMCO', 'NAFO', 'NASCO', 'IWC']","['21.0', '21.0.B', '21']",['21'],[],[],[],[],183,185,435.450938,437.532094,2d76d342a-a105-ef4c-f3b5-2a986251229b,ONWA33NT 100%,91800269,,gear,,True,15.455418142188078,7360.5,0.001133789576268932,42,61.084734133189116,62.156065,-60.555007,62.026668,-60.663435
2023-08-18T23:10:38.000Z,2024-02-22T16:11:55.000Z,d959821a1d16ebb8a224d7fa149e7d6c,gap,"[-177.161245, 2.7312570000000003, -169.417155, 16.193093]",9.4834,-173.2129,[],[],"['ACAP', 'SPRFMO', 'WCPFC', 'IWC']",['77'],['77'],[],[],[],[],661,814,1123.795125,1604.936875,550f0247f-f342-d941-3d29-4f8766be2247,GE-5              9V,994018365,,gear,,True,1720.0323135752967,4505.016666666666,0.20615753916086213,91,154.57103207776012,2.7312570000000003,-169.417155,16.193093,-177.161245
2023-08-18T23:31:10.000Z,2024-04-25T17:30:17.000Z,e4cf9fdf2aa144e12a314b81cd64f33c,gap,"[-169.109647, -7.417037, 172.071508, -5.836133]",-6.7161,-178.5039,[],[],"['ACAP', 'SPRFMO', 'WCPFC', 'IWC']",['71'],['71'],[],[],[],[],485,280,791.0244379999999,934.603938,c62cfb66b-b42d-fbdb-f57f-d38caf314a0f,RDY18-2311-99%,759182311,,gear,,True,2085.80994425563,6017.983333333334,0.18714695733339753,37,127.01915104373342,-7.417037,172.071508,-5.836133,-169.109647
2023-08-19T00:26:11.000Z,2024-02-23T19:12:05.000Z,a3b64ef659e7abc039b2a33517063107,gap,"[-177.549012, 2.7316599999999998, -169.406953, 16.494452]",9.6369,-173.3946,[],[],"['ACAP', 'SPRFMO', 'WCPFC', 'IWC']",['77'],['77'],[],[],[],[],661,853,1122.692,1593.248875,f7cd3a4c1-1c32-9caf-46e0-ec7127663aeb,994018461         9V,994018461,,gear,,True,1770.4786501000826,4530.75,0.21099861888090163,136,154.57103207776012,2.7316599999999998,-169.406953,16.494452,-177.549012
2023-08-19T00:26:41.000Z,2024-02-22T19:30:21.000Z,71f6a8d2c8f85a14805aabdfe23f7d88,gap,"[-177.081802, 2.731667, -169.406905, 16.29293]",9.5333,-173.1678,[],[],"['ACAP', 'SPRFMO', 'WCPFC', 'IWC']",['77'],['77'],[],[],[],[],661,805,1122.692,1618.495,99714cb28-861b-6044-afe8-950da7964979,994018460         9V,994018460,,gear,,True,1725.891189348657,4507.05,0.20676644140027237,88,154.57103207776012,2.731667,-169.406905,16.29293,-177.081802
2023-08-19T05:32:19.000Z,2025-08-30T03:47:04.000Z,b10ec10a68d751da3787f3bba3800708,gap,"[-177.403395, -7.998047, -176.629763, -6.845127]",-7.4218,-177.0171,[],[],"['ACAP', 'SPRFMO', 'WCPFC', 'IWC']",['71'],['71'],[],[],[],[],412,397,463.328969,418.162438,0aa0764bb-b6cd-c0ec-7ebd-80fca03a5ab6,YUNDA3-1  82%,398705494,,gear,,True,153.98510586027098,17806.233333333334,0.0046694493991862275,41,137.26703428020295,-7.998047,-176.629763,-6.845127,-177.403395
2023-08-19T11:25:51.000Z,2024-11-26T17:29:11.000Z,176e8c404edd547255ad866355a4f09f,gap,"[171.157998, -19.745502, 172.539683, -17.839393]",-18.7937,171.8528,[],['8313'],"['ACAP', 'WCPFC', 'FFA', 'IWC', 'SPC']",['71'],['71'],[],[],[],[],308,104,371.267719,154.148828,2b4a077e1-18cb-309a-5e74-6538fe694711,108100137,108100137,,gear,,True,257.0500825753553,11166.05,0.01243017368858447,86,89.82409406741188,-17.839393,172.539683,-19.745502,171.157998
2023-08-19T20:08:38.000Z,2024-08-31T05:59:08.000Z,5bdcec356296a3c5054119202d3b7111,gap,"[30.104877, -36.932587, 99.448828, -29.610372]",-38.5726,66.4403,[],[],"['ACAP', 'IOTC', 'IWC', 'SIOFA', 'CCSBT']","['51', '51.8']",['51'],[],[],[],[],466,1384,477.317812,1392.32525,a578d187c-c084-326a-c827-c3817b371eaa,994161999         9V,994161999,,gear,,True,6357.832532734987,9057.833333333334,0.379003985274152,22,137.26303309759362,-36.932587,30.104877,-29.610372,99.448828
2023-08-19T23:39:07.000Z,2025-05-30T05:03:52.000Z,aca6e2d3f26e1e130519e8fdb04a593a,gap,"[38.841922, -33.947615, 60.925353, -32.95512]",-33.9455,49.9476,[],[],"['ACAP', 'IOTC', 'IWC', 'SIOFA', 'CCSBT']","['51', '51.8']",['51'],[],[],[],[],858,1384,841.042875,1399.439125,300d3c31c-c636-68b8-3f76-959afce3f9bc,AIS BUOY_12_99%,999111112,,gear,,True,2047.8392601312592,15581.4,0.07096568606746562,34,125.82022841419814,-33.947615,38.841922,-32.95512,60.925353
2023-08-20T06:00:06.000Z,2024-07-08T20:38:26.000Z,754882b1f906d707929afc0edb677103,gap,"[100.116017, -38.677887, 102.572843, -15.15885]",-26.9236,101.4743,[],[],"['ACAP', 'IOTC', 'IWC', 'SIOFA', 'CCSBT']","['57', '57.4']",['57'],[],[],[],[],1420,607,1458.14225,624.134125,575db037d-d774-17b6-5d43-6ad4e28153a0,BUOY-12           9V,994210592,,gear,,True,2626.237616408354,7766.633333333333,0.18258295552397655,30,267.2399665605187,-38.677887,100.116017,-15.15885,102.572843
2023-08-20T06:55:09.000Z,2025-02-19T11:46:17.000Z,971b1cb6cedab6455f3e0efe0c965f59,gap,"[158.994283, -10.844545, 163.693332, -3.530947]",-7.1937,161.3628,[],['8314'],"['ACAP', 'WCPFC', 'FFA', 'IWC', 'SPC']",['71'],['71'],[],[],[],[],96,481,148.039125,489.169375,ff81d378f-fb75-be0a-1476-425f9ea76329,BUOY 8 -03        9V,994104003,,gear,,True,964.2158487519757,13180.85,0.03949934241975777,14,72.64990171741313,-10.844545,158.994283,-3.530947,163.693332
2023-08-20T17:31:54.000Z,2024-01-05T09:40:39.000Z,bd8ea9e4d194f2e580c9424479c0a293,gap,"[5.759065, -25.953728, 39.60547, -19.105977]",-23.441,22.2496,[],[],"['ICCAT', 'ACAP', 'IWC']","['47', '47.A.0', '47.A']",['47'],[],[],[],[],649,404,741.520938,499.093375,7d3703d38-898f-79e7-081f-37b882934279,BUOY-01  100%,168805241,,gear,,True,3548.1709862360085,3304.133333333333,0.5798370920793159,44,56.05737362260871,-19.105977,5.759065,-25.953728,39.60547
2023-08-20T22:59:10.000Z,2024-01-05T05:35:51.000Z,6f295dc6066b45553d543b6ff34fa769,gap,"[5.905488, -26.736902, 39.857993, -19.314005]",-23.9578,22.3995,[],[],"['ICCAT', 'ACAP', 'IWC']","['47', '47.A.0', '47.A']",['47'],[],[],[],[],638,460,738.9453120000001,534.806312,366375a76-6d97-d3b2-1c29-f29a243fd905,BUOY-02  100%,168805242,,gear,,True,3559.78754114929,3294.6,0.5834187766953441,51,56.05737362260871,-19.314005,5.905488,-26.736902,39.857993
2023-08-20T23:43:41.000Z,2024-02-21T08:42:18.000Z,44c16acc2b182d367f12f3fbb5687df6,gap,"[131.926685, 13.656443, 147.308698, 37.600758]",25.829,138.8306,[],[],"['ACAP', 'PICES', 'WCPFC', 'NPFC', 'IWC', 'NPAFC']",['61'],['61'],[],[],[],[],500,687,504.378875,754.3773120000001,9cb108d35-51cd-8cda-26aa-a29bc7cd59d7,JAANZ 37-06       9V,994007156,,gear,,True,3066.803630538942,4424.966666666666,0.37422688348060207,14,13.456237371477066,37.600758,147.308698,13.656443,131.926685
2023-08-21T02:59:09.000Z,2024-01-05T07:05:38.000Z,d2c3260a199be04476372399ff65ea62,gap,"[5.980447, -26.235578, 39.89455, -19.523738]",-23.8055,22.5052,[],[],"['ICCAT', 'ACAP', 'IWC']","['47', '47.A.0', '47.A']",['47'],[],[],[],[],636,432,745.04425,495.850312,667684d35-5895-b6af-ceac-8591dfedd96b,BUOY-03  100%,168805243,,gear,,True,3542.9091318934343,3292.1,0.5810934934513748,79,56.05737362260871,-19.523738,5.980447,-26.235578,39.89455
2023-08-21T03:02:11.000Z,2025-12-27T06:46:16.000Z,307e3f5efb284448d24c787eadd4316e,gap,"[-166.575863, -26.57092, 164.458735, -7.242773]",-17.4271,179.7074,[],[],"['ACAP', 'SPRFMO', 'WCPFC', 'IWC']",['81'],['81'],[],[],[],[],433,410,483.18771899999996,768.5190620000001,30cf76779-9bbc-dc4c-1a5c-9b64afa19eb7,HOSN WANG WEI YI,70717080,,gear,,True,3739.2190262688723,20619.733333333334,0.09791672473188937,24,76.44177308964528,-26.57092,164.458735,-7.242773,-166.575863
2023-08-21T03:23:44.000Z,2024-02-21T13:04:38.000Z,0f6c9ae4e6b0b8399ab4efec7875e1c9,gap,"[132.236882, 13.44539, 147.1169, 37.640222]",25.7298,138.9106,[],[],"['ACAP', 'PICES', 'WCPFC', 'NPFC', 'IWC', 'NPAFC']",['61'],['61'],[],[],[],[],483,651,487.246062,720.708,b107e56bb-b8f2-6966-7f78-82f1d5e6f8ca,JAANZ 37-04       9V,994007154,,gear,,True,3067.2406098404917,4425.666666666667,0.37422100665490454,15,13.456237371477066,37.640222,147.1169,13.44539,132.236882
2023-08-21T05:13:33.000Z,2024-02-21T15:56:39.000Z,9452cc400b362cfc4de1ea8806187cb8,gap,"[132.45637, 13.32941, 147.133145, 37.518562]",25.6053,139.0432,[],[],"['ACAP', 'PICES', 'WCPFC', 'NPFC', 'IWC', 'NPAFC']",['61'],['61'],[],[],[],[],489,629,493.476562,700.3559379999999,89cf8fc38-8a4f-d374-2228-8e77d6341ef4,JAANZ 37-01       9V,994007151,,gear,,True,3057.812614969754,4426.716666666666,0.37298224609187147,14,13.456237371477066,37.518562,147.133145,13.32941,132.45637
2023-08-21T06:13:20.000Z,2024-02-01T08:44:59.000Z,d17c7af8d8b3e97761a84e3c56aec931,gap,"[78.375273, -29.25322, 87.432597, -3.963405]",-16.6572,82.6003,[],[],"['ACAP', 'IOTC', 'IWC', 'SIOFA', 'CCSBT']","['57', '57.3']",['57'],[],[],[],[],1317,682,2144.02125,757.243562,9ec2958ab-b672-7006-fda2-b46cfa7f26e2,888000170 BAT:99%,888000170,,gear,,True,2969.8361952610376,3938.516666666667,0.40715411270239416,36,200.2519844934941,-29.25322,87.432597,-3.963405,78.375273
2023-08-21T10:34:47.000Z,2025-06-15T07:36:56.000Z,efb441e73dd8042f3450875d73209cdf,gap,"[-85.206853, -6.19736, 122.1502, 30.24795]",40.8791,-145.4537,[],[],"['ACAP', 'SPRFMO', 'CPPS', 'IWC', 'IATTC']","['87', '87.1', '87.1.4']",['87'],[],[],[],[],449,1,462.17996899999997,0.0,66f4fa421-1ab7-e3b8-1558-2e9d09b8c8b8,HANYI839,412331169,CHN,fishing,,True,16100.966429919365,15933.033333333333,0.5456479117418847,88,50.61296991263799,-6.19736,-85.206853,30.24795,122.1502
2023-08-21T11:11:27.000Z,2024-01-26T12:49:41.000Z,53cf863084ce13e52cb9dfd10ba1268a,gap,"[67.397853, -8.712042, 76.278202, -7.648278]",-8.2045,71.8321,[],[],"['ACAP', 'IOTC', 'IWC', 'SIOFA']","['51', '51.4']",['51'],[],[],[],[],443,444,454.4365,551.604125,59b6e4ed1-12bc-4952-6345-fd05d850cfef,YJC BUOY-012      9V,994008672,,gear,,True,984.5014457410025,3793.633333333333,0.14012641890531946,15,41.16577708074338,-8.712042,76.278202,-7.648278,67.397853
2023-08-21T14:27:18.000Z,2024-04-20T20:24:24.000Z,0b51bfdeb530385bdffe430d9486212b,gap,"[-0.064205, -3.249127, 1.6274600000000001, -1.4025349999999999]",-2.3261,0.7822,[],[],"['ICCAT', 'ACAP', 'IWC']","['34', '34.4.1', '34.4']",['34'],[],[],[],[],441,661,600.559438,855.2265,f6ca243ab-b3f5-2033-d3e7-612f8461f245,108000150,108000150,,gear,,True,278.3582431921031,5837.95,0.0257455831601091,44,34.562453440427994,-1.4025349999999999,1.6274600000000001,-3.249127,-0.064205
2023-08-21T15:35:03.000Z,2025-11-26T10:11:38.000Z,faacc9f03ecdbab7a9937a7070c53cb1,gap,"[-2.750627, -29.288607, 37.515663, -1.688725]",-16.4389,15.9531,[],[],"['ACAP', 'IOTC', 'IWC', 'SIOFA', 'CCSBT']","['51', '51.8']",['51'],[],[],[],[],502,717,517.713375,685.321125,8d13d2fa9-9dd6-9083-5996-a4a8ead68490,994008887         8V,994008887,,gear,,True,5246.741283953241,19866.6,0.1426018368640115,16,99.17706145315925,-29.288607,37.515663,-1.688725,-2.750627
2023-08-21T18:39:05.000Z,2024-06-03T10:43:11.000Z,1b55f2e2dd7c732e3c6fe1a208fcad4b,gap,"[-13.14595, 1.2533333333333334, 85.05166666666666, 30.574013333333333]",23.4535,40.8741,[],['8364'],"['ICCAT', 'ACAP', 'NAMMCO', 'IWC']","['34', '34.1.2', '34.1']",['34'],[],[],[],[],132,686,152.77275,696.593875,9f3438baf-fff6-e91b-7478-597065797d94,STAR LIMA,257844000,NOR,cargo,,True,10720.106170691248,6880.066666666667,0.8413282226866634,21,119.67286990609931,30.574013333333333,-13.14595,1.2533333333333334,85.05166666666666
2023-08-21T18:39:05.000Z,2024-06-03T10:43:11.000Z,1b55f2e2dd7c732e3c6fe1a208fcad4b,gap,"[-13.14595, 1.2533333333333334, 85.05166666666666, 30.574013333333333]",23.4535,40.8741,[],['8364'],"['ICCAT', 'ACAP', 'NAMMCO', 'IWC']","['34', '34.1.2', '34.1']",['34'],[],[],[],[],132,686,152.77275,696.593875,9f3438baf-fff6-e91b-7478-597065797d94,STAR LIMA,257844000,NOR,cargo,,True,10720.106170691248,6880.066666666667,0.8413282226866634,21,119.67286990609931,30.574013333333333,-13.14595,1.2533333333333334,85.05166666666666
2023-08-21T18:54:53.000Z,2025-11-25T10:18:40.000Z,c641ac06ce0c598e437d19cffb4b735b,gap,"[-2.531747, -29.164152, 37.525197, -1.6728070000000002]",-16.3547,16.0879,[],[],"['ACAP', 'IOTC', 'IWC', 'SIOFA', 'CCSBT']","['51', '51.8']",['51'],[],[],[],[],500,713,517.999938,682.7405,33ac0d101-1293-f084-7dfc-21e92a8a262c,BUOY-011          9V,994008106,,gear,,True,5223.425236004887,19839.383333333335,0.14216288612077946,17,99.17706145315925,-29.164152,37.525197,-1.672807,-2.531747
2023-08-21T20:45:59.000Z,2024-07-22T05:44:04.000Z,6b20f6517a7dce10352be34b5a4fd4e2,gap,"[-149.771773, -2.920427, 172.79982, 19.346962]",8.6646,-167.9346,[],[],"['ACAP', 'SPRFMO', 'IATTC', 'IWC']",['77'],['77'],[],[],[],[],583,646,1015.305062,1295.4765,45bd6d03d-dcb4-bac5-b07c-edb2f4f2d444,GS006017,111112296,,gear,,True,4780.791484116498,8048.966666666666,0.3207145705351688,18,162.12000497406117,-2.920427,-149.771773,19.346962,172.79982
2023-08-21T21:27:57.000Z,2025-11-23T15:44:50.000Z,4473635bfc8ef308d2d605365a710734,gap,"[-2.902448, -29.125202, 37.629762, -1.8844349999999999]",-16.4693,15.9419,[],[],"['ACAP', 'IOTC', 'IWC', 'SIOFA', 'CCSBT']","['51', '51.8']",['51'],[],[],[],[],508,740,527.6095,707.157875,3b2484b61-1ac9-68e3-dd37-a868b962f151,BUOY-009          8V,994008069,,gear,,True,5247.153134967832,19794.266666666666,0.14313417524939423,77,99.17706145315925,-29.125202,37.629762,-1.884435,-2.902448
2023-08-22T00:10:49.000Z,2024-02-01T01:12:52.000Z,513832de13dbd4f1f648450fb7a2ed65,gap,"[37.637242, -29.243782, 63.13506, -6.08775]",-18.0817,51.2319,[],[],"['ACAP', 'IOTC', 'IWC', 'SIOFA', 'CCSBT']","['51', '51.8']",['51'],[],[],[],[],512,765,529.03175,832.49525,6a7747c59-9e56-d672-d89d-136a875ccfe5,994008890         9V,994008890,,gear,,True,3712.9445492448817,3913.0333333333333,0.5123466884732096,66,99.17706145315925,-29.243782,37.637242,-6.08775,63.13506
2023-08-22T08:56:02.000Z,2024-01-30T23:56:14.000Z,d8b37c8fcd7156fc41838e2fe051ad5f,gap,"[-64.179223, 7.166625, -53.944892, 10.954445]",9.0962,-59.035,[],['8461'],"['ICCAT', 'ACAP', 'CRFM', 'NAMMCO', 'IWC']",['31'],['31'],[],[],[],[],144,2,178.942375,10.353744,a39e942ea-a938-c8d2-ad37-bd3143a72452,AMIGO TELLO,775993128,VEN,other,,True,1199.9016532288902,3879.0,0.1670263111984299,14,27.70066356853775,7.166625,-53.944892,10.954445,-64.179223
2023-08-22T15:03:09.000Z,2024-01-14T17:37:50.000Z,61476c29f891e3bbc5e4ea4c5ede5ba9,gap,"[-102.03884166666667, -2.7587333333333333, -80.95063333333333, -2.6090333333333335]",-2.7299,-91.4954,[],[],"['ACAP', 'SPRFMO', 'IATTC', 'IWC']","['87', '87.1', '87.1.4']",['87'],[],[],[],[],1181,46,1201.7415,55.577016,ed2937d81-1362-58e4-32db-a010bd89252d,HC-COB,987357559,,other,,True,2342.3623885278894,3482.5666666666666,0.36317309298058886,58,375.15745767146694,-2.6090333333333335,-102.03884166666667,-2.7587333333333333,-80.95063333333333
2023-08-22T16:48:23.000Z,2024-02-03T00:21:31.000Z,ea129d886429a7dafa9680d17cb917d4,gap,"[76.976525, -19.404783, 88.344592, -8.058093]",-13.7967,82.799,[],[],"['ACAP', 'SEAFDEC', 'IOTC', 'IWC']","['57', '57.2']",['57'],[],[],[],[],996,1412,1036.588625,1420.9325,82b758c75-591a-d8d0-a5df-fae80f660070,994140010         9V,994140010,,gear,,True,1758.8703924415213,3943.55,0.24082718230924874,15,35.061331470154634,-8.058093,88.344592,-19.404783,76.976525
2023-08-22T17:45:44.000Z,2024-01-01T04:40:03.000Z,a647530a7a3d0cd4c53d8802109e7693,gap,"[80.2897, -32.54616, 83.642938, -8.05854]",-20.3103,81.8317,[],[],"['ACAP', 'IOTC', 'IWC', 'SIOFA', 'CCSBT']","['57', '57.3']",['57'],[],[],[],[],803,864,2466.934,872.558312,eac466c05-5d04-57e3-25ae-a06c9cccf2bf,YJ995-85%,995,,gear,,True,2744.7850088019018,3154.9,0.4697661857827078,65,215.83264011964008,-32.54616,83.642938,-8.05854,80.2897
2023-08-22T22:23:37.000Z,2024-01-12T22:11:57.000Z,1d3b7a8a3774329e41b748422a01f833,gap,"[-134.493015, -0.556452, 154.583652, 16.588745]",9.8084,-169.0884,[],[],"['ACAP', 'SPRFMO', 'IATTC', 'IWC']",['77'],['77'],[],[],[],[],1055,854,1085.155125,957.231875,2cb100843-3575-9618-2e01-6f52bda660ca,888298311-99%,888298311,,fishing,,True,7996.496700872794,3431.8,1.2581627127010644,55,134.61730388592002,-0.556452,-134.493015,16.588745,154.583652
2023-08-22T23:00:01.000Z,2024-01-03T00:13:07.000Z,d7297c9a8d93daf4fb3e6ad524620535,gap,"[76.860868, -32.471935, 83.248058, -10.695]",-21.6138,79.8112,[],[],"['ACAP', 'IOTC', 'IWC', 'SIOFA', 'CCSBT']","['57', '57.3']",['57'],[],[],[],[],786,605,2430.948,618.509312,cb61968f3-3486-71f4-4fa1-9fc34033b670,YJ992-85%,992,,gear,,True,2508.3752030839687,3193.2166666666667,0.42415357237210793,110,215.83264011964008,-32.471935,83.248058,-10.695,76.860868
2023-08-23T04:30:30.000Z,2024-05-23T02:38:14.000Z,3cc26f116d0ca3ac9d8930b9e9d56d50,gap,"[84.975713, -31.6539, 92.145307, -7.758412]",-19.7416,88.8326,[],[],"['ACAP', 'IOTC', 'IWC', 'SIOFA', 'CCSBT']","['57', '57.3']",['57'],[],[],[],[],962,663,2493.164,707.1639379999999,ec2bd1103-3e9c-9aad-679f-2f013859d22b,LUQING118006      9V,994010976,,gear,,True,2758.9509653212244,6574.116666666667,0.22660296731260696,84,210.95525172752642,-31.6539,84.975713,-7.758412,92.145307
2023-08-23T09:03:12.000Z,2024-05-30T14:33:49.000Z,cebdb1964352366f480bd6caf6af52cd,gap,"[-52.904607, 51.038887, -52.195517, 53.523502]",52.2817,-52.56,[],['8493'],"['ICCAT', 'ACAP', 'NAMMCO', 'NAFO', 'NASCO', 'IWC']","['21.2', '21.2.J', '21']",['21'],[],[],[],[],235,160,274.376438,189.393641,bf02970c7-7d11-a133-45e7-74df470cda8b,941217575,941217575,,other,,True,280.45259494091755,6749.5,0.022436074773710745,17,27.942462091959417,53.523502,-52.195517,51.038887,-52.904607
2023-08-23T13:14:37.000Z,2024-04-19T11:43:54.000Z,5703d61c45c64de9c5d60c4a4140422c,gap,"[-44.330333, -0.246575, -36.557395, 1.9394930000000001]",0.8484,-40.4428,[],[],"['ICCAT', 'ACAP', 'IWC']","['41', '41.1.2', '41.1']",['41'],[],[],[],[],437,362,415.72425,455.22725,beff693d7-760d-da3b-bb73-e4c86ec8dc35,109060520,109060520,,other,,True,897.7027639083788,5758.483333333334,0.08417506603648581,15,33.28518859565813,-0.246575,-36.557395,1.939493,-44.330333
2023-08-23T15:47:34.000Z,2024-07-06T00:01:43.000Z,7efb37351a9a5a805362b38e35d263a6,gap,"[-64.158968, 7.284557, -56.798253, 10.958442]",9.14,-60.4596,[],['8460'],"['ICCAT', 'ACAP', 'CRFM', 'NAMMCO', 'IWC']",['31'],['31'],[],[],[],[],125,2,133.990125,9.350014999999999,2973161c2-2355-3614-e361-0e1227ea570d,,775993754,VEN,fishing,,True,905.3671875169991,7616.233333333334,0.06418647527325985,20,24.763567908027653,7.284557,-56.798253,10.958442,-64.158968
2023-08-23T17:09:53.000Z,2025-02-02T02:20:57.000Z,7298711c6f24a6244782b919662f4214,gap,"[85.35649, -34.193843, 163.05545, -16.244877]",-31.118,120.7775,[],[],"['ACAP', 'SPRFMO', 'WCPFC', 'IWC', 'CCSBT']",['81'],['81'],[],[],[],[],447,1308,477.88315600000004,1324.55125,ce8012618-88bd-f547-6764-d439d2fae63f,994161944         9V,994161944,,gear,,True,7889.25089376205,12681.183333333332,0.33591933672772123,82,115.3602404420317,-34.193843,163.05545,-16.244877,85.35649
2023-08-23T18:00:11.000Z,2024-02-26T22:51:43.000Z,ccad355f431d1b40f9b9a48a06e4dbdd,gap,"[-142.00966666666667, -17.31581, -128.802907, -11.695035]",-14.5982,-135.4905,[],['8440'],"['ACAP', 'SPC', 'WCPFC', 'IATTC', 'IWC']",['77'],['77'],[],[],[],[],271,758,328.94918800000005,872.05375,864d0059c-cfe3-cdf5-bff9-8e3713c10bc1,ZHOUYUANYU2602,412421058,CHN,fishing,,True,1552.2215117292178,4492.85,0.1865480854532244,16,482.7927750366212,-11.695035,-142.00966666666667,-17.31581,-128.802907
2023-08-23T19:04:16.000Z,2024-05-05T14:25:33.000Z,588b8fc4cd8447984b0d230fb49f9623,gap,"[40.434883, -39.179277, 100.796643, -17.358527]",-31.838,67.166,[],[],"['ACAP', 'IOTC', 'IWC', 'SIOFA', 'CCSBT']","['57', '57.4']",['57'],[],[],[],[],1381,120,1421.512125,110.135188,f601c8e5c-cac6-857b-4143-21d64a1dc9db,BUOY-03  100%,168802825,,gear,,True,6263.9637869793,6139.35,0.550916605728579,18,270.6808342568549,-39.179277,100.796643,-17.358527,40.434883
2023-08-23T22:58:46.000Z,2024-06-17T18:48:43.000Z,2cf26b49c21615720424148fc21b6672,gap,"[34.169448, -36.765187, 76.818748, -10.115033]",-24.9414,57.7898,[],[],"['ACAP', 'IOTC', 'IWC', 'SIOFA']","['51', '51.7']",['51'],[],[],[],[],565,695,577.862562,706.0263120000001,f6c932f81-16ba-e1b1-6e70-835dc0a72ae0,NET FISH 939-11   9V,939777711,,gear,,True,5198.42339823441,7171.816666666667,0.39138257593312137,20,51.2434427578101,-10.115033,76.818748,-36.765187,34.169448
2023-08-23T23:00:12.000Z,2025-02-19T10:49:48.000Z,608df7ba65840d2dae88854edc704f5f,gap,"[63.27635, -2.100127, 77.784848, -0.614742]",-1.3684,70.5284,[],[],"['SEAFDEC', 'IOTC', 'IWC', 'SIOFA', 'ACAP']","['51', '51.4']",['51'],[],[],[],[],527,917,577.588438,925.60725,e1bdcdb83-3065-8f15-8337-e95f19c382ff,IMULA0161PTM B6 89%,964177064,,gear,,True,1621.2089537119546,13091.816666666668,0.06686488412329623,17,18.90749655618976,-2.100127,77.784848,-0.614742,63.27635
2023-08-23T23:28:04.000Z,2024-07-10T15:06:07.000Z,924f81dfd7d50691a1dc9e1972d84779,gap,"[29.808062, -38.765727, 76.834282, -10.153013]",-26.3551,56.2104,[],[],"['ACAP', 'IOTC', 'IWC', 'SIOFA']","['51', '51.7']",['51'],[],[],[],[],568,630,580.58775,651.1798120000001,58f73acf0-0d93-b32d-b1b8-d2eb57efb1d7,NET FISH 939-12   9V,939777712,,gear,,True,5636.177048955147,7719.633333333333,0.39422755092828254,18,51.2434427578101,-10.153013,76.834282,-38.765727,29.808062
2023-08-24T03:26:28.000Z,2024-06-17T21:08:58.000Z,46433db333bdae483c07be710bf71423,gap,"[34.21982, -36.800798, 76.824233, -10.397432]",-25.1047,57.8104,[],[],"['ACAP', 'IOTC', 'IWC', 'SIOFA']","['51', '51.7']",['51'],[],[],[],[],582,700,595.232312,711.5843120000001,e62d30fb6-6faa-eda1-3193-bbfc69fb9861,NET FISH 939-10   9V,939777710,,gear,,True,5175.429979449819,7169.7,0.3897664655721502,14,51.2434427578101,-10.397432,76.824233,-36.800798,34.21982
2023-08-24T04:10:03.000Z,2024-06-17T18:33:19.000Z,debf0202745b855bf6036ad5dac769a1,gap,"[34.381488, -36.750472, 76.822553, -10.448682]",-25.0932,57.8717,[],[],"['ACAP', 'IOTC', 'IWC', 'SIOFA']","['51', '51.7']",['51'],[],[],[],[],585,708,598.451125,720.357938,423544ac1-154f-ef36-9f40-43a0f0d8c1de,NET FISH 939-08   9V,939777708,,gear,,True,5156.067066121199,7166.383333333333,0.3884879390244917,16,51.2434427578101,-10.448682,76.822553,-36.750472,34.381488
2023-08-24T04:23:30.000Z,2024-02-24T21:14:05.000Z,90bad2c462b26a95c1e7011b066fece5,gap,"[167.726832, 3.219192, 168.265492, 3.967542]",3.5934,167.9963,[],['8318'],"['ACAP', 'WCPFC', 'FFA', 'IWC', 'SPC']",['71'],['71'],[],[],[],[],158,125,443.53284399999995,508.60525,0beaf924d-dcd8-b1c1-a27d-57208762e826,SLC792 86%,991279203,,gear,,True,102.45881196598422,4432.833333333333,0.012480354760692683,56,170.8797521606561,3.219192,168.265492,3.967542,167.726832
2023-08-24T05:45:57.000Z,2025-02-19T09:20:02.000Z,6cd6a99785ef7f34869b4dd97d46b7ed,gap,"[63.421003, -2.26143, 77.627283, -0.526765]",-1.4049,70.5215,[],[],"['SEAFDEC', 'IOTC', 'IWC', 'SIOFA', 'ACAP']","['51', '51.4']",['51'],[],[],[],[],519,935,573.844062,943.512,13c3da4d9-9223-60ef-0a61-76f026e7a7e2,IMULA0161PTM B4,964177062,,gear,,True,1590.8748461212888,13083.566666666668,0.06565516257873875,38,18.90749655618976,-2.26143,77.627283,-0.526765,63.421003
2023-08-24T13:22:04.000Z,2024-05-07T19:59:39.000Z,e950c5bdfdc3478697b5533c081e61dd,gap,"[-172.016237, -25.735927, -171.340875, -25.383085]",-25.5599,-171.6791,[],[],"['ACAP', 'SPRFMO', 'WCPFC', 'IWC']",['81'],['81'],[],[],[],[],599,526,643.830188,571.101188,d889fe9c5-50f9-2895-8da3-e49e05d05c29,994018436         9V,994018436,,gear,,True,78.28830309209283,6174.616666666667,0.006846141901210485,21,169.95124941645486,-25.735927,-171.340875,-25.383085,-172.016237
2023-08-24T18:00:51.000Z,2024-04-02T07:02:53.000Z,5edb38773409cc79c7128486b8265dba,gap,"[132.121925, 2.117433, 147.875902, 13.995933]",8.1324,140.1156,[],[],"['ACAP', 'SEAFDEC', 'SPRFMO', 'WCPFC', 'IWC']",['71'],['71'],[],[],[],[],423,712,474.258312,782.696812,e65192567-7a30-26a8-1d79-561617e3e540,994121005         9V,994121005,,gear,,True,2177.423674530793,5317.033333333334,0.22112231640484906,17,45.024574717827626,2.117433,147.875902,13.995933,132.121925
2023-08-24T18:52:25.000Z,2024-05-07T17:28:16.000Z,e3fe5bab68ab7ea71a670cfd343a3c40,gap,"[-172.34994, -25.774842, -171.728355, -25.461655]",-25.6186,-172.0396,[],[],"['ACAP', 'SPRFMO', 'WCPFC', 'IWC']",['81'],['81'],[],[],[],[],578,515,623.311188,560.459562,4399e6c9c-cd01-24b2-cdd0-b046f49a49f0,994018431         9V,994018431,,gear,,True,71.39228031198924,6166.583333333333,0.0062512327142815495,128,169.95124941645486,-25.774842,-171.728355,-25.461655,-172.34994
2023-08-24T20:46:46.000Z,2025-08-09T07:26:43.000Z,93c820627a1cd5b4544f2a42f8ac4bfa,gap,"[70.516477, -33.063763, 71.788495, -30.183487]",-31.6252,71.1426,[],[],"['ACAP', 'IOTC', 'IWC', 'SIOFA', 'CCSBT']","['51', '51.7']",['51'],[],[],[],[],740,1064,1703.843,1368.658375,3dc612c4b-bde4-f76d-5ccf-5df480fd0b5b,LUQING115005      9V,994010945,,gear,,True,342.1600703903505,17170.65,0.010759735821192499,56,202.24566236019646,-33.063763,71.788495,-30.183487,70.516477
2023-08-24T21:22:04.000Z,2024-05-07T18:20:59.000Z,818676b4a34009c01378658fad9a007d,gap,"[-172.460303, -25.751013, -171.882285, -25.425467]",-25.5885,-172.1717,[],[],"['ACAP', 'SPRFMO', 'WCPFC', 'IWC']",['81'],['81'],[],[],[],[],568,507,613.0095620000001,551.919125,1bb222bc9-9e43-d11a-8d4f-475e375a89ff,994018435         9V,994018435,,gear,,True,68.34294126142869,6164.966666666666,0.005985796533468681,200,169.95124941645486,-25.751013,-171.882285,-25.425467,-172.460303
2023-08-24T22:29:25.000Z,2024-05-07T19:09:18.000Z,bc4cc878df71afd7bf226b55e60d288f,gap,"[-172.545633, -25.766658, -172.005355, -25.333563]",-25.5504,-172.276,[],[],"['ACAP', 'SPRFMO', 'WCPFC', 'IWC']",['81'],['81'],[],[],[],[],563,493,607.751875,537.753562,e6fa98ab6-667a-0c4b-4e5b-f98e55ae3eba,994018434         9V,994018434,,gear,,True,72.50483994345913,6164.65,0.006350641416939981,95,164.82630164481333,-25.766658,-172.005355,-25.333563,-172.545633
2023-08-25T00:38:37.000Z,2024-05-07T15:51:30.000Z,41c0da99fa18e959aeec1cda8a1531b3,gap,"[-172.271678, -25.785383, -172.103908, -25.400293]",-25.5929,-172.1877,[],[],"['ACAP', 'SPRFMO', 'WCPFC', 'IWC']",['81'],['81'],[],[],[],[],551,523,596.0885,568.39725,51e4546b7-7fe7-fcc1-dd85-8f7f3b9b80a1,994018433         9V,994018433,,gear,,True,46.006927801318064,6159.2,0.004033276021629102,154,164.82630164481333,-25.785383,-172.271678,-25.400293,-172.103908
2023-08-25T02:23:50.000Z,2024-06-23T23:40:50.000Z,617d63efb329519150ac72f7905fd234,gap,"[-17.395195, -2.816013, 108.057183, 21.288125]",19.4967,41.4784,[],[],"['ICCAT', 'ACAP', 'IWC']","['34', '34.4.1', '34.4']",['34'],[],[],[],[],652,10,655.058938,17.634467,b81974596-6cb0-0686-7166-689a54fa9e58,QYY13011,111111178,,gear,,True,13776.211861112783,7293.283333333334,1.0199191475611507,20,47.104972272839554,-2.816013,-17.395195,21.288125,108.057183
2023-08-25T02:33:23.000Z,2024-05-07T19:55:20.000Z,feb3b13bf88d183bf79c00d18c838f55,gap,"[-172.625825, -25.790805, -172.435397, -25.247828]",-25.5193,-172.5308,[],[],"['ACAP', 'SPRFMO', 'WCPFC', 'IWC']",['81'],['81'],[],[],[],[],541,481,587.695625,526.023688,a28b220a8-872e-b1b1-cb1e-41d8bc0726c2,994018438         9V,994018438,,gear,,True,63.32812590753782,6161.35,0.0055498311950912885,54,164.82630164481333,-25.790805,-172.435397,-25.247828,-172.625825
2023-08-25T03:39:20.000Z,2025-06-21T09:39:48.000Z,2fdb526fb6e36dcbed56dbed5dbfac2a,gap,"[-177.221943, -2.9761800000000003, -140.683442, 8.604157]",2.9631,-158.8584,[],[],"['ACAP', 'SPRFMO', 'IATTC', 'IWC']",['77'],['77'],[],[],[],[],543,863,652.757562,1267.627375,3d5732d9a-a66e-a766-5f10-7ca4545bca92,NET FISH 805-20   9V,805458020,,gear,,True,4250.553328465636,15990.0,0.14353440826494002,49,143.83538325996244,-2.9761800000000003,-140.683442,8.604157,-177.221943
2023-08-25T04:00:52.000Z,2024-05-07T16:47:13.000Z,ecd573fda39ab4c59fe32fc01adef403,gap,"[-172.521802, -25.801608, -172.248272, -25.434943]",-25.6183,-172.3848,[],[],"['ACAP', 'SPRFMO', 'WCPFC', 'IWC']",['81'],['81'],[],[],[],[],537,518,584.84275,562.93525,50bc3102d-d70c-5531-dd5d-b9592ff6bdbe,994018641         9V,994018641,,gear,,True,49.13696370932273,6156.766666666666,0.004309378492391428,182,164.82630164481333,-25.801608,-172.521802,-25.434943,-172.248272
2023-08-25T07:33:01.000Z,2024-01-01T05:45:56.000Z,602bec02217cf6788b81066eecbcce89,gap,"[-36.42494, 8.615588, -26.953022, 18.198848]",13.4515,-31.5941,[],[],"['ICCAT', 'ACAP', 'NAMMCO', 'IWC']","['34', '34.4.2', '34.4']",['34'],[],[],[],[],1179,726,1210.90025,748.100312,225c729ec-c036-1b19-6d7c-c05802aaebdb,FYY-19-99%,91060797,,gear,,True,1477.2225580605557,3094.2,0.2577843612058253,34,30.393516335381992,18.198848,-36.42494,8.615588,-26.953022
2023-08-25T07:59:10.000Z,2026-02-21T23:46:28.000Z,0ddb4d6e87234560ebc0800144121ada,gap,"[-164.558562, -14.7791, 156.446757, 4.894758]",-5.2411,175.6399,[],['8446'],"['ACAP', 'WCPFC', 'FFA', 'IWC', 'SPC']",['77'],['77'],[],[],[],[],227,131,231.112828,299.787719,ebd2fb2da-aa0e-ca54-6792-738d57e89fd8,HNY723-05 90%,991172305,,gear,,True,4822.060297840044,21879.783333333333,0.1190004592287613,148,171.5063073436691,-14.7791,-164.558562,4.894758,156.446757
2023-08-25T09:14:27.000Z,2024-06-12T03:48:32.000Z,1f395364d0bf6b60102cca01e5d77507,gap,"[158.480372, -11.010033, 160.19891, -10.95173]",-10.9821,159.3397,[],['8314'],"['ACAP', 'WCPFC', 'FFA', 'IWC', 'SPC']",['71'],['71'],[],[],[],[],142,56,188.191734,75.46003900000001,27ca902c4-4d6e-ff43-dded-780f498d8035,BDIA            12V1,987738001,,gear,,True,187.70597097095634,7002.566666666667,0.014473709555310257,56,70.51429583906989,-11.010033,158.480372,-10.95173,160.19891
2023-08-25T10:00:54.000Z,2024-03-27T06:24:57.000Z,4888e4c54a428489a190da6a5a3a40fe,gap,"[67.332437, -29.781987, 68.217247, 1.875192]",-13.9538,67.7437,[],[],"['ACAP', 'IOTC', 'IWC', 'SIOFA', 'CCSBT']","['51', '51.7']",['51'],[],[],[],[],1210,622,1222.816375,689.8469379999999,4dd622e8e-ec9e-9154-c73b-bb32a4fcb974,LONGLINE BUOY 0799%,123456007,,gear,,True,3521.378614667864,5156.4,0.3687441510614778,96,172.49650876907467,-29.781987,68.217247,1.875192,67.332437
2023-08-25T11:37:15.000Z,2024-04-08T21:07:08.000Z,e67ef858dd01e6f9e9c2fe39d63fa8d4,gap,"[68.144085, -29.868143, 122.463573, 33.465473]",2.0213,94.7345,[],[],"['ACAP', 'IOTC', 'IWC', 'SIOFA', 'CCSBT']","['51', '51.7']",['51'],[],[],[],[],1216,155,1228.79675,125.53979700000001,c05265a30-0568-7c31-24ca-b9a27b80f250,LONGLINE BUOY 03-99%,123456003,,gear,,True,9065.530390625197,5457.483333333334,0.8969326175409358,71,172.49650876907467,-29.868143,68.144085,33.465473,122.463573
2023-08-25T15:56:01.000Z,2024-03-04T09:26:17.000Z,79364836760b45c9c25cfceb84440f45,gap,"[-165.405693, -13.025708, -157.172863, -4.802913]",-8.937,-161.3358,[],[],"['ACAP', 'SPRFMO', 'WCPFC', 'IWC']",['77'],['77'],[],[],[],[],601,418,972.890438,541.789312,e97a8c1d1-188c-ceab-9d89-73f91ef32611,NETFISH3009-16    9V,981300916,,gear,,True,1285.4537711805158,4601.5,0.1508398368524908,29,169.96534625830432,-4.802913,-165.405693,-13.025708,-157.172863
2023-08-25T16:37:54.000Z,2024-04-08T19:59:51.000Z,98bf62d8599ac34ad3c5765f9cc42435,gap,"[68.004687, -30.125082, 122.444873, 33.54666]",1.9236,94.6783,[],[],"['ACAP', 'IOTC', 'IWC', 'SIOFA', 'CCSBT']","['51', '51.7']",['51'],[],[],[],[],1222,157,1250.033125,127.67979700000001,d8e8c9445-5e7c-bd70-54de-bc086812543c,LONGLINE BUOY 0299%,123456002,,other,,True,9100.650550264512,5451.35,0.9014204152161204,81,178.3115373983318,-30.125082,68.004687,33.54666,122.444873
2023-08-25T19:20:02.000Z,2024-05-13T06:49:26.000Z,1628a02704b9cee4e3d5e4d96e7a5f5f,gap,"[67.850277, -31.21329, 95.08466, -30.23938]",-31.4487,81.3974,[],[],"['ACAP', 'IOTC', 'IWC', 'SIOFA', 'CCSBT']","['51', '51.7']",['51'],[],[],[],[],1224,1762,1255.89725,1819.853375,77c1e775d-d3ca-935f-857c-b2fffcd096dc,LONGLINE BUOY 11-99%,123456011,,gear,,True,2598.896593775107,6275.483333333334,0.22361495087285835,96,175.00654679955753,-30.23938,67.850277,-31.21329,95.08466
2023-08-25T19:21:41.000Z,2025-12-27T20:51:11.000Z,aeff05836d752ae0b2806168e0d1d860,gap,"[152.71004, 13.18612, 154.766077, 14.659980000000001]",13.9252,153.7348,[],[],"['ACAP', 'WCPFC', 'IWC']","['71', '71.6.1']",['71'],[],[],[],[],717,509,863.041062,645.309438,cfa1f5564-46be-6fcb-40e3-b8c805f05bbb,CT4-2999-05       9V,994011285,,gear,,True,275.85615650350934,20521.483333333334,0.007258267156413321,64,79.41165451569128,14.659980000000001,154.766077,13.18612,152.71004
2023-08-25T19:41:07.000Z,2024-05-13T06:46:03.000Z,f1c7ff6c1632d7f7b06ab90901b990c9,gap,"[67.845627, -31.20818, 95.090815, -30.266138]",-31.4602,81.4003,[],[],"['ACAP', 'IOTC', 'IWC', 'SIOFA', 'CCSBT']","['51', '51.7']",['51'],[],[],[],[],1221,1763,1258.995125,1818.90475,ff5db7e38-876e-921f-9fba-dd1e7644ae33,LONGLINE BUOY 12-99%,123456012,,gear,,True,2599.4840168954097,6275.066666666667,0.2236803455576179,107,175.00654679955753,-30.266138,67.845627,-31.20818,95.090815
2023-08-25T23:19:44.000Z,2024-03-18T01:51:37.000Z,c926337912e272e24d0d5f24a863da18,gap,"[-149.122827, 57.887798, -142.245515, 59.342523]",58.661,-145.7558,[],['8463'],"['ACAP', 'IPHC', 'IWC']",['67'],['67'],[],[],[],[],162,74,190.0565,143.783984,f12164e77-758a-4576-7a62-f541f772cbfa,SEYMOUR BUOY 11,941213671,,gear,,True,429.6012824125698,4922.516666666666,0.04712348396558077,25,74.8825379925233,57.887798,-149.122827,59.342523,-142.245515
2023-08-26T02:35:33.000Z,2024-03-18T01:33:26.000Z,341657d1b7ea65da6e3f37ebd6717f13,gap,"[-148.9297, 57.967232, -142.228475, 59.332572]",58.6934,-145.6447,[],['8463'],"['ACAP', 'IPHC', 'IWC']",['67'],['67'],[],[],[],[],171,75,199.813859,142.875391,daec04b1c-c535-a0ec-9d48-87cb19659f3d,SEYMOUR BUOY 16,941215154,,gear,,True,416.11262924688856,4918.95,0.04567699309114884,23,73.6743693282611,57.967232,-148.9297,59.332572,-142.228475
2023-08-26T03:06:19.000Z,2024-01-10T04:30:08.000Z,7eaaf4d1bacf88b6af304c8d350c2f4e,gap,"[-22.927888, -26.302893, 4.801338, -16.27186]",-21.866,-9.5468,[],[],"['ICCAT', 'ACAP', 'IWC', 'CCSBT']","['47', '47.B.1', '47.B']",['47'],[],[],[],[],1003,821,1029.6424379999999,1310.87625,8bacb78b1-1042-c6dc-f0ef-5941fcf59873,102-2             9V,994230522,,gear,,True,3073.3712571796727,3289.383333333333,0.5044981237190662,68,82.84849320505809,-26.302893,4.801338,-16.27186,-22.927888
2023-08-26T04:32:11.000Z,2024-01-10T04:26:31.000Z,831c7ea2f124a597cd041d18d634b4db,gap,"[-22.926827, -26.389407, 4.75194, -16.271542]",-21.9079,-9.5754,[],[],"['ICCAT', 'ACAP', 'IWC', 'CCSBT']","['47', '47.B.1', '47.B']",['47'],[],[],[],[],1010,821,1033.901625,1310.87625,e39f7d07f-f881-5d9f-c653-589fccfe909f,102-1             9V,994230521,,gear,,True,3071.163777732971,3287.9,0.5043632033558499,65,82.84849320505809,-26.389407,4.75194,-16.271542,-22.926827
2023-08-26T04:52:40.000Z,2025-06-11T16:03:47.000Z,d50a1c1a6e938fc9f0fe230daf826e80,gap,"[-178.318188, -11.416513, -160.239682, -4.476437]",-8.0451,-169.3561,[],['8446'],"['ACAP', 'WCPFC', 'FFA', 'IWC', 'SPC']",['77'],['77'],[],[],[],[],136,419,372.27984399999997,524.4788120000001,7936f5095-5e97-4bc0-8ebc-05ec8e802e70,HNY738-01 93%,991173801,,gear,,True,2133.9129641183367,15731.183333333332,0.07324438337175727,20,178.33102954981305,-11.416513,-160.239682,-4.476437,-178.318188
2023-08-26T07:58:29.000Z,2024-03-17T23:32:42.000Z,b4127ac06c959420edbb936dce7a1fd1,gap,"[-149.012968, 57.933933, -141.920322, 59.203877]",58.6177,-145.531,[],['8463'],"['ACAP', 'IPHC', 'IWC']",['67'],['67'],[],[],[],[],168,80,195.747234,129.465836,425ea4be2-26d0-a1d9-ede5-84424aad78a2,SEYMOUR BUOY 17,941214921,,gear,,True,434.58349995577834,4911.566666666667,0.04777626639240486,20,74.8825379925233,57.933933,-149.012968,59.203877,-141.920322
2023-08-26T11:36:51.000Z,2024-02-15T17:43:06.000Z,f86879c43c3ff99ebbea286a88148653,gap,"[64.95306, -32.88861, 89.208487, -10.190953]",-21.9822,76.1055,[],[],"['ACAP', 'IOTC', 'IWC', 'SIOFA', 'CCSBT']","['57', '57.3']",['57'],[],[],[],[],1189,799,2385.97225,878.872,24149113a-ab40-6e73-73dd-e61ca63b56ff,JH267-01  100%,777888123,,gear,,True,3539.603980842307,4158.1,0.459641002139142,25,224.0130287966372,-32.88861,89.208487,-10.190953,64.95306
2023-08-26T11:38:01.000Z,2024-02-05T11:21:58.000Z,fe2c36a5092ff73777b81cc761685cd0,gap,"[63.893925, -32.958943, 89.091542, -7.447255]",-20.6566,75.426,[],[],"['ACAP', 'IOTC', 'IWC', 'SIOFA', 'CCSBT']","['57', '57.3']",['57'],[],[],[],[],1175,819,2397.77775,937.50275,0ac1a5362-2c19-90b8-b54f-563ba97d03ad,*(09-19  100%,398706401,,gear,,True,3845.1783901677736,3911.7166666666667,0.5307721415419528,14,224.0130287966372,-32.958943,89.091542,-7.447255,63.893925
2023-08-26T13:21:10.000Z,2024-03-05T06:41:52.000Z,8c5e7bb08e3ad6d56d32bfe1ce15a0e1,gap,"[73.41539, -32.847858, 89.187802, -26.198667]",-29.757,81.0405,[],[],"['ACAP', 'IOTC', 'IWC', 'SIOFA', 'CCSBT']","['57', '57.3']",['57'],[],[],[],[],1189,1245,2387.474,1253.818,4a614d51e-ecee-214a-5a2b-aeb1f99a69d2,267-010  81%,398703898,,gear,,True,1693.1857855114192,4601.333333333333,0.19869179608839777,28,224.0130287966372,-32.847858,89.187802,-26.198667,73.41539
2023-08-26T15:51:27.000Z,2024-06-17T19:13:55.000Z,ba31ee4965f19582cc344f46b48e8e1f,gap,"[-163.728627, -7.2189119999999996, -154.704797, 0.876578]",-3.181,-159.2344,[],['8441'],"['ACAP', 'WCPFC', 'FFA', 'IWC', 'SPC']",['77'],['77'],[],[],[],[],218,434,1060.316875,587.76075,1d2ee8b0b-bece-ce1d-018d-74b495e75e62,XINSHIJI 77-20    9V,994210450,,gear,,True,1346.2432643350285,7107.366666666667,0.10227602483115743,99,170.39078715499812,-7.2189119999999996,-154.704797,0.876578,-163.728627
2023-08-26T16:05:39.000Z,2024-02-08T11:13:18.000Z,059b87d3103152a4401fdc3f93b22e9d,gap,"[63.15618, -32.229947, 90.345442, -9.676832]",-21.4996,75.693,[],[],"['ACAP', 'IOTC', 'IWC', 'SIOFA', 'CCSBT']","['57', '57.3']",['57'],[],[],[],[],1318,715,2273.9895,1003.241312,ed5551eaa-aaba-f82e-f302-439db3a0fff7,*(09-02  97%,398706468,,gear,,True,3753.833568188801,3979.116666666667,0.5093864151216185,27,225.42258636921235,-32.229947,90.345442,-9.676832,63.15618
2023-08-26T16:41:17.000Z,2024-02-06T10:22:30.000Z,6e27778d7e4b354a3ff030153c62ee1c,gap,"[64.2156, -32.568845, 89.037825, -8.342152]",-20.9001,75.6174,[],[],"['ACAP', 'IOTC', 'IWC', 'SIOFA', 'CCSBT']","['57', '57.3']",['57'],[],[],[],[],1194,802,2399.203,907.539125,6cc072379-9c52-b1a9-434b-480935f5f640,JH269-06  100%,398705779,,gear,,True,3713.364347881496,3929.6833333333334,0.5102335667458887,33,224.0130287966372,-32.568845,89.037825,-8.342152,64.2156
2023-08-26T17:49:32.000Z,2024-02-19T05:23:02.000Z,2cc7ed96d19c3ecc15359a0af4a89f26,gap,"[64.832202, -32.503602, 89.048715, -12.739797]",-23.0805,76.0483,[],[],"['ACAP', 'IOTC', 'IWC', 'SIOFA', 'CCSBT']","['57', '57.3']",['57'],[],[],[],[],1199,729,2397.767,786.2193120000001,8ea04e914-45dc-74d1-4b6f-2e66707ea4e8,JH269-05  100%,398705776,,gear,,True,3301.5140346262733,4235.55,0.4208839382609133,27,224.0130287966372,-32.503602,89.048715,-12.739797,64.832202
2023-08-26T17:53:52.000Z,2024-02-23T16:10:57.000Z,77a0af0c546b297e6518704f87c4932a,gap,"[67.648633, -32.501102, 89.180678, -13.346342]",-23.2891,77.6373,[],[],"['ACAP', 'IOTC', 'IWC', 'SIOFA', 'CCSBT']","['57', '57.3']",['57'],[],[],[],[],1209,829,2385.60025,835.77,d71ab5b31-1a41-02a2-c43d-633b46ff20e1,*(09-07  100%,398706472,,gear,,True,3052.935912744499,4342.283333333334,0.3796282715930639,30,224.0130287966372,-32.501102,89.180678,-13.346342,67.648633
