start,end,id,type,boundingBox,position.lat,position.lon,regions.mpa,regions.eez,regions.rfmo,regions.fao,regions.majorFao,regions.eez12Nm,regions.highSeas,regions.mpaNoTakePartial,regions.mpaNoTake,distances.startDistanceFromShoreKm,distances.endDistanceFromShoreKm,distances.startDistanceFromPortKm,distances.endDistanceFromPortKm,vessel.id,vessel.name,vessel.ssvid,vessel.flag,vessel.type,vessel.nextPort.id,vessel.nextPort.flag,vessel.nextPort.name,vessel.nextPort.portVisitEventId,loitering.totalTimeHours,loitering.totalDistanceKm,loitering.averageSpeedKnots,loitering.averageDistanceFromShoreKm
2012-10-31T23:42:34.000Z,2026-02-16T05:04:32.000Z,67b3702fae49a4ba5a69ba4c25aa2367,loitering,"[-40.1957333333, -22.3444883333, -40.19415, -22.34543]",-22.345,-40.1949,[],['8464'],"['ACAP', 'ICCAT', 'IWC']","['41.2.1', '41.2', '41']",['41'],[],[],[],[],90,91,0.0,0.0,865331d91-1c0d-82d9-6175-9f0786eef67a,PETROBRAS-47,354446000,PAN,gear,,,,,116525.36611111139,3041.626297818578,0.014094328710462456,90.54368589151252
2014-09-23T03:39:27.000Z,2026-09-21T23:34:39.000Z,30835d09498f8e5c09f3fd815b27b64e,loitering,"[-43.1992133333, -25.600505, -43.2061, -25.67197]",-25.6362,-43.2027,[],['8464'],"['ACAP', 'IWC', 'ICCAT']","['41.2.1', '41.2', '41']",['41'],[],[],[],[],275,280,7.847938,0.0,f10f3628a-a32f-a990-2f47-615761302052,CIDADE DE ILHABELA,311048800,BHS,other,,,,,105163.92000000026,813.4301862834703,0.004176500488190391,279.9972138159716
2015-07-02T09:29:37.000Z,2024-06-04T16:59:55.000Z,a9d731bef689b16c020a487ed92898ae,loitering,"[-39.744295, -21.2100766667, -39.74333333333333, -21.206666666666667]",-21.2084,-39.7438,[],['8464'],"['ICCAT', 'IWC', 'ACAP']","['41.2', '41.2.1', '41']",['41'],[],[],[],[],97,97,1.036627,1.036627,e0df12806-69b2-e230-4777-6a450d6a7afa,ESPIRITO SANTO,309275000,BHS,other,,,,,78247.505,2034.4791311939161,0.014039180525651833,96.91669811149639
2015-10-02T00:26:27.000Z,2025-10-24T00:55:27.000Z,80d5a99514f4fc5ce6a6b88c8b8372cf,loitering,"[-42.878585, -25.20295, -42.87855833333333, -25.202988333333334]",-25.203,-42.8786,[],['8464'],"['ACAP', 'ICCAT', 'IWC']","['41.2.1', '41.2', '41']",['41'],[],[],[],[],238,238,0.0,0.0,afaf1afb6-64b2-fa7e-c4e7-93155c249c46,CIDADE D MANGARATIBA,311076500,BHS,other,,,,,88200.48333333353,191.38449911459207,0.0011716416789048925,237.99999999999852
2015-10-02T00:39:47.000Z,2026-08-22T03:47:19.000Z,b97e5f7ec532d2add183e4d9780e1f42,loitering,"[-40.058675, -21.3392833333, -40.05883333333333, -21.339045]",-21.3392,-40.0588,[],['8464'],"['IWC', 'ACAP', 'ICCAT']","['41.2.1', '41.2', '41']",['41'],[],[],[],[],81,81,0.0,0.0,461eed817-7b26-855d-a2ea-39d8a3d2e4bc,CIDADE DE ANCHIETA,308626000,BHS,other,,,,,95451.12555555576,2292.064190431824,0.012965961861398529,81.0118510908047
2015-11-05T07:30:41.000Z,2026-09-21T23:41:46.000Z,ac6e6a0b5bed0e0b8a373a0b6bbc609e,loitering,"[12.110325, -7.5928233333, 12.110336666666667, -7.592856666666667]",-7.5928,12.1103,[],['8478'],"['ACAP', 'ICCAT', 'IWC']","['47.1', '47', '47.1.1']",['47'],[],[],[],[],89,89,1.5656690000000002,1.5656690000000002,9fe2e19cd-d074-c73e-d9fd-1318e1ba0b83,PAZFLOR,636014487,LBR,other,,,,,95368.18472222217,253.79596957994994,0.0014369452544733586,89.00000204417447
2016-02-23T03:06:32.000Z,2024-09-03T11:18:32.000Z,4b1b57778ae41cd4f577243fcd87da18,loitering,"[-40.028565, -22.428315, -40.02879333333333, -22.428306666666668]",-22.4283,-40.0287,[],['8464'],"['IWC', 'ICCAT', 'ACAP']","['41', '41.2', '41.2.1']",['41'],[],[],[],[],110,110,0.0,0.0,46ecf8c13-39c7-1c21-1232-fbdf59ee4fc7,PETROBRAS-XVIII,538003076,MHL,other,,,,,74768.20000000017,312.3169149108363,0.002255472821873577,109.99999999999967
2016-03-29T20:28:29.000Z,2026-09-21T23:59:04.000Z,dd31233a8bd46cccc6953fa7cbef7d7d,loitering,"[173.2989366667, -39.9715383333, 173.29951666666668, -39.97213]",-39.9718,173.2992,[],['8455'],"['FFA', 'ACAP', 'IWC', 'CCSBT-Primary-Area', 'CCSBT', 'WCPFC']",['81'],['81'],[],[],[],[],67,67,110.846477,110.846477,48b7a9ff0-0b1a-8ceb-e9ee-b4f02aee525b,FPSO RAROA,636012580,LBR,other,,,,,91875.50972222234,2688.5084339362893,0.01580049378165102,67.00000169932547
2016-05-23T21:33:33.000Z,2024-10-17T22:30:12.000Z,3a4ea5f283abe5478502f53ea2ae7db4,loitering,"[-40.2395266667, -22.6628916667, -40.23949, -22.662965]",-22.6629,-40.2395,[],['8464'],"['IWC', 'ACAP', 'ICCAT']","['41.2', '41', '41.2.1']",['41'],[],[],[],[],107,107,0.0,0.0,900a81231-1752-29d7-6ab8-7927113d607e,PETROBRAS 48,354894000,PAN,other,,,,,73656.94416666678,277.17791222903134,0.002031907529819149,106.99999781159029
2016-11-11T12:18:28.000Z,2026-05-11T23:58:03.000Z,4b7594aff854e151d7bf4ecea12ee6b5,loitering,"[-39.8589733333, -21.885845, -39.85784666666667, -21.881453333333333]",-21.8836,-39.8584,[],['8464'],"['IWC', 'ICCAT', 'ACAP']","['41', '41.2.1', '41.2']",['41'],[],[],[],[],116,116,0.0,1.111949,967798af2-2768-4221-1639-b5173c6f8034,FPSO FRADE,309864000,BHS,gear,,,,,83243.65972222216,2270.872652673821,0.014729928293451098,116.00189602381123
2016-12-11T10:57:01.000Z,2026-09-21T23:56:40.000Z,bbb9fae7cbc7bcf0300e757356d3881b,loitering,"[11.3915466667, -5.9965516667, 11.355708333333334, -6.069698333333333]",-6.0331,11.3736,[],['8477'],"['IWC', 'ACAP', 'ICCAT']","['47.1', '47.1.1', '47']",['47'],[],[],[],[],91,97,22.194028999999997,14.112597,6d2fecc04-41ac-1267-c944-9a6c4ec40519,ARMADA OLOMBENDO,538001311,MHL,other,,,,,85716.9941666666,7806.614610478655,0.04917618392787754,96.9996829310488
2017-04-11T14:14:59.000Z,2026-09-21T23:52:56.000Z,bf150f261e2f56ca4e397167817488d0,loitering,"[115.105, 6.3483333333, 115.105, 6.348333333333334]",6.3483,115.105,[],['8483'],"['IWC', 'WCPFC', 'APFIC', 'ACAP', 'SEAFDEC']",['71'],['71'],[],[],[],[],54,54,32.519023000000004,32.519023000000004,db4188eeb-b70f-3d91-57b3-2d1908fb7998,MALIKAI,533130355,MYS,other,,,,,82809.63249999983,434.0503639300104,0.00283020754918146,54.27248775949869
2017-08-07T20:21:48.000Z,2024-01-18T23:58:12.000Z,ab249e81de9a130906ea1114af0aa155,loitering,"[0.1983333333, 58.2866666667, 0.19885333333333333, 58.28812833333333]",58.2874,0.1986,[],['5696'],"['IWC', 'NASCO', 'ICCAT', 'ACAP', 'ICES', 'NEAFC', 'NAMMCO']","['27', '27.4', '27.4.a']",['27'],[],[],[],[],141,141,0.0,0.0,29bfa635e-e3a6-d2c4-1c8d-580d13ac52fd,SCOTT PLATFORM,232763000,GBR,other,,,,,56523.60666666675,1064.3658431476508,0.010167638129722921,140.99999999999963
2017-09-12T12:47:06.000Z,2026-07-09T13:38:39.000Z,858c76c94ea4d0680927a9a3b9f3d466,loitering,"[2.1092316667, 56.7805016667, 2.1433333333333335, 56.85166666666667]",56.8161,2.1263,[],['5696'],"['NASCO', 'ICES', 'NAMMCO', 'ACAP', 'ICCAT', 'NEAFC', 'IWC']","['27.4.b', '27', '27.4']",['27'],[],[],[],[],248,247,9.037796,15.071042,1d92d421a-abd2-5b5f-9471-97157dfce006,FPF1,232011190,GBR,other,,,,,77328.85916666675,485.6678895526138,0.0033912265615960017,247.99999727163234
2017-12-16T09:48:50.000Z,2026-09-21T23:57:51.000Z,327d8573a1822b517fd62d4b72884816,loitering,"[2.8386933333, 60.5574433333, 2.0409383333333335, 60.50598]",60.5317,2.4398,[],['5686'],"['ICCAT', 'ICES', 'NEAFC', 'NAMMCO', 'IWC', 'NASCO', 'ACAP']","['27', '27.4', '27.4.a']",['27'],[],[],[],[],103,147,6.747187,1.6421430000000001,d77fbdca5-54d8-e3d3-daa8-7034815fe11a,ASKEPOTT,257459000,NOR,other,,,,,76838.150277778,653.4627643320066,0.0045920114439310595,123.82572844297624
2018-01-07T11:59:49.000Z,2024-08-30T12:04:53.000Z,f22da61e5047a3b95f79702c937396bb,loitering,"[-40.0888016667, -22.3588633333, -40.088836666666666, -22.358975]",-22.3589,-40.0888,[],['8464'],"['ICCAT', 'ACAP', 'IWC']","['41', '41.2', '41.2.1']",['41'],[],[],[],[],101,101,0.0,0.0,d5af4a1c8-82b0-0ff1-7506-33c1620a3a16,PETROBRAS XX,636008364,LBR,other,,,,,58248.08444444445,7.753384423260934,7.187348234842544e-05,101.00000000000016
2018-03-26T05:27:24.000Z,2026-09-21T22:57:21.000Z,80c7561822fb9be7b7dbbd35d34f070a,loitering,"[-2.8891466667000003, 4.59648, -2.890798333333333, 4.598891666666667]",4.5977,-2.89,[],['8400'],"['NAMMCO', 'ACAP', 'IWC', 'FCWC', 'ICCAT']","['34.3', '34', '34.3.4']",['34'],[],[],[],[],48,48,0.0,0.0,17aeb83bf-f41e-09a6-93ac-e84c0897a7eb,FPSO KWAME NKRUMAH,356055000,PAN,other,,,,,74441.49916666682,113.91570864651017,0.0008262805369683596,48.0
2018-05-09T19:56:42.000Z,2026-09-21T23:37:29.000Z,c175867ac56bb7f36ceb191281445dbd,loitering,"[-40.7470933333, -22.9723033333, -40.725, -22.951666666666668]",-22.962,-40.736,[],['8464'],"['ACAP', 'IWC', 'ICCAT']","['41', '41.2.1', '41.2']",['41'],[],[],[],[],105,104,2.448203,3.2667550000000003,eec06f8d7-7d86-8c27-24ca-10b57803f26a,FPSO MV 29,311000289,BHS,other,,,,,73371.67972222216,648.0930388482608,0.004769445744233459,104.0002314384716
2018-06-24T01:25:15.000Z,2025-11-28T06:38:31.000Z,90f9103fa1e849eb5b9b5dfd697fd8ba,loitering,"[1.9961950000000002, 59.566945, 1.9965183333333334, 59.566631666666666]",59.5668,1.9964,[],['5686'],"['IWC', 'ICES', 'NASCO', 'ACAP', 'NAMMCO', 'ICCAT', 'NEAFC']","['27.4', '27', '27.4.a']",['27'],[],[],[],[],164,164,0.0,0.0,a9602434b-b8bb-782e-dc32-42a977b1f35b,ALVHEIM FPSO,257161000,NOR,other,,,,,65141.221111111285,634.2169133872234,0.005257035889241386,164.00000026383293
2018-07-01T00:17:20.000Z,2026-09-21T23:45:22.000Z,021a81ce35a4254d497e588519dea97e,loitering,"[103.5166666667, 7.075, 103.435, 7.12]",7.0975,103.4758,[],['8483'],"['WCPFC', 'APFIC', 'SEAFDEC', 'ACAP', 'IWC']",['71'],['71'],[],[],[],[],150,151,174.523875,172.398078,640960a1d-d3c2-d192-1872-306a0aa0cebe,FSO MEKAR BERGADING,533130543,MYS,other,,,,,72119.46722222211,2965.6839708412754,0.02220400813584924,151.00072523944294
2018-08-06T13:46:53.000Z,2024-11-04T20:59:43.000Z,32d410196e0584ca2e8f5d3bb1987fb9,loitering,"[-40.02872, -22.4684533333, -40.01976, -22.46325]",-22.4659,-40.0242,[],['8464'],"['ACAP', 'IWC', 'ICCAT']","['41', '41.2', '41.2.1']",['41'],[],[],[],[],112,112,0.0,1.5140429999999998,d44f40d7f-fd30-d9fa-daf0-3698da871792,PETROBRAS 26,351281000,PAN,other,,,,,54775.21388888893,18.615556386084076,0.00018350629065856902,112.00000487514781
2018-09-26T09:58:48.000Z,2026-09-21T23:31:21.000Z,46f56d05d305f3e017c64a0ee3ec8bed,loitering,"[-42.7810666667, -25.49029, -42.78118333333333, -25.49035]",-25.4903,-42.7811,[],['8464'],"['ICCAT', 'IWC', 'ACAP']","['41.2', '41.2.1', '41']",['41'],[],[],[],[],272,272,0.0,0.0,f39eee4cf-f660-c2b0-1dfb-f15ffb0c47d5,CIDADE DE SAQUAREMA,355866000,PAN,other,,,,,70021.54250000014,1086.821856266307,0.008380804456505221,271.99999305400297
2018-11-27T16:31:28.000Z,2026-09-21T23:56:50.000Z,5cef1858f38637cecc629515cd24adfd,loitering,"[-40.5464266667, -22.6728, -40.54638666666666, -22.67284]",-22.6728,-40.5464,[],['8464'],"['ACAP', 'ICCAT', 'IWC']","['41', '41.2.1', '41.2']",['41'],[],[],[],[],87,87,0.0,0.0,32495a049-95e6-83d9-3afc-72d2c1f52141,PLATAFORMA VIII,538001903,MHL,other,,,,,68527.42277777795,11.59345709325264,9.134979515242708e-05,86.99999999999989
2019-01-09T00:12:15.000Z,2026-09-21T23:59:07.000Z,00c174036489612d7d7bdc57ab5a1ba8,loitering,"[2.0333333333, 61.055, 2.2445566666666665, 61.12376833333333]",61.0894,2.1389,[],['5686'],"['ICES', 'NASCO', 'ICCAT', 'NAMMCO', 'IWC', 'NEAFC', 'ACAP']","['27', '27.4.a', '27.4']",['27'],[],[],[],[],138,127,9.685289000000001,3.487225,f9107080e-e2db-ec1f-5be8-fd4f0d0be5d4,ASKELADDEN,257452000,NOR,other,,,,,67511.78111111127,608.0879592402833,0.00486346568387689,133.31987999008197
2019-01-28T02:49:40.000Z,2026-07-24T12:59:14.000Z,c8f38b01795a26278d16d1e505e6604b,loitering,"[-40.5275816667, -22.5734883333, -40.526666666666664, -22.573333333333334]",-22.5734,-40.5271,[],['8464'],"['ACAP', 'ICCAT', 'IWC']","['41', '41.2.1', '41.2']",['41'],[],[],[],[],79,79,0.0,0.0,181460aa4-4037-8613-549e-24d8f6da6f5d,PETROBRAS-09,354819000,PAN,other,,,,,65626.1594444444,733.6965567029926,0.006036684925912669,78.99999999999983
2019-03-03T13:18:37.000Z,2024-09-07T22:30:30.000Z,8b0ac4875ed5d9090e5fd15db285cefe,loitering,"[57.2858783333, 69.2660966667, 57.28588833333333, 69.26591166666667]",69.266,57.2859,[],['5690'],"['NAMMCO', 'ICES', 'IWC', 'ACAP', 'NASCO']","['27.1', '27', '27.1.b']",['27'],[],[],[],[],50,50,59.218074,59.218074,6f0aa6fd6-6e50-bdca-5d5a-1219dba6b071,PRIRAZLOMNAYA,273353030,RUS,other,,,,,48369.19805555555,883.4269460701684,0.009861904043536478,50.00000346675051
2019-04-24T11:59:17.000Z,2024-12-29T07:32:54.000Z,37564572da926b67f821790d607cc990,loitering,"[-3.1371733333, 4.5887733333, -3.1372366666666665, 4.58831]",4.5885,-3.1372,[],['8400'],"['NAMMCO', 'ICCAT', 'IWC', 'FCWC', 'ACAP']","['34.3', '34', '34.3.4']",['34'],[],[],[],[],55,55,0.0,0.0,b3db9e8bf-fa90-8b56-53c8-f8fcec8b2112,PROF.JOHN EVANS A M,311000254,BHS,other,,,,,49819.56027777779,1547.7106980427195,0.016774474052556807,55.00000000000004
2019-04-25T04:01:06.000Z,2026-09-21T23:53:45.000Z,5614530563da0c8369d430e67a64bc86,loitering,"[-43.4663516667, -25.5176883333, -43.465, -25.516666666666666]",-25.5172,-43.4657,[],['8464'],"['IWC', 'ICCAT', 'ACAP']","['41.2', '41', '41.2.1']",['41'],[],[],[],[],250,250,2.995463,2.995463,144c2f487-76a0-69a7-7481-6b62900a066a,FPSO MV27,311000320,BHS,other,,,,,64963.877500000024,2305.471542815818,0.019162265132911194,250.00000146367563
2019-05-18T17:00:44.000Z,2026-09-21T23:41:02.000Z,569e17d36cc6c3f263939f4ebc0944a6,loitering,"[1.9083333332999999, 57.19, 1.9077733333333333, 57.19027833333333]",57.1901,1.9081,[],['5696'],"['ICCAT', 'IWC', 'ICES', 'ACAP', 'NASCO', 'NEAFC', 'NAMMCO']","['27.4', '27', '27.4.b']",['27'],[],[],[],[],224,224,0.0,0.0,69f40684c-c77c-fe76-2016-7a4093238d0b,CULZEAN PLATFORM,232006164,GBR,other,,,,,64398.671666666676,761.8777460721078,0.006388036612346481,223.99999999999974
2019-05-29T08:51:14.000Z,2024-06-25T23:42:07.000Z,6009f071edb6922f5ef157e264f67ff7,loitering,"[106.6309066667, -4.6672, 106.63094333333333, -4.66719]",-4.6672,106.6309,[],['8492'],"['APFIC', 'SEAFDEC', 'IWC', 'ACAP', 'WCPFC']",['71'],['71'],[],[],[],[],80,80,64.212625,64.212625,55213b885-54a6-179c-1c43-055a6e7b2683,AIS CIPALA,525001102,IDN,other,,,,,44510.84805555552,17.25225878984126,0.00020928548692055094,80.00000000000017
2019-08-28T10:04:25.000Z,2025-01-19T11:45:19.000Z,7cd6e906ddae69aaecb4c7d5fd8e153c,loitering,"[-41.885, -24.125, -41.89, -24.125]",-24.125,-41.8875,[],['8464'],"['ICCAT', 'ACAP', 'IWC']","['41.2', '41', '41.2.1']",['41'],[],[],[],[],125,125,62.444086000000006,62.444086000000006,4dc61d2b8-814e-9597-a7ad-f8e37bf6fb4d,PETROJARL 1,311000132,BHS,other,esp-laspalmas,ESP,LAS PALMAS,5025bcc5e8ec39dde6ffce95064f07e8,47305.681666666664,822.7278389377844,0.00939078517369527,124.77428943136451
2019-08-31T06:55:02.000Z,2024-07-28T23:26:09.000Z,7d01b1126abf747725c928ae0cde398d,loitering,"[-57.2725083333, 8.0279466667, -56.99193666666667, 8.010913333333333]",8.0194,-57.1322,[],['8460'],"['NAMMCO', 'ACAP', 'IWC', 'ICCAT', 'CRFM']",['31'],['31'],[],[],[],[],154,175,167.18265599999998,185.574188,1135a7b3d-d23a-4774-df1b-771965bc67fb,LIZA DESTINY,311000248,BHS,other,,,,,43048.51861111113,174.04473971135664,0.0021830400753574714,174.98948636431084
2019-10-30T06:16:08.000Z,2026-09-21T23:59:04.000Z,4cc27df6294154095a5f445977bfd637,loitering,"[123.3149766667, -13.96533, 123.31462166666667, -13.965318333333334]",-13.9653,123.3148,[],['8323'],"['CCSBT', 'IWC', 'IOTC', 'FFA', 'ACAP']","['57.5.1', '57.5', '57']",['57'],[],[],[],[],170,170,10.065572,10.065572,6a6997cf9-97a4-9ee2-0da8-ebba7e449047,ICHTHYS VENTURER,503000059,AUS,other,,,,,60449.71555555557,266.4334637371705,0.0023798716022235683,170.11431988430206
2019-11-28T22:20:00.000Z,2024-07-24T16:12:50.000Z,1a087de2c86894879da14648145d5745,loitering,"[-40.0475366667, -21.2391466667, -40.047555, -21.239121666666666]",-21.2391,-40.0475,[],['8464'],"['ICCAT', 'ACAP', 'IWC']","['41.2.1', '41.2', '41']",['41'],[],[],[],[],74,74,0.0,0.0,bc772011f-f20f-b63c-a971-6b1924c5aa2a,PETROBRAS 57,538003496,MHL,other,,,,,40793.88055555555,308.7937840538039,0.004087262655427418,73.99999752315416
2019-12-24T23:59:55.000Z,2026-07-18T23:59:35.000Z,4a27b2ddf2ccfc1a83f21ce1e8ee5fa5,loitering,"[6.6973066667, 3.05024, 6.697346666666666, 3.0502716666666667]",3.0503,6.6973,[],['8474'],"['IWC', 'ACAP', 'ICCAT', 'FCWC', 'NAMMCO']","['34.3', '34.3.5', '34']",['34'],[],[],[],[],142,142,16.663672,16.663672,2b40dd2be-e34a-549f-e6a3-7fe171528d5a,EGINA FPSO,657161000,NGA,other,,,,,57551.99444444451,583.5370015535179,0.005474784620385823,141.99999999999994
2020-01-26T00:03:41.000Z,2026-09-21T23:58:38.000Z,3da56d3cafac0e94b6f4a15148356951,loitering,"[-40.25952, -22.550133333333335, -40.25941, -22.550093333333333]",-22.5501,-40.2595,[],['8464'],"['ACAP', 'ICCAT', 'IWC']","['41.2.1', '41.2', '41']",['41'],[],[],[],[],97,97,0.0,0.0,dd31fb8e6-648b-e74b-2c5a-fc951d9a205b,PETROBRAS-43,354903000,PAN,other,,,,,58343.915833333456,105.031967835089,0.0009720418110931374,97.00000877173647
2020-01-31T16:31:28.000Z,2025-03-29T09:59:29.000Z,6ebfc9cf877ce4748e2ae3695440e7e3,loitering,"[-42.692395, -25.32865, -42.69224, -25.328708333333335]",-25.3287,-42.6923,[],['8464'],"['IWC', 'ACAP', 'ICCAT']","['41', '41.2.1', '41.2']",['41'],[],[],[],[],255,255,1.005045,1.005045,d2ce168ae-ec7f-a803-280c-855797f52935,PETROBRAS 67,538005509,MHL,other,,,,,45209.46694444446,301.98841866457593,0.0036067822127420768,254.9999940633414
2020-03-01T17:32:44.000Z,2025-07-13T09:59:02.000Z,6cb86f703c1b8c606d6760286c9696a9,loitering,"[1.0756716667, 59.6096233333, 1.07698, 59.607005]",59.6083,1.0763,[],['5696'],"['NAMMCO', 'NEAFC', 'IWC', 'NASCO', 'ACAP', 'ICCAT', 'ICES']","['27', '27.4', '27.4.a']",['27'],[],[],[],[],131,131,2.791996,2.791996,4eadc3923-389f-e58b-7793-0f116744641b,MARINER B,232011493,GBR,other,,,,,47032.438333333404,2053.5287802038024,0.023575576246008107,130.9999999999997
2020-03-06T08:58:59.000Z,2026-04-20T02:58:22.000Z,51d10b9aecb33a76d00c0bcf4704baad,loitering,"[8.078693333333334, 3.8016, 8.075565, 3.8027283333333335]",3.8022,8.0771,[],['8398'],"['IWC', 'NAMMCO', 'ICCAT', 'ACAP']","['34.3.5', '34', '34.3']",['34'],[],[],[],[],56,56,0.0,0.0,12136bf85-569b-d2cb-2f0a-a9bb1159a676,FPSO SERPENTINA,308419000,BHS,other,,,,,53657.98972222216,1233.0094277899245,0.01240769236243848,56.09871559685657
2020-07-03T12:57:40.000Z,2026-09-21T23:57:29.000Z,3084780d64ad1bfce116b53f16589875,loitering,"[6.789626666666667, 65.11016, 6.789523333333333, 65.11012666666667]",65.1101,6.7896,[],['5686'],"['NAMMCO', 'NASCO', 'IWC', 'ICES', 'NEAFC', 'ACAP', 'ICCAT']","['27.2.a.2', '27.2', '27', '27.2.a']",['27'],[],[],[],[],159,159,6.4546790000000005,6.4546790000000005,074384c93-37f8-521e-4499-820ef5fa7f8c,ASGARD B,259058000,NOR,other,,,,,54514.996944444436,173.5784386511548,0.0017192490899050551,158.9999999999995
2020-07-23T15:48:34.000Z,2026-09-21T23:46:21.000Z,49e35b5a2458aa0fb7e098e482c6c4ee,loitering,"[5.9141449999999995, 3.9328583333, 5.869875, 3.93378]",3.9333,5.892,[],['8474'],"['ICCAT', 'FCWC', 'NAMMCO', 'ACAP', 'IWC']","['34.3', '34', '34.3.5']",['34'],[],[],[],[],43,44,45.976086,44.238633,936156e7c-cda7-0469-8059-212ce95b6b80,ABIGAIL JOSEPH,538008638,MHL,other,,,,,54031.96305555546,43.924651854681215,0.00043895156250334694,43.98842285068408
2020-07-25T07:26:42.000Z,2026-09-21T23:59:04.000Z,9189e94630a7048b8367208836c81641,loitering,"[5.56059, 3.4626283333, 5.560695, 3.462735]",3.4627,5.5606,[],['8474'],"['ACAP', 'ICCAT', 'FCWC', 'IWC', 'NAMMCO']","['34', '34.3', '34.3.5']",['34'],[],[],[],[],105,105,2.223899,2.223899,ff691d3ab-bc69-b5e6-1cce-e29711884b4b,AGBAMI FPSO,657210000,NGA,other,,,,,53992.53944444439,608.0571521890148,0.006080925246203697,105.00000808350237
2020-08-27T23:51:49.000Z,2024-10-09T04:57:34.000Z,14ae754c388fa7650b2d2729cef572dd,loitering,"[-90.5183333333, 26.9316666667, -90.51833333333333, 26.93166666666667]",26.9317,-90.5183,[],['8456'],"['IWC', 'NAMMCO', 'ICCAT', 'ACAP']",['31'],['31'],[],[],[],[],235,235,0.0,0.0,6579d0d3a-a8df-0632-82e5-b6b30645e5ef,BIG FOOT,367550980,USA,other,,,,,36077.095833333355,684.5608436418506,0.010245649666797325,234.99999999999994
2020-08-29T18:00:06.000Z,2026-02-04T18:58:59.000Z,52e79053f89182e4bc69f8858afb4fcc,loitering,"[-91.98629333333334, 27.875466666666668, -91.98281166666666, 27.876256666666666]",27.8759,-91.9846,[],['8456'],"['ACAP', 'ICCAT', 'NAMMCO', 'IWC']",['31'],['31'],[],[],[],[],165,165,1.111949,1.4841099999999998,092b33ef5-58eb-29c7-7233-d1179d137b56,ENCHILADA/SHELL RIG,367341450,USA,other,,,,,47640.98138888893,674.736114661998,0.0076473730185163125,165.00001411713163
2020-08-31T22:06:14.000Z,2025-01-23T09:59:26.000Z,5487be1525a6257c535cbc7958d39a19,loitering,"[-90.53577, 27.3215216667, -90.535, 27.32]",27.3208,-90.5354,[],['8456'],"['ICCAT', 'ACAP', 'IWC', 'NAMMCO']",['31'],['31'],[],[],[],[],192,192,0.987919,0.987919,c0be20d83-3fbe-43be-7bf1-324f601ed485,HOLSTEIN,366048300,USA,other,,,,,38531.886666666665,2130.7328789898843,0.029858483813943938,192.00000000000043
2020-09-15T08:01:10.000Z,2025-03-06T09:57:59.000Z,c24777014e94f645441b2c87e554d070,loitering,"[-42.9442716667, -25.1399183333, -42.944185, -25.139905]",-25.1399,-42.9442,[],['8464'],"['ICCAT', 'ACAP', 'IWC']","['41', '41.2', '41.2.1']",['41'],[],[],[],[],231,231,0.0,0.0,e237721a9-90ad-10a1-ded7-dacf614827f1,FPSO C.D ITAGUAI,311000019,BHS,other,,,,,39193.94694444446,613.1475013655696,0.008447048350437815,231.00000000000026
2020-10-08T07:56:46.000Z,2026-09-21T23:06:09.000Z,0b8444f4da740f9f2d50619a7627d63a,loitering,"[11.032853333333334, -6.13896, 11.030291666666667, -6.139188333333333]",-6.1391,11.0316,[],['8477'],"['ACAP', 'IWC', 'ICCAT']","['47', '47.1.1', '47.1']",['47'],[],[],[],[],134,134,0.0,0.0,48a250ddf-fa6d-945d-6e94-8a4a5a0fd890,N'GOMA FPSO,309776000,BHS,other,,,,,52191.1563888889,2248.5251499200267,0.02326268541348306,134.0
2020-12-07T04:17:31.000Z,2026-09-21T23:44:16.000Z,b82f3bbd9b4f820cc6fde95eee30aaef,loitering,"[-92.44346666666667, 27.54568, -92.44334833333333, 27.545695]",27.5457,-92.4434,[],['8456'],"['ACAP', 'IWC', 'ICCAT', 'NAMMCO']",['31'],['31'],[],[],[],[],220,220,0.0,0.0,56b8391ba-aa0b-0e94-f987-b1acc66cab8a,AUGER TLP,367178330,USA,other,,,,,50755.445833333266,1032.9729816261101,0.01098918116188937,220.00000000000065
2020-12-16T12:42:14.000Z,2026-09-21T23:57:10.000Z,a41680655198eb657fbf8ccd95faa016,loitering,"[6.55, 64.99333333333334, 6.549933333333334, 64.99384666666667]",64.9936,6.55,[],['5686'],"['ICCAT', 'NEAFC', 'IWC', 'ICES', 'NAMMCO', 'ACAP', 'NASCO']","['27.2.a', '27.2.a.2', '27', '27.2']",['27'],[],[],[],[],156,156,11.148394,11.148394,2fff5e07f-f2e0-0abe-6d8c-0ee42f96d3ca,KRISTIN,259067000,NOR,other,,,,,50531.24888888892,195.7851411730923,0.0020920820545006513,155.99999999999994
2020-12-20T06:51:07.000Z,2025-05-03T13:40:12.000Z,84fa775f00e781bdf9e07091bccaec57,loitering,"[53.146, 25.49485333333333, 53.146026666666664, 25.494906666666665]",25.4949,53.146,[],['8360'],"['IWC', 'RECOFI', 'IOTC', 'ACAP']","['51.2', '51']",['51'],[],[],[],[],45,45,1.0037129999999999,1.0037129999999999,7012d9e55-5470-f177-f479-3d7608fac4e3,TOTAL ABU AL BUKHOOS,470903000,ARE,other,,,,,38286.818055555574,82.74610639347361,0.0011669636019842622,45.00424605985517
2020-12-28T05:49:39.000Z,2026-04-25T10:01:59.000Z,3821e39bb47894073a7930279ade22fd,loitering,"[-42.7530033333, -25.4478033333, -42.753013333333335, -25.44782]",-25.4478,-42.753,[],['8464'],"['IWC', 'ICCAT', 'ACAP']","['41.2', '41', '41.2.1']",['41'],[],[],[],[],268,268,0.0,0.0,1a9f3bc09-97b1-9ddf-169c-0d8b0a87cdcb,CIDADE DE MARICA,352857000,PAN,other,,,,,46660.205555555556,171.51340394385147,0.001984771139361297,267.99999498977724
2021-01-26T02:07:02.000Z,2025-07-13T10:57:18.000Z,2f0bdd0746e8d0f7cf5834d0decda39a,loitering,"[-1.440515, 58.0993116667, -1.4430633333333334, 58.101455]",58.1004,-1.4418,[],['5696'],"['ACAP', 'NAMMCO', 'NASCO', 'ICES', 'ICCAT', 'IWC', 'NEAFC']","['27.4', '27', '27.4.a']",['27'],[],[],[],[],55,55,27.292146,27.292146,84f737cba-aef2-632a-4661-069fae8aa02b,BLEO HOLM,306239000,BES,other,,,,,39104.83777777775,2351.5845031087506,0.032470510645518764,55.000000000000114
2021-01-28T20:17:01.000Z,2024-08-27T16:59:17.000Z,0c6760af16999fa88788239c5052653e,loitering,"[-42.5143883333, -24.6487433333, -42.51435166666667, -24.64873]",-24.6487,-42.5144,[],['8464'],"['ACAP', 'IWC', 'ICCAT']","['41', '41.2', '41.2.1']",['41'],[],[],[],[],186,186,0.0,0.0,0fe0302a0-0cb9-2d7c-519d-93b0a7ae2fa5,PETROBRAS 74,636018032,LBR,other,,,,,31364.70444444449,164.02256424075267,0.0028237186050619734,185.99999999999994
2021-01-28T22:19:35.000Z,2026-06-26T23:59:57.000Z,406635dc16921aec041ff431b2a20a87,loitering,"[-42.4117116667, -24.6354433333, -42.41178, -24.635391666666667]",-24.6354,-42.4117,[],['8464'],"['ACAP', 'ICCAT', 'IWC']","['41.2', '41.2.1', '41']",['41'],[],[],[],[],185,185,2.307125,2.307125,488a93530-0b3e-64a9-ce36-a458c2d29f6f,PETROBRAS 77,636018174,LBR,other,,,,,47401.672777777785,266.4469236485635,0.0030351213523278162,184.99999055631216
2021-02-03T11:43:46.000Z,2026-09-21T22:48:37.000Z,7566cbb26482f4130d9da6b96cf05ca3,loitering,"[4.6162966667, 4.5574966667, 4.61637, 4.557471666666666]",4.5575,4.6163,[],['8474'],"['FCWC', 'ICCAT', 'IWC', 'ACAP', 'NAMMCO']","['34.3.5', '34', '34.3']",['34'],[],[],[],[],100,100,0.0,0.0,dc7b2ddf6-676e-bd84-e621-3a01633e4260,BONGA FPSO,657126200,NGA,other,,,,,49355.08083333341,264.6516427426439,0.0028953544930294607,100.0000040387262
2021-02-21T01:59:23.000Z,2024-02-22T12:59:26.000Z,692bc0321f3980fa700942a4a2a6a03c,loitering,"[114.08348, -21.404676666666667, 114.08940333333334, -21.399216666666668]",-21.4019,114.0864,[],['8323'],"['IOTC', 'IWC', 'CCSBT', 'ACAP', 'FFA']","['57.5', '57.5.1', '57']",['57'],[],[],[],[],39,38,1.035287,0.0,91bdf4410-04b1-3214-1ebc-9959b08ade0c,NINGALOO VISION,356058000,PAN,other,,,,,26315.00083333333,836.9828509829632,0.017174028898055416,37.997576902426204
2021-02-24T16:11:58.000Z,2025-03-26T08:44:25.000Z,5c2077695138e6901742e5340554a3e2,loitering,"[-42.46827666666667, -24.951123333333335, -42.46759333333333, -24.951143333333334]",-24.9511,-42.4679,[],['8464'],"['ICCAT', 'ACAP', 'IWC']","['41', '41.2.1', '41.2']",['41'],[],[],[],[],219,219,2.441785,2.441785,57daa6645-52e3-46d9-aaee-a49584c4cf13,PETROBRAS 70,636017687,LBR,other,,,,,35776.54083333331,22.08443479901333,0.0003333089377129298,219.00000000000017
2021-03-17T10:37:28.000Z,2025-06-14T22:02:58.000Z,498cc3396e251342fbe24f0268bd3b80,loitering,"[4.59144, 5.387965, 4.591456666666667, 5.387926666666667]",5.3879,4.5914,[],['8474'],"['ICCAT', 'ACAP', 'FCWC', 'NAMMCO', 'IWC']","['34', '34.3.5', '34.3']",['34'],[],[],[],[],65,65,25.848139,25.848139,ffb2ef842-28a7-792d-e740-6548f08cdaa9,TAMARA TOKONI,352916000,PAN,other,,,,,37211.42500000009,65.76739068000373,0.0009543184665246888,64.99999999999983
2021-04-24T19:49:17.000Z,2026-09-21T23:59:05.000Z,175e834e0f1ab20f63db6eb922b49ae1,loitering,"[-41.408483333333336, -23.397705, -41.40847, -23.397691666666667]",-23.3977,-41.4085,[],['8464'],"['ACAP', 'ICCAT', 'IWC']","['41.2', '41', '41.2.1']",['41'],[],[],[],[],74,74,17.7085,17.7085,3e1c55fd0-0597-4e9f-4c50-60c895c7c685,PEREGRINO C,710120300,BRA,other,,,,,47428.16333333336,115.4589371889304,0.0013144687517577633,74.00000000000013
2021-04-28T11:03:43.000Z,2024-12-31T19:00:41.000Z,27e6c1eadbc04240a7caa58cb3c68e9b,loitering,"[12.168666666666667, -7.542833333333333, 12.059453333333334, -7.53942]",-7.5411,12.1141,[],['8478'],"['ICCAT', 'IWC', 'ACAP']","['47.1.1', '47.1', '47']",['47'],[],[],[],[],81,92,0.0,7.407426,26e732aa4-4eb7-3d8c-2b03-4d8b37090ad8,GIMBOA,309817000,BHS,other,,,,,32239.949444444443,66.99423806517696,0.0011220239255635117,81.00126806280252
2021-04-29T20:15:11.000Z,2026-09-21T23:49:01.000Z,fb8b5eb3ca21e8a32c0f5c9d9192feaa,loitering,"[-41.07139, -23.1338766667, -41.075118333333336, -23.138201666666667]",-23.136,-41.0733,[],['8464'],"['ACAP', 'IWC', 'ICCAT']","['41.2', '41', '41.2.1']",['41'],[],[],[],[],84,84,1.510627,0.0,25f994d08-827e-fa6f-ce93-55553d713a0b,FPSO BRAVO,311001017,BHS,other,,,,,47307.56388888887,1992.7627905824493,0.022744900349881008,84.2288777073847
2021-05-16T11:02:10.000Z,2025-08-14T20:59:34.000Z,4ced8e93bb918418e546684e46b27a30,loitering,"[6.8613333333333335, 65.12966666666667, 6.868, 65.1315]",65.1306,6.8647,[],['5686'],"['NEAFC', 'ACAP', 'ICCAT', 'NAMMCO', 'ICES', 'IWC', 'NASCO']","['27.2.a.2', '27', '27.2.a', '27.2']",['27'],[],[],[],[],159,158,10.1765,10.484268,839b74c46-6c88-4db0-c103-0e94f2e893e1,JORUNN KNUTSEN/ASG C,259644000,NOR,other,,,,,37233.956666666665,2963.567312974161,0.04297685436616403,158.39032988878694
2021-06-05T09:12:22.000Z,2024-05-13T06:59:41.000Z,bf1161c31bab7edeb3b2a97b7f21a6f1,loitering,"[110.5566666667, 8.0966666667, 110.55666666666667, 8.096666666666666]",8.0967,110.5567,[],['8484'],"['APFIC', 'WCPFC', 'IWC', 'SEAFDEC', 'ACAP']",['71'],['71'],[],[],[],[],317,317,303.480656,303.480656,d44d7275e-e7f2-4338-44fc-36256765641e,DK1/18,574128296,VNM,other,,,,,25749.78861111109,377.47645224214,0.007915442787150642,317.00000000000045
2021-06-21T22:55:58.000Z,2025-03-09T23:59:46.000Z,bf6a85fe70a50a66104261034a8d1ec1,loitering,"[110.46768, 8.075825, 110.46766333333333, 8.075846666666667]",8.0758,110.4677,[],['8484'],"['ACAP', 'APFIC', 'SEAFDEC', 'WCPFC', 'IWC']",['71'],['71'],[],[],[],[],314,314,313.064,313.064,82f54790a-a7e3-8132-0fe3-4110a21d92b2,DKI/16,574128294,VNM,other,,,,,32569.063333333354,1118.5644033116055,0.018544483563742633,314.06528816661194
2021-06-23T16:34:42.000Z,2024-11-16T09:05:04.000Z,46648a74909cc33e1f079d91ccdc42c9,loitering,"[7.393206666666667, 3.573428333333333, 7.39335, 3.57334]",3.5734,7.3933,[],['8474'],"['NAMMCO', 'ICCAT', 'IWC', 'FCWC', 'ACAP']","['34.3.5', '34.3', '34']",['34'],[],[],[],[],93,93,1.5710039999999998,1.5710039999999998,d46cb9bad-d940-93bc-51ac-048c403f1948,USAN FPSO,657830000,NGA,other,,,,,29800.506111111117,195.65335570771407,0.003545052561839996,93.00000000000003
2021-06-27T08:59:44.000Z,2024-01-12T17:59:35.000Z,d36f78a1fd189b56d107b43941323661,loitering,"[-56.9593333333, 8.0965, -56.931333333333335, 8.252666666666666]",8.1746,-56.9453,[],['8460'],"['IWC', 'NAMMCO', 'CRFM', 'ACAP', 'ICCAT']",['31'],['31'],[],[],[],[],185,199,195.075188,209.683578,1cccffb94-431e-2153-c6bb-c86072ddd11c,NOBLE BOB DOUGLAS,636015383,LBR,other,cuw-caracasbay,CUW,CARACAS BAY,5c1e2c7ad5bd37f5e9bd0c0af32f0289,22304.997500000012,1448.665223489613,0.03506912042258343,187.44316421141497
2021-07-03T10:05:33.000Z,2024-11-07T18:00:13.000Z,b911a5754ccbed6119db304bfc2f8fd2,loitering,"[-42.509143333333334, -24.788025, -42.50942666666667, -24.788108333333334]",-24.7881,-42.5093,[],['8464'],"['ICCAT', 'ACAP', 'IWC']","['41', '41.2.1', '41.2']",['41'],[],[],[],[],201,201,2.018968,2.018968,da49e3973-3bdf-2596-4313-e9051c96e572,PETROBRAS 75,636018033,LBR,other,,,,,29359.911111111105,82.89514779931801,0.001524520931222111,201.00000000000003
2021-07-06T01:48:19.000Z,2026-09-21T23:55:56.000Z,d0cbdaaa12dcb51527caf6ca55bd99b2,loitering,"[-42.57085, -25.193463333333334, -42.56990833333333, -25.226145]",-25.2098,-42.5704,[],['8464'],"['IWC', 'ACAP', 'ICCAT']","['41.2', '41', '41.2.1']",['41'],[],[],[],[],243,247,6.035961,5.151025,0ce876397-7a57-51db-2cd7-d6923d395a96,FPSO CARIOCA MV30,311000768,BHS,other,,,,,45694.126944444484,149.21697728692575,0.0017632620965738696,246.99864289613473
2021-07-16T19:52:28.000Z,2024-02-23T04:51:10.000Z,25b879481f04c86871a61d842ecbea97,loitering,"[-43.26271166666667, -25.798216666666665, -43.26266, -25.79834]",-25.7983,-43.2627,[],['8464'],"['IWC', 'ACAP', 'ICCAT']","['41', '41.2', '41.2.1']",['41'],[],[],[],[],287,287,0.0,0.0,b595376a3-33c6-d9ac-4c18-d1e8ceaa1adc,FPSO CDSAOPAULO MV23,311050100,BHS,other,,,,,22832.978333333354,161.1203960009027,0.00381019299042391,286.99999892739
2021-07-18T19:14:07.000Z,2026-09-21T23:59:11.000Z,2d7dbb240d2df85fc6b3e5e4e7f74b0f,loitering,"[125.0866666667, 28.965, 125.087735, 28.966191666666667]",28.9656,125.0872,[],['8486'],"['WCPFC', 'APFIC', 'IWC', 'ACAP']",['61'],['61'],[],[],[],[],258,258,247.05390599999998,247.05390599999998,389b9d945-54aa-4595-8623-12a63977b3a5,HY1-1,413378520,CHN,other,,,,,45388.75111111107,2215.909107669128,0.02636105134500049,258.0000000000002
2021-07-28T01:50:39.000Z,2025-09-09T23:59:03.000Z,da71a3ae413aa8fbac8f389755261fed,loitering,"[109.62166666666667, 7.485, 109.621225, 7.485565]",7.4853,109.6214,[],['8484'],"['WCPFC', 'IWC', 'ACAP', 'SEAFDEC', 'APFIC']",['71'],['71'],[],[],[],[],340,340,414.630344,414.630344,78fcdb9d4-4998-33d7-ad56-81a193013d7c,DKI/12,574128291,VNM,other,,,,,36118.13999999995,561.3178782513768,0.00839155635542591,340.0
2021-08-28T05:26:57.000Z,2026-09-21T23:32:09.000Z,4169a92aafabf54d094a6350b7fa56d9,loitering,"[-42.66744666666666, -25.021821666666668, -42.66746333333333, -25.022061666666666]",-25.0219,-42.6675,[],['8464'],"['ACAP', 'IWC', 'ICCAT']","['41', '41.2.1', '41.2']",['41'],[],[],[],[],222,222,2.301557,2.301557,2ccc9fd30-0f00-f92a-2f6d-6889a396bacb,PETROBRAS 68,636017704,LBR,other,,,,,44418.08666666668,30.23499396632989,0.00036754376245598237,222.0000058474769
2021-09-01T18:00:15.000Z,2026-09-21T23:21:37.000Z,aa51346aeb62688b73d6056028bfcc09,loitering,"[-90.268935, 27.1884366667, -90.268905, 27.188526666666668]",27.1885,-90.2689,[],['8456'],"['NAMMCO', 'ACAP', 'IWC', 'ICCAT']",['31'],['31'],[],[],[],[],207,207,0.0,0.0,052da88d0-0151-2e29-0345-db666a0604f7,MAD DOG,369494392,USA,other,,,,,44309.35611111117,486.1868904594385,0.00592470625382719,206.99999999999937
2021-09-04T16:21:50.000Z,2026-09-02T23:59:13.000Z,f681bc551ad2ea07fff72767ab21e6f2,loitering,"[-88.495, 28.19, -88.49575, 28.189983333333334]",28.19,-88.4954,[],['8456'],"['ACAP', 'IWC', 'NAMMCO', 'ICCAT']",['31'],['31'],[],[],[],[],109,109,0.0,0.0,35d708601-1754-33dc-7315-b2241852fc2d,THUNDERHORSE PDQ,366047800,USA,other,,,,,43783.62305555552,754.193590645564,0.009301011016723095,109.15463692417592
2021-09-25T23:48:09.000Z,2026-09-21T22:59:11.000Z,e65f547fb95e5ac9c68cd6f8bbef42a5,loitering,"[-42.1602, -24.57834666666667, -42.13333333333333, -24.541666666666668]",-24.56,-42.1468,[],['8464'],"['IWC', 'ICCAT', 'ACAP']","['41.2', '41', '41.2.1']",['41'],[],[],[],[],174,170,6.0567470000000005,11.226314,c52789e90-0c8e-b7f8-8a86-8f16ed9fbb92,PIONEIRO DE LIBRA,370823000,PAN,other,,,,,43727.18388888881,2153.3412193289605,0.026590123994556243,170.00006004199952
2021-10-10T18:55:05.000Z,2024-08-03T22:59:36.000Z,dc4f5c3f9ec71aeb0e9966394a28970f,loitering,"[-90.37690666666667, 27.15369, -90.365, 27.173333333333332]",27.1635,-90.371,[],['8456'],"['NAMMCO', 'IWC', 'ACAP', 'ICCAT']",['31'],['31'],[],[],[],[],211,209,11.755672,10.138546,5cf65300e-e801-4917-d5c1-ffcac2227332,ARGOS PLATFORM,368166560,USA,other,,,,,24676.075277777785,317.8491316625307,0.006955109318710639,209.00099381613174
2021-10-28T21:37:11.000Z,2026-09-21T23:59:19.000Z,92ed65c5ac97fde31507d662c761acf5,loitering,"[4.534516666666667, 57.81472333333333, 4.5346, 57.814725]",57.8147,4.5346,[],['5686'],"['ACAP', 'NEAFC', 'ICCAT', 'IWC', 'ICES', 'NAMMCO', 'NASCO']","['27.4', '27', '27.4.a']",['27'],[],[],[],[],105,105,1.111949,1.111949,40ed84802-2dad-f19c-de9c-b86f70d3cfec,INSPIRER,257828000,NOR,other,,,,,42938.36888888887,2919.7987905211426,0.036716933187269964,104.99977137057766
2021-11-02T18:18:26.000Z,2024-06-26T22:56:17.000Z,97513d07f3f4f45ef3e4cf6b33cd0f06,loitering,"[-60.52966, 9.920018333333333, -60.52963, 9.920015]",9.92,-60.5296,[],['8420'],"['ICCAT', 'CRFM', 'ACAP', 'IWC', 'NAMMCO']",['31'],['31'],[],[],[],[],57,57,38.32632,38.32632,b2b9773c5-5d2b-1483-594e-8a4501cc458f,CASSIA C,362276000,TTO,other,,,,,23212.63083333337,3.2975627855484526,7.670571567969082e-05,56.99999999999994
2021-11-10T04:00:50.000Z,2026-05-10T16:24:21.000Z,657b54d0215ed84d1850f57cd12f36c2,loitering,"[11.5790916667, -5.2473433333, 11.578628333333333, -5.24757]",-5.2475,11.5789,[],['8394'],"['COREP', 'ICCAT', 'ACAP', 'IWC']","['34.3', '34.3.6', '34']",['34'],[],[],[],[],53,53,0.0,0.0,50f7fa640-0042-4753-6387-bad02d5bdeea,NKOSSA II,309669000,BHS,other,,,,,39420.3919444445,1909.3269674863097,0.026152811660742757,52.99999999999996
2021-11-10T05:56:41.000Z,2024-06-30T14:54:40.000Z,b4daf80e5925c97db7b633a1d9954ba0,loitering,"[4.830575, 55.740785, 4.8514116666666665, 55.69974166666667]",55.7203,4.841,[],['5674'],"['NEAFC', 'NASCO', 'NAMMCO', 'ICCAT', 'ACAP', 'ICES', 'IWC']","['27', '27.4', '27.4.b']",['27'],[],[],[],[],205,203,2.911029,3.841455,f1c3209d6-6085-b18f-17e8-4f8d88e2154e,HAVEN,210288000,CYP,other,,,,,23120.96638888889,1473.7188145059215,0.03441657614517281,205.99889768209346
2021-11-22T14:50:23.000Z,2026-06-21T02:58:14.000Z,cb85c7b96a436b45c693121ea316e666,loitering,"[119.52732, 38.140535, 119.52744, 38.141056666666664]",38.1408,119.5274,[],['8486'],"['WCPFC', 'IWC', 'ACAP', 'PICES']",['61'],['61'],[],[],[],[],51,51,0.0,0.0,d84ecc00a-ae6c-fff1-d455-f9727439fa6d,BZ34-1CEPA,413284360,CHN,other,,,,,40116.13083333331,112.12431791018295,0.0015091756615303962,51.00000214023992
2021-11-24T18:57:45.000Z,2024-11-22T10:51:35.000Z,fd8129bab8009c30eb372e50b7c2c196,loitering,"[120.8066883333, 39.9552233333, 120.80668, 39.955263333333335]",39.9552,120.8067,[],['8486'],"['PICES', 'WCPFC', 'ACAP', 'IWC']",['61'],['61'],[],[],[],[],41,41,1.400979,1.400979,1a0ffa1bd-d115-249e-3836-99643538ecea,SZ36-1CEP,413288720,CHN,other,,,,,26247.897222222207,12.36036774661194,0.00025427045075242667,41.000050393076435
2021-11-24T21:34:10.000Z,2024-02-15T07:06:10.000Z,bdf50f71f765aed0d287cc6d1879e809,loitering,"[-3.035, 35.93666666666667, -3.03579, 35.93813333333333]",35.9374,-3.0354,"['349166', '555787677', '365006', '555787671', '555588819', '555588831']",['5693'],"['ICCAT', 'IWC', 'GFCM', 'ACAP']","['37.1', '37.1.1', '37']",['37'],[],[],[],[],55,55,72.957477,72.957477,2cca383d1-1c55-42ab-60c3-618ddecd43ec,ISLA DE ALBORAN,224000000,ESP,fishing,esp-esp-341,ESP,ESP-341,83447edf09e36d88dcf9638dd5aa7c26,19497.53333333338,64.0478175653672,0.0017737143591280398,54.9999999999999
2021-11-25T18:24:40.000Z,2024-07-17T04:50:04.000Z,d58686aac6e463f5916116ade76b8151,loitering,"[0.7534, 61.21423333333333, 0.7987666666666666, 61.208783333333336]",61.2115,0.7761,[],['5696'],"['NASCO', 'ICCAT', 'ICES', 'NEAFC', 'NAMMCO', 'IWC', 'ACAP']","['27.4.a', '27', '27.4']",['27'],[],[],[],[],92,95,28.584514,26.733639,137d5d475-52be-caf8-23d6-c33cc2d6c5be,WESTERN ISLES,311000563,BHS,other,,,,,23146.423333333325,4.969572636877415,0.0001159295549427303,92.00046776235588
2021-11-27T04:48:49.000Z,2026-09-21T23:57:52.000Z,5578d803aac8c99ee97367e037837a5b,loitering,"[120.0818, 38.393525, 120.08029333333333, 38.39258]",38.3931,120.081,[],['8486'],"['WCPFC', 'ACAP', 'PICES', 'IWC']",['61'],['61'],[],[],[],[],55,55,2.388625,2.388625,6865cbe46-6258-8f7e-2a59-ba087480d912,HAI YANG SHI YOU117,413300030,CHN,other,,,,,42235.15083333338,1452.95824976942,0.01857539695302658,55.00000585087509
2021-11-28T14:21:41.000Z,2026-09-21T23:59:07.000Z,ab0017cc27a450cb9639b02a8a295930,loitering,"[120.61283, 39.799535, 120.61294666666667, 39.79964666666667]",39.7996,120.6129,[],['8486'],"['WCPFC', 'IWC', 'ACAP', 'PICES']",['61'],['61'],[],[],[],[],47,47,0.0,0.0,96a165a2f-f155-23e0-3ba0-c195d6cbe866,LD10-1CEP PLATFORM,412301830,CHN,other,,,,,42201.623888888986,252.21541982367415,0.003227018757116829,46.999999999999915
2021-11-28T19:34:29.000Z,2024-07-04T07:10:15.000Z,9b988c09961dc7d826f833c88c26ee3c,loitering,"[114.975, 21.27, 114.97568, 21.271248333333332]",21.2706,114.9753,[],['8486'],"['APFIC', 'WCPFC', 'ACAP', 'IWC']",['61'],['61'],[],[],[],[],112,112,100.707258,100.707258,dc68d74a0-0321-b580-2b6d-5a94ffc6cec4,XJ30-2DPP,412464880,CHN,other,,,,,22763.59611111111,340.0489491714414,0.008066025364220322,111.99999999999996
2021-11-28T20:30:32.000Z,2024-07-22T02:59:53.000Z,429644aa8c0f5f734b8b72917a254c0e,loitering,"[119.64789333333333, 37.99860666666667, 119.64786666666667, 37.99862666666667]",37.9986,119.6479,[],['8486'],"['WCPFC', 'PICES', 'ACAP', 'IWC']",['61'],['61'],[],[],[],[],56,56,13.078195,13.078195,74351b845-54a6-0ffd-24b0-943da1393e2c,BZ34-9CEPA PLATFORM,413277550,CHN,other,,,,,23190.489166666688,238.95833364603897,0.005563797169922628,56.00000284134486
2021-11-28T22:10:35.000Z,2024-09-23T13:42:18.000Z,87925de9c9bbf85a79d8ef52a9b8c54f,loitering,"[2.9436, 53.822986666666665, 2.943608333333333, 53.82306166666667]",53.823,2.9436,[],['5668'],"['IWC', 'ICCAT', 'ACAP', 'NASCO', 'NEAFC', 'ICES', 'NAMMCO']","['27', '27.4', '27.4.b']",['27'],[],[],[],[],143,143,82.172688,82.172688,dbee5ea4e-ed9d-919d-8eae-ca9df974e032,PLATFORM J6A,245849000,NLD,other,,,,,24711.52861111113,45.26246830022233,0.0009890030715831606,142.99999999999997
2021-11-29T06:45:10.000Z,2024-08-24T12:08:09.000Z,fe11e49957f424ba0ab679a915da7ecb,loitering,"[120.11605, 38.369045, 120.11596, 38.369096666666664]",38.3691,120.116,[],['8486'],"['WCPFC', 'IWC', 'ACAP', 'PICES']",['61'],['61'],[],[],[],[],51,51,2.067867,2.067867,30cc1e2f9-9c83-f2d4-9c12-940cc3416222,PL19-3WHPC,413274550,CHN,other,,,,,23981.38305555553,646.0036954042675,0.014545203234651093,51.000028980029775
2021-11-29T07:54:09.000Z,2024-02-02T02:17:53.000Z,49386839d96f7e42961aa9c304729bba,loitering,"[120.41864166666667, 39.249671666666664, 120.41866666666667, 39.24975333333333]",39.2497,120.4187,[],['8486'],"['WCPFC', 'ACAP', 'IWC', 'PICES']",['61'],['61'],[],[],[],[],58,58,61.625008,61.625008,00625aaa7-7c5d-6838-f0ff-1849e4ddf098,LV DA 27-2,413301170,CHN,other,,,,,19074.39555555552,406.4952213038464,0.01150704145124663,57.99998895950137
2021-11-29T14:14:16.000Z,2026-01-01T05:38:12.000Z,d2d1778255967438be1c25cb8a9bd0df,loitering,"[4.91054, 56.482231666666664, 4.910356666666667, 56.48226833333333]",56.4822,4.9104,[],['5674'],"['NEAFC', 'IWC', 'NASCO', 'ACAP', 'ICCAT', 'ICES', 'NAMMCO']","['27', '27.4', '27.4.b']",['27'],[],[],[],[],197,197,59.987559000000005,59.987559000000005,c608ad761-13d3-5016-926b-e7b9cb3f0857,SIRI PLATFORM,219438000,DNK,other,,,,,35847.39888888895,1534.5365492740245,0.023114186122686897,197.00001905736465
2021-11-29T14:16:32.000Z,2026-05-04T19:22:57.000Z,395dbdaf96f94ffa6baf13c0f4e62044,loitering,"[4.228408333333333, 56.07844166666667, 4.228488333333333, 56.07845]",56.0784,4.2284,[],['5674'],"['NASCO', 'IWC', 'NEAFC', 'ACAP', 'NAMMCO', 'ICCAT', 'ICES']","['27.4.b', '27.4', '27']",['27'],[],[],[],[],241,241,0.0,0.0,c3b929b70-0a2e-4931-5b96-fcd4c36532c5,SOUTH ARNE,219440000,DNK,other,,,,,38813.10694444461,635.329102612583,0.008838516119828048,240.99999999999898
2021-11-29T15:04:02.000Z,2025-04-14T14:31:51.000Z,c40cabd66034440be75c0bf8ffda4412,loitering,"[-90.50970666666667, 26.69766, -90.50744666666667, 26.69502]",26.6963,-90.5086,[],['8456'],"['NAMMCO', 'ICCAT', 'IWC', 'ACAP']",['31'],['31'],[],[],[],[],261,261,25.59408,25.59408,2a3a2fc11-1bbf-6237-ae50-8b56a7e3be9a,BW PIONEER,563086300,SGP,other,,,,,29567.463577777842,1243.8399471764676,0.022714827740337996,261.1159033861144
2021-11-29T15:12:38.000Z,2025-04-14T15:12:27.000Z,22228a3dc190eec2bf25b0203eef9957,loitering,"[18.72116, 55.40039, 18.721058333333332, 55.40034333333333]",55.4004,18.7211,[],['5687'],"['ACAP', 'IWC', 'NAMMCO', 'NASCO', 'ICCAT', 'ICES']","['27.3.d', '27.3', '27.3.d.26', '27']",['27'],[],[],[],[],67,67,69.22082,69.22082,ad90a2455-5b14-7c46-fd1d-02372e3eb176,LOTOS PETROBALTIC,261526000,POL,other,rus-rus-139,RUS,RUS-139,926a5e096abd97be569c1d3813757db8,29567.996838888874,789.5752372121526,0.014418850336595535,67.00000000000001
2021-11-29T15:19:00.000Z,2026-05-04T12:53:10.000Z,8a15b122f6de218ff4760dd080026ee6,loitering,"[108.90794, 8.049826666666666, 108.90776, 8.04998]",8.0499,108.9079,[],['8484'],"['ACAP', 'IWC', 'APFIC', 'SEAFDEC', 'WCPFC']",['71'],['71'],[],[],[],[],249,249,316.23375,316.23375,a46f61c7a-a25f-112f-c81d-cce789945038,PTSC BIEN DONG 01,566806000,SGP,other,,,,,38805.56921388896,329.22376388908555,0.004580956155839296,249.00000000000028
2021-11-29T20:28:03.000Z,2024-04-25T11:59:15.000Z,9d39b8f0462f56ccdf8efa21918156c1,loitering,"[52.03463333333333, 26.588116666666668, 52.0331, 26.587716666666665]",26.5879,52.0339,[],['8468'],"['RECOFI', 'IWC', 'IOTC', 'ACAP']","['51', '51.2']",['51'],[],[],[],[],86,86,0.994341,0.994341,7723aa557-7669-4d4b-a699-bd7b1c50f52d,FSO ASIA,538003426,MHL,other,,,,,21063.519986111158,1724.9608450507749,0.04421883638603844,86.61430837349104
2021-11-30T04:19:13.000Z,2024-08-23T23:59:41.000Z,47dcdaaf9530db5f7e201b9fab463439,loitering,"[120.14101333333333, 38.31769666666667, 120.141, 38.31767333333333]",38.3177,120.141,[],['8486'],"['WCPFC', 'PICES', 'ACAP', 'IWC']",['61'],['61'],[],[],[],[],47,47,6.671696,6.671696,e5a67f262-2037-0140-343f-fe08478d40e4,PL25-6WHPF,413274560,CHN,other,chn-chn-110,CHN,CHN-110,277db46079ea90691d16a4445c06ce14,23947.674444444452,61.82107575189251,0.001393901964327476,46.99999999999999
2021-12-05T08:33:38.000Z,2026-09-21T23:59:06.000Z,b48404436c784004433235a676f01773,loitering,"[123.320625, -13.784265, 123.31379666666666, -13.786451666666666]",-13.7854,123.3172,[],['8323'],"['ACAP', 'IOTC', 'CCSBT', 'IWC', 'FFA']","['57.5', '57.5.1', '57']",['57'],[],[],[],[],171,172,7.783645000000001,6.758506000000001,8e04ab8a0-0f20-358f-03cd-dd9f87a294e7,PRELUDE,503000101,AUS,other,,,,,42039.42442777782,4290.640427937202,0.05510923429094464,171.6511980953618
2021-12-09T03:09:57.000Z,2025-05-06T11:27:41.000Z,a4aad8b82c6ad08912713f9662fcd77a,loitering,"[119.77448, 38.07198666666667, 119.774445, 38.07192666666667]",38.072,119.7745,[],['8486'],"['ACAP', 'WCPFC', 'IWC', 'PICES']",['61'],['61'],[],[],[],[],57,57,0.0,0.0,afcde9c60-0485-f534-ed56-b87d818b5aa2,BZ35-2CEPAPLATFORM,413277560,CHN,other,,,,,29864.295477777774,54.66674396607965,0.0009883936605576762,56.999999999999915
2021-12-11T16:55:12.000Z,2024-12-17T01:50:09.000Z,322491652777d47c646c69c30ead0da9,loitering,"[119.8244, 38.07154666666667, 119.82441333333334, 38.071533333333335]",38.0715,119.8244,[],['8486'],"['IWC', 'ACAP', 'WCPFC', 'PICES']",['61'],['61'],[],[],[],[],55,55,0.0,0.0,b80c5d3f2-26c3-01ac-0239-e9100eb7593a,BZ35-2WHPBPLATFORM,413277570,CHN,other,,,,,26432.91583055556,117.21790973525191,0.002394461823816048,54.99999936046568
2021-12-19T09:08:27.000Z,2024-10-18T23:02:16.000Z,31ac68a01505235662120e29e745c9e8,loitering,"[120.10264, 38.403816666666664, 120.10262666666667, 38.4038]",38.4038,120.1026,[],['8486'],"['IWC', 'ACAP', 'PICES', 'WCPFC']",['61'],['61'],[],[],[],[],55,55,1.412771,1.412771,f104a2b50-0762-3fe8-711e-7b9d7444bdfb,PL19-3WHPE,413274460,CHN,other,,,,,24829.896849999994,44.19130659511636,0.0009609945942901035,54.99999999999999
2021-12-24T11:29:43.000Z,2024-06-22T08:09:08.000Z,38a3745e840b071063735570c260f999,loitering,"[119.06541333333334, 38.550423333333335, 119.06515, 38.550575]",38.5505,119.0653,[],['8486'],"['PICES', 'ACAP', 'WCPFC', 'IWC']",['61'],['61'],[],[],[],[],42,42,0.869616,0.869616,aba9cfb1c-c5a9-7ade-f76d-17d36dd0db55,BZ13-1WHPB,413282830,CHN,other,,,,,21860.656816666677,1412.9201461851617,0.03489903583732592,41.99999999999996
2021-12-30T12:39:19.000Z,2024-10-30T01:00:57.000Z,cab31daf74196ca0f85d6d7aadcc5a56,loitering,"[119.55405333333333, 38.21311, 119.55432, 38.2129]",38.213,119.5542,[],['8486'],"['ACAP', 'IWC', 'PICES', 'WCPFC']",['61'],['61'],[],[],[],[],56,56,0.0,0.0,f853f74cc-c940-678c-4bd7-1b79c9eac532,BZ282SCEP,413283930,CHN,other,,,,,24828.3603722222,1092.6926254947718,0.023763422488498057,56.000001664121434
2021-12-30T13:16:02.000Z,2026-09-21T23:59:07.000Z,af1fdbe74b934295667e4588498572a0,loitering,"[119.72629333333333, 38.13323, 119.726267, 38.133183]",38.1332,119.7263,[],['8486'],"['PICES', 'WCPFC', 'ACAP', 'IWC']",['61'],['61'],[],[],[],[],64,64,7.534083,7.534083,c65c32c29-9745-6e6a-98f7-0d6d3dd07908,BZ29-4WHPCTLATFORM,413277540,CHN,other,,,,,41434.71795555552,1871.6357315120028,0.024390233521192232,64.00000000000011
2022-01-06T08:22:33.000Z,2026-09-21T23:54:44.000Z,30ac2a81a46e5d93a8474d1c5b255532,loitering,"[-56.914405, 8.009685, -56.91424833333333, 8.009893333333334]",8.0098,-56.9143,[],['8460'],"['NAMMCO', 'CRFM', 'ACAP', 'IWC', 'ICCAT']",['31'],['31'],[],[],[],[],181,181,191.86193799999998,191.86193799999998,579b91eea-aef5-decc-b763-a4d6c6cce4c8,LIZA UNITY,311000797,BHS,other,,,,,41271.53632222228,767.0678653139439,0.010035572927424786,180.99999851563425
2022-01-15T21:40:14.000Z,2025-08-10T23:57:47.000Z,4389d95b119b3f2c8c21becfc0e10fe0,loitering,"[-89.2390683333, 28.1598383333, -89.23911833333334, 28.159778333333332]",28.1598,-89.2391,[],['8456'],"['ACAP', 'ICCAT', 'NAMMCO', 'IWC']",['31'],['31'],[],[],[],[],87,87,0.0,0.0,3298a00b2-2aaa-5c2f-a28f-e84f6ffb8c2e,OLYMPUS TLP,338193276,USA,other,,,,,31274.292500000003,837.9508358306103,0.01446738578556647,86.99999999999983
2022-01-16T02:23:45.000Z,2025-08-09T23:59:02.000Z,37e6519e30d879338785a0489a67eb86,loitering,"[94.78166666666667, 15.121666666666666, 94.782445, 15.122271666666666]",15.122,94.7821,[],['8482'],"['BOBP-IGO', 'ACAP', 'APFIC', 'SEAFDEC', 'IOTC', 'IWC']","['57.1', '57']",['57'],[],[],[],[],69,69,231.016391,231.016391,144e35ec2-2f21-3dcb-4df6-f29f1d5a5125,TEPM YADANA,563122454,SGP,other,,,,,31245.588055555563,739.9834899647227,0.012787697230755728,69.00000000000003
2022-01-18T08:59:51.000Z,2024-01-04T11:57:25.000Z,e8c0ce6d328180d024df488ff1a106a8,loitering,"[41.176291666666664, 15.861208333333334, 41.17377333333334, 15.865355]",15.8633,41.175,[],['8351'],"['IWC', 'ACAP', 'IOTC', 'PERSGA']","['51.1', '51']",['51'],[],[],[],[],47,46,143.366578,143.44223399999998,1dc1679d5-5f45-7ee0-b0ad-a140718ff631,BEHSHAD,422036200,IRN,other,irn-bandarabbas,IRN,,7ed6d7d63a42bfd65d3eb31aa92fd1e4,17186.95935833335,2270.2982241369004,0.07132518012278818,46.46668670776961
2022-01-30T07:22:27.000Z,2026-09-21T23:39:01.000Z,5b1a5acf6c92ebe3928b9d6f87cf27b2,loitering,"[-42.82049833333333, -25.60180666666667, -42.82056, -25.60192]",-25.6019,-42.8205,[],['8464'],"['IWC', 'ICCAT', 'ACAP']","['41', '41.2', '41.2.1']",['41'],[],[],[],[],283,283,0.0,0.0,26d423c24-43e0-f33a-aeb1-7c181a3dab50,PETROBRAS 66,538005508,MHL,other,,,,,40696.2760972222,100.98053239431661,0.0013398062602247296,282.99998659017086
2022-02-17T20:33:39.000Z,2026-07-09T17:57:58.000Z,58adbcdf6551a168df07cb68fb4147b3,loitering,"[-40.14960333333333, -22.159398333333332, -40.145, -22.153333333333332]",-22.1564,-40.1473,[],['8464'],"['ICCAT', 'ACAP', 'IWC']","['41.2.1', '41.2', '41']",['41'],[],[],[],[],89,88,0.0,0.0,ba7ee06a4-4f14-59ad-4b14-353a1b63b781,FSO CIDADE DE MACAE,308384000,BHS,other,,,,,38469.40527777781,1740.0237517010673,0.024422983826273916,88.93917438993932
2022-02-18T01:55:12.000Z,2025-06-27T05:56:17.000Z,de96dad58cc32a6233f3d20a193ee603,loitering,"[-41.259525, -23.316945, -41.256575, -23.319175]",-23.3181,-41.258,[],['8464'],"['IWC', 'ICCAT', 'ACAP']","['41', '41.2.1', '41.2']",['41'],[],[],[],[],82,82,0.0,0.0,3b1a61e3b-bf03-9a94-5e2d-de4125e020f7,FPSO PEREGRINO,311075500,BHS,other,,,,,29404.01805555558,608.3238901989534,0.011170875442838218,81.9999967832873
2022-02-18T14:05:13.000Z,2024-05-31T14:58:16.000Z,e62b8749276fca59c9829fbd8fef0b44,loitering,"[6.822513333333333, 3.139795, 6.821666666666666, 3.138333333333333]",3.1391,6.8221,[],['8474'],"['ACAP', 'ICCAT', 'IWC', 'NAMMCO', 'FCWC']","['34.3', '34.3.5', '34']",['34'],[],[],[],[],133,133,0.0,0.0,898ed510d-de3a-a7b9-38e8-a8a3799b4cf2,FPSO AKPO,657384000,NGA,other,,,,,19992.884166666696,421.5412395819463,0.011384753612934069,132.99999999999952
2022-02-26T21:39:35.000Z,2024-07-07T11:00:03.000Z,bea7371b9e620e8f5ec7366e6b37b874,loitering,"[120.79494333333334, 39.927505, 120.79667166666667, 39.92827666666667]",39.9279,120.7958,[],['8486'],"['IWC', 'ACAP', 'PICES', 'WCPFC']",['61'],['61'],[],[],[],[],42,43,2.5580249999999998,1.7053500000000001,4498271d1-1240-8d0c-88dd-b26d334fff9a,SZ36-1CEPK,413290970,CHN,other,,,,,20677.34111111111,55.99387583977867,0.0014621935213564264,42.016924081923236
2022-03-10T08:55:38.000Z,2024-12-06T07:05:31.000Z,879135362bdcf3b52b76c960a17c26be,loitering,"[120.79716, 39.92706, 120.79717333333333, 39.927096666666664]",39.9271,120.7972,[],['8486'],"['IWC', 'ACAP', 'WCPFC', 'PICES']",['61'],['61'],[],[],[],[],43,43,1.7053500000000001,1.7053500000000001,e4cff9443-3ae1-c479-805c-3c8644f4ccda,SZ36-1A,412300960,CHN,other,,,,,24046.164522222218,78.826294162743,0.0017700450225665277,43.000000000000036
2022-03-11T21:38:46.000Z,2024-04-01T14:11:51.000Z,6dd8e3c23940fee1c3d8f64b3def419c,loitering,"[-39.95788666666667, -21.238041666666668, -39.941995, -21.252065]",-21.2451,-39.9499,[],['8464'],"['IWC', 'ICCAT', 'ACAP']","['41', '41.2', '41.2.1']",['41'],[],[],[],[],82,84,0.0,2.3521840000000003,381af4fce-efbf-78c0-759a-cc61590ce615,CAPIXABA,308297000,BHS,other,,,,,18040.551344444448,425.4368032618139,0.012733396667081997,81.98631578891974
2022-03-15T03:08:57.000Z,2024-11-19T01:39:19.000Z,9527be4c42b49e73189d2a56b3eea928,loitering,"[119.58669333333333, 37.702906666666664, 119.58666666666667, 37.70289666666667]",37.7029,119.5867,[],['8486'],"['IWC', 'WCPFC', 'ACAP', 'PICES']",['61'],['61'],[],[],[],[],42,42,0.0,0.0,e19945eb3-3c9f-f08f-8d10-a8597d382b86,KL10-4WHPA PLATFORM,413277580,CHN,other,,,,,23518.505927777776,113.3184581973456,0.0026016564423210885,42.00000495628827
2022-03-17T15:56:28.000Z,2025-04-17T13:31:00.000Z,04795a58257c948788d5117c3f9d807e,loitering,"[18.72334, 55.400438333333334, 18.72338, 55.4004]",55.4004,18.7234,[],['5687'],"['NASCO', 'IWC', 'ACAP', 'ICES', 'ICCAT', 'NAMMCO']","['27.3', '27.3.d.26', '27.3.d', '27']",['27'],[],[],[],[],67,67,69.22082,69.22082,f4403f04f-fb1a-3705-b6eb-15c146a26e17,PETROBALTIC,261000160,POL,other,,,,,27045.575483333338,36.575642189505956,0.0007302217271418866,67.00000000000001
2022-03-21T12:59:02.000Z,2024-03-31T12:59:10.000Z,9de965dd494fe5c7eb289e0ae3043cbe,loitering,"[49.34047, 28.499896666666668, 49.343, 28.498506666666668]",28.4992,49.3417,[],['8356'],"['IOTC', 'ACAP', 'RECOFI', 'IWC']","['51', '51.2']",['51'],[],[],[],[],76,76,3.476071,3.476071,7057d5cf3-37bc-0c5e-fa22-d07f7b69212f,EARNEST DEES,538004962,MHL,other,,,,,17784.002094444455,896.0153022312306,0.027204762790222936,76.00002562553672
2022-03-21T14:14:07.000Z,2024-09-04T02:22:03.000Z,5e39f6a7af5d8c143c9512451fd306f2,loitering,"[120.7836, 39.94264666666667, 120.7836, 39.942660000000004]",39.9427,120.7836,[],['8486'],"['PICES', 'IWC', 'ACAP', 'WCPFC']",['61'],['61'],[],[],[],[],41,41,3.587145,3.587145,1df730762-2f27-20a4-222d-a0bad57db185,LD5-2DPP,412301820,CHN,other,,,,,21540.132066666672,54.99971538315138,0.0013787041981612456,40.99999999999995
2022-03-25T07:41:41.000Z,2026-09-21T23:17:04.000Z,e00804673a6449089ed79556e2b82a18,loitering,"[-42.25631, -24.582728333333332, -42.25595, -24.58289]",-24.5828,-42.2561,[],['8464'],"['ICCAT', 'ACAP', 'IWC']","['41.2', '41', '41.2.1']",['41'],[],[],[],[],176,176,5.650917000000001,5.650917000000001,9569a65f2-20cb-bf1f-2098-ce84a61e44d9,FPSO GUANABARA MV31,311000245,BHS,other,,,,,39399.58955277777,415.5418081200414,0.005694846798191841,175.99999413560295
2022-03-25T10:32:32.000Z,2026-09-21T23:59:33.000Z,0c649bdb9f9cbaf67a805795ed18a9e5,loitering,"[120.973625, 39.88408666666667, 120.97360166666667, 39.88406333333333]",39.8841,120.9736,[],['8486'],"['WCPFC', 'PICES', 'IWC', 'ACAP']",['61'],['61'],[],[],[],[],41,41,10.906357,10.906357,03386ca3f-fde2-7b48-5acb-5d1b3f6b2c28,LD6-2CEPA,413296320,CHN,other,,,,,39397.45024444449,555.3410965102269,0.007611157611438127,41.00000047215181
2022-03-26T09:01:23.000Z,2026-09-21T23:14:31.000Z,a15df78a68f8f8646b89e419189f7635,loitering,"[11.151666666666667, -6.3533333333333335, 11.151666666666667, -6.3533333333333335]",-6.3533,11.1517,[],['8477'],"['ICCAT', 'ACAP', 'IWC']","['47.1.1', '47', '47.1']",['47'],[],[],[],[],126,126,1.5677249999999998,1.5677249999999998,fc4660176-64c4-8e7e-a9f8-22e1cc5e1d27,KIZOMBA FPSO B,603500187,AGO,other,,,,,39374.21888888895,155.58625382653335,0.0021336259778230826,126.00000000000016
2022-04-03T22:18:05.000Z,2025-02-10T23:02:30.000Z,09d9e662059dbc4b159ae74d6b8356e1,loitering,"[12.031975, 33.84958666666667, 12.032015, 33.84925333333333]",33.8494,12.032,[],['8372'],"['GFCM', 'IWC', 'ICCAT', 'ACAP']","['37.2', '37.2.2', '37']",['37'],[],[],[],[],86,86,0.0,0.0,989e5b729-9aa4-0450-023a-7148b5f1018a,FARWAH,642122000,LBY,other,,,,,25056.740250000003,464.7520204280364,0.010015110219690752,85.99999999999997
2022-04-07T11:36:51.000Z,2024-11-28T01:24:16.000Z,663fbe18770beb04b2ad647d96b56b34,loitering,"[120.51464, 39.52166, 120.51464, 39.521656666666665]",39.5217,120.5146,[],['8486'],"['IWC', 'ACAP', 'PICES', 'WCPFC']",['61'],['61'],[],[],[],[],61,61,30.681893,30.681893,19e8c4076-6589-aa57-e5d9-9c294822e679,LD16-3WHPB,413277650,CHN,other,,,,,23173.79027777776,212.25680526234896,0.004945652165976725,61.00000000000009
2022-04-09T13:57:11.000Z,2026-09-21T21:51:30.000Z,1d6b0cc354f3190428fa31ddd99d6b1b,loitering,"[110.45049, 7.786251666666667, 110.45, 7.786666666666667]",7.7865,110.4502,[],['8484'],"['IWC', 'ACAP', 'SEAFDEC', 'WCPFC', 'APFIC']",['71'],['71'],[],[],[],[],341,341,332.901844,332.901844,8443c1e07-793d-cf02-b789-2c3d4f601da0,DK-I/19,574000123,VNM,other,,,,,39031.905222222194,698.4833942775493,0.009662630063630214,340.9999999999996
2022-04-12T21:04:49.000Z,2024-06-17T03:59:59.000Z,39c6c8434a92fc05d75968643fb19fb8,loitering,"[120.82770666666667, 39.96602333333333, 120.82770666666667, 39.96605]",39.966,120.8277,[],['8486'],"['IWC', 'WCPFC', 'ACAP', 'PICES']",['61'],['61'],[],[],[],[],42,42,0.8521770000000001,0.8521770000000001,f229087d8-8780-4511-b379-06d1056efdc0,SZ36-1CEPO,412303350,CHN,other,,,,,19110.91941388888,28.186158040186424,0.0007963671170114532,42.0
2022-04-18T06:50:43.000Z,2024-11-14T00:45:14.000Z,337ef962e13b85c42b9be5c57df996c1,loitering,"[120.11413333333333, 38.391353333333335, 120.11409333333333, 38.391333333333336]",38.3913,120.1141,[],['8486'],"['IWC', 'WCPFC', 'PICES', 'ACAP']",['61'],['61'],[],[],[],[],53,53,0.0,0.0,c4ea73056-6481-4e99-6dbe-fe382cd7d977,PL193CEPB PLATFORM,413274440,CHN,other,,,,,22577.90861111109,99.5323632782149,0.0023803434428665616,53.00000000000009
2022-05-12T02:33:07.000Z,2024-11-06T00:51:06.000Z,f7df9634d5ffd24b5c02f35d23f630b9,loitering,"[120.08137333333333, 38.36931333333333, 120.08132, 38.36928]",38.3693,120.0813,[],['8486'],"['PICES', 'WCPFC', 'ACAP', 'IWC']",['61'],['61'],[],[],[],[],54,54,0.871789,0.871789,bb45f31d8-8051-1dec-1938-524f0062d24a,PL19-3WHPG,414505000,CHN,other,,,,,21814.299722222197,116.314585264657,0.002879067971675624,54.000035634779564
2022-05-15T00:47:29.000Z,2024-05-11T09:58:18.000Z,6768d0ec2af419d4eb5f3f40885c9b1b,loitering,"[3.26376, 56.400508333333335, 3.2823466666666667, 56.37217666666667]",56.3863,3.2731,[],['5686'],"['NAMMCO', 'NEAFC', 'ICES', 'IWC', 'NASCO', 'ICCAT', 'ACAP']","['27', '27.4.b', '27.4']",['27'],[],[],[],[],275,277,3.335848,1.2316559999999999,48455a068-867a-9960-0f4f-a75337d01a0d,LINUS,257095000,NOR,other,,,,,17457.18014722224,61.738150114850704,0.0019095829856913495,284.45749636108184
2022-05-16T16:40:12.000Z,2026-04-24T06:58:54.000Z,8b1ddcb9b33af2063342b079e6f46a49,loitering,"[-89.22300333333334, 28.169663333333332, -89.22166666666666, 28.168333333333333]",28.169,-89.2223,[],['8456'],"['ACAP', 'NAMMCO', 'ICCAT', 'IWC']",['31'],['31'],[],[],[],[],86,86,0.0,0.0,5ac0daca4-4e35-98df-4b4f-2959917d4b64,MARS TLP,367101870,USA,other,,,,,34526.31166666668,589.8828351198854,0.009225174502848463,85.99999999999993
2022-05-20T10:37:14.000Z,2025-02-18T00:59:02.000Z,27051d05a14339581255c0cc118207ed,loitering,"[108.69027, 8.378965, 108.68796833333333, 8.378026666666667]",8.3785,108.6891,[],['8484'],"['WCPFC', 'IWC', 'SEAFDEC', 'ACAP', 'APFIC']",['71'],['71'],[],[],[],[],217,217,272.590719,272.590719,9738dd77a-a97d-7387-4576-2b38a08c334d,FSO GOLDEN STAR,533150076,MYS,other,,,,,24110.363150000023,581.0199761911814,0.013012068177335212,216.99996753148966
2022-05-20T11:30:41.000Z,2024-06-09T03:15:02.000Z,a11579b6fbf47533a610c0c4745e3ce4,loitering,"[108.67745666666667, 8.488718333333333, 108.67743666666667, 8.488745]",8.4887,108.6774,[],['8484'],"['SEAFDEC', 'IWC', 'WCPFC', 'APFIC', 'ACAP']",['71'],['71'],[],[],[],[],214,214,262.720594,262.720594,89b19d1a5-591b-1783-03c7-75fa1912305a,DAI HUNG 01,574161151,VNM,other,,,,,18015.739036111096,128.81135288174374,0.003860655741705685,214.0000000000002
2022-05-23T08:26:49.000Z,2024-01-15T04:07:10.000Z,a71123591462d03161cc97ee4eb82134,loitering,"[120.72026333333334, 39.88894, 120.720555, 39.88883833333333]",39.8889,120.7204,[],['8486'],"['PICES', 'WCPFC', 'IWC', 'ACAP']",['61'],['61'],[],[],[],[],42,42,8.815607,8.815607,cfdbdc423-3a78-1a10-2c4c-e2b20f3abce8,LD4-2WHPC,413269890,CHN,other,,,,,14443.67249999999,161.22189578242083,0.006027058526406481,42.00000000000002
2022-05-25T09:57:13.000Z,2024-04-04T06:55:22.000Z,f07b914bb6a340bfc9a75655fa502ee4,loitering,"[39.789966666666665, 17.216425, 39.789915, 17.213163333333334]",17.2148,39.7899,[],['8351'],"['IWC', 'PERSGA', 'ACAP', 'IOTC']","['51.1', '51']",['51'],[],[],[],[],82,81,182.051547,180.958359,53ea7c4be-eb9d-2696-2ad6-a70032dfaf5b,GOLDEN PALM,457383000,MNG,other,,,,,16316.968974999989,194.30211651014983,0.006429794031982716,81.09107176397102
2022-05-27T23:59:33.000Z,2024-04-24T15:59:24.000Z,579b681bd15cca6be145cc548cf2f8ed,loitering,"[4.609596666666667, 4.493546666666667, 4.588338333333334, 4.538251666666667]",4.5159,4.599,[],['8474'],"['FCWC', 'IWC', 'NAMMCO', 'ICCAT', 'ACAP']","['34.3.5', '34', '34.3']",['34'],[],[],[],[],104,104,7.862179,4.000447,dc6f15f85-52db-0944-7cb2-b9f0109d5163,ENSCO-DS10,538005678,MHL,other,,,,,16743.99750000001,173.86062208656915,0.005606619670642413,103.81319017188082
2022-06-06T07:59:33.000Z,2024-08-25T19:07:20.000Z,3a0cc24cee6d2dba5e7c53af5b4ad09c,loitering,"[51.92268, 26.62402833333333, 51.951843333333336, 26.637746666666665]",26.6309,51.9373,[],['8468'],"['IWC', 'RECOFI', 'ACAP', 'IOTC']","['51', '51.2']",['51'],[],[],[],[],80,84,2.9829209999999997,0.0,d1d3d7344-4cef-c7df-62a8-4f82ddd6ab8a,SEAFOX BURJ,538003607,MHL,other,,,,,19475.12970555555,288.3347577903527,0.007994211925440827,83.5133911367811
2022-06-11T03:55:00.000Z,2024-01-30T23:59:41.000Z,1ffe8ac5e241687746234fe9bc065154,loitering,"[49.136403333333334, 29.197368333333333, 48.84502, 29.402785]",29.3001,48.9907,[],['8357'],"['IOTC', 'ACAP', 'RECOFI', 'IWC']","['51', '51.2']",['51'],[],[],[],[],75,44,23.852896,9.786157,9e23edae3-3ad4-7116-9e46-14c947f2a717,ORIENTAL PHOENIX,356616000,PAN,other,,,,,14372.07805555556,224.98268953977916,0.008452565690722218,43.84890101801139
2022-06-12T16:20:22.000Z,2026-07-22T20:59:58.000Z,96191f387e622dc80b964d07f06bc766,loitering,"[11.285371666666666, -7.234776666666667, 11.286666666666667, -7.235]",-7.2349,11.286,[],['8478'],"['ICCAT', 'ACAP', 'IWC']","['47.1', '47.1.1', '47']",['47'],[],[],[],[],154,154,34.571137,33.866309,f6e7fc1e6-67c7-5a98-41ee-00c5a2c6dcb1,KAOMBO NORTE,311000270,BHS,other,,,,,36028.659999999996,1987.8020444510732,0.029790928605853053,154.2278586976232
2022-06-21T12:59:19.000Z,2024-08-28T12:14:09.000Z,bebc4f53182194b9566c3786fe371a60,loitering,"[51.999431666666666, 26.672886666666667, 52.009528333333336, 26.673856666666666]",26.6734,52.0045,[],['8468'],"['IOTC', 'IWC', 'ACAP', 'RECOFI']","['51', '51.2']",['51'],[],[],[],[],89,90,5.984783999999999,6.745246,b38256bd5-5b3b-b841-8b87-46b3272104c6,ENSCO 110,636016146,LBR,other,qat-qat-21,QAT,,ab2f79a2b0543fed9b77de2739096a0b,19175.24704999999,1213.0402074011618,0.034158063838431715,89.99995662482341
2022-07-04T02:08:36.000Z,2026-09-21T23:59:20.000Z,18626275075c921d657377bc8a8952a6,loitering,"[120.137505, 38.343736666666665, 120.13751833333333, 38.343705]",38.3437,120.1375,[],['8486'],"['IWC', 'WCPFC', 'ACAP', 'PICES']",['61'],['61'],[],[],[],[],48,48,4.447797,4.447797,74f1a24df-f4a2-0468-74d8-9c46d7687dfc,PL25-6WHPL PLATFORM,413274480,CHN,other,,,,,36981.84545,119.26732435343008,0.0017413734342074342,48.00001164857329
2022-07-05T15:24:19.000Z,2026-05-04T20:59:45.000Z,db62adc0937e79b542323fe98f4caba1,loitering,"[2.286878333333333, 56.451765, 2.28714, 56.451765]",56.4518,2.287,"['555622024', '555588156']",['5696'],"['ICES', 'NASCO', 'NAMMCO', 'NEAFC', 'IWC', 'ICCAT', 'ACAP']","['27.4.b', '27.4', '27']",['27'],[],[],[],[],264,264,30.419668,30.419668,b846bec96-6ebf-a303-6eed-ca243059f287,CLYDE ALPHA PLATFORM,232102000,GBR,other,,,,,33581.590555555566,3526.0761161893834,0.056695610807636854,263.9999995374183
2022-07-06T04:58:51.000Z,2024-02-13T06:58:52.000Z,091bdc7e37b4cda59da3c26d72c647fe,loitering,"[49.984273333333334, 28.167608333333334, 49.98008333333333, 28.16599666666667]",28.1668,49.9822,[],['8356'],"['IOTC', 'IWC', 'RECOFI', 'ACAP']","['51.2', '51']",['51'],[],[],[],[],52,52,0.98024,0.98024,85c8cb487-7cd3-1040-de8f-a4713c7f712b,BOB PALMER,538004773,MHL,other,,,,,14090.000224999983,42.31429907028034,0.001621568012888949,50.80619931459998
2022-07-15T23:58:52.000Z,2026-09-21T23:59:19.000Z,ae9e08bec8f3727cd63df3d3dce1e7f5,loitering,"[7.280411666666667, 64.24686666666666, 7.251313333333333, 64.271775]",64.2593,7.2659,[],['5686'],"['ICCAT', 'NASCO', 'ACAP', 'ICES', 'NEAFC', 'IWC', 'NAMMCO']","['27', '27.2', '27.2.a', '27.2.a.2']",['27'],[],[],[],[],72,74,4.457625,2.413657,874dc56c4-4802-5888-f11e-e27238376443,NJORD BRAVO,257093000,NOR,other,,,,,36696.00750000003,448.9312424448288,0.0066057180373618575,73.99975689491316
2022-07-26T03:23:46.000Z,2024-02-10T06:34:52.000Z,a10e010e055c4e163ea9d55340054b55,loitering,"[53.613550000000004, 24.767868333333332, 53.69915833333334, 24.85857]",24.8132,53.6564,[],['8360'],"['ACAP', 'IOTC', 'IWC', 'RECOFI']","['51.2', '51']",['51'],['8360'],[],[],[],46,58,1.501911,0.0,864407591-1d60-39e1-4e81-30ea44a135e1,SUPREME,234567899,GBR,other,,,,,13539.184772222234,670.6041342301364,0.02674439198481114,55.912912096386414
2022-08-02T04:44:08.000Z,2025-02-27T23:59:18.000Z,2da4233b8236e44294df30da546d1865,loitering,"[-90.814155, 26.429118333333335, -90.81392, 26.429111666666667]",26.4291,-90.814,[],['8456'],"['ICCAT', 'NAMMCO', 'IWC', 'ACAP']",['31'],['31'],[],[],[],[],290,290,0.0,0.0,b2ddc0ea1-1534-89c5-75d8-6f84a6053398,TURRITELLA,311000143,BHS,other,,,,,22579.25276666669,902.3962409678181,0.021579765936398432,289.99980637964603
2022-08-03T15:53:04.000Z,2026-09-21T23:59:11.000Z,1e47b159b558c2d7263aa6b4ddaee920,loitering,"[-39.959711666666664, -22.425306666666668, -39.95822166666667, -22.426205]",-22.4258,-39.959,[],['8464'],"['ICCAT', 'IWC', 'ACAP']","['41.2', '41', '41.2.1']",['41'],[],[],[],[],116,116,0.0,0.0,52be41853-36f0-6fe1-6c21-25263ebc3b57,PETROBRAS 53,538002370,MHL,other,,,,,36248.101944444476,569.2122755435048,0.00847906578008659,116.00011734853577
2022-08-09T15:13:28.000Z,2024-04-04T04:44:47.000Z,1f0ae2bf4ae8317ad96176b214b41514,loitering,"[102.33666666666667, 8.066666666666666, 102.33666666666667, 8.066666666666666]",8.0667,102.3367,[],['8332'],"['APFIC', 'ACAP', 'WCPFC', 'IWC', 'SEAFDEC']",['71'],['71'],[],[],[],[],96,96,208.38175,208.38175,46aea5a5b-bb08-9638-272d-818307e8fb27,PATHUMABAHA FSO2,355626000,PAN,other,,,,,14485.52194444444,542.5620233716625,0.020224335508227227,95.15274575168152
2022-08-11T10:06:35.000Z,2024-11-13T03:23:00.000Z,4b69bf47c800e57a80c64bf531888faa,loitering,"[119.54952, 38.11804, 119.54949333333333, 38.11807666666667]",38.1181,119.5495,[],['8486'],"['IWC', 'WCPFC', 'ACAP', 'PICES']",['61'],['61'],[],[],[],[],52,52,0.0,0.0,907fe93d6-6247-e461-a67b-308ba73e5dea,BZ34-2/4WHPB,413283850,CHN,gear,,,,,19793.273347222228,547.6008662981944,0.014938449449416294,52.0000108491914
2022-08-13T16:48:37.000Z,2026-09-21T23:51:50.000Z,d3c50957793b70c5ded9e2fc7a870213,loitering,"[-89.10322333333333, 28.15401, -89.10166666666667, 28.153333333333332]",28.1537,-89.1024,[],['8456'],"['ACAP', 'ICCAT', 'IWC', 'NAMMCO']",['31'],['31'],[],[],[],[],91,91,0.0,0.0,d66c5737e-e1df-2715-0fc9-b4683b9d64cc,URSA TLP,367063220,USA,other,,,,,36007.053611111136,1441.4143855297457,0.02161525106918405,90.99999999999999
2022-08-21T00:47:34.000Z,2026-09-21T23:58:55.000Z,976f91a129dfe93c707a61f120f41742,loitering,"[-89.27853166666667, 28.114753333333333, -89.20833333333333, 28.025]",28.0699,-89.2434,[],['8456'],"['ACAP', 'IWC', 'ICCAT', 'NAMMCO']",['31'],['31'],[],[],[],[],91,101,6.804024999999999,14.751841,d824d661e-e33e-10d9-320b-257be37146f7,VITO FPU,366101000,USA,other,,,,,35831.18916666669,701.8896883114104,0.010577101159448345,100.9992030707253
2022-08-21T05:59:05.000Z,2025-04-28T11:59:45.000Z,e9b2fdfcfeb0786e6f7e64ce4512da7e,loitering,"[51.997655, 26.601008333333333, 51.98247666666666, 26.602325]",26.6017,51.9901,[],['8468'],"['RECOFI', 'IOTC', 'IWC', 'ACAP']","['51', '51.2']",['51'],[],[],[],[],84,83,1.111949,2.278364,7f0a30567-7145-cd70-9b89-24476aedff19,QMS ACHIEVER,351175000,PAN,other,,,,,23550.010977777787,139.77688674882674,0.0032048172307481003,83.99999750633188
2022-08-25T16:58:13.000Z,2024-02-01T13:49:48.000Z,3c5f2aaa14d902c38d9bcf29ddd2bb5a,loitering,"[-0.9003333333333333, 58.0025, -0.9056666666666666, 57.844]",57.9233,-0.903,[],['5696'],"['IWC', 'ICES', 'NAMMCO', 'ICCAT', 'ACAP', 'NEAFC', 'NASCO']","['27', '27.4.a', '27.4']",['27'],[],[],[],[],70,60,4.601443000000001,5.3204899999999995,0874cfef5-5846-57f0-e5b2-2c466d1e02bc,COSLINNOVATOR,566391000,SGP,other,,,,,12596.859666666669,205.80165973003798,0.008821564205225365,64.49993914563626
2022-09-04T15:52:42.000Z,2024-04-23T05:48:45.000Z,99ab38c29c653bb44e193b22cc98a8a2,loitering,"[-91.069895, 27.73344833333333, -91.14, 27.72833333333333]",27.7309,-91.1049,[],['8456'],"['NAMMCO', 'ICCAT', 'IWC', 'ACAP']",['31'],['31'],[],[],[],[],147,148,5.940396,5.338979,ed2ea4606-66a1-23d2-bb4d-a86d5942cc47,HELIX PRODUCER 1,311062000,BHS,other,usa-usa-76,USA,,32099f84a8fa49c056c05abe0fa76265,14317.93416666666,471.466497503524,0.017779907350121246,147.99937888465675
2022-09-27T15:38:41.000Z,2024-02-09T09:59:47.000Z,9290bdc52ce6a2cdf1117dce8357f58b,loitering,"[-88.28833333333333, 28.52, -88.28833333333333, 28.52]",28.52,-88.2883,[],['8456'],"['IWC', 'NAMMCO', 'ACAP', 'ICCAT']",['31'],['31'],[],[],[],[],98,98,8.949127,8.949127,c35b1a7de-e7b4-df0a-54b6-a1f4354ffc3e,NA KIKA FPDS,369494396,USA,other,,,,,11994.351666666655,269.9028629710082,0.012150376375772475,98.00000000000013
2022-09-29T16:22:17.000Z,2025-12-07T14:24:47.000Z,593eef4829a3c3198461298a0cc60c93,loitering,"[10.817286666666666, -4.247071666666667, 10.817305, -4.247058333333333]",-4.2471,10.8173,['555624884'],['8476'],"['ACAP', 'IWC', 'COREP', 'ICCAT']","['34.3.6', '34.3', '34']",['34'],[],[],[],[],49,49,39.737987999999994,39.737987999999994,a82238cf7-7044-1e37-f2a9-f08073dd60b6,BW ADOLO,563085600,SGP,other,,,,,27958.041666666704,638.3314633780006,0.012328167352355653,49.00000000000001
2022-10-03T10:21:05.000Z,2024-05-20T16:32:24.000Z,193165d55f3a40b67368ec880fc59f91,loitering,"[10.59349, -4.095623333333333, 10.648291666666667, -4.1828]",-4.1392,10.6209,['555624884'],['8476'],"['COREP', 'IWC', 'ACAP', 'ICCAT']","['34.3', '34', '34.3.6']",['34'],[],[],[],[],56,56,38.387715,45.578061999999996,46f1627bd-dc7c-ad67-9746-f80f6f13439d,HIBISCUS ALPHA,576831000,VUT,other,,,,,14286.188611111127,123.35237588250428,0.0046621920228873135,55.99903269799002
2022-10-03T22:23:32.000Z,2024-07-11T09:05:15.000Z,db7b3d138f4c13ed0dfdc4949bfb8946,loitering,"[121.05888, 39.97755, 121.05836666666667, 39.97705]",39.9773,121.0586,[],['8486'],"['PICES', 'IWC', 'ACAP', 'WCPFC']",['61'],['61'],[],[],[],[],40,40,3.584775,3.584775,38375c9ba-ad07-0f77-796e-ef0cec37fed9,JX1-1CEPA,413298220,CHN,other,,,,,15514.69527222224,701.9181426724718,0.02442880571967043,39.99999824798786
2022-10-05T17:03:11.000Z,2024-09-23T23:59:25.000Z,087ba4952e103b58156e377d716705bf,loitering,"[-90.55592333333334, 27.509176666666665, -90.55609666666666, 27.50905]",27.5091,-90.556,[],['8456'],"['NAMMCO', 'IWC', 'ICCAT', 'ACAP']",['31'],['31'],[],[],[],[],171,171,3.335848,3.335848,2f98a0868-8b6b-e52e-c0c9-e52fd76d6852,STAMPEDE TLP,366054900,USA,other,,,,,17262.937222222226,501.510979445712,0.015686453694036945,170.99999999999986
2022-10-06T07:58:16.000Z,2025-02-01T18:57:01.000Z,86ada6d223d88ad7cb0c2b288ec23480,loitering,"[121.90081833333333, 27.149491666666666, 121.90079166666666, 27.149468333333335]",27.1495,121.9008,[],['8486'],"['WCPFC', 'IWC', 'ACAP', 'APFIC']",['61'],['61'],[],[],[],[],85,85,58.148766,58.148766,620f7684e-efc2-ea8d-3f96-16b4f482f5ec,LS361,412379960,CHN,other,,,,,20386.978955555544,111.81580019918748,0.002961483512737157,84.99999999999999
2022-10-07T10:59:04.000Z,2025-06-18T10:25:42.000Z,c65419a9b8e2c0a207b96d32845bae8b,loitering,"[52.24017333333333, 26.174045, 52.251041666666666, 26.16515]",26.1696,52.2456,[],['8468'],"['IWC', 'IOTC', 'ACAP', 'RECOFI']","['51', '51.2']",['51'],[],[],[],[],57,56,15.694872,15.852905,046fcd12f-fc36-ae8e-1d84-2cbf834be56b,NOBLE MICK OBRIEN,636015376,LBR,other,irn-tombak,IRN,,e444c063e65233a42c5b25987fdd646a,23639.4438305556,24.31723018074068,0.0005554383585081655,55.99962896033852
2022-10-19T14:42:25.000Z,2024-02-14T18:53:13.000Z,d76fec32bbdb91281122a2a9409f4af4,loitering,"[-92.040295, 26.131548333333335, -92.04054833333333, 26.132156666666667]",26.1319,-92.0404,[],['8456'],"['ICCAT', 'ACAP', 'IWC', 'NAMMCO']",['31'],['31'],[],[],[],[],342,342,0.0,0.0,aba0f0936-6f08-ddbb-dcb3-b807a653f58a,LUCIUS SPAR,3791472,,other,,,,,11596.18,2118.902309314949,0.09866315612319321,341.9998821161529
2022-10-19T20:59:47.000Z,2026-09-21T23:59:46.000Z,fa56c8cf3861b0001407c36bf134cc4f,loitering,"[1.2916666666666667, 59.92333333333333, 1.2959566666666666, 59.92612333333334]",59.9247,1.2938,[],['5696'],"['NEAFC', 'ACAP', 'NAMMCO', 'NASCO', 'IWC', 'ICCAT', 'ICES']","['27.4', '27', '27.4.a']",['27'],[],[],[],[],126,126,39.078871,40.315148,6f91a41ee-e671-f34d-27b8-2ff79460156a,ARMADA KRAKEN,566489000,SGP,other,,,,,34394.999722222194,1196.3122781802058,0.018780548302888146,125.5683418039117
2022-10-20T13:57:14.000Z,2026-01-16T06:08:53.000Z,fcd0488e2a38f893b7e73c4eafcd3c6f,loitering,"[-89.92421666666668, 27.370016666666668, -89.92431666666667, 27.370216666666668]",27.3701,-89.9243,[],['8456'],"['ACAP', 'NAMMCO', 'ICCAT', 'IWC']",['31'],['31'],[],[],[],[],179,179,17.209342,17.209342,c6c50a44e-e3c7-f191-ef43-b9eca7ec680c,NEPTUNE,3660489,,other,,,,,28408.19416666668,315.38606106223574,0.005994567918909654,178.99999999999991
2022-10-20T20:59:54.000Z,2026-09-21T23:51:05.000Z,b0de1f25099daf2afc216ffc70ea7abf,loitering,"[-42.750683333333335, -24.784855, -42.720126666666665, -24.776245]",-24.7805,-42.7354,[],['8464'],"['ICCAT', 'IWC', 'ACAP']","['41.2', '41', '41.2.1']",['41'],[],[],[],[],195,195,26.271178,23.245672,14c1392ba-ac3b-b8aa-6495-9d41017359d1,PETROBRAS 71,636017688,LBR,other,,,,,34370.853055555526,49.01860865483173,0.0007700690813908055,195.00124119861533
2022-11-01T03:56:31.000Z,2024-07-05T12:59:20.000Z,5bd417e353297bc38e0f1df7344c9dd3,loitering,"[49.286010000000005, 28.408720000000002, 49.25722, 28.4439]",28.4263,49.2716,[],['8356'],"['RECOFI', 'IOTC', 'ACAP', 'IWC']","['51.2', '51']",['51'],[],[],[],[],67,67,0.978032,0.977755,acb3401d4-4fa5-47f6-10a0-8849d25adf02,ADMARINE 680,636021593,LBR,other,,,,,14697.04694444444,274.9504489037059,0.0101014418787633,67.00008709787546
2022-11-07T01:59:29.000Z,2024-08-25T17:59:14.000Z,ee8b0d72562441ce3f60a93fd96aa77f,loitering,"[-17.632368333333332, 13.707721666666666, -17.57255, 13.689496666666667]",13.6986,-17.6025,[],['8371'],"['ACAP', 'NAMMCO', 'IWC', 'ICCAT', 'SRFC']","['34.3.12', '34.3', '34.3.1', '34']",['34'],[],[],[],[],95,88,88.632727,88.33479700000001,2f2f27483-388c-7369-7e0f-178f6390d2d2,OCEAN BLACKRHINO,538005360,MHL,other,esp-laspalmas,ESP,LAS PALMAS,235f6b8b2ffc36cfb3b641f23824207e,15783.995833333342,94.51389570067539,0.0032332383728149302,89.96584821017278
2022-11-08T18:21:22.000Z,2024-04-07T10:59:02.000Z,0bf3512885e363489dabdfac502c59d5,loitering,"[49.66218333333334, 28.422303333333332, 49.69389666666667, 28.408886666666668]",28.4156,49.678,[],['8356'],"['IOTC', 'ACAP', 'RECOFI', 'IWC']","['51', '51.2']",['51'],[],[],[],[],79,77,1.480779,0.978032,744924d73-3522-5882-bc62-e2f00956024c,BOB KELLER,538003160,MHL,other,,,,,12376.627777777781,1261.9805810201199,0.05505659641589128,78.99995126199042
2022-11-09T18:53:28.000Z,2024-05-11T13:55:04.000Z,5cc31a9cdb7cc00177903168bb82d46c,loitering,"[119.49164, 38.12020333333333, 119.49170666666667, 38.119906666666665]",38.1201,119.4917,[],['8486'],"['WCPFC', 'IWC', 'ACAP', 'PICES']",['61'],['61'],[],[],[],[],47,47,0.0,0.0,d6d406b1f-f3b6-d07f-2e1b-da470d7c207c,BZ34-2/4CEPA,413283450,CHN,other,,,,,13171.026666666665,878.5719386118644,0.03601776137765726,47.000297671255446
2022-11-16T03:13:49.000Z,2026-09-21T23:59:11.000Z,e1d8ef081783b57b2f6356da62e78c85,loitering,"[105.95097000000001, 5.023498333333333, 105.95227166666666, 5.023963333333334]",5.0237,105.9516,[],['8492'],"['SEAFDEC', 'IWC', 'ACAP', 'WCPFC', 'APFIC']",['71'],['71'],[],[],[],[],179,179,136.75925,136.75925,60be17fd7-7731-72f3-781a-7c9b4d9af1b2,FSO KAKAP NATUNA,636007757,LBR,other,,,,,33740.75611111109,1640.8656252703418,0.02625894200484693,179.0431756027205
2022-11-18T22:53:07.000Z,2026-02-01T18:52:07.000Z,3149e2881f16268f2123534ab5643138,loitering,"[2.2934766666666664, 57.16091333333333, 2.2934966666666665, 57.160826666666665]",57.1609,2.2935,[],['5696'],"['NAMMCO', 'IWC', 'NEAFC', 'NASCO', 'ICCAT', 'ICES', 'ACAP']","['27', '27.4.b', '27.4']",['27'],[],[],[],[],247,247,0.0,0.0,2db4afc9f-fe7c-087b-425d-01c926df9f69,HAEWENE BRIM,306483000,BES,other,,,,,28099.983333333374,85.39541259555283,0.0016409203332224019,246.99999999999974
2022-11-28T15:57:12.000Z,2024-07-13T17:59:31.000Z,d84b57d204fd5a15ad6b543eabe9e308,loitering,"[-56.99483333333333, 8.081, -56.882351666666665, 8.021555]",8.0513,-56.9386,[],['8460'],"['ICCAT', 'ACAP', 'NAMMCO', 'IWC', 'CRFM']",['31'],['31'],[],[],[],[],181,184,191.194891,195.0285,1873c13e2-27a8-2f42-800f-ba8b90ffad57,NOBLE DON TAYLOR,636015382,LBR,other,,,,,14234.03861111112,838.7659623601373,0.03181791199652296,189.3459459989155
2022-12-01T19:38:05.000Z,2024-09-28T08:00:31.000Z,85e42f8ac90ab3271e78acec02384650,loitering,"[121.055, 33.42666666666667, 121.05561333333333, 33.42728]",33.427,121.0553,[],['8486'],"['WCPFC', 'PICES', 'ACAP', 'IWC']",['61'],['61'],[],[],[],[],40,40,10.050521,10.050521,5e575bf11-15f7-009a-2bab-25f252eb4cba,AX-YCGN-DFH5-H52-A,415666201,,other,,,,,15996.373888888877,146.19491636314487,0.004934802116356617,40.00000000000007
2022-12-02T18:19:25.000Z,2024-02-06T02:55:23.000Z,cda22579bb5fde8b1991172859172f31,loitering,"[121.20833333333333, 33.48166666666667, 121.20833333333333, 33.48166666666667]",33.4817,121.2083,[],['8486'],"['ACAP', 'PICES', 'IWC', 'WCPFC']",['61'],['61'],[],[],[],[],54,54,21.515092,21.515092,43db90992-2011-ce25-63c1-f33255d8b042,AX-JSLY-DFH4-SY-A,415666218,,other,,,,,10328.599444444444,224.5081571763842,0.011736800090926173,54.00000000000004
2022-12-04T05:50:27.000Z,2024-02-07T02:01:24.000Z,83ca978e1cd1a078a54b0d93d4c6f822,loitering,"[119.80837333333334, 38.02330666666667, 119.80841333333333, 38.023266666666665]",38.0233,119.8084,[],['8486'],"['ACAP', 'IWC', 'PICES', 'WCPFC']",['61'],['61'],[],[],[],[],51,51,3.767765,3.767765,881418174-4ecc-8d6a-7376-471a1c68e337,KL6-1WHPC,412212345,CHN,fishing,,,,,10316.18250000001,35.90363498540775,0.0018792234413419723,50.99999999999997
2022-12-06T20:56:15.000Z,2024-07-05T21:41:16.000Z,f6458e4bd15da5449f7f6605c79dcc1f,loitering,"[-17.209653333333332, 4.844991666666667, -17.209665, 4.844986666666666]",4.845,-17.2097,[],[],"['NAMMCO', 'ACAP', 'IWC', 'ICCAT']","['34.3', '34.3.3', '34']",['34'],[],['63203'],[],[],553,553,578.31825,578.31825,6819f252c-c0d9-4454-1da9-2cf0ccdfc702,KIN A,371672000,PAN,other,nga-bonny,NGA,BONNY,20382e73b0593469de4ea80f3ce7f53f,13848.750277777779,0.0,0.0,552.5335325183256
2022-12-06T22:59:02.000Z,2024-04-10T16:59:49.000Z,0f97f5f9d74e56aa44c89b3fa770f338,loitering,"[11.615685000000001, -5.224661666666666, 11.508665, -5.03354]",-5.1291,11.5622,[],['8394'],"['ICCAT', 'COREP', 'ACAP', 'IWC']","['34.3', '34.3.6', '34']",['34'],[],[],[],[],48,44,5.544916,15.086678,8eec8c60a-a97e-9251-da4c-a7da81c49596,AXIMA,376417000,VCT,other,gab-portgentil,GAB,,613b6c13d59d34e1589b3ace6a8a15de,11778.013055555552,264.0382904634078,0.012104696321531692,38.036586873184866
2022-12-10T21:29:48.000Z,2024-02-22T11:47:18.000Z,afc91215ebe9292a1e29749840080bc8,loitering,"[49.12307666666666, 28.33792, 49.117823333333334, 28.33487]",28.3364,49.1205,[],['8356'],"['RECOFI', 'ACAP', 'IOTC', 'IWC']","['51.2', '51']",['51'],['8356'],[],[],[],49,49,0.978678,1.481328,2f8193b52-26d7-475e-cdd2-ea34ceabbede,COSL BOSS,563039500,SGP,other,,,,,10526.291666666672,191.57030156334704,0.009826792848307023,49.000055835602154
2022-12-13T06:23:23.000Z,2024-05-19T09:57:45.000Z,578cc809d602808e56ebd39f33a5f29d,loitering,"[49.367531666666665, 28.449588333333335, 49.368226666666665, 28.449365]",28.4495,49.3679,[],['8356'],"['IOTC', 'ACAP', 'IWC', 'RECOFI']","['51.2', '51']",['51'],[],[],[],[],76,76,1.955325,1.955325,a07c5d3d0-03bf-b77e-f68a-4418b423ea46,SINOOCEAN WISDOM,636021141,LBR,other,,,,,12555.572777777785,133.35649878515116,0.005735042923053471,75.99999999999986
2022-12-14T09:57:11.000Z,2025-01-31T14:05:38.000Z,5351fe513772df417e932f8cb3855aa1,loitering,"[11.443123333333334, -5.3805266666666665, 11.443115, -5.38045]",-5.3805,11.4431,[],['8478'],"['COREP', 'IWC', 'ACAP', 'ICCAT']","['34', '34.3', '34.3.6']",['34'],[],[],[],[],74,74,0.0,0.0,fe5c0a706-6c77-f757-d663-782dc24f85cc,FPU ALIMA,636013145,LBR,other,,,,,18700.140833333346,47.8084727995166,0.0013804446918876702,74.00000207182902
2022-12-14T22:14:43.000Z,2024-09-10T14:12:25.000Z,8721eb0f4af8c627190f0bf635a1c1c0,loitering,"[-88.82555, 28.742493333333336, -88.825535, 28.74245833333333]",28.7425,-88.8255,[],['8456'],"['ICCAT', 'ACAP', 'IWC', 'NAMMCO']",['31'],['31'],[],[],[],[],42,42,32.147453,32.147453,0cdb21051-1c45-6fdd-1efa-f310a973b7ed,MATTERHORN MC-243,367376530,USA,other,,,,,15255.96166666667,339.64130030731053,0.01202098136076077,42.00000000000002
2022-12-20T21:14:24.000Z,2026-09-21T23:39:17.000Z,bb3b0e0571dc1496b545d29f6b1afc85,loitering,"[110.49976666666666, 8.159751666666667, 110.5, 8.16]",8.1599,110.4999,[],['8484'],"['IWC', 'ACAP', 'APFIC', 'SEAFDEC', 'WCPFC']",['71'],['71'],[],[],[],[],308,308,305.640375,305.640375,0493ed9c0-0d3f-dc1f-9303-261890c7c94c,DKI/17,574128295,VNM,seismic_vessel,,,,,32906.41472222222,367.2252754833433,0.006025748704985111,308.0000000000002
2022-12-22T03:20:58.000Z,2025-12-15T05:40:34.000Z,dc0531ff98ee7bd7213f254636aa705c,loitering,"[117.92737333333334, 0.08609, 117.927305, 0.08603833333333333]",0.0861,117.9273,[],['8492'],"['APFIC', 'SEAFDEC', 'IWC', 'WCPFC', 'ACAP']",['71'],['71'],[],[],[],[],42,42,0.0,0.0,d9b895023-3a9d-62f7-b4e1-8e69a010797d,FPU WEST SENO,525000021,IDN,other,,,,,26138.32666666667,617.3974529861113,0.012753989933151263,41.99995541477897
2022-12-22T07:29:00.000Z,2024-06-14T16:59:41.000Z,a055c80ef5e768d0485463205419b2db,loitering,"[110.60282833333333, 17.414266666666666, 110.60166666666667, 17.413333333333334]",17.4138,110.6022,[],['8486'],"['APFIC', 'ACAP', 'IWC', 'WCPFC']",['61'],['61'],[],[],[],[],123,123,131.224344,131.224344,b7c52a874-4acd-b58f-5ef0-efcada3ab192,LINGSHUI17-2,413274980,CHN,other,,,,,12969.511388888894,214.95136628914858,0.008949022762674202,122.99999999999989
2022-12-22T18:53:19.000Z,2024-12-26T23:58:35.000Z,a2e6dbfe52e7024ae4669ec87fdd1051,loitering,"[10.581701666666667, -4.097441666666667, 10.648253333333333, -4.181661666666667]",-4.1396,10.615,['555624884'],['8476'],"['IWC', 'ICCAT', 'COREP', 'ACAP']","['34.3.6', '34', '34.3']",['34'],[],[],[],[],57,56,38.210992,45.578061999999996,fbcb8a74f-fd50-c378-a694-87b7aaac72e9,NORVE,576432000,VUT,other,gab-etame,GAB,,63b58ffc49e1fdcb8f585245ce177e05,17645.0877777778,406.08624106346025,0.01242663291979332,56.00018835106499
2022-12-23T00:55:47.000Z,2026-09-21T23:59:18.000Z,321807173438d19dcf297ad5da3fa852,loitering,"[130.00048666666666, 35.430875, 130.00018666666668, 35.431021666666666]",35.4309,130.0003,[],['8327'],"['ACAP', 'PICES', 'IWC', 'WCPFC']",['61'],['61'],[],[],[],[],51,51,46.549887000000005,46.549887000000005,683cab890-07bb-21ae-5a0b-486f275be936,DONGHAE-1,440106770,KOR,other,,,,,32855.05861111111,7289.856592566027,0.1198052242110874,51.00000059988393
2022-12-30T09:42:01.000Z,2026-09-21T22:02:44.000Z,bff01ddc51506d363248c930cd660f37,loitering,"[117.65, -1.2616666666666667, 117.65, -1.2616666666666667]",-1.2617,117.65,[],['8492'],"['SEAFDEC', 'APFIC', 'ACAP', 'WCPFC', 'IWC']",['71'],['71'],[],[],[],[],47,47,32.416924,32.416924,4989df1ef-f756-7caa-7e3e-bc9ab8b0a959,JANGKRIK,525158700,IDN,other,,,,,32676.34527777772,515.7053288565951,0.00852171803570278,47.000000000000014
2022-12-31T06:52:59.000Z,2024-12-23T03:10:08.000Z,24cf124728c5a4f3ef8ada66ce1ecfe6,loitering,"[103.70951, 8.132286666666667, 103.71, 8.131666666666666]",8.132,103.7098,[],['8484'],"['IWC', 'SEAFDEC', 'WCPFC', 'APFIC', 'ACAP']",['71'],['71'],[],[],[],[],123,123,280.048344,280.048344,bc08e7cc0-0d17-4702-7638-51b7660c852a,DK1/10,574128288,VNM,other,,,,,17348.28583333335,305.09811616687426,0.009496027741789568,122.99999999999987
2022-12-31T08:58:36.000Z,2024-03-09T09:58:13.000Z,e0100375773fb117afaba9d441ed79f5,loitering,"[71.24355333333334, 19.51057, 71.38864166666667, 19.363775]",19.4372,71.3161,[],['8480'],"['ACAP', 'IWC', 'IOTC']","['51', '51.4']",['51'],[],[],[],[],135,141,5.4472059999999995,3.337786,7b6d61f52-25aa-f6c6-4d1d-baa307df2029,PARAMESWARA,576674000,VUT,other,,,,,10416.993611111116,344.3533933927927,0.017849291695559655,138.12295216197245
2022-12-31T09:18:34.000Z,2024-01-20T17:11:51.000Z,bd3091679d9e0e66ec7e98bebe046e28,loitering,"[107.62, 18.488333333333333, 107.62, 18.488333333333333]",18.4883,107.62,[],['8486'],"['APFIC', 'SEAFDEC', 'IWC', 'ACAP', 'WCPFC']",['61'],['61'],[],[],[],[],111,111,110.80389100000001,110.80389100000001,9b4c1ef35-5546-b3a0-df8a-4a5e44ba23c9,DF13-2CEPB,413495810,CHN,other,,,,,9247.888055555553,255.01068050141805,0.014889318627499615,111.00000000000006
2022-12-31T15:57:46.000Z,2026-09-21T20:33:24.000Z,3dc57394c50ed8b9caa1456943a7b104,loitering,"[101.78666666666666, 8.256666666666666, 101.79166666666667, 8.256666666666666]",8.2567,101.7892,[],['8332'],"['SEAFDEC', 'APFIC', 'IWC', 'ACAP', 'WCPFC']",['71'],['71'],[],[],[],[],103,103,168.07407800000001,168.07407800000001,bade0265b-bd8b-b3fa-e875-9170fe92ee20,AURORA,636017940,LBR,other,,,,,32644.593888888903,1422.814010418439,0.02353400711898724,103.00000000000006
2022-12-31T19:14:52.000Z,2026-09-21T23:33:08.000Z,a6249bc295760434cfe5be5ead1a0dee,loitering,"[109.92666666666666, 7.805, 109.92666666666666, 7.805]",7.805,109.9267,[],['8484'],"['ACAP', 'IWC', 'APFIC', 'WCPFC', 'SEAFDEC']",['71'],['71'],[],[],[],[],315,315,379.480219,379.480219,71f426c19-9af8-785e-e353-361d47e1008f,DK1/15,574128293,VNM,other,,,,,32644.304444444417,716.1191148687175,0.011845049074827536,315.0001087210999
2023-01-01T00:03:45.000Z,2024-09-23T07:11:31.000Z,2ddbea655c8596ea3cf0e71283b08cdf,loitering,"[119.33252, 38.951251666666664, 119.33249666666667, 38.95123666666667]",38.9512,119.3325,[],['8486'],"['ACAP', 'IWC', 'PICES', 'WCPFC']",['61'],['61'],[],[],[],[],40,40,8.469104,8.469104,ad1a12c68-8943-6732-1d1d-5e4874418e21,HAI YANG SHI YOU 161,413301270,CHN,other,,,,,15151.1294444445,39.41284046343944,0.0014045970255737203,39.999999999999915
2023-01-01T00:16:22.000Z,2024-08-28T03:09:06.000Z,092331da8542ecfd7ee00cb49f10bcf3,loitering,"[52.29006833333333, 26.69332, 52.258035, 26.690511666666666]",26.6919,52.2741,[],['8469'],"['IOTC', 'ACAP', 'RECOFI', 'IWC']","['51', '51.2']",['51'],[],[],[],[],78,79,6.830078,8.024829,88a0bdc3b-b04d-baa1-67b5-1c7f9b4fb455,SEA PAD,511140000,PLW,other,irn-asaluyeh,IRN,,1de57bf0a31ff080cd45a59a11a1acbc,14522.878888888903,24.8347543447162,0.0009233496108571508,78.47907563590067
2023-01-02T13:12:25.000Z,2026-09-21T22:59:31.000Z,d745dad6cf96f810c44fcd60625aef1f,loitering,"[-40.677006666666664, -22.701686666666667, -40.67697833333333, -22.701658333333334]",-22.7017,-40.677,[],['8464'],"['ICCAT', 'ACAP', 'IWC']","['41.2.1', '41.2', '41']",['41'],[],[],[],[],83,83,0.0,0.0,e85ae5c32-2a98-8b07-3b83-6d40e381bf45,PLATAFORMA 65,538003593,MHL,other,,,,,32601.78500000005,468.5941290583789,0.007760942784098498,82.99999999999983
2023-01-03T08:59:06.000Z,2026-04-14T08:13:36.000Z,0df9fb325413b949013520165d551e88,loitering,"[7.522453333333333, 4.02919, 7.526308333333334, 4.032358333333334]",4.0308,7.5244,[],['8474'],"['ICCAT', 'FCWC', 'IWC', 'ACAP', 'NAMMCO']","['34.3.5', '34.3', '34']",['34'],[],[],[],[],46,47,1.1092,0.0,05cc7d51c-c596-a17c-09ea-bebd17581ba6,FSO YOHO,538003021,MHL,other,,,,,28727.241666666665,748.2154719131859,0.014063446786787786,46.575529397955655
2023-01-05T07:50:29.000Z,2024-04-01T05:59:30.000Z,2c7cbf3ef1696ea3fc78653163b0e6d4,loitering,"[51.5763, 26.679766666666666, 51.5792, 26.680716666666665]",26.6802,51.5778,[],['8468'],"['RECOFI', 'IWC', 'ACAP', 'IOTC']","['51.2', '51']",['51'],[],[],[],[],65,65,28.547701,28.547701,14cab2a7f-f7a3-62a0-747b-4523bcb58991,KHAWR ALADID,466244000,QAT,other,irn-asaluyeh,IRN,,7c92118c2e67c7fa613bccff71604fbf,10846.150277777786,906.7323453998616,0.04514009913869008,64.99988095415199
2023-01-05T10:29:19.000Z,2025-11-24T07:59:28.000Z,68c285043265b44778683716c0abb580,loitering,"[49.999993333333336, 28.166543333333333, 49.97502333333333, 28.177813333333333]",28.1722,49.9875,[],['8356'],"['RECOFI', 'IWC', 'ACAP', 'IOTC']","['51', '51.2']",['51'],[],[],[],[],52,53,0.98024,1.482299,32c1544e0-0f35-f24e-f3eb-19d3a7d1c903,ROWAN MISSISSIPPI,538003147,MHL,other,,,,,25293.50249999998,748.5920018129758,0.0159806790060592,51.99997763870641
2023-01-05T19:57:56.000Z,2024-05-02T00:58:50.000Z,5ba7c5f15ec7a691bd002d6de70dd172,loitering,"[108.64081166666666, 8.358556666666667, 108.69795833333333, 8.501135]",8.4298,108.6694,[],['8484'],"['SEAFDEC', 'APFIC', 'WCPFC', 'ACAP', 'IWC']",['71'],['71'],[],[],[],[],212,217,270.730219,263.395,3adf0a092-2455-365f-a393-d494d557f8a9,PVN DAIHUNG QUEEN,574002600,VNM,other,vnm-hochiminh,VNM,,f2172bc0579548bad6aaeffdd77f8c5e,11573.015,1039.8013967104584,0.04851353241973468,215.92878057785163
2023-01-08T00:01:03.000Z,2026-02-06T06:59:19.000Z,d5608b822d7177c4f4ced38282f72da0,loitering,"[110.5, 7.82, 110.5, 7.82]",7.82,110.5,[],['8484'],"['IWC', 'APFIC', 'ACAP', 'WCPFC', 'SEAFDEC']",['71'],['71'],[],[],[],[],340,340,326.487062,326.487062,ffac75eda-aab1-3e2e-2ebb-85fdc0fec085,DK1/8,574128286,VNM,other,,,,,27006.971111111117,1109.2988814761613,0.022178476647921837,339.99999999999926
2023-01-08T06:56:05.000Z,2024-02-02T11:46:05.000Z,19617922d2d68320e153187690baba46,loitering,"[49.319473333333335, 28.48394, 49.68217, 28.46492]",28.4744,49.5008,[],['8356'],"['ACAP', 'RECOFI', 'IWC', 'IOTC']","['51.2', '51']",['51'],[],[],[],[],74,83,1.4804739999999998,0.97757,741898249-9a74-c749-60ac-bf63be91cf1a,BESS BRANTS,538004529,MHL,other,,,,,9364.833333333345,295.51726830642883,0.017038910771934705,83.38463098352054
2023-01-17T14:59:40.000Z,2024-04-25T16:57:30.000Z,253374e9b7acd6c83b74d3964c9d75bf,loitering,"[148.41969333333333, -38.16998, 148.41833333333332, -38.16833333333334]",-38.1692,148.419,[],['8323'],"['IOTC', 'CCSBT-Primary-Area', 'CCSBT', 'WCPFC', 'ACAP', 'IWC', 'FFA']","['57', '57.6']",['57'],[],[],[],[],41,41,49.583023000000004,49.583023000000004,de49910a4-4091-3ce6-55b8-f71474784ee3,,700000000,,fishing,,,,,11137.963888888884,263.52293976871556,0.012775315633472185,41.00000000000005
2023-01-18T00:01:40.000Z,2025-03-05T19:54:42.000Z,fb1fb2e860f67a22426eae90a40b7197,loitering,"[101.257065, 10.522598333333333, 101.23625166666666, 10.517708333333333]",10.5202,101.2467,[],['8332'],"['WCPFC', 'ACAP', 'SEAFDEC', 'IWC', 'APFIC']",['71'],['71'],[],[],[],[],154,153,181.884312,180.13575,17f1543b0-0dc8-80ce-f4a4-d164cf1682c5,FSO BENCHAMAS 2,533368000,MYS,other,,,,,18667.883888888922,962.9210057379948,0.027851884623523,153.99996697499415
2023-01-20T22:58:37.000Z,2025-04-21T06:59:12.000Z,9925794f31bfe7bd1d8d4c93ee934c00,loitering,"[51.92888333333333, 26.420186666666666, 51.94010333333333, 26.42674166666667]",26.4235,51.9345,[],['8468'],"['RECOFI', 'IOTC', 'IWC', 'ACAP']","['51', '51.2']",['51'],[],[],[],[],66,67,4.4777629999999995,4.5614170000000005,92c3dd128-8cb2-cd37-5d73-571f0487ec85,AOS MAINTAINER 1,374167000,PAN,other,qat-raslaffan,QAT,,d3f435c29415db47e46f219247737d7e,19712.00972222221,415.29248693507753,0.01137580626757944,70.99930240502869
2023-02-01T05:10:33.000Z,2024-01-02T12:58:06.000Z,72dde1a0bd33bec6e986e1c286ab87af,loitering,"[-92.01474333333333, 19.524916666666666, -91.83054, 19.37015166666667]",19.4475,-91.9226,[],['8429'],"['ACAP', 'ICCAT', 'IWC', 'NAMMCO']",['31'],['31'],[],[],[],[],77,67,1.5280340000000001,14.727711,f581931b9-9ba1-af99-dd0d-76a54096ada1,PAPALOAPAN,345070348,MEX,other,,,,,8047.792500000001,51.309748305248554,0.0034425648624787147,80.9901330329733
2023-02-01T10:04:45.000Z,2024-06-28T13:08:03.000Z,abbc0ec73980ec5532a0102158a79cba,loitering,"[120.08770833333334, 38.367808333333336, 120.08738666666666, 38.36785833333333]",38.3678,120.0875,[],['8486'],"['IWC', 'ACAP', 'WCPFC', 'PICES']",['61'],['61'],[],[],[],[],54,54,0.0,0.0,72e0f31d8-80e8-bd92-6a7d-a338a6584a66,PL19-3WHPM,413274520,CHN,other,,,,,12315.055000000008,448.8006205211061,0.01967778044397865,54.0
2023-02-03T23:48:43.000Z,2024-02-02T11:10:57.000Z,fe95efc377db39addb5e165e0dcee055,loitering,"[49.519823333333335, 28.353206666666665, 49.519783333333336, 28.353226666666668]",28.3532,49.5198,[],['8356'],"['IOTC', 'RECOFI', 'IWC', 'ACAP']","['51', '51.2']",['51'],[],[],[],[],76,76,4.069392,4.069392,ba916a78b-b993-a319-5d55-06804b2392d0,ARABDRILL 70,403514000,SAU,other,sau-dammam,SAU,,7bd0031fde512f8bf7a06ef4f2dd7c6b,8723.370555555552,417.21322222839956,0.025824549857100754,76.00000000000006
2023-02-06T11:32:49.000Z,2026-09-21T23:59:13.000Z,4898a778db5d1313c310eb95bdd4baab,loitering,"[10.731235, -6.245886666666666, 10.731733333333333, -6.240173333333333]",-6.243,10.7315,[],['8477'],"['ACAP', 'ICCAT', 'IWC']","['47', '47.1', '47.1.1']",['47'],[],[],[],[],169,169,0.0,0.0,43a7f38e0-03e9-9fec-ce58-53a0b77b627e,FPSO PSVM,311010200,BHS,other,,,,,31764.440000000068,960.0130666318438,0.01631905321593127,169.00000038444753
2023-02-11T03:58:31.000Z,2024-01-15T06:59:08.000Z,f564da4eed0bb288819cc0d7139f1a27,loitering,"[11.792991666666667, -7.652083333333334, 11.794721666666666, -7.6738583333333334]",-7.663,11.7939,[],['8478'],"['ACAP', 'ICCAT', 'IWC']","['47', '47.1.1', '47.1']",['47'],[],[],[],[],124,125,1.1020530000000002,1.102001,3606caeea-a38e-51a4-bf1c-30266c5dedcf,SONANGOL QUENGUELA,311000242,BHS,other,,,,,8115.0102777777865,71.57987366839586,0.0047627838357261415,124.30872915277207
2023-02-12T01:55:08.000Z,2024-02-19T09:57:30.000Z,26e933208c870dda636d90720d095670,loitering,"[2.0388333333333333, 61.3125, 1.9353166666666666, 61.37652666666666]",61.3445,1.9871,[],['5686'],"['NASCO', 'ICCAT', 'NAMMCO', 'ICES', 'NEAFC', 'IWC', 'ACAP']","['27.4', '27.4.a', '27']",['27'],[],[],[],[],136,142,6.167936,9.838757,24e64d81c-c660-31d1-7fba-9644689b41c7,COSL PROMOTER,565798000,SGP,other,nor-nor-838,NOR,,1e790b573b15fdc3033df090f14a85ea,8936.039444444446,87.11298515393707,0.005263769178240245,138.31997973134625
2023-02-16T00:59:37.000Z,2025-03-29T20:58:24.000Z,a0f3b9bda88943cf50af52e7e4f6bc4c,loitering,"[-42.703451666666666, -24.547968333333333, -42.56722833333333, -24.591591666666666]",-24.5698,-42.6353,[],['8464'],"['ACAP', 'ICCAT', 'IWC']","['41.2', '41.2.1', '41']",['41'],[],[],[],[],171,178,20.257531,6.732984,4b489f48d-db49-985d-ac74-ad79797f2009,ALMIRANTEBARROSOMV32,311000917,BHS,other,,,,,18547.979722222215,2933.8895030922004,0.08540949588617339,177.9952326518891
2023-02-21T15:11:48.000Z,2026-09-21T23:21:46.000Z,02ff79c33e2e700228d17bb5171cb3da,loitering,"[11.376666666666667, -7.366666666666666, 11.37485, -7.36285]",-7.3648,11.3758,[],['8478'],"['IWC', 'ICCAT', 'ACAP']","['47', '47.1', '47.1.1']",['47'],[],[],[],[],152,152,17.83518,19.283877,f3f0ee900-0735-d0ad-b34b-dff7037a8088,KAOMBO SUL,311000307,BHS,other,,,,,31400.16611111113,1829.6562161442978,0.03146274189748897,152.06311707329687
2023-02-23T16:23:17.000Z,2026-05-07T04:55:51.000Z,6a38c67f77e8757cb2c4291a580b421b,loitering,"[2.153173333333333, 56.49348, 2.1531533333333335, 56.49347]",56.4935,2.1532,"['555588156', '555622024']",['5696'],"['ICES', 'ICCAT', 'ACAP', 'NAMMCO', 'IWC', 'NASCO', 'NEAFC']","['27.4', '27', '27.4.b']",['27'],[],[],[],[],257,257,25.837117,25.837117,0fea54ff1-1cc1-e88b-296a-33a2c586270a,FULMAR ALPHA,232115000,GBR,other,,,,,28044.54277777779,96.08222262374076,0.0018499231814164444,256.9999999999999
2023-02-23T20:49:04.000Z,2024-03-06T04:59:03.000Z,553b5858a3cf9e6fb24ad2964c8a2441,loitering,"[10.303693333333333, -6.573095, 10.455295, -6.4358216666666666]",-6.5045,10.3795,[],['8477'],"['IWC', 'ICCAT', 'ACAP']","['47.1.1', '47', '47.1']",['47'],[],[],[],[],223,203,59.164086000000005,36.334648,36d383238-827a-5c80-4239-b6cf7910dffb,EVEREST,374867000,PAN,other,ven-puertolacruz,VEN,,59c13e831bfdc1f5953b9856b6c6aef2,9032.166388888892,3153.599390281224,0.18852702362203072,199.00282449676993
2023-02-24T12:00:29.000Z,2024-03-10T08:55:49.000Z,77ceb542937932ae40e0478e4c87b601,loitering,"[11.090786666666666, -4.472645, 11.091666666666667, -4.473333333333334]",-4.473,11.0912,[],['8394'],"['COREP', 'ACAP', 'IWC', 'ICCAT']","['34.3.6', '34.3', '34']",['34'],[],[],[],[],44,44,2.480359,2.480359,ca28fd3a6-6dde-f7d7-529a-2d01575b835b,LA NOUMBI,375114000,VCT,other,,,,,9116.922222222223,527.6998255512643,0.03125343224869056,44.00000000000002
2023-02-28T01:55:02.000Z,2026-09-21T23:59:07.000Z,59b5668609a91da19ce847c398b14f2a,loitering,"[119.82994666666667, 38.16845333333333, 119.829907, 38.168437]",38.1684,119.8299,[],['8486'],"['WCPFC', 'PICES', 'ACAP', 'IWC']",['61'],['61'],[],[],[],[],63,63,11.153851000000001,11.153851000000001,ca67e4aa1-1304-9959-ec83-fdc6587ae788,BZ29-6WHPA,413512870,CHN,other,,,,,31246.06805555557,148.52725106576798,0.0025666685347079526,63.0
2023-02-28T13:08:56.000Z,2024-01-14T09:25:15.000Z,9967c5c913bd6b6abb68d31af6b958e4,loitering,"[103.818865, 6.367955, 103.81833333333333, 6.366666666666666]",6.3673,103.8186,[],['8483'],"['APFIC', 'WCPFC', 'ACAP', 'SEAFDEC', 'IWC']",['71'],['71'],[],[],[],[],107,107,137.021547,137.021547,85a6145b6-6a9b-18e9-efa0-6ce9beb2c89d,FSO SEPAT,533062800,MYS,other,mys-kemamananchorage,MYS,,f736426e4d42ff444caabede2ee6edf6,7676.271944444442,162.31590894856024,0.011417466705215578,107.00000000000007
2023-03-08T13:21:34.000Z,2024-02-02T13:10:45.000Z,93f58ba4421cd7b8a7374425b806b58f,loitering,"[49.68206333333333, 28.455473333333334, 49.68204, 28.455646666666667]",28.4556,49.6821,[],['8356'],"['ACAP', 'RECOFI', 'IOTC', 'IWC']","['51', '51.2']",['51'],[],[],[],[],83,83,0.97757,0.97757,e0574b5d0-0bc1-4428-23a4-422772c6a66f,ENSCO 141,636016551,LBR,other,,,,,7943.819722222225,603.2507162407977,0.04100411890171098,82.99846580646886
2023-03-10T00:01:50.000Z,2024-02-13T11:58:22.000Z,f2ccdb97ded8e009b0f54e1323068a84,loitering,"[0.89, 57.96666666666667, 0.5590316666666667, 57.98020833333333]",57.9734,0.7245,[],['5696'],"['NEAFC', 'ACAP', 'NAMMCO', 'ICES', 'ICCAT', 'NASCO', 'IWC']","['27', '27.4', '27.4.a']",['27'],[],[],[],[],166,147,15.012914,31.889285,b371352b7-7ff3-6f9a-d475-d66216ba4ad0,PAUL B LOYD JNR,576364000,VUT,other,,,,,8171.942222222226,166.46345660725132,0.01099898573406699,153.59760919517763
2023-03-13T22:52:30.000Z,2024-12-14T03:56:03.000Z,97c317987ff769af25132c7f1044c321,loitering,"[-89.16239, 28.011305, -89.15972666666667, 28.01234]",28.0118,-89.1611,[],['8456'],"['ICCAT', 'ACAP', 'NAMMCO', 'IWC']",['31'],['31'],[],[],[],[],105,105,16.643016,16.643016,489960012-2a10-a174-4fb0-765ce9d0899d,DEEPWATER PONTUS,538005125,MHL,other,usa-ac857platform,USA,,dba262a7cdfb74860bc35fd37d3e77fd,15389.059166666671,365.56501385384644,0.012826600651670994,105.01832250654928
2023-03-14T23:54:36.000Z,2024-01-18T13:54:44.000Z,815d8be4d20abd64290a36307d2eff36,loitering,"[1.3874, 57.45007, 1.3874316666666666, 57.450118333333336]",57.4501,1.3874,"['555583052', '555560481']",['5696'],"['ICCAT', 'ACAP', 'IWC', 'NEAFC', 'NASCO', 'ICES', 'NAMMCO']","['27.4.b', '27', '27.4']",['27'],[],[],[],[],190,190,16.77592,16.77592,c74917ef3-3bcd-0789-5cf1-dcdbdb5fda6b,MONTROSE ALPHA,232589000,GBR,other,,,,,7430.002222222221,25.655233228835105,0.0018644298227423262,190.0000000000001
2023-03-15T13:04:55.000Z,2025-10-13T19:57:57.000Z,283a77e3d98aad3c10bd184f36bf8300,loitering,"[1.6727716666666668, 57.152723333333334, 1.6236333333333333, 57.112413333333336]",57.1326,1.6482,[],['5696'],"['NEAFC', 'NASCO', 'ACAP', 'IWC', 'ICES', 'NAMMCO', 'ICCAT']","['27', '27.4.b', '27.4']",['27'],[],[],[],[],211,209,15.13642,17.337370999999997,38ec64bfe-ead7-5947-12cc-36123e270477,ROWAN GORILLA VI,538005011,MHL,other,gbr-gbr-395,GBR,,05f8ce4dde6575616400b5dd2459c026,22638.883888888886,1662.757918113909,0.039658202886323685,211.0000023009467
2023-03-15T14:27:19.000Z,2024-10-09T15:42:18.000Z,669f31f4a36eb62d0ad25a248b007cf3,loitering,"[1.963415, 57.19477833333333, 1.9611399999999999, 57.19401]",57.1944,1.9623,[],['5696'],"['NAMMCO', 'ICCAT', 'IWC', 'ACAP', 'NEAFC', 'ICES', 'NASCO']","['27.4', '27.4.b', '27']",['27'],[],[],[],[],227,227,3.012576,3.012576,b707c8846-688c-d74a-fd5c-370f91cd78f1,AILSA,232005797,GBR,other,,,,,13777.249722222241,530.8111368216609,0.020803505086695366,226.99999999999974
2023-03-20T04:58:55.000Z,2025-01-11T02:47:20.000Z,8739f0b616306fdfea77e7512e484841,loitering,"[2.483146666666667, 56.599945, 2.335523333333333, 56.69867333333333]",56.6493,2.4093,[],['5696'],"['ICES', 'ACAP', 'NEAFC', 'ICCAT', 'NAMMCO', 'NASCO', 'IWC']","['27', '27.4', '27.4.b']",['27'],[],[],[],[],276,264,21.220639,8.23998,bae94fccd-d8f1-06c5-a4c2-a4c3d0283319,ENSCO 120,636015426,LBR,other,,,,,15909.806944444443,1939.7165213867618,0.06583129111217663,270.62545073399434
2023-03-20T10:58:34.000Z,2024-07-01T01:57:03.000Z,6ed41690d931d077b95012222a214654,loitering,"[4.478678333333334, 5.311111666666666, 4.420775, 5.32502]",5.3181,4.4497,[],['8474'],"['FCWC', 'ACAP', 'IWC', 'ICCAT', 'NAMMCO']","['34', '34.3.5', '34.3']",['34'],[],[],[],[],80,85,14.010447000000001,7.005121,6c2e3fc93-35b0-03b6-e678-4170f923deab,BLACKFORD DOLPHIN,310803000,BMU,other,nam-walvisbay,NAM,WALVIS BAY,1d97bbdc4eed2becbe4f048976c3a319,11246.974722222225,101.84162524834781,0.004889321776386852,84.99916838906584
2023-03-23T22:50:04.000Z,2024-09-26T20:05:21.000Z,fcabe3eef759bea3dcff002c59f96f56,loitering,"[2.17628, 57.28695, 2.176365, 57.28695333333334]",57.287,2.1763,[],['5696'],"['NASCO', 'IWC', 'ACAP', 'ICCAT', 'ICES', 'NAMMCO', 'NEAFC']","['27', '27.4.b', '27.4']",['27'],[],[],[],[],239,239,15.899669,15.899669,510299412-2d89-0825-714c-74eb78f61e7d,LOMOND,2320208,,other,,,,,13269.254722222226,33.846619870118346,0.001377297599257286,238.99927969656085
2023-03-25T13:00:14.000Z,2026-09-21T23:40:01.000Z,9a8e5563674f64b280ac3c9080656c23,loitering,"[11.052171666666666, -6.321578333333333, 11.051666666666666, -6.321666666666666]",-6.3216,11.0519,[],['8477'],"['ACAP', 'IWC', 'ICCAT']","['47', '47.1.1', '47.1']",['47'],[],[],[],[],136,136,2.223899,2.223899,f2e5f5df8-8ff4-0afe-f9d1-ba036dd78a99,KIZOMBA A FPSO,603500186,AGO,other,,,,,30634.663055555557,491.93873643805233,0.008670755318621581,135.99999999999963
2023-03-29T10:52:55.000Z,2024-07-09T12:02:22.000Z,a09fe2e3bd35c61302b527547b2e879a,loitering,"[120.114025, 38.409825, 120.11390666666667, 38.40984]",38.4098,120.114,[],['8486'],"['ACAP', 'PICES', 'IWC', 'WCPFC']",['61'],['61'],[],[],[],[],54,54,2.223899,2.223899,96cf8a1e2-2353-3e58-5e0f-d4887a42cde3,PL19-3WHPK,413274510,CHN,other,,,,,11233.157499999996,263.3493154927298,0.012658707454756802,53.99999999999997
2023-03-30T02:59:38.000Z,2024-09-12T04:59:09.000Z,6c4d48099951732b12d3a3ade8f37c16,loitering,"[49.09298666666667, 28.335183333333333, 49.089616666666664, 28.33423]",28.3347,49.0913,[],['8356'],"['ACAP', 'RECOFI', 'IWC', 'IOTC']","['51', '51.2']",['51'],['8356'],[],[],[],47,46,1.9573559999999999,2.251229,a7020cbfd-d519-79f3-82d5-20a82f756787,ADMARINE 507,636022396,LBR,other,,,,,12769.991944444442,167.55299189467314,0.007084685589974067,46.000034199841146
2023-04-01T05:58:23.000Z,2024-05-07T18:51:35.000Z,755c973400a92aa8be8c9445ed78e00c,loitering,"[-42.71408, -24.30107, -42.714166666666664, -24.301058333333334]",-24.3011,-42.7141,[],['8464'],"['ACAP', 'IWC', 'ICCAT']","['41.2.1', '41', '41.2']",['41'],[],[],[],[],144,144,0.0,0.0,09f19f790-07ed-81b3-fd19-c684575484ca,CIDADE DE SANTOS,308108000,BHS,other,,,,,9660.886666666665,26.729929371670995,0.0014939629992683275,144.00000000000006
2023-04-02T00:00:57.000Z,2025-08-23T12:40:47.000Z,5ab8fde61cff0bc531b31542bc46d8a9,loitering,"[1.5683333333333334, 59.358333333333334, 1.569465, 59.36103]",59.3597,1.5689,[],['5696'],"['ICCAT', 'NASCO', 'IWC', 'NEAFC', 'ICES', 'ACAP', 'NAMMCO']","['27', '27.4.a', '27.4']",['27'],[],[],[],[],169,169,0.0,0.0,c4618be83-3bf3-1da8-07ee-d5f5314d3682,GRYPHON A,235010630,GBR,other,gbr-scapaflow,GBR,,334ba9698faa3078f537a498d5c0a040,20988.663888888914,361.1250668363134,0.00929034538686839,168.99999999999957
2023-04-07T06:59:35.000Z,2024-04-04T07:59:32.000Z,56978778deb2ffc08ac315267bd85005,loitering,"[50.47248666666667, 26.890961666666666, 50.491365, 26.90381]",26.8974,50.4819,[],['8356'],"['IOTC', 'RECOFI', 'ACAP', 'IWC']","['51', '51.2']",['51'],[],[],[],[],41,44,2.273792,0.0,364c87680-0d51-8a89-d939-060b18a5cbe0,ROWAN EXL-I,538003727,MHL,other,,,,,8712.999166666676,662.357002413241,0.04104719430455222,43.99992744540385
2023-04-09T08:58:53.000Z,2026-09-21T23:59:02.000Z,b74f4b808cf26b5acd2ebdc05dce8069,loitering,"[-40.336955, -22.281583333333334, -40.334345, -22.23098]",-22.2563,-40.3356,[],['8464'],"['ICCAT', 'IWC', 'ACAP']","['41', '41.2.1', '41.2']",['41'],[],[],[],[],74,73,2.450424,3.335848,315bd9a68-857e-bc01-ba87-373ca79a013a,FSO PARGO,375589000,VCT,other,,,,,30279.0025,451.5990877886768,0.008053237549218955,73.00021425256254
2023-04-10T01:58:47.000Z,2024-01-20T00:05:57.000Z,7c6e0b676452393b332f9ebaf52bccea,loitering,"[71.40141166666666, 19.574766666666665, 71.31833333333333, 19.533333333333335]",19.5541,71.3599,[],['8480'],"['ACAP', 'IWC', 'IOTC']","['51.4', '51']",['51'],[],[],[],[],133,135,1.5277660000000002,1.0479749999999999,71f664e75-58ad-690b-6740-8ee2949aea9c,RIG ABAN III,355126000,PAN,other,,,,,6838.1194444444445,183.61128853516945,0.014498454617721486,132.19542127363766
2023-04-10T06:58:22.000Z,2026-09-21T23:12:03.000Z,e2eacc9d8919d179a8c11c76cfbff595,loitering,"[-57.04515166666667, 8.198358333333333, -57.00333333333333, 8.195]",8.1967,-57.0242,[],['8460'],"['NAMMCO', 'ICCAT', 'CRFM', 'IWC', 'ACAP']",['31'],['31'],[],[],[],[],184,189,196.953453,200.454781,a557f25e3-35da-387e-585e-8a0335589d52,PROSPERITY,311000949,BHS,other,,,,,30256.228055555577,305.37374115913406,0.005449741746817811,188.9819812605274
2023-04-10T11:55:17.000Z,2026-09-03T11:42:08.000Z,13ddfe776e907ea27d94b98ca20a75e5,loitering,"[7.744761666666666, 3.9695650000000002, 7.7724166666666665, 3.96991]",3.9697,7.7586,[],['8474'],"['FCWC', 'NAMMCO', 'IWC', 'ACAP', 'ICCAT']","['34', '34.3.5', '34.3']",['34'],[],[],[],[],57,58,5.546405,2.218562,e2664b329-95ad-5cd8-bff5-676bdbebbb1d,OSHE HONMI,657201300,NGA,other,,,,,29807.78083333334,194.06770075236997,0.003515463829332422,57.000109541337494
2023-04-11T04:18:34.000Z,2025-04-11T06:34:18.000Z,42017692e0e8def912b104a97b7dbe47,loitering,"[124.54617666666667, -12.66092, 124.5435, -12.658666666666667]",-12.6598,124.5448,[],['8323'],"['CCSBT', 'IOTC', 'FFA', 'ACAP', 'IWC']","['57.5.1', '57.5', '57']",['57'],[],[],[],[],177,177,187.698906,186.932859,51373ed6b-bd26-9707-7b9c-aa41b0ce2f01,MONTARA VENTURE,503694000,AUS,gear,,,,,17546.262222222227,1603.707785675498,0.049351418476677046,176.99999999999991
2023-04-12T21:00:19.000Z,2025-06-21T01:59:01.000Z,01a06fd10f043e8362d896776eb5b923,loitering,"[109.83706833333333, 7.530813333333334, 109.83666666666667, 7.53]",7.5304,109.8369,[],['8484'],"['ACAP', 'WCPFC', 'IWC', 'SEAFDEC', 'APFIC']",['71'],['71'],[],[],[],[],341,341,404.548656,404.548656,231c8377b-b44e-33bd-928a-360d0d53dc49,DK1/14,574128292,VNM,other,,,,,19204.978333333318,606.6111502471794,0.01705515163532165,341.0000000000001
2023-04-13T02:35:39.000Z,2025-06-12T23:17:01.000Z,04798903cc479f4c5f4b85d6c796fe46,loitering,"[106.641575, 4.411293333333333, 106.64164, 4.411198333333333]",4.4112,106.6416,[],['8492'],"['ACAP', 'SEAFDEC', 'APFIC', 'IWC', 'WCPFC']",['71'],['71'],[],[],[],[],112,112,123.086875,123.086875,e1634a0d9-94d8-1893-a819-30e40a028ea7,NORTH BELUT CPP,16995,,other,,,,,19004.68944444445,95.62192706164998,0.0027167878868748427,112.00004036742556
2023-04-15T09:52:47.000Z,2025-05-31T00:57:19.000Z,94f7d6a91f023ede480154040778f8e2,loitering,"[-92.37443333333333, 19.718446666666665, -92.24665666666667, 19.64303]",19.6807,-92.3105,[],['8429'],"['IWC', 'NAMMCO', 'ICCAT', 'ACAP']",['31'],['31'],[],[],[],[],69,70,5.9409410000000005,3.496404,4d96b1e6e-edcb-31fe-92e9-06e9ea793cbd,WEST INTREPID,564304000,SGP,other,,,,,18639.075555555566,312.86305755378186,0.009063353811330629,72.99812856562879
2023-04-17T12:51:43.000Z,2024-05-16T20:40:43.000Z,d9b72d084c4343c1410a2ed09c05be32,loitering,"[10.493816666666667, -3.7592, 10.493916666666667, -3.7591]",-3.7591,10.4939,['555624884'],['8476'],"['IWC', 'COREP', 'ICCAT', 'ACAP']","['34.3', '34', '34.3.6']",['34'],[],[],[],[],39,39,4.438223,4.438223,c726e115c-c624-780b-1ff3-fa138d82371b,TELI,636022281,LBR,other,,,,,9487.816666666673,3.4314457188687233,0.00019528544096996485,38.99991053794299
2023-04-22T04:59:14.000Z,2025-06-16T20:04:07.000Z,ed04e8e16523aaddd7caa7b4319e1615,loitering,"[49.53044, 28.362428333333334, 49.532761666666666, 28.360345]",28.3614,49.5316,[],['8356'],"['IWC', 'ACAP', 'IOTC', 'RECOFI']","['51.2', '51']",['51'],[],[],[],[],76,76,3.1388960000000004,3.1388960000000004,8009f898d-dab2-e6b1-7526-fadb573f9fce,PERRO NEGRO 11,636019001,LBR,other,,,,,18879.081388888884,96.88128908527148,0.00277088223158679,75.99999957426942
2023-04-24T00:59:07.000Z,2024-02-21T11:54:06.000Z,359b8a2ae231d36858083a7702a4391a,loitering,"[116.43485833333334, -19.583566666666666, 116.460775, -19.583471666666668]",-19.5835,116.4478,[],['8323'],"['IOTC', 'IWC', 'ACAP', 'CCSBT', 'FFA']","['57.5', '57', '57.5.1']",['57'],[],[],[],[],94,93,60.045262,60.081684,23c2ad2bf-f686-cd3c-1965-3ad6fd6de87b,OKHA,503597000,AUS,other,mys-pasirgudang,MYS,PASIR GUDANG,532230ffd0e76af075881b35bce033de,7282.916388888891,417.36533455358267,0.03094354512466987,92.25392980709415
2023-04-25T18:59:38.000Z,2024-02-29T16:59:41.000Z,52c7cf033fa9aa5dae37a93dca7a0993,loitering,"[-43.98166666666667, -25.418166666666668, -43.98683333333334, -25.446666666666665]",-25.4324,-43.9843,[],['8464'],"['ICCAT', 'ACAP', 'IWC']","['41', '41.2', '41.2.1']",['41'],[],[],[],[],207,209,5.14292,4.591095,96c36e844-472e-042c-d6fd-101a69e5a96f,WEST SATURN,352026000,PAN,other,bra-bra-na,BRA,BRA-NA,003b35acf3c55fec24b911d5f55de8fa,7438.000833333335,333.2498985391402,0.02419205832308277,207.0342833492516
2023-04-27T20:31:26.000Z,2026-04-21T23:59:44.000Z,9a7460f78a7a9f29e373a9fed9f86917,loitering,"[-91.26065666666666, 26.23509333333333, -91.260915, 26.234866666666665]",26.235,-91.2608,[],['8456'],"['IWC', 'ICCAT', 'ACAP', 'NAMMCO']",['31'],['31'],[],[],[],[],313,315,1.111949,0.0,ee3fc446a-aef1-4d25-f8ee-ac89ac798a03,JACK ST MALO,367544280,USA,other,,,,,26163.471666666686,1490.9958655837945,0.030770892020878904,313.37948970357417
2023-04-28T03:58:55.000Z,2024-02-07T23:03:41.000Z,faa054e35e57efae5e0a0e0609117112,loitering,"[49.21637333333334, 28.426443333333335, 49.23654666666667, 28.435233333333333]",28.4308,49.2265,[],['8356'],"['ACAP', 'IOTC', 'IWC', 'RECOFI']","['51.2', '51']",['51'],[],[],[],[],63,65,1.111949,0.977755,2be4df323-3aa6-1d6a-d498-f1b11e0ea0a0,ADMARINE 682,636021576,LBR,other,,,,,6859.079444444446,535.4529761580975,0.042151644364078006,64.97924643395419
2023-04-28T09:59:18.000Z,2026-02-22T17:59:04.000Z,58df70ba86b012fc3c72513c8f1a6329,loitering,"[-40.15528333333334, -22.427533333333333, -40.108305, -22.394783333333333]",-22.4112,-40.1318,[],['8464'],"['ICCAT', 'ACAP', 'IWC']","['41.2.1', '41', '41.2']",['41'],[],[],[],[],98,101,8.222610000000001,3.918792,7cbbdc70d-d9f0-c868-f0bc-1752fcdeb30f,ANITA GARIBALDI MV33,311000848,BHS,other,,,,,24751.99611111112,1902.5781248942449,0.04150412750677201,100.99629475521374
2023-04-29T08:59:38.000Z,2024-03-28T12:59:17.000Z,b00c736dc618a4d49283909e8edb7b87,loitering,"[49.2035, 28.449, 49.22084, 28.45711]",28.4531,49.2122,[],['8356'],"['RECOFI', 'IOTC', 'ACAP', 'IWC']","['51', '51.2']",['51'],[],[],[],[],62,64,0.9776630000000001,1.480596,e6f6e2346-6563-f834-ba7a-0c85beb3f372,SD VICTORY,577583000,VUT,other,,,,,8019.994166666674,6.9946220962658465,0.0004709222612876559,63.00007719061606
2023-04-30T00:59:06.000Z,2024-07-17T18:57:43.000Z,f0b8d151e36d1d32e79d797e45de84b4,loitering,"[-42.56728666666667, -24.747911666666667, -42.51146166666667, -24.69054]",-24.7192,-42.5394,[],['8464'],"['ACAP', 'IWC', 'ICCAT']","['41', '41.2.1', '41.2']",['41'],[],[],[],[],196,190,9.220825000000001,3.759452,b053f0be2-25b1-3647-c23c-e2e4a5ddefa2,SAFE ZEPHYRUS,565911000,SGP,other,,,,,10673.976944444446,373.3820599106935,0.01888801002535656,194.6173025853808
2023-04-30T22:17:30.000Z,2024-01-15T08:35:37.000Z,4169fbca8c3b00adf489ee2af2308933,loitering,"[71.02666666666667, 19.301666666666666, 70.875, 19.216666666666665]",19.2592,70.9508,[],['8480'],"['IWC', 'IOTC', 'ACAP']","['51.4', '51']",['51'],[],[],[],[],156,163,26.568924,44.401477,39bc4cc03-32ea-c9fe-e473-2591884ee9ce,VIVEKANAND2,351515000,PAN,other,ind-mumbai,IND,MUMBAI,902eff6abf80dbbffaa79acda5019069,6226.30194444444,207.06254034145053,0.017956859207246097,160.99659796822164
2023-05-03T22:43:27.000Z,2025-11-18T23:55:49.000Z,30f1498787776ce015098eeeeb3bb72b,loitering,"[-92.20166, 19.588895, -92.22604, 19.65234166666667]",19.6206,-92.2139,[],['8429'],"['IWC', 'NAMMCO', 'ACAP', 'ICCAT']",['31'],['31'],[],[],[],[],73,68,0.0,5.4456310000000006,1ac8e1647-7cae-aeed-2556-cb920d66432c,YUNUEN,357942000,PAN,other,,,,,22321.206111111063,1426.9068055244227,0.03451731208900315,72.99947744417122
2023-05-07T02:14:08.000Z,2024-02-06T13:53:09.000Z,603c7559069b752b175e805073fe6a5f,loitering,"[71.41666666666667, 18.935, 71.18801166666667, 19.26207]",19.0985,71.3023,[],['8480'],"['ACAP', 'IOTC', 'IWC']","['51', '51.4']",['51'],[],[],[],[],144,161,38.932402,15.277688,c3a462f9f-f90e-bf8c-daa2-e8062fe50a50,SAGAR JYOTI,419900758,IND,other,,,,,6611.650277777772,306.372865526199,0.02502069924828183,149.2110033712506
2023-05-12T01:59:44.000Z,2024-01-04T08:58:01.000Z,a603514e4d09252a31e88eaa83e6610d,loitering,"[71.47065333333333, 19.291875, 71.47734666666666, 19.344365]",19.3181,71.474,[],['8480'],"['IOTC', 'ACAP', 'IWC']","['51.4', '51']",['51'],[],[],[],[],133,132,2.459083,3.941064,cc34fa7ed-d540-0264-4db8-a0e01a247059,COMPACT DRILLER,576621000,VUT,other,,,,,5694.971388888892,10.649232469593962,0.0010096847079438488,135.99912706444343
2023-05-18T23:43:00.000Z,2024-01-05T20:23:50.000Z,d294ddfd3d196f0a7a58bf66390d9a70,loitering,"[119.94248, 35.1688, 119.9424, 35.168868]",35.1688,119.9424,[],['8486'],"['IWC', 'PICES', 'WCPFC', 'ACAP']",['61'],['61'],[],[],[],[],42,42,4.308884,4.308884,2dafd41bc-c62b-a735-f365-916f8a09d5e2,,79036128,,gear,,,,,5564.680555555553,106.37241967982906,0.01032161884815273,42.000000000000014
2023-05-22T06:58:05.000Z,2024-03-04T21:26:32.000Z,3a3f482848dc3085345cb02857a1223b,loitering,"[3.6250833333333334, 53.26865, 3.625105, 53.268613333333334]",53.2686,3.6251,[],['5668'],"['ICCAT', 'IWC', 'ICES', 'NASCO', 'NEAFC', 'ACAP', 'NAMMCO']","['27.4.c', '27.4', '27']",['27'],[],[],[],[],76,76,30.120539,30.120539,64d0127ab-b409-b35a-55b0-9a0acd1ccd16,NAM PLATFORM K14FA1C,245621000,NLD,other,,,,,6902.474166666662,78.55448324930781,0.0061450469278461544,76.06215724858319
2023-05-22T12:57:07.000Z,2026-08-08T19:38:54.000Z,d29a036162ddd376b393b75d1fbb7edd,loitering,"[8.174563333333333, 4.1025133333333335, 8.173333333333334, 4.101666666666667]",4.1021,8.1739,[],['8474'],"['NAMMCO', 'ICCAT', 'IWC', 'FCWC', 'ACAP']","['34.3', '34.3.5', '34']",['34'],[],[],[],[],49,49,1.111949,1.111949,e95ceaea1-1a01-25c0-fad4-f073ff48fab3,VIRINI PREM (FSO),657246500,NGA,other,nga-calabar,NGA,,ed82a7097e6f465fab58754c2a5ce2b6,28182.696388888846,339.2008430466181,0.006498803393884899,49.00000000000007
2023-05-23T07:59:25.000Z,2024-02-27T23:59:12.000Z,020c08fa4c645845663e30b79c663cff,loitering,"[53.611093333333336, 24.829616666666666, 53.61449833333333, 24.836673333333334]",24.8331,53.6128,[],['8360'],"['IOTC', 'IWC', 'ACAP', 'RECOFI']","['51', '51.2']",['51'],['8360'],[],[],[],52,52,0.0,0.0,6a963c6c1-1e37-2c50-4667-30f0ff8a74c5,QMS SURPRISE XI,352001263,PAN,other,,,,,6735.996388888895,156.0041343617852,0.012505275961075953,52.00019755777765
2023-05-24T05:57:49.000Z,2024-01-12T18:59:10.000Z,219f0504b366dcdc078759632b230069,loitering,"[39.814053333333334, 17.160496666666667, 39.802933333333335, 17.137395]",17.1489,39.8085,[],['8351'],"['PERSGA', 'IWC', 'ACAP', 'IOTC']","['51', '51.1']",['51'],[],[],[],[],76,74,175.910469,173.51946900000002,96b8c4cdd-d16c-32a7-2d29-84153988884f,ATHENA,621819058,DJI,other,sau-jeddah,SAU,JEDDAH,921d0d0eb86e12e542b88dbfdd4331a1,5605.022500000003,186.30106014217702,0.017947211615079575,73.99728623850261
2023-05-26T03:59:21.000Z,2024-04-17T19:59:12.000Z,9a15fb33f7d7f11fb31d758516feb63f,loitering,"[49.454526666666666, 28.475688333333334, 49.442748333333334, 28.491745]",28.4837,49.4486,[],['8356'],"['RECOFI', 'IOTC', 'IWC', 'ACAP']","['51', '51.2']",['51'],[],[],[],[],84,84,6.747428,6.608287000000001,46d4d2a72-2129-5e49-7e08-909cb2942cc4,LOVANSING,372780000,PAN,cargo,,,,,7863.997500000004,123.99894103800246,0.00851399963374537,83.00007317046253
2023-05-26T17:00:07.000Z,2024-03-03T03:53:57.000Z,b265681c4d57070275d25f2cc45d046f,loitering,"[105.60570166666666, 5.22145, 105.60166666666667, 5.218333333333334]",5.2199,105.6037,[],['8492'],"['APFIC', 'WCPFC', 'IWC', 'ACAP', 'SEAFDEC']",['71'],['71'],[],[],[],[],208,209,97.452828,96.34555499999999,5501cf6db-bb98-6318-3fdd-382de76017cf,FPSO ANOA NATUNA,525157800,IDN,other,,,,,6754.897222222225,383.6527093690552,0.030667511847040755,208.6641232389511
2023-05-27T05:59:56.000Z,2024-01-24T18:33:03.000Z,f86f8a66bad34ed3d4e1fff2fde7cae1,loitering,"[1.2338233333333333, 57.154288333333334, 1.627945, 57.234046666666664]",57.1942,1.4309,"['555583052', '555560481']",['5696'],"['IWC', 'ICES', 'ACAP', 'NAMMCO', 'NEAFC', 'NASCO', 'ICCAT']","['27', '27.4', '27.4.b']",['27'],[],[],[],[],185,207,18.423669999999998,17.438046999999997,8e2919795-55df-0ed9-71ab-c39fbd80b1c9,MAERSK INNOVATOR,220106000,DNK,other,,,,,5820.551944444446,52.12486828297415,0.004835482532801572,202.00218851003672
2023-05-27T12:57:33.000Z,2024-01-22T04:55:18.000Z,3727001c689812d773d42f443f36487f,loitering,"[49.90867333333333, 28.446308333333334, 49.76754666666667, 28.677235]",28.5618,49.8381,[],['8469'],"['RECOFI', 'ACAP', 'IWC', 'IOTC']","['51.2', '51']",['51'],[],[],[],[],81,79,17.913758,17.129434,e9a0f5205-5428-28de-d3be-61a108a33021,DCI-1,373368000,PAN,other,irn-khark,IRN,,efb16da1ba87ea6c2ae3983e5faea54b,5751.9625,311.03175344970447,0.029197636696332973,90.98212050664871
2023-05-30T23:58:36.000Z,2024-04-01T23:29:07.000Z,0826e018a7675f8c20b05811c0ac5784,loitering,"[119.907467, 35.169317, 119.901847, 35.171732]",35.1705,119.9047,[],['8486'],"['PICES', 'WCPFC', 'IWC', 'ACAP']",['61'],['61'],[],[],[],[],40,39,3.335848,3.4575120000000004,404388a27-72c5-1ea6-ff1b-c1f92f36634e,,79036120,,gear,,,,,7367.508611111113,156.06131605552144,0.011437566456773279,39.00000697507011
2023-06-01T23:27:22.000Z,2025-04-23T15:53:11.000Z,d5907aa6c6ce127d8dcfdc65fdea20a7,loitering,"[108.20232666666666, 7.791725, 108.20234333333333, 7.791703333333333]",7.7917,108.2023,[],['8484'],"['WCPFC', 'ACAP', 'IWC', 'SEAFDEC', 'APFIC']",['71'],['71'],[],[],[],[],189,189,298.804562,298.804562,f09656446-6ee4-c899-bfe5-20f4353bae6c,RONG DOI,574370000,VNM,other,,,,,16600.430277777792,2.515754512891599,8.182912986771689e-05,188.99999999999974
2023-06-06T03:59:46.000Z,2024-08-16T23:59:59.000Z,afdd7abb296ad4a98125b866a213856d,loitering,"[-91.40581, 27.206483333333335, -91.18979, 27.22692]",27.2167,-91.2978,[],['8456'],"['ACAP', 'IWC', 'ICCAT', 'NAMMCO']",['31'],['31'],[],[],[],[],210,204,44.396145,22.746393,a49d78e09-9028-a82d-0de7-6e0b818c5da2,ANCHOR,368160240,USA,other,,,,,10508.003611111119,230.41495411880442,0.011839939031124035,204.00184195119004
2023-06-06T10:58:18.000Z,2024-01-03T10:58:47.000Z,3857ef9e5ec6f048acd5cfa23f8400c6,loitering,"[-90.71431666666666, 27.32595, -90.71353333333333, 27.329066666666666]",27.3275,-90.7139,[],['8456'],"['ACAP', 'NAMMCO', 'ICCAT', 'IWC']",['31'],['31'],[],[],[],[],190,190,4.104969,4.104969,ace0d458d-db81-3fa4-d360-d728462c327f,TAHITI SPAR,367127480,USA,other,,,,,5064.008055555556,328.2025183968805,0.03499504360489336,190.00008976333095
2023-06-12T02:56:35.000Z,2024-02-13T01:57:40.000Z,b5bd760ccb20085198d9aee701258a85,loitering,"[-44.15041, -25.159538333333334, -44.172175, -25.161906666666667]",-25.1607,-44.1613,[],['8464'],"['ICCAT', 'IWC', 'ACAP']","['41.2', '41.2.1', '41']",['41'],[],[],[],[],174,172,32.355812,33.158027000000004,8798fa21d-d397-c539-2d7b-1e231fd9507e,NORBE IX,311028500,BHS,other,bra-bra-307,BRA,BRA-307,f2ca29493229b53f022b1165fb9b2ff4,5903.018055555559,36.58070341416049,0.0033460849175418997,172.97730438154352
2023-06-12T05:59:13.000Z,2024-02-25T23:59:34.000Z,d98f5f0272d178a019da23b73cb340b9,loitering,"[-92.48711, 19.63725, -92.527745, 19.602111666666666]",19.6197,-92.5074,[],['8429'],"['NAMMCO', 'ICCAT', 'IWC', 'ACAP']",['31'],['31'],[],[],[],[],83,89,13.614372,18.115956999999998,6e8f1b7a9-9fed-24f7-e431-7ea7d4a0dd02,ODN DELBA III-SS85,353520000,PAN,other,,,,,6210.0058333333345,12.646002235333208,0.0010995633702680825,88.99112768134349
2023-06-14T10:59:27.000Z,2024-04-16T12:59:20.000Z,cf66b394fcc5b78fe4b6f081e9230138,loitering,"[49.34287, 28.368853333333334, 49.35850333333333, 28.391703333333332]",28.3803,49.3507,[],['8356'],"['ACAP', 'RECOFI', 'IWC', 'IOTC']","['51', '51.2']",['51'],[],[],[],[],68,71,1.111949,1.956434,687b8af82-27ed-4352-a39e-a9b2390a3a53,ADMARINE 501,636022390,LBR,other,,,,,7369.998055555551,189.73837017889818,0.013901024543346898,70.99984765404821
2023-06-17T03:59:06.000Z,2025-03-14T13:46:07.000Z,096bbabeebd04d105e2d96da8937c5b3,loitering,"[-40.768256666666666, -22.852588333333333, -42.411426666666664, -24.66884]",-23.7607,-41.5898,[],['8464'],"['ACAP', 'ICCAT', 'IWC']","['41.2', '41.2.1', '41']",['41'],[],[],[],[],92,188,3.024079,2.020916,dee3a5726-6052-a6c0-b5c6-08a58d830451,SSV-VICTORIA,636012995,LBR,other,,,,,15273.783611111132,703.7355195661765,0.024878366179469678,174.53634934846315
2023-06-18T15:59:31.000Z,2024-05-31T15:59:30.000Z,6207f77c8a932dba8b9a5550944fcd5c,loitering,"[2.0723866666666666, 60.496085, 2.0759716666666668, 60.496383333333334]",60.4962,2.0742,[],['5686'],"['NAMMCO', 'ICES', 'NASCO', 'ICCAT', 'NEAFC', 'IWC', 'ACAP']","['27.4', '27', '27.4.a']",['27'],[],[],[],[],145,145,3.467895,3.9903180000000003,fbcfb1318-808f-eabb-2e18-ea105b90288c,HANNE KNUTSEN,258277000,NOR,other,,,,,8351.999722222217,455.6276719537738,0.02945633016001518,145.00000000000009
2023-06-24T21:20:16.000Z,2026-09-21T23:15:17.000Z,29f131a38776981df9979559d0ac26b2,loitering,"[-94.89760333333334, 26.12928, -94.89743666666666, 26.12919]",26.1292,-94.8975,[],['8456'],"['IWC', 'ACAP', 'ICCAT', 'NAMMCO']",['31'],['31'],[],[],[],[],226,226,0.0,0.0,edd5cb06a-ae50-f8de-8b02-1fa09c3e0ded,PERDIDO,366051200,USA,other,,,,,28441.916944444474,641.4917089039244,0.01217842711726117,225.99999999999966
2023-06-28T04:58:21.000Z,2024-01-08T05:27:23.000Z,b1c630523fb6837b369a972aa9e845c8,loitering,"[49.13332666666667, 28.424663333333335, 49.130736666666664, 28.441403333333334]",28.433,49.132,[],['8356'],"['IOTC', 'RECOFI', 'ACAP', 'IWC']","['51', '51.2']",['51'],[],[],[],[],54,55,1.111949,0.977755,65e453799-9f95-c107-94d2-91fa97b8ff82,ADMARINE 506,636022395,LBR,other,,,,,4656.483888888889,52.112712134255176,0.006042888611848078,54.99998976523503
2023-06-28T11:59:19.000Z,2026-09-21T23:23:46.000Z,8f13d2c1576bcf5fc609100d93855aa8,loitering,"[8.045805, 4.161918333333333, 8.038333333333334, 4.156666666666666]",4.1593,8.0421,[],['8474'],"['NAMMCO', 'ACAP', 'FCWC', 'ICCAT', 'IWC']","['34.3', '34', '34.3.5']",['34'],[],[],[],[],42,42,1.1090200000000001,0.0,1d34b85cc-c2a6-d4cf-8ac7-66d6810bbfe1,DELTA CHAMPION,657173700,NGA,other,,,,,28355.407499999983,42.257102749171665,0.0008046793234674131,42.00000000000006
2023-06-28T23:59:45.000Z,2024-02-10T13:58:52.000Z,329c73390c17d811ecb513de8c6229cc,loitering,"[-42.4765, -24.706666666666667, -42.46783333333333, -24.748333333333335]",-24.7275,-42.4722,[],['8464'],"['IWC', 'ACAP', 'ICCAT']","['41.2', '41.2.1', '41']",['41'],[],[],[],[],193,198,1.111949,3.335848,6772ca7a8-8d35-56bc-90fb-4c5c5551bf54,ETESCO TAKATSUGU J,373127000,PAN,other,,,,,5437.9852777777805,178.65028513590136,0.017738819060917795,192.0259812690662
2023-06-29T00:00:36.000Z,2024-01-11T23:59:48.000Z,62ff2fa98b6f22244e02f0379c9ec7e6,loitering,"[114.295, 5.873333333333333, 114.29402833333333, 5.874858333333333]",5.8741,114.2945,[],['8483'],"['IWC', 'ACAP', 'WCPFC', 'APFIC', 'SEAFDEC']",['71'],['71'],[],[],[],[],114,115,1.1061189999999999,2.2122379999999997,6df884c55-5f09-4911-e722-f73f41809be9,FPSO KIKEH,533000241,MYS,other,,,,,4727.986666666667,337.27627693533714,0.03851842934740059,114.33690377865831
2023-06-29T12:39:28.000Z,2024-02-06T13:14:06.000Z,59c3766673702ef4f88b4a573f8bc888,loitering,"[-39.99726166666667, -21.214041666666667, -39.99720333333333, -21.213996666666667]",-21.214,-39.9972,[],['8464'],"['ACAP', 'IWC', 'ICCAT']","['41', '41.2.1', '41.2']",['41'],[],[],[],[],76,76,0.0,0.0,f413ea099-9516-00a3-d471-4b2c93a9d3dd,PETROBRAS 58,538003137,MHL,other,,,,,5328.577222222223,3.687567789902983,0.00037366959946804045,76.00000000000004
2023-06-30T17:40:43.000Z,2024-05-05T05:59:22.000Z,80fb77214f5dc2005c8c54a89dac732f,loitering,"[-42.839951666666664, -25.543781666666668, -42.839956666666666, -25.543898333333335]",-25.5438,-42.84,[],['8464'],"['ACAP', 'IWC', 'ICCAT']","['41.2', '41', '41.2.1']",['41'],[],[],[],[],276,276,0.0,0.0,766e30e73-345b-5adb-bbcc-97a9b5a6052d,C.A.D.R  MV22,311027200,BHS,other,,,,,7428.310833333333,269.98924299214315,0.019625259616128734,276.00003343666555
2023-06-30T23:58:43.000Z,2024-01-16T03:59:37.000Z,5ad5799d187c73a4a9c23b2be770d2d3,loitering,"[10.762605, -7.08274, 10.127335, -6.957515]",-7.0201,10.445,[],['8478'],"['ACAP', 'ICCAT', 'IWC']","['47', '47.1', '47.1.1']",['47'],[],[],[],[],197,253,80.34414100000001,103.07789100000001,b10ee7076-62c5-822b-c0d8-7d222a706714,GIOIOSA,352980833,PAN,other,esp-tenerife,ESP,TENERIFE,34cd96bc181d90748bc7b929c96bdc3e,4780.015000000002,1482.3254743435493,0.1674454420765482,218.2836470184399
2023-07-02T00:00:26.000Z,2026-01-08T07:59:49.000Z,d3c012a40e4a5ce875821700c367776f,loitering,"[71.23333333333333, 19.325, 71.44276833333333, 19.591015]",19.458,71.3381,[],['8480'],"['ACAP', 'IWC', 'IOTC']","['51', '51.4']",['51'],[],[],[],[],154,130,7.67373,5.354811,18c2dd998-8545-2d2e-9b82-7aebe499cca8,ADMARINE 9,636021685,LBR,other,,,,,22111.989722222217,348.05206256428863,0.008499148267490143,149.6919079393832
2023-07-06T07:59:39.000Z,2024-01-23T05:57:43.000Z,f368f652479caeb3c762e08d1ae18b0c,loitering,"[53.54542166666667, 24.860633333333332, 53.545625, 24.851911666666666]",24.8563,53.5455,[],['8360'],"['IWC', 'RECOFI', 'ACAP', 'IOTC']","['51.2', '51']",['51'],['8360'],[],[],[],48,48,1.5014180000000001,2.3039929999999997,d32adbef3-3711-41af-772c-584f5a1e0a0b,AL YASAT,470388000,ARE,other,,,,,4821.967777777779,1065.3167729442725,0.11929259296126005,47.99631735444064
2023-07-06T08:44:40.000Z,2026-09-21T22:55:23.000Z,28a3078ba7990759d0885e5410dd44c1,loitering,"[108.43351333333334, 10.15015, 108.04833333333333, 9.818333333333333]",9.9842,108.2409,[],['8484'],"['IWC', 'APFIC', 'WCPFC', 'ACAP', 'SEAFDEC']",['71'],['71'],[],[],[],[],68,96,143.22429699999998,117.59854700000001,550a3f9e5-55fd-d8f1-7e1c-4f5178bd5c91,TAM DAO-01,574999529,VNM,other,,,,,28166.17861111111,848.8640621755579,0.016273060393075228,96.05487838639117
2023-07-08T03:59:09.000Z,2024-03-31T10:22:33.000Z,e88e02c64aced90e40d85f28af96594a,loitering,"[49.338521666666665, 28.470446666666668, 49.333765, 28.469145]",28.4698,49.3361,[],['8356'],"['ACAP', 'IOTC', 'IWC', 'RECOFI']","['51.2', '51']",['51'],[],[],[],[],75,74,0.977478,0.0,79549836f-f9ed-cd92-f20b-992d5b2c2efe,COSLHUNTER,563686000,SGP,other,,,,,6414.389999999996,588.2503134301912,0.04951831099630577,74.00005111325687
2023-07-10T12:00:41.000Z,2025-09-28T18:02:41.000Z,cdcdc7177db7a6117b8c1a9afd414acc,loitering,"[-42.85879, -25.656893333333333, -42.85892, -25.656933333333335]",-25.6569,-42.8589,[],['8464'],"['ICCAT', 'IWC', 'ACAP']","['41', '41.2.1', '41.2']",['41'],[],[],[],[],289,289,0.0,0.0,9da147700-08bb-835a-1e5c-cb5217ff98e8,PETROBRAS 69,636017705,LBR,other,,,,,19470.033333333315,7.9012653198346126,0.00021912350597003602,289.0000000000002
2023-07-10T19:58:19.000Z,2024-10-16T23:59:52.000Z,a4ea7c735c57836d05a2a7e06fff5e0e,loitering,"[-3.5810483333333334, 4.751318333333334, -3.5655516666666665, 4.738555]",4.7449,-3.5733,[],['8473'],"['ACAP', 'IWC', 'NAMMCO', 'ICCAT', 'FCWC']","['34.3.4', '34.3', '34']",['34'],[],[],[],[],47,48,51.907496,50.489949,5dc9211c6-6504-3397-c6c8-4b46a5147dbe,FIRENZE FPSO,352299000,PAN,other,,,,,11140.025833333337,534.0195781522368,0.025883917031777285,47.998654535203244
2023-07-11T14:57:47.000Z,2024-02-02T01:18:23.000Z,be792045c6d490a12826fbdb471989f4,loitering,"[49.35857, 28.07212, 49.23701333333333, 28.341816666666666]",28.207,49.2978,[],['8356'],"['IOTC', 'RECOFI', 'ACAP', 'IWC']","['51', '51.2']",['51'],[],[],[],[],54,58,24.961754,0.978678,3514cec7c-c707-e67d-786e-fc8fb9e40281,ADMARINE 503,636022392,LBR,other,,,,,4930.343333333332,85.9799668616209,0.009416274877644733,57.992585155667456
2023-07-12T02:28:36.000Z,2024-01-11T03:52:09.000Z,79ebdc35825c602c3e4fac70e92e18ec,loitering,"[-90.20660666666667, 27.401458333333334, -90.205335, 27.400761666666668]",27.4011,-90.206,[],['8456'],"['NAMMCO', 'ACAP', 'IWC', 'ICCAT']",['31'],['31'],[],[],[],[],184,184,5.343898,5.343898,af0b455ba-a180-71b7-d294-fdc403f298e5,ROWAN RESOLUTE,538004644,MHL,other,,,,,4393.392499999999,39.7197114045836,0.0048816326800309355,183.99146654401346
2023-07-13T03:41:30.000Z,2024-03-08T20:47:41.000Z,22f219e513f28f70a57cc47748e472d1,loitering,"[107.7751, 18.60035166666667, 107.71613166666667, 18.538728333333335]",18.5695,107.7456,[],['8486'],"['APFIC', 'SEAFDEC', 'IWC', 'ACAP', 'WCPFC']",['61'],['61'],[],[],[],[],92,100,94.135969,100.161906,f66ceab5f-fb37-5169-58f5-56c3b718bcdb,HAI YANG SHI YOU 944,413213250,CHN,other,chn-chn-2338,CHN,CHN-2338,9d7a4cb19094dca3648c3b164b6350b1,5753.103055555554,187.91666437267537,0.017636896198608698,98.99612499176263
2023-07-15T09:16:50.000Z,2024-05-15T14:30:40.000Z,0857462ed6bc813d1294e87b271f81e2,loitering,"[107.93666666666667, 9.536666666666667, 107.83833333333334, 9.435]",9.4858,107.8875,[],['8484'],"['ACAP', 'SEAFDEC', 'WCPFC', 'IWC', 'APFIC']",['71'],['71'],[],[],[],[],116,122,123.204148,122.553688,052f71b6d-d4c1-a7d9-7540-f62d7c899249,TAM DAO 02,574000530,VNM,other,vnm-dungquat,VNM,,05e4436e27e799b62299b4f70e18dc48,7325.230555555555,360.24926682507686,0.026554664878719842,118.9637332117934
2023-07-16T07:59:07.000Z,2024-01-30T17:59:00.000Z,766cde53532aa6ddced766993c407f4f,loitering,"[50.48406833333333, 26.94724, 50.48316333333333, 26.933816666666665]",26.9405,50.4836,[],['8356'],"['IOTC', 'ACAP', 'IWC', 'RECOFI']","['51.2', '51']",['51'],[],[],[],[],46,45,0.0,1.489684,a6fb9736d-d931-36a7-aeba-a308fce5b78b,ARABDRILL 17,403715910,SAU,other,,,,,4761.998055555559,40.51874829413824,0.004594368488539312,45.00023316085883
2023-07-16T13:57:19.000Z,2024-02-05T02:59:02.000Z,8ab3b8552c5e66e4209d72c4efde5e84,loitering,"[-39.759155, -21.991576666666667, -39.85557, -21.956948333333333]",-21.9743,-39.8074,[],['8464'],"['ACAP', 'IWC', 'ICCAT']","['41', '41.2', '41.2.1']",['41'],[],[],[],[],126,116,2.0621080000000003,3.2874689999999998,d55abdcf3-373a-f50b-6006-759f5f0df9b7,POSH ARCADIA,311000283,BHS,other,,,,,4885.028611111117,76.99799694700611,0.008510818587517436,125.94886976917745
2023-07-18T06:52:25.000Z,2024-01-30T06:11:24.000Z,75113fbac479922801d9884907dec119,loitering,"[112.10833333333333, 19.438333333333333, 112.10666666666667, 19.436666666666667]",19.4375,112.1075,[],['8486'],"['APFIC', 'ACAP', 'IWC', 'WCPFC']",['61'],['61'],[],[],[],[],107,107,134.725891,134.725891,765659b7d-da44-8858-a6b2-2c1babbcf727,HAIYANGSHIYOU 116,413461170,CHN,other,chn-guangzhou,CHN,GUANGZHOU,95eb868cac472cf1b42d2bb9f31e2808,4703.3163888888885,205.9658382632774,0.023645582489931254,107.15715977458765
2023-07-18T09:07:26.000Z,2024-09-03T01:48:06.000Z,ff86acf8f2ffa8035bf2e8ae9bebe363,loitering,"[115.40566333333334, 20.407535, 115.4048, 20.40429]",20.4059,115.4052,[],['8321'],"['IWC', 'WCPFC', 'APFIC', 'ACAP']",['61'],['61'],[],[],[],[],138,140,205.79125,206.270016,96a7c601a-afb5-aca5-973d-ca32eb9036c9,HYSY119,414030000,CHN,other,,,,,9904.67777777778,867.5989054870051,0.0472974429051596,139.12598648757475
2023-07-19T02:20:53.000Z,2024-09-03T07:20:19.000Z,8a7f8ab154bcb207a5b4f5df8386ff37,loitering,"[113.86502833333333, 20.51556666666667, 113.86446333333333, 20.515598333333333]",20.5156,113.8647,[],['8486'],"['APFIC', 'ACAP', 'WCPFC', 'IWC']",['61'],['61'],[],[],[],[],148,148,149.85101600000002,149.466547,18d88c6b2-230c-0037-63b4-7becccf6b1f3,HYSY118,412477590,CHN,other,,,,,9892.990555555562,592.7626512992427,0.032352828460322405,147.9999999999998
2023-07-19T05:10:52.000Z,2024-06-26T02:07:30.000Z,dd18ff38a7685ad5e3d87bd52bba6e28,loitering,"[114.58326666666666, 20.731843333333334, 114.58333333333333, 20.7318]",20.7318,114.5833,[],['8486'],"['IWC', 'ACAP', 'APFIC', 'WCPFC']",['61'],['61'],[],[],[],[],138,138,145.178719,145.178719,658bb9440-0202-d0ee-f9f9-22e168d660ac,PY10-2WHPA,412477610,CHN,other,,,,,8228.943888888893,212.18627956120287,0.013922980493733752,138.00000000000009
2023-07-21T02:46:25.000Z,2024-04-03T17:56:12.000Z,95b8f7594ca7d587d611992e6737c0ba,loitering,"[-43.99921666666667, -25.362466666666666, -43.965383333333335, -25.327933333333334]",-25.3452,-43.9823,[],['8464'],"['ICCAT', 'ACAP', 'IWC']","['41.2.1', '41', '41.2']",['41'],[],[],[],[],200,200,8.346639999999999,12.648209000000001,47f080f4e-ea33-7926-a8b4-ca25f89dd788,ROWAN RELIANCE,538004645,MHL,other,bra-riodejaneiro,BRA,RIO DE JANEIRO,9cbb0ea8867b7f4354706219e31c337a,6183.163055555556,41.42756369872418,0.0036177430012334717,200.98269224252084
2023-07-23T00:59:26.000Z,2024-01-09T08:59:50.000Z,86e50444c4ff2005ff44d46124977bac,loitering,"[52.089906666666664, 26.565005, 52.05875833333333, 26.608613333333334]",26.5868,52.0743,[],['8468'],"['ACAP', 'IOTC', 'IWC', 'RECOFI']","['51', '51.2']",['51'],[],[],[],[],89,90,2.983731,2.983268,30d5a203a-ad81-44ee-ff1e-0274a9d2d6f2,QMS NOUF,352002272,PAN,other,,,,,4088.0066666666717,57.397180146904184,0.007581200434970261,90.99825166624656
2023-07-25T06:59:01.000Z,2024-02-27T21:59:07.000Z,0e04d0d70e0e120bfa027646ad27ebeb,loitering,"[120.755195, 39.95113, 120.76567833333333, 39.937358333333336]",39.9442,120.7604,[],['8486'],"['WCPFC', 'PICES', 'ACAP', 'IWC']",['61'],['61'],[],[],[],[],39,40,5.576446,4.405695,037fbce25-554b-a222-138e-deab9e12ff6f,HAI YANG SHI YOU 941,412301990,CHN,other,chn-weihai,CHN,WEIHAI,6a5300abc346382cefcd5be063aaef0d,5223.001666666664,4.803922356643226,0.0004966321524071051,40.999261258277805
2023-07-25T10:59:24.000Z,2024-06-24T14:35:09.000Z,94440558930ef173f421a79dba0997ed,loitering,"[52.010595, 25.883488333333332, 52.03874833333333, 25.854178333333333]",25.8688,52.0247,[],['8468'],"['RECOFI', 'ACAP', 'IOTC', 'IWC']","['51.2', '51']",['51'],[],[],[],[],43,41,15.295453,17.903252000000002,cc3bdc12e-e2ec-b155-6bdd-ad5f37f90bf3,WEST TUCANA,371431000,PAN,other,irn-tombak,IRN,,16a051d2c433e176c5ca429babccfb41,8043.595833333337,267.0522534662985,0.017926892912712874,41.0008836825461
2023-07-27T10:07:43.000Z,2024-06-09T03:58:47.000Z,0b12b20b07eea0677783907b9214dcd1,loitering,"[53.49925, 25.285998333333332, 53.516016666666665, 25.334065]",25.31,53.5076,[],['8360'],"['RECOFI', 'IOTC', 'ACAP', 'IWC']","['51', '51.2']",['51'],[],[],[],[],61,65,3.7475680000000002,5.146979999999999,355d4439e-ef2d-6358-23aa-87a20bd06b43,AL HUDAIRIYAT,470077000,ARE,other,,,,,7625.851111111115,12.896803464734411,0.0009131724016311214,63.06303965067875
2023-07-27T16:32:22.000Z,2024-02-17T17:59:38.000Z,25987efe480e5a223f8f508d2100940e,loitering,"[10.74332, -7.064305, 10.659228333333333, -6.664841666666667]",-6.8646,10.7013,[],['8478'],"['IWC', 'ACAP', 'ICCAT']","['47.1', '47.1.1', '47']",['47'],[],[],[],[],198,187,79.70946099999999,46.24132,d6287c161-109c-fe23-3bd2-33b183792311,YEGUA,352978149,PAN,other,mus-portlouis,MUS,PORT LOUIS,a8f3135649db4e595d4d96b9d1cb066e,4921.454444444448,630.3723128001732,0.06916122517212402,211.29362990811086
2023-07-27T16:56:48.000Z,2024-02-17T17:59:03.000Z,d7ec0c7d9416cd2025979fbfd3a23fca,loitering,"[10.282886666666666, -7.022103333333333, 10.946188333333334, -7.45169]",-7.2369,10.6145,[],['8478'],"['ICCAT', 'ACAP', 'IWC']","['47.1', '47', '47.1.1']",['47'],[],[],[],[],241,198,99.00054700000001,63.985824,0e0f88660-0220-0432-5cb2-0ff169d66045,CENTURIES,373731000,PAN,other,abw-aruba,ABW,,545b0a94b35a4ed57fc95b2f42cb3b31,4921.0375,1334.935184257026,0.14647466817962698,210.1353236285514
2023-07-27T21:30:26.000Z,2024-03-06T11:45:08.000Z,c403c30b6a438087d3cb5f2cb7677289,loitering,"[-40.12335, -22.560456666666667, -40.12112333333334, -22.561873333333335]",-22.5612,-40.1222,[],['8464'],"['IWC', 'ICCAT', 'ACAP']","['41.2', '41.2.1', '41']",['41'],[],[],[],[],109,109,0.0,0.0,c057ead29-90db-d67d-079d-1ef778e252e5,PETROBRAS 38,353558000,PAN,gear,,,,,5342.245000000002,122.52142815129342,0.01238361001777389,108.99999999999999
2023-07-29T05:54:04.000Z,2024-03-07T00:59:54.000Z,74b5072745ab426e89b00efdc17facf7,loitering,"[0.9013433333333334, 54.08215333333333, 0.8313283333333333, 54.071385]",54.0768,0.8663,"['555786434', '555624872']",['5696'],"['ICCAT', 'IWC', 'NAMMCO', 'NASCO', 'NEAFC', 'ICES', 'ACAP']","['27.4.b', '27.4', '27']",['27'],[],[],[],[],65,60,37.291492,32.935348,5292321a0-0269-3378-6163-46fd5a76affc,ERDA,246631000,NLD,other,bel-antwerp,BEL,ANTWERP,fab6f57425206c002835d5d2f78f809d,5323.097222222222,220.70274217942665,0.022387332450667936,63.48720921069107
2023-07-29T08:58:16.000Z,2024-03-13T05:59:53.000Z,1fc0217cc50c865b6f824cba9e311e5c,loitering,"[108.76664166666667, 20.833636666666667, 108.78836666666666, 20.813615]",20.8236,108.7775,[],['8486'],"['IWC', 'ACAP', 'APFIC', 'WCPFC']",['61'],['61'],[],[],[],[],40,39,6.988104,6.088796,fca8f1cd2-2824-99fb-9e87-6f7a78ca7e1b,GUOHAIGUOFU,413283580,CHN,other,,,,,5469.026944444443,75.6537734989128,0.00746929392061825,37.728130560514074
2023-07-29T23:55:08.000Z,2024-02-14T08:52:06.000Z,b85fb81bb8334bc534865ae500ac1ee4,loitering,"[-88.4812, 28.159696666666665, -88.49599166666667, 28.224468333333334]",28.1921,-88.4886,[],['8456'],"['IWC', 'NAMMCO', 'ICCAT', 'ACAP']",['31'],['31'],[],[],[],[],113,107,0.0,3.335848,1174c1b74-4bb2-0bac-2e6e-aace8fabe847,OCEAN BLACKHORNET,538005314,MHL,other,,,,,4784.949444444443,46.548203182714,0.005252724044206485,108.25383843523234
2023-07-30T00:00:08.000Z,2024-08-26T23:59:40.000Z,2ffab2927901ae75cf5ac5f4f81d8c00,loitering,"[71.325, 19.421666666666667, 71.20114, 19.325116666666666]",19.3734,71.2631,[],['8480'],"['IOTC', 'IWC', 'ACAP']","['51', '51.4']",['51'],[],[],[],[],146,154,5.448213,10.010128,f585b45f7-7d7c-1162-d8e9-ea7fd2d87e78,C.E.THORNTON,538001717,MHL,other,,,,,9455.992222222216,1400.9773623061137,0.07999871832454467,148.30481866463253
2023-07-31T07:55:57.000Z,2025-08-06T18:59:43.000Z,33166abd4caa613a5e5a949195d6075e,loitering,"[-91.55986, 26.901510000000002, -90.10062, 27.687988333333333]",27.2947,-90.8302,[],['8456'],"['ICCAT', 'NAMMCO', 'IWC', 'ACAP']",['31'],['31'],[],[],[],[],247,152,59.770694999999996,35.358836000000004,39b707994-4af3-9245-e6ab-a7c822f1bb7e,DEEPWATER ATLAS,538006194,MHL,other,usa-gc512platform,USA,,07ff6365dec97f25d5c6194f042ee9ea,17699.06277777775,367.8948230377289,0.011223606308960887,245.94060525230353
2023-08-05T13:01:15.000Z,2026-09-21T23:47:45.000Z,00968960ccbcf37456f14189bf8ccc2b,loitering,"[-87.933895, 28.573343333333334, -87.93333333333334, 28.573333333333334]",28.5733,-87.9336,[],['8456'],"['ACAP', 'NAMMCO', 'IWC', 'ICCAT']",['31'],['31'],[],[],[],[],124,124,11.235241,11.235241,7a12ad155-540e-de1a-dde0-99433489d0e6,APPOMATTOX,366100000,USA,other,,,,,27442.775000000027,423.57668869518335,0.008334183217484787,123.99999999999991
2023-08-06T06:23:22.000Z,2025-11-10T01:42:32.000Z,994fc7a3f37250f8a59a9435706e4507,loitering,"[125.60147833333333, 29.455583333333333, 125.601565, 29.455275]",29.4554,125.6015,[],['8486'],"['WCPFC', 'IWC', 'ACAP', 'APFIC']",['61'],['61'],[],[],[],[],280,280,268.488594,268.488594,ae3c1f7eb-b844-ed52-e567-6ddd31aeeabe,ZZ,413346980,CHN,other,,,,,19843.319444444427,415.53893667590063,0.01130723499095449,279.9999999999999
2023-08-07T01:07:18.000Z,2024-03-17T08:41:49.000Z,15c645b23389d7bef735acd8d2d48a52,loitering,"[3.225715, 56.423775, 3.210523333333333, 56.42312]",56.4234,3.2181,[],['5686'],"['IWC', 'NAMMCO', 'ACAP', 'NASCO', 'NEAFC', 'ICCAT', 'ICES']","['27.4.b', '27', '27.4']",['27'],[],[],[],[],274,275,5.8582849999999995,6.354482,d7eeadc05-52af-3403-182f-47c927f65436,WEST ELARA,259783000,NOR,other,nor-nor-6,NOR,,e39ebd3b6e28889570a2f32bbbc4178c,5359.575277777784,10.025057495800773,0.0010099863737965508,274.5926523429809
2023-08-07T04:53:15.000Z,2026-08-05T06:11:56.000Z,e065239d3db5fb64cf3ac2d5208d6a47,loitering,"[124.91333333333333, 29.071666666666665, 124.91486333333333, 29.071906666666667]",29.0718,124.9141,[],['8486'],"['APFIC', 'ACAP', 'IWC', 'WCPFC']",['61'],['61'],[],[],[],[],238,238,226.320094,226.320094,ce9be614b-b2a6-f98c-0c91-be257d883342,PINGHU,412371470,CHN,other,,,,,26257.311388888946,663.3742599147386,0.01364166496612223,238.00026326457416
2023-08-07T23:13:58.000Z,2024-01-23T03:41:14.000Z,62221c1134c65544e35729d38b5d0cb9,loitering,"[113.97018833333334, 20.527318333333334, 113.97014666666666, 20.527355]",20.5273,113.9702,[],['8486'],"['IWC', 'WCPFC', 'ACAP', 'APFIC']",['61'],['61'],[],[],[],[],146,146,153.023609,153.023609,babdf39f6-60d4-96e0-f7da-5db03fa4f997,EP18-1WHPA,413487040,CHN,other,,,,,4036.4544444444446,60.86070651997306,0.008141341120252511,146.0
2023-08-09T00:01:11.000Z,2025-09-23T20:06:26.000Z,5ee75e7643f488e4a6e52c3d5b51f746,loitering,"[113.75666666666666, 20.44333333333333, 113.75666666666666, 20.44333333333333]",20.4433,113.7567,[],['8486'],"['IWC', 'WCPFC', 'APFIC', 'ACAP']",['61'],['61'],[],[],[],[],157,157,154.469562,154.469562,099a003c4-4ed8-7d6c-117c-a00986687337,EP23-1,413487050,CHN,other,,,,,18644.087500000012,526.6054001407396,0.015251171104110929,156.99993775715387
2023-08-11T04:59:53.000Z,2024-06-25T09:59:08.000Z,c387bdbff204efc5c07192e168554ab5,loitering,"[52.32862, 26.241673333333335, 52.32862, 26.242006666666665]",26.2418,52.3286,[],['8468'],"['RECOFI', 'IOTC', 'IWC', 'ACAP']","['51.2', '51']",['51'],[],[],[],[],62,62,11.947829,11.947829,fe8a61086-64c3-56f1-8b45-b5b15f4ade3f,SD ODYSSEY,636015377,LBR,other,irn-asaluyeh,IRN,ASALUYEH,bceefe125edaf56af23c2724c42ac6f2,7660.987500000003,439.1163882365959,0.030949519410814173,62.000006850208905
2023-08-11T16:59:43.000Z,2024-02-23T15:59:03.000Z,fb444e3d517d0a44dadf0f3de6e6e8e8,loitering,"[48.76618333333333, 29.500351666666667, 48.75908166666667, 29.505838333333333]",29.5031,48.7626,[],['8470'],"['RECOFI', 'IWC', 'IOTC', 'ACAP']","['51.2', '51']",['51'],[],[],[],[],38,37,14.192737,12.828673,ba43c1fa3-38e6-9b4f-b48f-e4ddedd67265,EMMA,477624300,HKG,other,are-sharjah,ARE,SHARJAH,0e2a72241893e8d3145ead8be324068e,4702.98888888889,9.872042617838963,0.0011334231701249791,37.04416476839861
2023-08-12T09:59:48.000Z,2024-03-13T15:56:41.000Z,a1b26b044328ceb148a849f54fc6356c,loitering,"[30.095615, 35.37708333333333, 30.094365, 35.376448333333336]",35.3768,30.095,[],['5697'],"['ACAP', 'GFCM', 'IWC', 'ICCAT']","['37', '37.3', '37.3.2']",['37'],[],[],[],[],89,89,96.770742,96.36028900000001,ec95df97a-a63d-4732-97f2-811bca016747,ABDULHAMID HAN,271050408,TUR,other,tur-tasucu,TUR,TASUCU,7d2fc1e6b5f50526a64c6731812a031c,5141.948055555556,57.355281693832474,0.006022887479628245,89.00000307561496
2023-08-13T05:57:07.000Z,2024-01-27T04:23:42.000Z,5ba9b613f0b10c5cd51f0fb596defa3c,loitering,"[86.30184, 19.4615, 86.31150666666667, 19.475]",19.4683,86.3067,[],['8480'],"['IWC', 'APFIC', 'BOBP-IGO', 'IOTC', 'ACAP']","['57', '57.1']",['57'],[],[],[],[],49,47,72.686547,70.23418,9bd0c94ee-e8b3-f11b-96c7-d4b4f4d3814a,WEST POLARIS,356656000,PAN,other,sgp-singapore,SGP,SINGAPORE,921fd20b2b731c3cf97d107e91248222,4006.443055555554,143.1312794515382,0.01929010522688279,47.99004582002345
2023-08-13T10:59:02.000Z,2024-04-23T11:59:06.000Z,7766aaa74c39abc5cfe15e772b544964,loitering,"[49.67837, 28.31455, 49.67769333333333, 28.315566666666665]",28.3151,49.678,[],['8356'],"['IOTC', 'RECOFI', 'ACAP', 'IWC']","['51.2', '51']",['51'],[],[],[],[],66,67,1.481449,0.978862,674e48253-3eed-4c4a-29da-86530791455a,ARABDRILL 110,563171300,SGP,other,,,,,6097.001111111112,1006.1043159701861,0.08910165186033024,66.0000915732838
2023-08-14T02:59:21.000Z,2024-04-18T02:55:09.000Z,eb9a8bfc035c57e5b830a40f43125603,loitering,"[49.63377333333333, 28.622143333333334, 49.701906666666666, 28.514676666666666]",28.5684,49.6678,[],['8469'],"['RECOFI', 'IOTC', 'ACAP', 'IWC']","['51.2', '51']",['51'],[],[],[],[],93,88,2.428714,2.248499,c79274eaa-a57d-56f6-5956-62ad5abdd730,DCI 2,352973000,PAN,other,,,,,5951.93,1369.2687508261492,0.12421953513698904,91.52761574773977
2023-08-15T20:59:33.000Z,2024-05-10T16:11:59.000Z,9550f8783edb88e7f084e6c769bedda3,loitering,"[-48.495643333333334, 46.47738, -48.48041833333333, 46.4757]",46.4765,-48.488,[],['8493'],"['NAFO', 'ACAP', 'NAMMCO', 'IWC', 'ICCAT', 'NASCO']","['21.3.L', '21', '21.3']",['21'],[],[],[],[],334,336,339.517781,340.935719,aaa0c1ff6-6d04-5c0f-05a6-86bed93d1ade,TERRA NOVA FPSO,316298000,CAN,other,,,,,6451.20722222222,17.642023210141407,0.00147661207133853,335.997401848504
2023-08-15T23:59:05.000Z,2024-01-04T18:59:22.000Z,89989d6378840b478e958b0f122342f2,loitering,"[-40.02277333333333, -22.600761666666667, -39.99438333333333, -22.608553333333333]",-22.6047,-40.0086,[],['8464'],"['ICCAT', 'IWC', 'ACAP']","['41', '41.2', '41.2.1']",['41'],[],[],[],[],120,123,3.274386,1.111949,76409c4d9-9018-f340-0c53-e7ab6d167f87,OOS TIRADENTES,636017842,LBR,other,,,,,3403.0047222222247,27.718384758816264,0.0043980927600807814,124.99072738432898
2023-08-16T02:01:20.000Z,2024-01-14T03:59:33.000Z,5caca4a6b0105f06c88f11ddc6f024bd,loitering,"[112.375945, 3.46067, 112.34414666666666, 3.45192]",3.4563,112.36,[],['8483'],"['WCPFC', 'IWC', 'ACAP', 'APFIC', 'SEAFDEC']",['71'],['71'],[],[],[],[],50,50,15.919366,18.399812,2945ac2c6-6ce6-4841-783f-50c60ef6ffb8,DAYANG PERTAMA,533773000,MYS,other,mys-miri,MYS,,bd5ff08c0290357ba108a60a8526d3f9,3625.970277777776,116.3812468459497,0.017330766998907492,50.00000000000003
2023-08-16T18:59:03.000Z,2024-04-14T13:57:14.000Z,84bf4cc15c68a44c227cbda6c577e826,loitering,"[48.768753333333336, 29.60637, 48.77833, 29.606516666666668]",29.6064,48.7735,[],['8470'],"['IOTC', 'IWC', 'ACAP', 'RECOFI']","['51.2', '51']",['51'],[],[],[],[],39,40,2.4248960000000004,2.9467470000000002,4e5845389-9f4a-b1e4-d0c6-2b4a1f5e0f30,ERBIL,636020413,LBR,other,,,,,5802.969722222229,689.1721840626633,0.06412634002070439,39.602455929985325
2023-08-17T05:54:21.000Z,2024-08-11T13:52:59.000Z,484cd56737cff47d5869fd953bc3072e,loitering,"[-0.9824066666666667, 57.96623833333334, -0.9490133333333334, 57.964775]",57.9655,-0.9657,[],['5696'],"['NEAFC', 'NASCO', 'ACAP', 'ICCAT', 'ICES', 'NAMMCO', 'IWC']","['27.4', '27.4.a', '27']",['27'],[],[],[],[],64,65,3.709495,1.7697049999999999,ff4d2f1d8-85d3-751a-2c94-055b4581dc90,SD FORTRESS,636015380,LBR,other,,,,,8647.977222222222,621.3689709748473,0.03879663356096769,65.99984253551033
2023-08-17T09:59:27.000Z,2025-09-28T07:59:28.000Z,afd8c6059645a24b9bee8f8c7046bec2,loitering,"[2.352986666666667, 56.90223833333334, 2.380063333333333, 56.899906666666666]",56.9011,2.3665,[],['5696'],"['NASCO', 'ICCAT', 'ACAP', 'NEAFC', 'ICES', 'IWC', 'NAMMCO']","['27', '27.4', '27.4.b']",['27'],[],[],[],[],257,259,21.753719,22.531799,c90a28b64-4f33-e744-e58c-ba4929b09455,ENSCO 122,636015555,LBR,other,,,,,18550.00027777778,1776.5205418004439,0.051711285102951574,259.000020097285
2023-08-18T04:58:43.000Z,2024-05-19T13:54:46.000Z,996cecba1981ab48088b60fc5cfe85aa,loitering,"[49.15588, 28.354516666666665, 49.15815333333333, 28.354161666666666]",28.3543,49.157,[],['8356'],"['IOTC', 'RECOFI', 'ACAP', 'IWC']","['51.2', '51']",['51'],[],[],[],[],53,53,0.9785860000000001,0.9785860000000001,3e7557f4d-dc12-d50e-2d2b-34205d41016f,HAIYANGSHIYOU936,413301490,CHN,other,,,,,6608.934166666664,18.819527126625765,0.0015375749634628877,53.0
2023-08-18T07:59:12.000Z,2024-02-24T12:59:03.000Z,db1202b183f5f39bd9f6732a8a265753,loitering,"[50.208983333333336, 27.483215, 50.19949666666667, 27.466313333333332]",27.4748,50.2042,[],['8356'],"['ACAP', 'RECOFI', 'IWC', 'IOTC']","['51', '51.2']",['51'],[],[],[],[],47,46,20.661656,20.680898000000003,1bd93fb41-1e57-8fb4-7627-7e10bca0873d,ADMARINE 504,636022393,LBR,other,sau-aljubail,SAU,,0e2e1cbe5f174704835c30c6294469b0,4564.997500000004,229.63567095367685,0.027161754819703093,47.99972099621799
2023-08-20T14:59:52.000Z,2024-07-08T12:51:56.000Z,674046bde9f8bfd01f76e5ce5b2466af,loitering,"[6.819181666666666, 3.102123333333333, 6.840286666666667, 3.10393]",3.103,6.8297,[],['8474'],"['NAMMCO', 'ICCAT', 'IWC', 'FCWC', 'ACAP']","['34', '34.3', '34.3.5']",['34'],[],[],[],[],138,138,4.447797,4.971315,62180b5cd-dbf5-c39f-fcda-df4340341d73,NOBLE GERRY DE SOUZA,636014748,LBR,other,,,,,7749.867777777786,240.45970696603837,0.016753557409790034,135.0046118336471
2023-08-24T09:57:21.000Z,2024-03-31T06:58:35.000Z,0c1065d481209d237053f1e34eff6372,loitering,"[49.44698, 28.57905, 49.4503, 28.579966666666667]",28.5795,49.4486,[],['8356'],"['ACAP', 'IOTC', 'IWC', 'RECOFI']","['51.2', '51']",['51'],[],[],[],[],90,90,13.591291,13.591291,d0bf2a8a4-48b2-b34f-749f-ef60534e6070,ARABDRILL 120,563171600,SGP,other,sau-rasalkhair,SAU,,d5b36a8752f6d98563c61bd24ec79893,5277.020555555554,349.9899152725517,0.03581176800483605,89.99999999999999
2023-08-25T02:55:11.000Z,2024-04-13T18:58:32.000Z,a1a6730f6a294697ce2edf505b29955f,loitering,"[107.98774666666667, 9.706253333333333, 108.04833333333333, 9.818333333333333]",9.7623,108.018,[],['8484'],"['APFIC', 'ACAP', 'SEAFDEC', 'WCPFC', 'IWC']",['71'],['71'],[],[],[],[],102,96,117.117758,117.59854700000001,68f17c502-20fa-7db5-adac-5a3274e4615d,TAM DAO 05,574003170,VNM,other,vnm-dungquat,VNM,,62d9df56f661fccf1f83d814e5c045a3,5584.055833333332,291.50574094532556,0.028187488228582407,101.58494835705223
2023-08-26T04:59:33.000Z,2024-05-02T22:55:58.000Z,670b5395ef1706f4258b8ef6457782d0,loitering,"[13.563666666666666, -29.586833333333335, 13.602166666666667, -29.733333333333334]",-29.6601,13.5829,[],['8395'],"['ICCAT', 'IWC', 'CCSBT', 'ACAP']","['47.1.5', '47', '47.1']",['47'],[],[],[],[],275,282,304.23690600000003,306.049688,cb5dbd92e-e7be-4953-3ec3-381c3f9b176f,WEST BOLLSTA,257440000,NOR,other,nam-walvisbay,NAM,WALVIS BAY,5cd9de8a3639ba63b550953d340784e8,6017.940277777778,750.9706659836439,0.06738048261975751,279.9599967073448
2023-08-26T12:07:33.000Z,2024-12-24T05:57:07.000Z,988be92302918ed154ccdab1a304f86f,loitering,"[49.38910333333333, 28.404975, 49.37600333333334, 28.385633333333335]",28.3953,49.3826,[],['8356'],"['IOTC', 'RECOFI', 'IWC', 'ACAP']","['51', '51.2']",['51'],[],[],[],[],74,72,1.111949,2.429496,6daa33909-9d61-30bd-ca45-2dbbcb4de16f,ARABDRILL 140,403683000,SAU,other,,,,,11657.826111111111,56.01259191369829,0.0025943413287117414,74.03534226652616
2023-08-27T00:04:49.000Z,2024-01-27T19:54:06.000Z,622cca392a936ce0c5d99d352d9da685,loitering,"[-48.018298333333334, 46.788165, -48.014025, 46.78711833333333]",46.7876,-48.0162,[],['8493'],"['ICCAT', 'ACAP', 'NASCO', 'NAMMCO', 'IWC', 'NAFO']","['21.3', '21', '21.3.L']",['21'],[],[],[],[],359,360,363.159562,363.893844,97cce7b7f-f230-182a-8d35-74a34cfb3705,SEAROSE FPSO,316317000,CAN,other,gbr-belfast,GBR,BELFAST,e81c4ae8ec13bfd7be6432225db2ccc3,3691.8213888888895,247.14671597658975,0.036147076655694436,359.4651495019295
2023-08-28T23:31:10.000Z,2024-01-19T13:00:10.000Z,f0aecef0465d261532065c38d72f4931,loitering,"[119.94638, 35.162688, 119.945553, 35.162852]",35.1628,119.946,[],['8486'],"['ACAP', 'WCPFC', 'PICES', 'IWC']",['61'],['61'],[],[],[],[],44,44,4.262808,4.262808,415d80046-6da9-ff94-f324-2a234d365e61,,79036126,,gear,,,,,3445.4833333333345,70.32441973010378,0.011020848226135312,43.99930983055528
2023-08-30T04:24:59.000Z,2024-01-05T01:31:57.000Z,98feec847f71826436bff990c6eb13ab,loitering,"[119.894927, 35.14445, 119.894627, 35.146375]",35.1454,119.8948,[],['8486'],"['WCPFC', 'PICES', 'IWC', 'ACAP']",['61'],['61'],[],[],[],[],41,40,1.818589,2.1315,e79cfac78-8f58-83ea-9945-901b8261764f,,60806817,,gear,,,,,3069.116111111109,76.84739008743585,0.013519941769327453,40.07881355963691
2023-08-31T03:59:22.000Z,2025-03-27T06:59:23.000Z,47f44ec1a30d7771cf6419ad3e59317a,loitering,"[49.39754, 28.462908333333335, 49.402335, 28.43278]",28.4478,49.3999,[],['8356'],"['IOTC', 'RECOFI', 'ACAP', 'IWC']","['51.2', '51']",['51'],[],[],[],[],79,77,1.480596,2.4293470000000004,44234c13f-fa46-be93-cdf6-857c37cd9872,BORR ARABIA III,636015839,LBR,other,,,,,13779.000277777768,264.3841185579781,0.01036040356071813,78.99993091739675
2023-08-31T07:14:39.000Z,2024-01-30T03:55:21.000Z,ea3a7d5eb329851aab8fd2a668efe5d8,loitering,"[-60.514401666666664, 10.24656, -60.528281666666665, 10.271003333333333]",10.2588,-60.5213,[],['8420'],"['ICCAT', 'CRFM', 'IWC', 'ACAP', 'NAMMCO']",['31'],['31'],[],[],[],[],52,49,29.22373,31.904826,3ad301b30-0d3c-bb70-1838-65fd8b860df0,VALARIS 249,538003931,MHL,other,tto-chaguaramas,TTO,CHAGUARAMAS,c1228c5d1a87b68b43eb22a8e9881105,3644.678333333335,16.496328821258277,0.0024439207426392375,51.99952759936302
2023-08-31T17:59:01.000Z,2024-01-26T09:55:18.000Z,9a90174db38ffadcd9b50037da29127a,loitering,"[2.7607283333333332, 58.76862, 2.6682616666666665, 58.79636]",58.7825,2.7145,[],['5686'],"['NAMMCO', 'NEAFC', 'ICES', 'IWC', 'ICCAT', 'ACAP', 'NASCO']","['27', '27.4', '27.4.a']",['27'],[],[],[],[],134,137,14.382834,8.216253,03b731175-5ec6-587b-95ed-ffb1abdc9e7f,DEEPSEA ATLANTIC,310766000,BMU,other,nor-sture,NOR,STURE,bd32b0388eec4f7b85b446464f0fa68b,3543.9380555555576,22.564072168344467,0.00343787732459494,134.18155594002755
2023-09-01T03:26:58.000Z,2024-03-12T04:41:28.000Z,e265489dd1cc0b037a41c085659aa2f0,loitering,"[51.926435, 26.58644333333333, 51.926523333333336, 26.58641666666667]",26.5864,51.9265,[],['8468'],"['RECOFI', 'ACAP', 'IOTC', 'IWC']","['51.2', '51']",['51'],[],[],[],[],78,78,1.491721,1.491721,0ac63c38f-f1e7-bdc8-b4cd-be302ce459eb,SEAFOX FRONTIER,538005298,MHL,other,,,,,4633.241666666667,614.0308771098872,0.07155900198616208,77.99999999999997
2023-09-01T20:59:37.000Z,2024-06-03T11:59:08.000Z,daf2102801505a54b167e5ea8375259a,loitering,"[5.031351666666667, 55.53715, 5.168118333333333, 55.52488]",55.531,5.0997,[],['5674'],"['NASCO', 'NEAFC', 'ICCAT', 'NAMMCO', 'ACAP', 'IWC', 'ICES']","['27.4', '27', '27.4.b']",['27'],[],[],[],[],192,183,1.679369,5.836343,51e9aa85a-ae02-5de5-a570-a6fd84b1cf47,SHELFDRILLING WINNER,636015378,LBR,other,,,,,6614.991944444442,21.95351652411944,0.0017919826216767206,189.25729607296591
2023-09-02T07:34:42.000Z,2024-04-05T23:51:09.000Z,dfe254c7b80edb8125c9e6f91fce2a9f,loitering,"[119.924373, 35.199812, 119.9785, 35.197663]",35.1987,119.9514,[],['8486'],"['ACAP', 'IWC', 'PICES', 'WCPFC']",['61'],['61'],[],[],[],[],39,44,6.7333300000000005,9.219308000000002,a60f952a2-29ce-9624-e6ce-77b52b3939ac,,900111003,,gear,,,,,5200.274166666667,84.22846401162386,0.00874564123546086,39.397536585982344
2023-09-02T11:00:19.000Z,2024-04-12T16:59:46.000Z,8c182372878e2bc37000c824d2b5ffdb,loitering,"[12.364238333333333, -7.054453333333333, 12.363333333333333, -7.053333333333334]",-7.0539,12.3638,[],['8478'],"['ACAP', 'ICCAT', 'IWC']","['47.1', '47.1.1', '47']",['47'],[],[],[],[],45,45,11.601970999999999,11.601970999999999,7fb4de827-7e65-4402-3122-3d330647b321,NUNCE,636014214,LBR,other,,,,,5357.990833333332,407.6918628601493,0.041085549026205335,45.0
2023-09-02T13:54:46.000Z,2024-02-27T02:50:05.000Z,aecadf2c9582cf261cc91333708685f8,loitering,"[39.90072333333333, 17.024011666666667, 39.90014, 17.023537]",17.0238,39.9004,[],['8351'],"['PERSGA', 'IOTC', 'IWC', 'ACAP']","['51.1', '51']",['51'],[],[],[],[],58,58,163.065344,163.065344,a70200a78-8a92-69a6-411e-385d8c809c0b,OW 267,677035400,TZA,other,,,,,4260.921944444443,79.3951217446044,0.010061187861723234,58.49151214490484
2023-09-02T17:59:18.000Z,2024-02-05T20:55:00.000Z,5cfafee810669f3386e1ca9ca94bdaa3,loitering,"[-40.275655, -22.429733333333335, -40.37969666666667, -22.587915]",-22.5088,-40.3277,[],['8464'],"['IWC', 'ACAP', 'ICCAT']","['41.2', '41', '41.2.1']",['41'],[],[],[],[],87,91,8.372440000000001,8.417223,4570d76d4-405c-99a8-b235-e70834115799,ATLANTIC STAR,309856000,BHS,other,bra-angradosreis,BRA,ANGRA DOS REIS,3a16e9bc528a01ef0d6a31a952957171,3746.9283333333333,60.20083436972149,0.00867533275255481,85.53909961388302
2023-09-02T18:58:29.000Z,2024-01-12T03:59:45.000Z,90999b58a3cbd5538cdc92c85a49cc2a,loitering,"[121.11086833333333, 40.03427666666666, 121.075975, 40.003278333333334]",40.0188,121.0934,[],['8486'],"['PICES', 'ACAP', 'WCPFC', 'IWC']",['61'],['61'],[],[],[],[],39,40,2.8011239999999997,1.400676,e5df30d95-56b7-d988-1508-a1c943deeccc,ZHONG YOU HAI 5,413311000,CHN,other,,,,,3153.021111111111,7.673723217262504,0.0013141298180324864,39.00126052659999
2023-09-03T02:31:14.000Z,2024-04-23T23:58:00.000Z,8f8dec29cf8ccaaa891e4caa9070136c,loitering,"[114.94118666666667, 20.244795, 114.94122666666667, 20.244783333333334]",20.2448,114.9412,[],['8321'],"['IWC', 'APFIC', 'WCPFC', 'ACAP']",['61'],['61'],[],[],[],[],191,191,205.423719,205.423719,b8f62d903-36a9-f051-3e41-8ef76358c7e6,PANYU30-1DPP,413230000,CHN,other,,,,,5613.446111111113,210.89443065417169,0.020285913570496777,190.99774487343666
2023-09-03T04:38:27.000Z,2024-01-23T21:53:52.000Z,e72aa08d2ec69d25c3e8a355eaba5e94,loitering,"[120.782435, 39.94556, 120.78258333333333, 39.94569]",39.9456,120.7825,[],['8486'],"['ACAP', 'PICES', 'WCPFC', 'IWC']",['61'],['61'],[],[],[],[],40,40,4.070431,4.070431,abc2adb6b-b5fc-ac44-002d-f89b5d0d63b8,NANHAI YIHAO,413235370,CHN,other,,,,,3425.2569444444443,135.27572655020154,0.021324837837835404,40.00000000000003
2023-09-03T05:53:04.000Z,2025-07-03T22:32:22.000Z,0de469b7fdb0b08401938cc28b25d219,loitering,"[116.44756666666666, 21.499491666666668, 116.44757, 21.499233333333333]",21.4994,116.4476,[],['8321'],"['WCPFC', 'IWC', 'APFIC', 'ACAP']",['61'],['61'],[],[],[],[],90,90,155.289969,155.289969,d66ebd1c0-024c-2ee9-4c54-ec61d7d7214f,LF15-1DPP,413336860,CHN,other,,,,,16072.655,593.3943894504536,0.019934935311946136,90.0
2023-09-03T07:58:57.000Z,2024-02-17T05:59:07.000Z,6dd4598ab14313f8b027e6dec58d0e47,loitering,"[53.630875, 24.855375, 53.666075, 24.857078333333334]",24.8562,53.6485,[],['8360'],"['IWC', 'IOTC', 'RECOFI', 'ACAP']","['51', '51.2']",['51'],['8360'],[],[],[],55,57,1.5014729999999998,1.111949,a1eaa5e1e-e999-d5b1-c666-00e8a55744ca,BATEEL,470345000,ARE,other,,,,,4006.0027777777796,31.64052095637467,0.004264728584325911,54.717418393162234
2023-09-03T17:59:13.000Z,2024-02-24T00:59:25.000Z,e9fbae06ee4d1654921fa678dcd57847,loitering,"[-93.99824166666667, 29.137056666666666, -93.979585, 29.140476666666668]",29.1388,-93.9889,[],['8456'],"['NAMMCO', 'ICCAT', 'ACAP', 'IWC']",['31'],['31'],[],[],[],[],57,58,28.515027,28.922363,9a5ce4eb4-4064-1845-d9eb-4c3828185f35,NASHVILLE,367586370,USA,other,usa-usa-1687,USA,,d83fe768c83e398bede3f0a7404859d9,4159.003333333333,10.903093917721808,0.0014155313828210308,57.0000401848967
2023-09-03T19:09:19.000Z,2024-02-04T23:59:43.000Z,7aad58cae68ac36025cb7f57cfafb9ce,loitering,"[102.93833333333333, 6.916666666666667, 103.25, 7.19]",7.0533,103.0942,[],['8483'],"['WCPFC', 'ACAP', 'SEAFDEC', 'APFIC', 'IWC']",['71'],['71'],[],[],[],[],106,149,124.85929700000001,167.16565599999998,5f230d99d-dc3f-39b9-a0ff-01bb1c7c4616,VELESTO NAGA 8,533180176,MYS,other,mys-kemaman,MYS,,20715cea0f2f3f5b74d917a36dea3de0,3700.8400000000015,395.8684704800964,0.05775766418146669,137.330310389808
2023-09-04T03:59:09.000Z,2025-08-09T04:59:04.000Z,dcd38441f3fc0c9c943c1aea4c60b03c,loitering,"[49.168976666666666, 28.436813333333333, 49.14547666666667, 28.418506666666666]",28.4277,49.1572,[],['8356'],"['IOTC', 'IWC', 'ACAP', 'RECOFI']","['51', '51.2']",['51'],[],[],[],[],59,56,2.933265,2.249946,53ca9f68a-acbe-a163-ba1f-81fe28803f5f,ADMARINE 688,636021477,LBR,other,,,,,16920.998611111114,8.219036853280898,0.0002622732244578162,58.99979186209813
2023-09-05T00:00:22.000Z,2026-09-21T23:24:59.000Z,4efa6fdef861ca331157139457824f75,loitering,"[12.683333333333334, 33.751666666666665, 12.683333333333334, 33.751666666666665]",33.7517,12.6833,[],['8372'],"['ACAP', 'GFCM', 'IWC', 'ICCAT']","['37.2.2', '37', '37.2']",['37'],[],[],[],[],103,103,61.081343999999994,61.081343999999994,fbc766441-10ed-ceb2-d93d-ba2c2a5b8777,SABRATHA PLATFORM,642115005,LBY,other,,,,,26711.41027777782,271.0077466817265,0.0054782759535441945,102.99999999999972
2023-09-05T07:05:57.000Z,2026-09-21T23:58:19.000Z,8c2d82213b87b0f3074145ba3552730b,loitering,"[11.3842, -5.2855, 11.3842, -5.2854833333333335]",-5.2855,11.3842,[],['8394'],"['ACAP', 'IWC', 'COREP', 'ICCAT']","['34.3', '34.3.6', '34']",['34'],[],[],[],[],73,73,1.107213,1.107213,9721f1491-1af4-a375-2a36-5b1bc609f555,FPU LIKOUF,636017131,LBR,other,,,,,26704.87277777778,22.925142660838418,0.000463532886036195,72.9999993822945
2023-09-07T00:00:09.000Z,2024-04-02T15:59:15.000Z,9fdaf03d3a0ce74276df2b23e738b745,loitering,"[71.415, 19.53, 71.52078333333333, 19.305475]",19.4177,71.4679,[],['8480'],"['IWC', 'IOTC', 'ACAP']","['51.4', '51']",['51'],[],[],[],[],133,128,6.3868599999999995,6.296368,c02949607-779c-0223-8011-a7876cd20eb2,JINDAL STAR,563207000,SGP,other,ind-mumbaihighfield,IND,,1d4153b2014ea8f9da3a6112dc727774,5007.984999999999,204.5850886656377,0.02205819516444309,126.71217957398198
2023-09-07T08:49:36.000Z,2024-06-05T10:58:02.000Z,0acdc7fe1b91ee82cd8f705ee06a2b48,loitering,"[-40.002628333333334, -21.253645, -40.01403833333333, -21.25985]",-21.2567,-40.0083,[],['8464'],"['ACAP', 'ICCAT', 'IWC']","['41.2.1', '41', '41.2']",['41'],[],[],[],[],79,79,1.036345,0.0,05db144fe-eb45-7d75-bf44-b248a03a532d,DEEPWATER CORCOVADO,636019375,LBR,other,,,,,6530.140555555558,161.9511548549049,0.01339123211016056,78.55920538665094
2023-09-07T11:58:16.000Z,2024-07-08T06:59:08.000Z,e8981e4242cb866b182b90bed034b7d3,loitering,"[18.586315, 55.40707833333333, 18.59462, 55.57467166666667]",55.4909,18.5905,[],['5687'],"['ICES', 'ACAP', 'ICCAT', 'NAMMCO', 'IWC', 'NASCO']","['27', '27.3.d', '27.3', '27.3.d.26']",['27'],[],[],[],[],66,83,68.588211,86.220438,fe1eec4a5-5cc1-51f4-ee14-e3aff0090ad5,PETRO GIANT,261053080,POL,other,,,,,7315.014444444439,348.14246285253563,0.025698088885091046,73.23555479819419
2023-09-07T11:59:10.000Z,2025-10-07T03:59:29.000Z,7ab1b473f929ad01f1e7393acc14480d,loitering,"[49.74515, 28.33383, 49.71078333333333, 28.358976666666667]",28.3464,49.728,[],['8356'],"['IOTC', 'IWC', 'RECOFI', 'ACAP']","['51.2', '51']",['51'],[],[],[],[],67,71,3.91508,1.111949,fc0552c43-37ae-6a88-60a9-a49da0c189d2,AD MARINE 505,636022394,LBR,other,,,,,18256.005277777786,545.2476537193317,0.016126758056561028,70.98551556198532
2023-09-07T23:59:07.000Z,2024-09-02T13:29:03.000Z,5c5c52a3e48f228443dd48ac8ff1851d,loitering,"[18.177965, 55.455765, 18.177545, 55.45346833333333]",55.4546,18.1778,[],['5687'],"['ACAP', 'NAMMCO', 'IWC', 'NASCO', 'ICCAT', 'ICES']","['27', '27.3.d', '27.3.d.26', '27.3']",['27'],[],[],[],[],69,68,74.830914,73.741086,da1ed2f87-786f-4d70-5ff3-285c115bb751,ICARUS III,212335000,CYP,other,pol-gdansk,POL,,16b5a173d676a1b4043733912344ca7e,8653.498888888893,488.3802118956767,0.030473710284381637,68.38844638264307
2023-09-08T01:53:43.000Z,2024-03-12T18:58:25.000Z,e53f2648f7f08f30f2fdd649fe41ce25,loitering,"[-4.123356666666667, 60.39319666666667, -4.121548333333333, 60.353485]",60.3733,-4.1225,"['555583053', '555560482']",['5696'],"['NEAFC', 'IWC', 'ICES', 'NASCO', 'NAMMCO', 'ICCAT', 'ACAP']","['27', '27.6.a', '27.6']",['27'],[],[],[],[],114,113,1.5633920000000001,2.4812950000000003,03744b591-1e64-821f-e24d-c7b3b65d2854,NOBLE CLAUS BACHMANN,538006218,MHL,other,,,,,4481.078333333334,30.54270345239863,0.0036803062339652443,112.03266734952676
2023-09-08T07:55:10.000Z,2024-08-18T05:54:28.000Z,8156d3efdc502ad1c1179db708ddeceb,loitering,"[0.7086333333333333, 56.769936666666666, 0.7150833333333333, 56.77101833333333]",56.7705,0.7119,[],['5696'],"['IWC', 'NAMMCO', 'NEAFC', 'ICCAT', 'NASCO', 'ICES', 'ACAP']","['27.4', '27.4.b', '27']",['27'],[],[],[],[],170,170,70.849836,70.51581200000001,247165342-28e1-22ef-19dd-1a4b7831d070,BW CATCHER,355631000,PAN,other,,,,,8277.988333333335,522.5381301000979,0.034084128540800444,169.99988299220632
2023-09-09T09:59:08.000Z,2024-06-20T09:58:27.000Z,83e2539011cfe00d5b48537dab47e27d,loitering,"[2.48353, 59.199913333333335, 2.351105, 59.181125]",59.1905,2.4173,[],['5686'],"['ACAP', 'NASCO', 'NEAFC', 'ICES', 'NAMMCO', 'ICCAT', 'IWC']","['27.4.a', '27', '27.4']",['27'],[],[],[],[],136,143,4.447797,7.734852,002c070ad-dca6-eab3-9f54-2371984578bd,WEST PHOENIX,370506000,PAN,other,nor-sture,NOR,STURE,eaa36811b4042cc3a7b95688f435c9af,6839.988611111109,81.96510573303037,0.00647042254056153,138.6631892957677
2023-09-09T12:59:08.000Z,2024-01-20T07:33:19.000Z,0884b0ea195402a65265ac121f4840bf,loitering,"[53.91789166666667, 24.683538333333335, 53.942035, 24.722425]",24.703,53.93,[],['8360'],"['RECOFI', 'IWC', 'ACAP', 'IOTC']","['51', '51.2']",['51'],[],[],[],[],39,44,17.639426,17.933516,ce644b596-602f-dfab-053c-a118134e8721,DHABI II,636010031,LBR,other,are-abudhabi,ARE,ABU DHABI,af7d073e6503dc0222889b52aca17105,3186.5697222222225,193.8953942874285,0.03285512210014211,43.99415181234971
2023-09-10T06:51:00.000Z,2024-01-19T14:41:46.000Z,d8ead724d081aaa37d6304552390efe9,loitering,"[119.69543333333333, 37.99293333333333, 119.69478333333333, 37.9888]",37.9909,119.6951,[],['8486'],"['WCPFC', 'PICES', 'IWC', 'ACAP']",['61'],['61'],[],[],[],[],56,57,10.32799,11.011229,8967f2f40-0e17-55f7-1c2a-e5305421a5f3,ZHONG YOU HAI 12,413239940,CHN,other,chn-sz361field,CHN,SZ361 FIELD,d6eece824b083d7653837d667bdf6605,3151.846111111111,8.946961964422652,0.0015327439261450955,56.983581810128115
2023-09-11T10:51:29.000Z,2024-05-03T21:58:47.000Z,9929ff5ae64a8c1f70fbcc5df84b0e17,loitering,"[-90.34156666666667, 27.125793333333334, -90.33824333333334, 27.141138333333334]",27.1335,-90.3399,[],['8456'],"['ACAP', 'IWC', 'NAMMCO', 'ICCAT']",['31'],['31'],[],[],[],[],213,212,9.61626,8.880732,0bb403481-16ac-d5ef-de54-bcc3f281e752,OCEAN BLACKLION,538005361,MHL,other,usa-usa-1863,USA,,4ce5310edc2e284f5791d628bb5c20e6,5651.121666666667,93.03319159042879,0.008889191864821849,213.488611049665
2023-09-12T14:17:07.000Z,2024-09-29T12:47:11.000Z,e9c08f375db7f4578d162fa3cd7131ef,loitering,"[5.1075, 55.480333333333334, 5.030333333333333, 55.538833333333336]",55.5096,5.0689,[],['5674'],"['ICCAT', 'ACAP', 'IWC', 'NEAFC', 'NASCO', 'NAMMCO', 'ICES']","['27', '27.4', '27.4.b']",['27'],[],[],[],[],187,192,0.0,1.679369,c5af381ad-dbb2-97d8-53d4-7a0aa1d95ae6,NOBLE REACHER,538010661,MHL,other,,,,,9190.501111111114,543.2532628196424,0.03191700775753703,190.71485936561092
2023-09-15T18:59:35.000Z,2024-07-23T08:58:13.000Z,d75ae5cb82c5e7edd2506042350f7c23,loitering,"[48.788005, 29.596005, 48.788665, 29.599771666666665]",29.5979,48.7883,[],['8470'],"['IOTC', 'ACAP', 'IWC', 'RECOFI']","['51', '51.2']",['51'],[],[],[],[],41,41,4.420214,4.420214,abcb75c39-921c-dc9b-c477-e50d3dbc4d64,NEW DYNASTY,351932000,PAN,other,irq-al-basrahoilterminal,IRQ,,c3471956c78d4473d3271fa9e6c246fc,7477.97722222222,946.652854617515,0.06835426669160286,41.092208467080006
2023-09-16T04:23:24.000Z,2024-01-18T18:52:42.000Z,b957c5d405f6f9d4f120d091ad61ab98,loitering,"[114.91166666666666, 21.165, 114.67155666666666, 20.866316666666666]",21.0157,114.7916,[],['8486'],"['APFIC', 'WCPFC', 'IWC', 'ACAP']",['61'],['61'],[],[],[],[],116,129,106.800375,130.980133,686af95b7-7f38-6068-e47e-869af22a1d76,SINOOCEAN AUSPICIOUS,352379000,PAN,other,,,,,2990.4883333333332,214.13771203517192,0.03866429211611492,130.7599239937165
2023-09-16T04:56:59.000Z,2024-04-28T17:56:27.000Z,c425ce546b5a04dff9d0fb450851b5a0,loitering,"[72.45977833333333, 18.11125, 72.32474666666667, 18.37665]",18.2439,72.3923,[],['8480'],"['ACAP', 'IOTC', 'IWC']","['51', '51.4']",['51'],[],[],[],[],51,61,19.696359,13.773875,346fb1d17-7a56-c327-d28c-17e72d53171e,F.G.MC CLINTOCK,538001739,MHL,other,ind-ind-206,IND,,152c4e2994dca8a0e396219b17312c2e,5412.991111111107,167.16376309837537,0.016674923221461004,55.00599648352085
2023-09-16T10:53:38.000Z,2024-03-24T06:59:27.000Z,28f0c4f0c68b4567bf90108bae7e369f,loitering,"[-88.26553666666666, 28.342076666666667, -88.26558166666666, 28.34167]",28.3419,-88.2656,[],['8456'],"['NAMMCO', 'ACAP', 'IWC', 'ICCAT']",['31'],['31'],[],[],[],[],112,112,7.620619,7.620619,a84111ca1-15ec-0ddc-be78-2a30f5b82d7c,BLIND FAITH,367303720,USA,other,,,,,4556.096944444444,184.66336855557302,0.021885013294595673,112.00057489500995
2023-09-17T11:51:38.000Z,2024-02-03T19:54:24.000Z,d4d9a6904652021c1eed6fa00389e3ab,loitering,"[113.23741, 4.643575, 113.21666666666667, 4.621666666666667]",4.6326,113.227,[],['8483'],"['ACAP', 'SEAFDEC', 'WCPFC', 'IWC', 'APFIC']",['71'],['71'],[],[],[],[],80,82,43.290859,45.013703,071474908-8e5a-3603-ef31-2e5716d8a711,FREYJA,636015379,LBR,other,,,,,3344.0461111111117,59.45888444130646,0.009600713660405725,78.9999489030178
2023-09-17T12:58:27.000Z,2024-04-03T09:56:07.000Z,6092b8f037cf5d6983c27b24eab92ef8,loitering,"[11.009896666666666, -6.348306666666667, 11.031695, -6.258931666666666]",-6.3036,11.0208,[],['8477'],"['ICCAT', 'ACAP', 'IWC']","['47', '47.1.1', '47.1']",['47'],[],[],[],[],141,138,6.473299,4.5589189999999995,6bbbedbd2-2f1d-ddcc-fb72-809d54bed748,ENSCO DS-9,538005375,MHL,other,,,,,4772.961111111119,88.1713635647791,0.009974673272728073,137.5075267309016
2023-09-17T23:58:58.000Z,2024-01-17T22:50:14.000Z,2c6bceb81af7621904e82b5b39f3495e,loitering,"[49.266686666666665, 29.274995, 49.26670166666667, 29.274948333333334]",29.275,49.2667,[],['8469'],"['IWC', 'IOTC', 'ACAP', 'RECOFI']","['51.2', '51']",['51'],[],[],[],[],85,85,23.279523,23.279523,c95b4bbfe-ee88-2580-3fa1-e1999cff5bf9,CHELSEA PROVIDENCE,548923200,PHL,other,are-sharjah,ARE,SHARJAH,b15cdd4eca550769535eaedfe89bbe25,2926.8544444444437,131.22913023648331,0.024209629493965552,84.50241686069575
2023-09-18T08:55:02.000Z,2024-01-20T01:47:27.000Z,a85afda65d0700a06d09a427db6042de,loitering,"[-87.94047666666667, 28.468865, -87.94942666666667, 28.450605]",28.4597,-87.945,[],['8456'],"['ACAP', 'NAMMCO', 'IWC', 'ICCAT']",['31'],['31'],[],[],[],[],129,129,18.854162,20.454896,5545d37ba-accd-9b04-8e80-ceed9b526f43,DEEPWATER PROTEUS,538005124,MHL,other,usa-usa-87,USA,,c11f524a21388b57381916ca8b687658,2968.87361111111,160.1432273745824,0.029125667332096636,128.3558472414579
2023-09-19T00:00:04.000Z,2026-09-21T23:13:36.000Z,f574ab94b27e9eba80eace7b25fd82ef,loitering,"[-92.05, 19.381666666666668, -92.05, 19.381666666666668]",19.3817,-92.05,[],['8429'],"['ACAP', 'IWC', 'ICCAT', 'NAMMCO']",['31'],['31'],[],[],[],[],73,73,0.0,0.0,4450630f1-10c3-3fd6-8374-0981a2f4cb6c,AGOSTO 12,563552000,SGP,other,,,,,26375.225555555542,898.6726325123101,0.018397734684103117,73.00000000000004
2023-09-19T13:59:36.000Z,2024-01-13T08:57:35.000Z,e1499483084c9e44236d56880fb0be9e,loitering,"[49.26385333333333, 28.328763333333335, 49.25676166666667, 28.33788]",28.3333,49.2603,[],['8356'],"['ACAP', 'RECOFI', 'IWC', 'IOTC']","['51.2', '51']",['51'],[],[],[],[],59,60,1.111949,1.111949,f6d05114f-f1d0-349f-56a0-80fa7cf267ca,ADMARINE-511,636018903,LBR,other,,,,,2778.966388888891,12.54588825682094,0.002437682494740163,59.999923413807835
2023-09-20T19:13:50.000Z,2024-04-10T02:59:47.000Z,eb5d3476b030a57f7d287a8bc9a55edd,loitering,"[72.237055, 18.632716666666667, 72.35664166666666, 18.653656666666667]",18.6432,72.2968,[],['8480'],"['IWC', 'ACAP', 'IOTC']","['51.4', '51']",['51'],[],[],[],[],65,52,4.570874,6.996421000000001,6e32e9572-2836-3325-d5c3-6e7409c0f192,FORESIGHTDRILLER-IX,355730000,PAN,other,,,,,4855.765833333333,119.42040138592854,0.01327944147493633,61.611779679735555
2023-09-21T01:08:28.000Z,2024-01-06T11:44:05.000Z,33e58a208078d34829b8a041dabe4223,loitering,"[104.61046333333333, 1.8382766666666666, 104.60769166666667, 1.828775]",1.8335,104.6091,[],['8483'],"['APFIC', 'ACAP', 'SEAFDEC', 'WCPFC', 'IWC']",['71'],['71'],['8483'],[],[],[],45,45,27.797748,26.732057,bfcbab3fd-dc90-a2b8-8c8f-043201523692,MT HULDA,341694000,KNA,other,irq-ummqasr,IRQ,UMM QASR,5bd5c0668bc588bf24b242c1385cede6,2578.5936111111123,66.82850862301335,0.013993871597411887,44.99999999999999
2023-09-21T06:59:33.000Z,2024-05-31T11:59:02.000Z,e3d275f3d55acef1d54bad007abf9e55,loitering,"[51.94672833333333, 26.627145, 51.92784833333333, 26.646576666666668]",26.6369,51.9373,[],['8468'],"['RECOFI', 'ACAP', 'IWC', 'IOTC']","['51', '51.2']",['51'],[],[],[],[],83,83,1.111949,2.277605,9d2f7f7eb-b961-89fe-22c6-3e922f51fca2,QMS SUBHIYA,352898804,PAN,other,,,,,6076.991388888889,135.90973032297637,0.01207594002484533,83.9995335537009
2023-09-21T16:55:19.000Z,2024-09-24T22:43:29.000Z,aab98be8d2f7f2646528578120fdbc07,loitering,"[-88.44516666666667, 28.161833333333334, -88.60666666666667, 28.191666666666666]",28.1768,-88.5259,[],['8456'],"['ACAP', 'NAMMCO', 'ICCAT', 'IWC']",['31'],['31'],[],[],[],[],115,103,2.9409940000000003,1.111949,e670b2ae5-5ea9-4105-ee9e-4ec02c34e901,STENA ICEMAX,235092459,GBR,other,,,,,8861.802777777775,311.33425090060564,0.0189698474608491,107.43118687468464
2023-09-22T00:59:05.000Z,2024-02-15T15:56:00.000Z,5d703159c69cf7bc8ac06829a0e44aac,loitering,"[11.512333333333334, -5.210395, 11.572553333333333, -5.27641]",-5.2434,11.5424,[],['8394'],"['COREP', 'ACAP', 'IWC', 'ICCAT']","['34', '34.3.6', '34.3']",['34'],[],[],[],[],57,56,6.463922999999999,1.569207,22c1ce6bc-c502-803c-ca17-b74d5aafede8,WARIBOKO,636016915,LBR,other,,,,,3518.948611111112,68.35571579779648,0.010488682239793207,55.00669143811962
2023-09-22T10:58:37.000Z,2024-01-23T06:59:37.000Z,5e5cf26e4f78f59dc64586fff620b425,loitering,"[53.50953833333333, 24.87449, 53.511646666666664, 24.870773333333332]",24.8726,53.5106,[],['8360'],"['ACAP', 'RECOFI', 'IOTC', 'IWC']","['51.2', '51']",['51'],['8360'],[],[],[],44,44,1.501363,1.501363,797289a09-9afc-d6b2-27f5-66001ae640a8,JUNANA,470871000,ARE,other,,,,,2948.0166666666673,165.12144277929855,0.030243535402368998,43.99999999999998
2023-09-22T20:52:37.000Z,2025-09-16T18:54:38.000Z,19064ef426e62e3544efaf72b40b3855,loitering,"[-92.07166666666667, 19.506666666666668, -92.075065, 19.516793333333332]",19.5117,-92.0734,[],['8429'],"['ACAP', 'ICCAT', 'IWC', 'NAMMCO']",['31'],['31'],[],[],[],[],79,78,4.447797,5.657634,2b3076ab5-5a70-83b3-83bd-639523f6db39,LA SANTA MARIA,355792000,PAN,other,,,,,17398.033611111125,660.5748539876024,0.020501275866864913,78.99999165262912
2023-09-23T07:52:11.000Z,2024-01-25T19:57:24.000Z,181d3d1594fd40618fc6b22d4865617f,loitering,"[-91.064795, 26.751611666666665, -91.32277833333333, 26.621365]",26.6865,-91.1938,[],['8456'],"['ACAP', 'ICCAT', 'NAMMCO', 'IWC']",['31'],['31'],[],[],[],[],255,272,43.405633,25.882715,5e758befe-efff-2b92-f2b4-51923bb90e0a,DEEPWATER POSEIDON,538005126,MHL,other,usa-usa-1833,USA,,1d18102d7791feffc756aa0a8891b20c,2988.086944444446,80.9434832598949,0.014626744567404369,272.72157011158
2023-09-23T08:55:04.000Z,2024-01-31T21:59:30.000Z,ab4b8c8243aa3f0f6f54e2369c7402dd,loitering,"[-89.095, 28.418666666666667, -89.07283333333334, 28.425333333333334]",28.422,-89.0839,[],['8456'],"['IWC', 'ICCAT', 'NAMMCO', 'ACAP']",['31'],['31'],[],[],[],[],63,62,6.748875,3.681001,26856d06c-c4d5-0b51-5e43-70c70345b74d,WEST NEPTUNE,371765000,PAN,other,usa-usa-136,USA,,cadb162013e52414fa5f8078c77d45ec,3133.073888888889,57.93108040816001,0.009983895084268115,62.00011439587424
2023-09-23T10:59:15.000Z,2024-01-09T08:55:22.000Z,8c5c2f85f11a7f50b40c538e85f591c9,loitering,"[53.70222666666667, 24.906285, 53.72486833333333, 24.92046]",24.9134,53.7135,[],['8360'],"['IOTC', 'ACAP', 'RECOFI', 'IWC']","['51.2', '51']",['51'],['8360'],[],[],[],61,59,1.008505,1.111949,269966dc2-2c67-d632-9e24-1b17d6434cc8,VENUS 1,352002614,PAN,other,,,,,2589.935277777777,55.48538845618021,0.011567745822206136,59.99996731328799
2023-09-25T05:59:33.000Z,2024-04-17T15:57:15.000Z,831d3c00dbb447bf0f693486aaa831f6,loitering,"[48.76886666666667, 29.62144, 48.76712333333333, 29.627466666666667]",29.6245,48.768,[],['8470'],"['ACAP', 'IOTC', 'IWC', 'RECOFI']","['51.2', '51']",['51'],[],[],[],[],39,38,1.4733420000000002,0.966547,c5d01ea5c-c89b-4b29-d79c-7132100c69d6,NEW TINOS,636018673,LBR,other,,,,,4929.961666666669,667.4698631483224,0.07310500934427765,37.830698727598744
2023-09-25T19:57:06.000Z,2024-01-08T02:56:25.000Z,49fca1636391772a996882fc51dad91a,loitering,"[-56.309553333333334, 7.741181666666667, -56.283926666666666, 7.63932]",7.6903,-56.2967,[],['8460'],"['ICCAT', 'NAMMCO', 'IWC', 'ACAP', 'CRFM']",['31'],['31'],[],[],[],[],197,188,207.64059400000002,201.497766,4b75d945c-c033-8603-7e49-74d9ee610ec1,STENA CARRON,235066948,GBR,other,esp-laspalmas,ESP,LAS PALMAS,ab8066f0aa8a07b8a56add5e411e3989,2502.9886111111127,19.437102386301383,0.004193065692092758,193.09123859319203
2023-09-26T05:29:03.000Z,2024-01-11T23:37:18.000Z,d01664a57cb63fc1ddbb7284bfa16a5b,loitering,"[-90.982, 27.023333333333333, -90.94916666666667, 27.03783333333333]",27.0306,-90.9656,[],['8456'],"['IWC', 'ACAP', 'NAMMCO', 'ICCAT']",['31'],['31'],[],[],[],[],225,222,19.96375,16.456076,6f07f85ee-e207-55a9-dab1-5988314d066e,WEST VELA,538009901,MHL,other,,,,,2586.1375000000003,57.78182647267535,0.012064203979880839,223.97977567735646
2023-09-26T12:58:34.000Z,2024-01-12T08:59:42.000Z,fe29458bde05577641f53bc60134621d,loitering,"[-40.157755, -22.368856666666666, -40.04436, -22.465776666666667]",-22.4173,-40.1011,[],['8464'],"['ACAP', 'ICCAT', 'IWC']","['41.2.1', '41.2', '41']",['41'],[],[],[],[],95,111,3.803044,1.02753,548eb3512-26ab-f20f-da70-1652b18643ef,CAROLINA,636013950,LBR,other,,,,,2588.018888888889,56.37290958197193,0.011761481413471601,103.50367320459436
2023-09-27T15:13:39.000Z,2024-02-24T06:31:12.000Z,da7cfe93d6f99b38cfcef1b13af0a1c0,loitering,"[49.652728333333336, 28.416163333333333, 49.652775, 28.41605]",28.4161,49.6528,[],['8356'],"['RECOFI', 'IWC', 'ACAP', 'IOTC']","['51', '51.2']",['51'],[],[],[],[],79,79,1.95588,1.95588,5348eeed7-7b10-fa08-a412-411b90f3d7f2,ADMARINE 339,636013176,LBR,other,,,,,3591.292500000001,385.30392290164326,0.05793108597222916,78.99994410828683
2023-09-27T20:44:54.000Z,2024-04-14T17:58:38.000Z,ec4ae3a573333b9ae18939cb679a4b41,loitering,"[-90.54513166666666, 27.493906666666668, -90.54723, 27.494283333333332]",27.4941,-90.5462,[],['8456'],"['NAMMCO', 'ACAP', 'ICCAT', 'IWC']",['31'],['31'],[],[],[],[],174,174,1.4864410000000001,1.4864410000000001,4f95af2b3-3e21-6074-e06b-3ef656733ffb,DEEPWATER ASGARD,538004609,MHL,other,,,,,4797.228888888892,130.8084122263767,0.01472326915533774,173.45687705319511
2023-09-28T13:43:07.000Z,2024-08-01T23:59:34.000Z,c67b039a4f281ca9adba0622822c8950,loitering,"[41.13666666666666, -11.213333333333333, 41.13732, -11.214445]",-11.2139,41.137,[],['8347'],"['SWIOFC', 'ACAP', 'IWC', 'IOTC']","['51.6', '51']",['51'],[],[],[],[],49,49,146.528312,146.528312,e817630d0-0afe-a1e7-f996-9c90c3dcdf74,CORAL-SUL FLNG,650000123,MOZ,other,,,,,7402.274166666667,298.1167401611155,0.0217460416150086,49.00000000000001
2023-09-28T16:58:17.000Z,2024-09-30T14:59:01.000Z,42f780619ca33bf7eddf3d2f4f527015,loitering,"[51.7687, 26.254483333333333, 51.77750833333333, 26.282563333333332]",26.2685,51.7731,[],['8468'],"['RECOFI', 'IWC', 'ACAP', 'IOTC']","['51', '51.2']",['51'],[],[],[],[],41,45,21.567963,18.826297,faaa255c6-6cdb-3739-8fa3-b2318484d992,LES HAT,636015684,LBR,other,nld-rotterdammaasvlakte,NLD,ROTTERDAM MAASVLAKTE,aec1529f0734297f8bb14f39bd9fd055,8830.01222222222,1244.3482395453848,0.07609211413317722,46.004681322388606
2023-09-29T02:59:39.000Z,2024-08-14T03:57:18.000Z,8fa184681533cfac55402f7be8966136,loitering,"[10.308585, -6.998873333333333, 8.960139999999999, -6.725516666666667]",-6.8622,9.6344,[],['8477'],"['ACAP', 'ICCAT', 'IWC']","['47.1.1', '47.1', '47']",['47'],[],[],[],[],237,372,95.430219,201.93942199999998,4b3658ef5-5f95-5799-340c-7ea81d7f3ca9,LONGEVO,374104000,PAN,bunker,abw-aruba,ABW,,3f8e5adede23993f148f28a76a9f4c8b,7680.96083333334,667.1352945963922,0.04689833068533332,243.06602873710963
2023-09-29T10:58:43.000Z,2024-03-29T03:01:43.000Z,420a9044ce9fa1a2554806f81758df88,loitering,"[104.84042166666667, 2.1795666666666667, 104.84324833333334, 2.171631666666667]",2.1756,104.8418,[],['8483'],"['APFIC', 'SEAFDEC', 'ACAP', 'WCPFC', 'IWC']",['71'],['71'],[],[],[],[],45,46,72.601117,71.615219,810ed80f1-1d78-3377-dce3-38d9dbc5cc52,MS ENOLA,621819078,DJI,other,,,,,4360.050000000003,237.9443509882378,0.029467476556451308,45.88153404726675
2023-09-29T14:33:44.000Z,2024-01-13T19:58:08.000Z,36ae804cf4fed828cf7cba7a30a95d2e,loitering,"[-45.251666666666665, -25.265, -45.252835, -25.266695]",-25.2658,-45.2523,[],['8464'],"['IWC', 'ICCAT', 'ACAP']","['41', '41.2.1', '41.2']",['41'],[],[],[],[],138,138,0.0,0.0,ed3db2a0b-bb76-1c28-f000-e4dce58d8437,PLATAFORMA MERLUZA,7100079,,gear,,,,,2549.4066666666668,159.719690533931,0.03382815879366915,137.99999999999997
2023-09-30T17:24:21.000Z,2024-01-07T11:04:08.000Z,74670fde12973902fd3f80d44fbe1802,loitering,"[32.76078833333333, 31.50779, 32.760783333333336, 31.507748333333332]",31.5078,32.7608,[],['8490'],"['ACAP', 'GFCM', 'IWC', 'ICCAT']","['37', '37.3.2', '37.3']",['37'],[],[],[],[],42,42,11.119492000000001,11.119492000000001,fc9ffc75a-ac3c-2850-67e1-e151a2422de4,MOSCO 1,374023000,PAN,other,,,,,2369.6630555555553,14.160726950318343,0.003226695390628269,42.00000654780449
2023-10-01T08:47:02.000Z,2024-02-28T05:15:53.000Z,ec3fba8f1f0ffa7caa12d6217f35f612,loitering,"[108.74723, 20.76903, 108.747185, 20.769106666666666]",20.7691,108.7472,[],['8486'],"['IWC', 'APFIC', 'WCPFC', 'ACAP']",['61'],['61'],[],[],[],[],45,45,0.0,0.0,082a40acd-d864-3b66-bcd4-175a1669f06f,WZ11-4NB,413483810,CHN,other,,,,,3596.4808333333326,34.98032060083533,0.005251762200544683,45.00000000000003
2023-10-01T12:02:21.000Z,2025-09-06T12:59:36.000Z,a6122bf6745dd3e1e98bd9581fea36ee,loitering,"[112.37638833333334, 3.439748333333333, 112.375, 3.4383333333333335]",3.439,112.3757,[],['8483'],"['ACAP', 'SEAFDEC', 'WCPFC', 'IWC', 'APFIC']",['71'],['71'],[],[],[],[],48,48,18.100062,18.100062,3bc343a70-0b88-98d9-b842-409840bbffb0,TSEVEN ELISE,533132341,MYS,other,,,,,16944.954166666666,867.1245343365562,0.02763122208258553,48.000000000000014
2023-10-01T12:59:56.000Z,2024-04-10T10:21:02.000Z,7e75f7cfdcacba2f656dc45ab7d153cf,loitering,"[8.242813333333334, 4.109095, 8.270283333333333, 4.1090583333333335]",4.1091,8.2565,[],['8474'],"['ICCAT', 'ACAP', 'NAMMCO', 'FCWC', 'IWC']","['34.3.5', '34', '34.3']",['34'],[],[],[],[],48,48,6.654538,9.981807,29aec1dcb-b822-4fd9-0a81-22fbd39fa63f,SD MENTOR,577385000,VUT,other,,,,,4605.351666666667,978.9056253571679,0.11477228898249515,48.01865463268004
2023-10-01T20:59:53.000Z,2024-02-10T09:36:23.000Z,22cd896a47286b912a67d13b963c9576,loitering,"[-42.2544, -24.687001666666667, -42.26477, -24.629701666666666]",-24.6584,-42.2596,[],['8464'],"['IWC', 'ACAP', 'ICCAT']","['41.2', '41.2.1', '41']",['41'],[],[],[],[],188,181,2.44266,1.010782,74011ee53-307d-3e65-a9d9-aeb4185693cd,FPSO SEPETIBA,311000945,BHS,other,,,,,3156.6083333333345,115.01205497936135,0.019673502382207653,181.01350562484703
2023-10-04T07:52:21.000Z,2024-05-24T15:53:32.000Z,00540bee4e86666f7772ee997eaf8abc,loitering,"[-40.00229, -21.319581666666668, -40.026426666666666, -21.330808333333334]",-21.3252,-40.0144,[],['8464'],"['ICCAT', 'ACAP', 'IWC']","['41.2', '41', '41.2.1']",['41'],[],[],[],[],84,82,1.519702,1.111949,bf215e4be-e389-c655-1e50-6fdebcb0a4eb,LONE STAR,372834000,PAN,other,,,,,5600.019722222222,97.36103295874435,0.00938760124878446,81.45856173439097
2023-10-04T15:59:08.000Z,2024-04-14T12:59:03.000Z,866ccca3d87ba0bcf99b2da1c572c7d8,loitering,"[13.0716, -29.185181666666665, 13.06881, -29.210838333333335]",-29.198,13.0702,[],['8395'],"['ACAP', 'ICCAT', 'IWC', 'CCSBT']","['47.1', '47.1.5', '47']",['47'],[],[],[],[],290,291,339.720469,340.074031,521af78db-b2ed-2cb9-9e09-f418289b5719,TUNGSTEN EXPLORER,311069300,BHS,other,nam-walvisbay,NAM,WALVIS BAY,d795f244bc8dd0340ee27daaa2a26fed,4628.998611111115,69.48428809620906,0.00810510376926208,291.00784061738807
2023-10-05T23:26:08.000Z,2024-08-10T09:14:37.000Z,5433626964c8ae1a17d64bb5c1b830a5,loitering,"[-41.061065, -23.516215, -41.061013333333335, -23.516043333333332]",-23.5161,-41.061,[],['8464'],"['IWC', 'ICCAT', 'ACAP']","['41', '41.2', '41.2.1']",['41'],[],[],[],[],111,111,0.0,0.0,a6ab8c179-9135-2b82-6b99-5366a7bf971a,PETROBRAS 61,538004598,MHL,other,,,,,7425.808055555561,75.11551388613003,0.0054619150487662796,110.99999999999991
2023-10-06T02:57:39.000Z,2024-04-11T09:57:15.000Z,cc5f15b4bae738ede75ab31f6a81826a,loitering,"[72.23333333333333, 18.773333333333333, 72.27164, 18.91493]",18.8441,72.2525,[],['8480'],"['IOTC', 'IWC', 'ACAP']","['51.4', '51']",['51'],[],[],[],[],62,55,10.759841,4.759067,5d95146cd-d10e-9101-87f5-6b0d1cf0a2d8,KEY SINGAPORE,576672000,VUT,other,,,,,4518.993333333331,296.44491263775564,0.035421040842855966,51.65772766741471
2023-10-06T04:58:14.000Z,2024-02-16T22:56:11.000Z,a29e3ae00d62e8bae743297acbf3bf92,loitering,"[11.124498333333333, -6.0493733333333335, 10.837773333333333, -6.094585]",-6.072,10.9811,[],['8478'],"['ICCAT', 'IWC', 'ACAP']","['47.1.1', '47', '47.1']",['47'],[],[],[],[],121,152,1.1057560000000002,17.491453,febf3963f-f280-78f4-8a49-877c8162261a,SONANGOL LIBONGOS,311000241,BHS,other,,,,,3209.9658333333346,72.30610942281916,0.012162801020758068,140.44462734597366
2023-10-06T09:57:52.000Z,2024-03-26T08:52:22.000Z,36303da36c5f07790786127590c3f6e0,loitering,"[-4.0688, 60.35474833333333, -4.068371666666667, 60.358005]",60.3564,-4.0686,"['555583053', '555560482']",['5696'],"['NAMMCO', 'IWC', 'NEAFC', 'ACAP', 'ICCAT', 'ICES', 'NASCO']","['27.6.a', '27.6', '27']",['27'],[],[],[],[],110,111,0.0,0.0,5a221bd61-15da-0ff7-aa6c-d1a415b589cb,GLEN LYON,235101762,GBR,other,,,,,4126.908333333336,282.6242404766328,0.03697801577860689,110.56084378114096
2023-10-07T00:00:04.000Z,2025-08-02T17:28:50.000Z,4ab045986f48ffea3f5619d6a59cdb56,loitering,"[-90.025, 27.195, -90.026655, 27.195548333333335]",27.1953,-90.0258,[],['8456'],"['NAMMCO', 'ACAP', 'ICCAT', 'IWC']",['31'],['31'],[],[],[],[],200,200,2.223899,2.223899,0e8d2d01b-bbf1-4cf7-6491-c46a394a0238,BP ATLANTIS PLATFORM,369494390,USA,other,,,,,15977.479444444434,321.94594742643886,0.010880120688770442,200.0019553310462
2023-10-07T12:08:38.000Z,2024-10-19T04:56:36.000Z,8a8f356e1b50142b820f9db7f2c4e3df,loitering,"[100.55785333333333, 11.737201666666667, 100.55267666666667, 11.737698333333332]",11.7374,100.5553,[],['8332'],"['WCPFC', 'APFIC', 'IWC', 'ACAP', 'SEAFDEC']",['71'],['71'],[],[],[],[],76,75,98.629227,99.017812,f63abc755-5565-8559-dea5-487d89d5def0,MANORA PRINCESS,636017939,LBR,other,,,,,9064.79944444444,614.2319712609853,0.03658754215303172,75.83064749531005
2023-10-07T12:53:24.000Z,2024-01-30T08:20:15.000Z,dd9cd2923dba3037e6b08580b91b420e,loitering,"[0.07675166666666666, 58.326071666666664, 0.06586833333333333, 58.348636666666664]",58.3374,0.0713,[],['5696'],"['NASCO', 'IWC', 'ICES', 'ACAP', 'NEAFC', 'NAMMCO', 'ICCAT']","['27.4.a', '27', '27.4']",['27'],[],[],[],[],138,139,8.301642,10.106607,c974f097b-b525-5434-eee0-6a66439a27e7,OCEAN PATRIOT,538001830,MHL,other,gbr-gbr-483,GBR,,911a59b87562d3ef088d0eac862e8abf,2755.4474999999998,63.40745015433506,0.012425308085388267,140.99803426887854
2023-10-07T21:09:39.000Z,2024-01-20T03:19:50.000Z,763e656df59a291a2514c4272fadb41f,loitering,"[101.20379333333334, 10.559513333333333, 101.28152666666666, 10.411045]",10.4853,101.2427,[],['8332'],"['SEAFDEC', 'ACAP', 'IWC', 'APFIC', 'WCPFC']",['71'],['71'],[],[],[],[],151,150,179.43896900000001,176.680203,b82607bb5-5194-9d5d-bbb9-0c29b1e0e6b8,SD KRATHONG,636016768,LBR,other,,,,,2502.169722222222,27.25352820290867,0.0058811869717069675,152.410038545448
2023-10-08T10:59:20.000Z,2024-07-05T08:52:00.000Z,64a014d6b3ec277bc7e33d602e20706d,loitering,"[-94.64631333333334, 26.22851, -94.73701, 26.21367]",26.2211,-94.6917,[],['8456'],"['ICCAT', 'ACAP', 'IWC', 'NAMMCO']",['31'],['31'],[],[],[],[],251,242,27.312852,18.278115000000003,e0db90657-7df6-517a-d1b3-be22597c8c46,DEEPWATER THALASSA,538005123,MHL,other,bhs-freeport,BHS,FREEPORT,746213375fc371ce3856245d388fdfb5,6501.877777777776,114.77440370904212,0.009531587990946893,242.61486525338904
2023-10-09T07:11:18.000Z,2024-06-06T08:30:12.000Z,556293e3baec81a38f94823628617948,loitering,"[113.212295, 20.462611666666668, 113.212295, 20.462526666666665]",20.4626,113.2123,[],['8486'],"['IWC', 'WCPFC', 'ACAP', 'APFIC']",['61'],['61'],[],[],[],[],131,131,131.864234,131.864234,743c8d6e2-29e4-54c1-8d03-31e36f02eef5,EP20-4DPP,413514410,CHN,other,,,,,5785.315000000002,117.89284767596226,0.011003211611019465,130.99999999999994
2023-10-09T07:54:52.000Z,2024-10-21T23:58:28.000Z,d3000760d6da27314f83c5144769704f,loitering,"[114.01128, 20.48816, 114.01124, 20.48803]",20.4881,114.0113,[],['8486'],"['IWC', 'WCPFC', 'ACAP', 'APFIC']",['61'],['61'],[],[],[],[],150,150,158.844828,158.844828,5b29c32bb-b75c-e4ca-81b4-e42eeaf79536,EP18-6DPP,413536850,CHN,other,,,,,9088.059999999994,255.3484893894506,0.015171241617900363,150.0000000000002
2023-10-09T10:49:11.000Z,2024-01-06T19:50:24.000Z,f09828d785840cc55d99e3b88ac615fe,loitering,"[-0.11813166666666666, 56.89402666666667, -0.13327, 56.892846666666664]",56.8934,-0.1257,[],['5696'],"['ACAP', 'IWC', 'NAMMCO', 'ICES', 'ICCAT', 'NASCO', 'NEAFC']","['27.4', '27', '27.4.b']",['27'],[],[],[],[],119,119,100.351727,100.890188,860903922-20e3-83c0-0407-88437f573c50,ROWAN NORWAY,538004258,MHL,other,,,,,2145.020277777777,97.50131392502018,0.024543589794977717,117.00342250279637
2023-10-09T13:04:03.000Z,2024-01-15T23:59:37.000Z,96b18ca93f1d0a1925848e55a6f90ee5,loitering,"[120.61114, 39.79901, 120.644915, 39.795183333333334]",39.7971,120.628,[],['8486'],"['PICES', 'ACAP', 'WCPFC', 'IWC']",['61'],['61'],[],[],[],[],47,47,0.0,0.854292,5f3af9b99-9dbe-ea04-5999-9ef108ce42ce,ZHONG YOU HAI 11,413203740,CHN,other,,,,,2362.9261111111114,3.8646844567662035,0.0008831264997360609,47.00010088972077
2023-10-09T22:57:07.000Z,2024-01-09T02:17:22.000Z,2400af454ffd6410efa3f69255cd815a,loitering,"[101.055545, 9.45593, 101.07666666666667, 9.453333333333333]",9.4546,101.0661,[],['8332'],"['APFIC', 'WCPFC', 'SEAFDEC', 'ACAP', 'IWC']",['71'],['71'],[],[],[],[],107,110,124.24584399999999,126.51863300000001,e70260477-7d21-dbce-4c62-18157c0908bd,PVDRILLING 1,574369000,VNM,other,mys-kemaman,MYS,,e2d4a6d9874dbdf544856016f9f248f2,2187.3375,34.09117528851692,0.008415602089223245,109.99623394170649
2023-10-10T02:33:57.000Z,2024-01-23T09:12:14.000Z,623507ca723b7163f91897ab6eadfeb9,loitering,"[114.71628, 21.351151666666667, 114.715, 21.35]",21.3506,114.7156,[],['8486'],"['IWC', 'WCPFC', 'APFIC', 'ACAP']",['61'],['61'],[],[],[],[],89,89,80.59456200000001,80.59456200000001,203e57f34-4aa1-cb67-ff82-bd656aa928af,XJ231DPP,413276000,CHN,other,,,,,2526.6380555555543,62.788445714865304,0.013418244994610962,89.00000000000004
2023-10-10T02:46:55.000Z,2024-01-04T13:56:18.000Z,3f5e5f759cc1b1e61a147e9189bc232e,loitering,"[113.315, 20.471666666666668, 113.31532166666666, 20.471845]",20.4718,113.3152,[],['8486'],"['APFIC', 'WCPFC', 'ACAP', 'IWC']",['61'],['61'],[],[],[],[],134,134,134.413891,134.413891,ee85cbd5c-c35a-06a2-c130-d53fba5ea2a2,ZHAOSHANGHAILONG9,413258870,CHN,other,chn-chn-2338,CHN,CHN-2338,ab7b36d1fc132dfe6234a840ed177ba6,2075.1563888888886,115.55523798196248,0.030067534792746032,133.97745970567476
2023-10-10T02:55:42.000Z,2024-08-21T19:54:44.000Z,c4defcfafb39095f4f6667fe27e56cab,loitering,"[116.69833333333334, 21.685, 116.7, 21.688333333333333]",21.6867,116.6992,[],['8321'],"['WCPFC', 'IWC', 'APFIC', 'ACAP']",['61'],['61'],[],[],[],[],107,107,141.999047,141.999047,3ed789a3f-f8a2-84fe-77d5-207251ba2b6f,HAI YANG SHI YOU123,414833000,CHN,other,,,,,7600.983888888889,622.0139213147555,0.044186470273807066,107.00000000000001
2023-10-10T03:48:10.000Z,2024-04-18T23:43:18.000Z,eeb0f91f050b4b10e3709fc1e047b683,loitering,"[10.471195, -7.948125, 10.504375, -7.966871666666667]",-7.9575,10.4878,[],['8478'],"['IWC', 'ACAP', 'ICCAT']","['47.1', '47.1.1', '47']",['47'],[],[],[],[],271,270,128.417828,126.378719,df71f73a4-4e4a-1537-1301-043bfc980e91,VETER,613699000,CMR,other,idn-nipahanchorage,IDN,NIPAH ANCHORAGE,85e82d8b8153ddf815ca67fc2569cb68,4603.918888888891,2380.909286520849,0.2792377969061285,270.85439946247686
2023-10-10T06:39:02.000Z,2024-09-03T09:34:29.000Z,a4bd9c6d2bfed9e51b8470707d4b4647,loitering,"[116.72333333333333, 21.691666666666666, 116.72517333333333, 21.691993333333333]",21.6918,116.7243,[],['8321'],"['ACAP', 'WCPFC', 'APFIC', 'IWC']",['61'],['61'],[],[],[],[],107,107,142.295984,142.42604699999998,0fc73802c-cc7b-9777-8355-96039a9eb3eb,LF12-3 WHP,413514170,CHN,other,,,,,7898.924166666665,52.43303647969477,0.003584231747980026,106.99999297645269
2023-10-10T07:37:22.000Z,2024-01-23T22:39:05.000Z,3631268abe2fc4f799a755c2ca5d09f7,loitering,"[115.02166666666666, 21.19, 115.02329333333333, 21.190231666666666]",21.1901,115.0225,[],['8486'],"['APFIC', 'ACAP', 'WCPFC', 'IWC']",['61'],['61'],[],[],[],[],121,121,110.43757799999999,110.43757799999999,6316067ba-a205-2e47-d9d3-0bd1be4ee1c2,HZ25-8,412477580,CHN,other,,,,,2535.0286111111122,74.00659530767005,0.015763279539261727,120.9997148114769
2023-10-10T07:50:44.000Z,2024-01-24T06:02:37.000Z,9980752f7fb7d16ffa2377f56b728fb1,loitering,"[114.79, 20.845, 114.79108, 20.846265]",20.8456,114.7905,[],['8486'],"['WCPFC', 'ACAP', 'APFIC', 'IWC']",['61'],['61'],[],[],[],[],137,137,135.846766,135.846766,6c0e315ec-c71b-e6c7-d57d-8cfbf18ccef7,PY5-1DPPB,413471930,CHN,other,,,,,2542.1980555555565,62.75383095009922,0.01332876401599306,136.99999999999991
2023-10-10T09:58:41.000Z,2024-01-21T11:08:46.000Z,9a330c6219646654b8043df5a9eff43b,loitering,"[115.08333333333333, 21.365, 115.08332, 21.366513333333334]",21.3658,115.0833,[],['8486'],"['WCPFC', 'APFIC', 'ACAP', 'IWC']",['61'],['61'],[],[],[],[],111,111,98.093383,98.093383,a46cc870f-f66a-148c-be05-d5e2526a017e,HZ19-2,412467260,CHN,other,,,,,2473.1680555555567,84.9328848585219,0.01854305408541224,110.99999999999994
2023-10-10T11:48:06.000Z,2024-09-07T09:59:02.000Z,6bf1a725bf7224d4a7bf28d4c9370516,loitering,"[4.2202, 56.095215, 4.264365, 56.10313166666667]",56.0992,4.2423,[],['5674'],"['ACAP', 'ICCAT', 'NEAFC', 'IWC', 'NAMMCO', 'NASCO', 'ICES']","['27', '27.4', '27.4.b']",['27'],[],[],[],[],241,239,0.0,2.480737,b03c361ee-e288-b51c-defb-49ac0314bec8,NOBLE RESOLVE,538010659,MHL,other,dnk-esbjerg,DNK,ESBJERG,90ca55f96c7092b4d7ceb8170f68131c,7990.182222222223,218.10822615854457,0.014739215868747975,240.9998706001577
2023-10-10T11:55:52.000Z,2024-05-15T07:59:32.000Z,5b9e155ec7d4760d077e12239f73207b,loitering,"[115.08496, 21.178350000000002, 115.08489333333333, 21.178406666666667]",21.1784,115.0849,[],['8486'],"['IWC', 'WCPFC', 'ACAP', 'APFIC']",['61'],['61'],[],[],[],[],126,126,114.783133,114.783133,4fcd881d3-36de-892b-50e0-eb3d9011ee5e,HZ25-3,413297000,CHN,other,,,,,5228.061111111109,239.9721376536384,0.024784444101181757,126.16322290478578
2023-10-10T13:19:55.000Z,2024-09-03T01:17:54.000Z,e0af7f95a25752bbda36f888ec4ebf9d,loitering,"[114.98333333333333, 21.348333333333333, 114.98333333333333, 21.348333333333333]",21.3483,114.9833,[],['8486'],"['WCPFC', 'IWC', 'ACAP', 'APFIC']",['61'],['61'],[],[],[],[],105,105,93.359164,93.359164,d4e786dab-b806-4cc4-0930-c71491f6dad3,XJ24-3DPPB,412477620,CHN,other,,,,,7883.966388888892,171.06333132933014,0.011715779217837322,104.99999999999994
2023-10-10T13:23:57.000Z,2024-09-03T14:52:07.000Z,ed4f2cdb33b5b44ef35dabfb7642ec07,loitering,"[114.61166666666666, 20.838333333333335, 114.61194666666667, 20.839388333333332]",20.8389,114.6118,[],['8486'],"['ACAP', 'APFIC', 'WCPFC', 'IWC']",['61'],['61'],[],[],[],[],128,128,133.354203,133.354203,bfbcd9f5d-d282-038e-14ba-101ac2365003,PY4-2DPPA,413471940,CHN,other,,,,,7897.469444444447,81.29953065706553,0.005558519093343293,127.99999999999994
2023-10-10T16:09:08.000Z,2024-04-08T07:33:00.000Z,39b4e6c1ed03168f35e414657c590cca,loitering,"[115.10166666666667, 21.31, 115.07472833333334, 21.33094]",21.3205,115.0882,[],['8486'],"['WCPFC', 'IWC', 'APFIC', 'ACAP']",['61'],['61'],[],[],[],[],117,113,104.504492,100.809914,c2e00174e-e7a2-37dc-3d04-b1848846d2fa,HAIYANGSHIYOU943,413233020,CHN,other,chn-guangzhou,CHN,GUANGZHOU,154198ccce9e86a874dc0ad1d3c571a1,4335.397777777778,215.84885071915787,0.0268831284781551,120.823196527404
2023-10-11T00:52:52.000Z,2024-01-16T13:58:37.000Z,6d24d94c14a2ab616e6dea0ebaa70a82,loitering,"[-91.05437166666667, 26.265025, -91.09358666666667, 26.30187]",26.2834,-91.074,[],['8456'],"['ICCAT', 'NAMMCO', 'ACAP', 'IWC']",['31'],['31'],[],[],[],[],308,305,5.199161,0.0,7054e4bd6-65d7-f555-7b07-43aa78517605,DEEPWATER CONQUEROR,538005579,MHL,other,,,,,2341.095833333334,44.724961300797695,0.010315488496801384,305.0053673179229
2023-10-11T08:55:12.000Z,2024-09-03T07:46:13.000Z,faae0ef8fc0124b3a0e2d1aa97a0acdb,loitering,"[116.32756, 21.67355166666667, 116.32781333333334, 21.673841666666668]",21.6737,116.3277,[],['8321'],"['APFIC', 'WCPFC', 'ACAP', 'IWC']",['61'],['61'],[],[],[],[],112,112,133.647828,133.647828,d7750b303-3de7-34bd-0dc5-481bfb17d13d,LF8-1DPP,413535880,CHN,other,,,,,7870.850277777779,77.4945125516326,0.005316285764052539,111.99999999999997
2023-10-11T10:30:23.000Z,2024-01-02T15:59:00.000Z,bacd0a3448522b111ae52ddf0648b9c8,loitering,"[115.01754666666666, 21.352743333333333, 115.01666666666667, 21.351666666666667]",21.3522,115.0171,[],['8486'],"['WCPFC', 'IWC', 'APFIC', 'ACAP']",['61'],['61'],[],[],[],[],108,108,95.841758,95.841758,d015e31bf-f14e-1195-a88f-1234892a623b,HZ19-3,412467270,CHN,other,,,,,1997.476944444445,60.69215905561093,0.016406269063400182,107.99999999999997
2023-10-11T10:59:12.000Z,2024-01-12T13:46:58.000Z,06a7562c0f4aa7b640ab7c4704df9206,loitering,"[49.621323333333336, 28.257745, 49.629688333333334, 28.256521666666668]",28.2571,49.6255,[],['8356'],"['RECOFI', 'IOTC', 'ACAP', 'IWC']","['51.2', '51']",['51'],[],[],[],[],63,62,0.0,0.979414,c9896f946-67b5-1b12-6cf6-59a3803c8527,ROWAN EXL-IV,538004325,MHL,other,,,,,2234.796111111112,45.88473387047748,0.011086368955511289,62.99987007478675
2023-10-11T13:59:11.000Z,2026-07-10T20:06:46.000Z,e0ab661206d7f3540385d3f3103d7f00,loitering,"[-92.46324166666666, 19.01136, -92.435, 19.046666666666667]",19.029,-92.4491,[],['8429'],"['ACAP', 'NAMMCO', 'ICCAT', 'IWC']",['31'],['31'],[],[],[],[],38,42,13.710802,10.331313,17d292b9f-ff0c-634c-d695-906b7064658f,BORR HILD,636019909,LBR,other,,,,,24078.126388888893,1493.706523183839,0.03349666774452573,40.00001222450339
2023-10-11T23:50:34.000Z,2024-04-10T18:56:00.000Z,bcc69520c24a979f9854109b0da55300,loitering,"[31.27717833333333, 42.813385, 31.244246666666665, 42.83772333333334]",42.8256,31.2607,[],['5697'],"['IWC', 'GFCM', 'ICCAT', 'ACAP']","['37', '37.4', '37.4.2']",['37'],[],[],[],[],147,151,146.179734,150.73906200000002,3f2d7be96-6953-e28b-6a17-7713e8cffc14,KANUNI,271047822,TUR,other,ukr-ukr-35,UKR,,7b3c1b14e8579137ba85931afe4a9bb6,4363.0905555555555,105.10947515792034,0.013007884089619325,149.96316791696813
2023-10-12T08:58:53.000Z,2024-05-17T10:59:51.000Z,7f3fac1dea22526f34e4a552e8316e24,loitering,"[71.73431666666667, 19.721683333333335, 71.8124, 19.650566666666666]",19.6861,71.7734,[],['8480'],"['IOTC', 'IWC', 'ACAP']","['51.4', '51']",['51'],[],[],[],[],97,91,27.195896,19.162688,b27b6004b-b5a1-c736-084f-c4bd39d9b092,ABAN II,353337000,PAN,other,ind-mumbai,IND,MUMBAI,9cddab45750e2d4f77103144772ff668,5234.01611111111,74.02099942638782,0.0076362283551293115,100.99165235301241
2023-10-13T19:58:07.000Z,2024-02-13T18:59:13.000Z,ad0de15db16ef6aef13176e543e16eaf,loitering,"[-40.248025, -22.673616666666668, -40.25250166666667, -22.65899]",-22.6663,-40.2503,[],['8464'],"['ACAP', 'ICCAT', 'IWC']","['41', '41.2', '41.2.1']",['41'],[],[],[],[],107,106,0.0,0.0,e25bda04d-dbf1-aa58-bbe7-746ea7f67dae,ODN 1,311041200,BHS,other,,,,,2951.0183333333334,20.99408264130837,0.0038413511791645346,105.9632454048823
2023-10-14T10:58:04.000Z,2024-01-09T06:58:20.000Z,b126ea708c0ce33184e5a30da75413c9,loitering,"[53.270065, 25.289323333333332, 53.27189, 25.294475]",25.2919,53.271,[],['8360'],"['ACAP', 'IWC', 'IOTC', 'RECOFI']","['51', '51.2']",['51'],[],[],[],[],42,42,3.484023,3.484023,1a80a9cb4-4d6a-760b-9ced-2746a66602c4,ALNOOF,470310000,ARE,other,are-are-39,ARE,ARE-39,0341c2aed213211ef7336e6920235c35,2084.0044444444443,11.371713049187088,0.0029463631155986656,42.00000000000001
2023-10-14T11:47:57.000Z,2024-02-06T18:53:44.000Z,49315503fa858a17f3b7e81307d41ca7,loitering,"[120.8039, 39.95747333333333, 120.76594, 39.818666666666665]",39.8881,120.7849,[],['8486'],"['IWC', 'PICES', 'ACAP', 'WCPFC']",['61'],['61'],[],[],[],[],40,49,2.035111,10.879421,29e0dd3cd-d067-147c-3299-6e40545c5e06,HAIYANGSHIYOU901,413243130,CHN,other,,,,,2767.096388888889,280.352986394831,0.054706624236463275,42.361198655865444
2023-10-14T13:28:18.000Z,2024-03-18T11:59:56.000Z,29cb459b1eb25ba7db9194c781a35d2b,loitering,"[50.525885, 26.967081666666665, 50.515765, 26.977211666666665]",26.9721,50.5208,[],['8356'],"['IOTC', 'ACAP', 'IWC', 'RECOFI']","['51.2', '51']",['51'],[],[],[],[],52,51,0.9910180000000001,1.111949,f4eaa18d2-2352-6c07-3707-7ffa1e9674d1,ADMARINE 686,563068230,SGP,other,,,,,3742.527222222224,27.529886251480306,0.003971901471172873,51.999894051925985
2023-10-14T21:58:05.000Z,2024-04-28T02:56:10.000Z,2ab6d4ae1ffa54cc0e74ef2f83710505,loitering,"[-42.26108, -24.705685, -42.26383, -24.717291666666668]",-24.7115,-42.2625,[],['8464'],"['ACAP', 'IWC', 'ICCAT']","['41.2', '41', '41.2.1']",['41'],[],[],[],[],190,191,4.447797,5.5597460000000005,a1c13c645-5242-6fb2-cd1c-e19e5a6369f0,NORBE VIII,311028400,BHS,other,,,,,4708.968055555558,35.2427716653192,0.004041134726083975,191.31730381500282
2023-10-15T07:57:31.000Z,2024-03-28T15:58:28.000Z,219e92e107566469e84aa98f73f4b276,loitering,"[51.63758833333333, 26.452613333333332, 51.63761, 26.452741666666668]",26.4527,51.6376,[],['8468'],"['RECOFI', 'IOTC', 'ACAP', 'IWC']","['51', '51.2']",['51'],[],[],[],[],47,47,12.402143,12.402143,b07e27437-74ce-e118-664f-9f5df695b35c,ABI 5,466015000,QAT,other,irn-tombak,IRN,,5b74e3c5047ba036928f04d99f8c2f23,3968.015833333334,95.0063634629389,0.012928207567233195,46.999970941041596
2023-10-15T18:59:00.000Z,2024-03-29T06:58:27.000Z,19b1e4984951cbb16becb31432ef2661,loitering,"[12.66839, 33.901988333333335, 12.669386666666666, 33.90316333333333]",33.9026,12.6689,[],['8372'],"['IWC', 'GFCM', 'ICCAT', 'ACAP']","['37.2.2', '37.2', '37']",['37'],[],[],[],[],118,118,59.345836000000006,59.345836000000006,6860e3bc3-3c2a-1f19-9e64-d22d630986dd,GAZA MARINE TERMINAL,642122040,LBY,other,,,,,3971.9908333333346,599.1553229349639,0.08144983372832845,118.0
2023-10-16T01:58:09.000Z,2024-02-10T10:54:08.000Z,9a52792289b7afbe630c939aa7c14b7e,loitering,"[52.01175666666666, 26.306185, 52.00751, 26.328966666666666]",26.3176,52.0096,[],['8468'],"['IOTC', 'IWC', 'RECOFI', 'ACAP']","['51', '51.2']",['51'],[],[],[],[],62,63,9.652432000000001,8.272388000000001,198eded5f-f560-f8ce-ec03-34cdf8296e96,SEAFOX 8,636020323,LBR,other,qat-qat-13,QAT,,98588fd87a489f01859adca7034b12ee,2816.933055555556,37.87803530144685,0.007260556945865597,61.99965619283815
2023-10-16T03:41:11.000Z,2024-03-16T10:20:13.000Z,8017504d6d7859a6ffa0fb485c7e1ce2,loitering,"[119.922267, 35.12706, 119.921847, 35.127065]",35.1271,119.9221,[],['8486'],"['IWC', 'ACAP', 'WCPFC', 'PICES']",['61'],['61'],[],[],[],[],43,43,0.9094059999999999,0.9094059999999999,7306be1f8-8841-555c-c937-6d0273c2d599,,88880822,,gear,,,,,3654.650555555555,63.354229031062566,0.009360278492566904,43.000022003022316
2023-10-16T04:18:46.000Z,2024-07-08T20:55:59.000Z,6f3fe708c5fea2d58130c1954f06e6cc,loitering,"[119.912167, 35.12514, 120.060827, 35.501685]",35.3134,119.9865,[],['8486'],"['PICES', 'IWC', 'ACAP', 'WCPFC']",['61'],['61'],[],[],[],[],43,20,0.0,13.7614,af032c17d-d8fe-eb38-8699-7080c4729fc3,,88880828,,gear,,,,,6400.620277777781,522.177997388583,0.044050974760018305,43.16849669241012
2023-10-16T14:57:13.000Z,2024-03-14T14:56:03.000Z,631707b558962d7cc773a34556e60013,loitering,"[2.448941666666667, 59.139825, 2.4170433333333334, 59.14969166666667]",59.1448,2.433,[],['5686'],"['NAMMCO', 'IWC', 'NASCO', 'NEAFC', 'ICES', 'ICCAT', 'ACAP']","['27.4.a', '27', '27.4']",['27'],[],[],[],[],138,140,2.805685,3.5968850000000003,bad64d1a4-47d8-113f-f3f3-932d0e068b71,DEEPSEA ABERDEEN,310713000,BMU,other,nor-sture,NOR,STURE,51391972688bcbc2d09e697230ad1986,3599.9805555555567,7.294150095401677,0.0010940409006824617,140.9997822319649
2023-10-17T15:08:09.000Z,2024-11-18T17:34:54.000Z,98a5913cdefaeab52c327cf42da1a19a,loitering,"[-42.50534, -24.68751333333333, -42.505541666666666, -24.68763]",-24.6876,-42.5054,[],['8464'],"['IWC', 'ICCAT', 'ACAP']","['41.2.1', '41', '41.2']",['41'],[],[],[],[],190,190,3.759452,3.759452,1a9107840-035c-187b-4434-da8afbe2438e,PETROBRAS 76,636009681,LBR,other,,,,,9554.44583333333,53.704496528533916,0.003035038220173717,190.00046532040724
2023-10-17T19:00:34.000Z,2024-02-01T23:58:54.000Z,8d7b1d0f376f926c8bd6c253153b338a,loitering,"[-90.96817333333334, 27.292378333333332, -90.96812666666666, 27.292403333333333]",27.2924,-90.9682,[],['8456'],"['ICCAT', 'IWC', 'NAMMCO', 'ACAP']",['31'],['31'],[],[],[],[],195,195,0.0,0.0,9e8854d50-0a21-b831-dc15-e53c235bcdd6,CONSTITUTION,338125915,USA,other,,,,,2572.9722222222217,94.82958603809628,0.019900673512105106,194.99999999999994
2023-10-18T00:59:03.000Z,2024-01-15T22:58:00.000Z,d0b1128d1036d6a43c84411ac5c0f3e6,loitering,"[-42.87343333333333, -25.643861666666666, -42.865961666666664, -25.659541666666666]",-25.6517,-42.8697,[],['8464'],"['IWC', 'ACAP', 'ICCAT']","['41', '41.2', '41.2.1']",['41'],[],[],[],[],287,289,2.4393599999999998,1.002288,1671d9881-12a2-e2e8-6d66-4e521dcec4de,AQUARIUS BRASIL,255804790,PRT,other,,,,,2157.982500000002,61.68277138903414,0.015433874958445214,288.9713264068397
2023-10-19T07:50:57.000Z,2024-01-26T17:59:04.000Z,0669089f174652b2da72d5e8cd3b1261,loitering,"[71.87077666666667, 20.313428333333334, 71.88995666666666, 20.355805]",20.3346,71.8804,[],['8480'],"['IOTC', 'ACAP', 'IWC']","['51.4', '51']",['51'],[],[],[],[],77,73,13.343392,13.278464,5f2a4bc2a-a2da-683d-4b1f-2069a08c94e9,SAGAR KIRAN,419900756,IND,other,ind-mumbaihighfield,IND,,b673889787f0991ec6efd7f4e7bec56a,2386.135277777778,108.73518202163258,0.0246056046588675,74.00424226799045
2023-10-19T18:58:32.000Z,2024-02-20T18:56:13.000Z,b10d638fae7ecd160c370ffe2536c3d3,loitering,"[10.361165, -6.827755, 10.181196666666667, -6.69657]",-6.7622,10.2712,[],['8478'],"['IWC', 'ICCAT', 'ACAP']","['47.1', '47.1.1', '47']",['47'],[],[],[],[],225,239,76.354797,78.587039,f2dde361d-dd2d-75ee-d6c6-48b9aeacfb25,FOREVER,626144000,GAB,other,ven-elpalito,VEN,,2c42023b66e588c2442ec101e2678099,2975.96138888889,323.9081536853401,0.05876971789021802,228.85477613421136
2023-10-20T07:00:37.000Z,2024-09-03T07:54:50.000Z,21bedc0407556f577633b395f95403b5,loitering,"[116.28522833333334, 21.63416, 116.28521166666667, 21.634086666666665]",21.6341,116.2852,[],['8321'],"['APFIC', 'WCPFC', 'ACAP', 'IWC']",['61'],['61'],[],[],[],[],109,109,136.076078,136.076078,4c479d535-53b0-2ae3-821a-7134a0ec3b63,LUFENG144,413282540,CHN,other,,,,,7656.903611111111,119.48506894911553,0.00842596161153568,109.00001033883221
2023-10-20T20:21:36.000Z,2024-02-07T20:53:34.000Z,c1448fe3703b6e65c6461049c9761249,loitering,"[-40.025596666666665, -22.370056666666667, -40.038911666666664, -22.305471666666666]",-22.3378,-40.0323,[],['8464'],"['ICCAT', 'IWC', 'ACAP']","['41.2.1', '41.2', '41']",['41'],[],[],[],[],107,104,0.0,5.296813,2c83e60f6-6b40-e849-16f7-1cc0df7a8bba,PETROBRAS-XXXIII,356790000,PAN,other,bra-portodoacu,BRA,PORTO DO ACU,4fbc76c1efaa77ad9132e8c40081d4c3,2640.5327777777775,80.56596151632841,0.016474758205540663,107.12605918358719
2023-10-20T23:52:56.000Z,2024-02-01T00:47:06.000Z,a73fb12d9e8e352572f9ca12464c01a2,loitering,"[1.7291616666666667, 58.58374, 1.7364166666666667, 58.58352]",58.5836,1.7328,[],['5686'],"['ICES', 'NEAFC', 'NASCO', 'NAMMCO', 'ACAP', 'IWC', 'ICCAT']","['27.4.a', '27.4', '27']",['27'],[],[],[],[],197,197,2.064322,2.571808,f3354a4d4-4dfd-bf31-6dc5-bb4934991838,RANDGRID,311038200,BHS,other,,,,,2472.9027777777774,112.47733443419997,0.024559356925825993,197.0
2023-10-21T07:57:04.000Z,2024-01-09T09:55:31.000Z,5d7b37983781ff12f9b3fca11bbd5a7d,loitering,"[49.628105, 28.38038166666667, 49.680615, 28.344485]",28.3624,49.6544,[],['8356'],"['ACAP', 'RECOFI', 'IOTC', 'IWC']","['51.2', '51']",['51'],[],[],[],[],75,70,0.978309,0.0,2a61dba77-7ac3-1155-834b-7729ada83e84,ARB-1,403702245,SAU,other,,,,,1921.9741666666675,90.28086216239784,0.025363382397058803,73.99785022193848
2023-10-21T12:39:31.000Z,2024-06-05T11:38:00.000Z,7bdcf4632361a26156b6009eb0dce092,loitering,"[49.55398, 28.384093333333333, 49.55399666666667, 28.384053333333334]",28.3841,49.554,[],['8356'],"['ACAP', 'IWC', 'RECOFI', 'IOTC']","['51', '51.2']",['51'],[],[],[],[],78,78,1.481084,1.481084,728ce3b02-2876-84a0-9da6-1ef3ac35724f,ARABDRILL 150,636019737,LBR,other,,,,,5470.974722222224,227.91018923577343,0.022493552520884533,77.99999999999996
2023-10-22T08:47:09.000Z,2024-05-14T11:57:17.000Z,c4001f714b79a23575136e9a7bbc95e5,loitering,"[53.52066333333333, 24.805583333333335, 53.53534333333333, 24.8566]",24.8311,53.528,[],['8360'],"['IWC', 'ACAP', 'IOTC', 'RECOFI']","['51.2', '51']",['51'],['8360'],[],[],[],45,47,2.442189,1.111949,a71ba5812-2e4d-20f1-1c14-527bbfe26fc8,LEEN,538002097,MHL,other,,,,,4923.168888888891,20.573757616540913,0.002256461366330955,45.29893435641579
2023-10-22T11:26:44.000Z,2024-01-15T23:59:34.000Z,ce55745feb62ae173e5e5fd1ba1d61fe,loitering,"[0.8632833333333333, 58.352558333333334, 0.862235, 58.35337333333333]",58.353,0.8628,[],['5696'],"['ICES', 'NEAFC', 'NASCO', 'IWC', 'ACAP', 'ICCAT', 'NAMMCO']","['27.4.a', '27', '27.4']",['27'],[],[],[],[],179,179,0.0,0.0,f3d95d1bc-c335-1fc7-dd68-c478aedded4f,GLOBAL PRODUCER 3,235107000,GBR,other,gbr-dumbartonfield,GBR,,e2749973af8c021b8ba29663b6c4c34b,2052.5472222222224,63.872170619654185,0.016802640496732565,179.0
2023-10-22T12:35:38.000Z,2024-01-27T19:23:13.000Z,006ce67bcf858c82f93e6216b5c84c78,loitering,"[116.15668, 21.58763, 116.1566, 21.587606666666666]",21.5876,116.1566,[],['8321'],"['IWC', 'WCPFC', 'APFIC', 'ACAP']",['61'],['61'],[],[],[],[],111,111,133.087953,133.087953,4ca6af2f4-49f4-e689-37a3-5ff713e4e948,LF13-1DPP,412463960,CHN,other,,,,,2334.793055555555,27.892054962952777,0.006450466692870877,111.00000000000007
2023-10-22T23:58:25.000Z,2024-01-06T14:59:39.000Z,490b1abbaa96110f07a7c67b5e9630cb,loitering,"[2.70664, 60.034333333333336, 2.7047083333333335, 60.02048666666666]",60.0274,2.7057,[],['5686'],"['NEAFC', 'NAMMCO', 'ACAP', 'ICES', 'ICCAT', 'IWC', 'NASCO']","['27.4.a', '27.4', '27']",['27'],[],[],[],[],125,126,51.508269999999996,52.679227,855a5a4b5-52b0-4f7d-eb9a-d1027363ccc5,DEEPSEA STAVANGER,310767000,BMU,other,nor-sture,NOR,STURE,65113fc7428b41d0393cfeb02bc3b1fa,1815.0205555555553,8.254523442902684,0.002455667005333616,126.99973316098415
2023-10-24T00:35:20.000Z,2024-02-01T19:15:29.000Z,349514ed3b9191e8f4e49acef0e2e529,loitering,"[-40.430508333333336, -22.651106666666667, -40.430126666666666, -22.652156666666666]",-22.6516,-40.4303,[],['8464'],"['ACAP', 'IWC', 'ICCAT']","['41.2', '41.2.1', '41']",['41'],[],[],[],[],92,92,0.0,0.0,a63f73b64-464a-c5d3-2e91-7eafe7f1db60,FPSO FLUMINENSE,311483000,BHS,other,dnk-frederikshavn,DNK,FREDERIKSHAVN,92d8f9abfb38eab60c4c0b1f3a3cec28,2418.6691666666666,123.80146819003453,0.02763811022536146,92.0859175743677
2023-10-24T00:58:58.000Z,2024-01-21T11:29:06.000Z,e2c3577e58e53f531b4dbae6525b59ee,loitering,"[48.90191333333333, 29.642036666666666, 48.90884666666667, 29.635823333333335]",29.6389,48.9054,[],['8469'],"['IOTC', 'IWC', 'RECOFI', 'ACAP']","['51.2', '51']",['51'],[],[],[],[],42,42,0.0,0.9664510000000001,0852c5333-3275-66ac-98ce-35ae82870dbb,ANDIA,511100684,PLW,other,,,,,2146.5022222222224,50.09807586186735,0.012602268295651328,42.0005735268072
2023-10-24T13:59:18.000Z,2024-01-11T05:49:49.000Z,bbdd339a270248cb6886fbc000c288c0,loitering,"[12.680145, 33.922171666666664, 12.73695, 33.87577666666667]",33.899,12.7085,[],['8372'],"['ACAP', 'IWC', 'ICCAT', 'GFCM']","['37.2.2', '37', '37.2']",['37'],[],[],[],[],120,115,60.503754,65.639719,98a1bd312-2058-1dd4-9372-d72c4c5a2889,BOURI FIELD DP4,642165061,LBY,other,,,,,1887.8419444444457,52.84641935163689,0.01511502790324312,119.89254524587199
2023-10-25T15:59:33.000Z,2024-03-28T05:04:08.000Z,864e83b6ba7dd10442f8dbf33b82be1d,loitering,"[30.3885, 32.3565, 30.815333333333335, 32.400666666666666]",32.3786,30.6019,[],['8490'],"['GFCM', 'IWC', 'ICCAT', 'ACAP']","['37.3.2', '37', '37.3']",['37'],[],[],[],[],94,90,110.487289,118.968242,828093905-519e-fe20-b1bf-3f880284d21f,STENA FORTH,235074573,GBR,other,esp-laspalmas,ESP,LAS PALMAS,299eb511e71c324b7a023a826f2847de,3709.0763888888887,195.1526966638234,0.02840977516451985,92.09105313437303
2023-10-25T19:59:30.000Z,2024-02-10T00:59:44.000Z,ade19198b96af8c967dfc025606ecfcf,loitering,"[3.76679, 52.415956666666666, 3.774321666666667, 52.36951166666667]",52.3927,3.7706,[],['5668'],"['NASCO', 'NEAFC', 'ICCAT', 'NAMMCO', 'IWC', 'ICES', 'ACAP']","['27.4.c', '27', '27.4']",['27'],[],[],[],[],48,45,3.335848,8.895595,e6c4c8cb1-18a6-00ee-2f59-65ca2c7bf2ce,SWIFT 10,311044600,BHS,other,nld-rotterdammaasvlakte,NLD,ROTTERDAM MAASVLAKTE,1ba1167ffc4dcb225604d74270a692bf,2573.0038888888894,69.80314611052971,0.01464851406084371,46.38563127627604
2023-10-25T22:59:06.000Z,2024-01-25T02:58:27.000Z,e94c46a4a1d216b5c9863ebc9a3a6a94,loitering,"[-42.717166666666664, -25.506183333333333, -42.8659, -25.677966666666666]",-25.5921,-42.7915,[],['8464'],"['ICCAT', 'IWC', 'ACAP']","['41', '41.2.1', '41.2']",['41'],[],[],[],[],275,291,2.995799,2.4392910000000003,e5ca84c0c-cafa-1916-4df2-095738ce1785,DDKG2,538003304,MHL,other,,,,,2187.989166666668,60.24688915044591,0.014867860490088987,283.8141387861147
2023-10-26T03:59:59.000Z,2024-02-08T05:49:53.000Z,0b49a90c2ed67520b6d8a0b655f32a1a,loitering,"[71.96356, 20.333825, 72.02405666666667, 20.360368333333334]",20.3471,71.9938,[],['8480'],"['ACAP', 'IOTC', 'IWC']","['51', '51.4']",['51'],[],[],[],[],79,76,5.330841,2.223899,69728b976-6e56-faaf-dda9-db6286b840ae,JINDAL EXPLORER,538008960,MHL,other,,,,,2521.831666666667,48.18834167076141,0.010317747721349324,76.00050429633495
2023-10-26T23:41:37.000Z,2024-02-01T16:58:22.000Z,153c1d4902945c8fefa04d5eccfc0119,loitering,"[111.97666666666667, 3.84, 111.90666666666667, 3.8566666666666665]",3.8483,111.9417,[],['8483'],"['SEAFDEC', 'WCPFC', 'ACAP', 'IWC', 'APFIC']",['71'],['71'],[],[],[],[],101,106,54.669176,62.560516,a0366ce8f-f975-0dcf-c526-a880a3137876,VELESTO NAGA 6,351873000,PAN,other,mys-labuan,MYS,,94f22efbe866253b4731ebc1aa61b651,2345.2791666666676,103.9753341946804,0.023938382213915626,104.99773785127218
2023-10-27T07:59:00.000Z,2024-03-20T17:59:07.000Z,d0bde72d4b8faf59b3274f3443a5d289,loitering,"[-42.46666666666667, -24.662166666666668, -42.455666666666666, -24.667]",-24.6646,-42.4612,[],['8464'],"['ICCAT', 'ACAP', 'IWC']","['41', '41.2.1', '41.2']",['41'],[],[],[],[],188,189,1.010539,0.0,4d5baaa74-420a-1a91-41ba-0c11ee29720c,WEST JUPITER,354150000,PAN,other,,,,,3490.001944444445,128.66589904707473,0.019906587064745747,188.0000081086797
2023-10-28T07:00:57.000Z,2024-08-28T05:23:17.000Z,b2f87552f33466cf5094b8cbe87f43df,loitering,"[119.62622666666667, 37.81273, 119.62626666666667, 37.81272]",37.8127,119.6262,[],['8486'],"['ACAP', 'IWC', 'WCPFC', 'PICES']",['61'],['61'],[],[],[],[],49,49,0.0,0.0,56a1322aa-a776-cbbf-bcf3-00c334bc8d8f,KL10-1CEP PLATFORM,413277590,CHN,other,,,,,7318.3722222222195,34.82550805322804,0.002569460726531981,49.00000000000002
2023-10-28T16:30:56.000Z,2024-03-07T04:05:12.000Z,620bf144a2de99d592416ecd3a4a4e03,loitering,"[-40.995, -23.083333333333332, -40.99583, -23.083875]",-23.0836,-40.9954,[],['8464'],"['IWC', 'ICCAT', 'ACAP']","['41.2', '41.2.1', '41']",['41'],[],[],[],[],88,88,10.557108,10.557108,307464c06-6e17-4252-3d74-2fc47ea6813b,POLVO A,710000925,BRA,other,,,,,3131.5711111111127,20.912193805072533,0.0036057559990158253,88.00028239545568
2023-10-28T17:59:38.000Z,2024-02-14T00:49:18.000Z,9953d44471fb996ba97007c5e2783052,loitering,"[1.608805, 56.895495, 1.5691383333333333, 56.858156666666666]",56.8768,1.589,[],['5696'],"['NEAFC', 'ICES', 'ICCAT', 'NAMMCO', 'IWC', 'NASCO', 'ACAP']","['27.4', '27.4.b', '27']",['27'],[],[],[],[],214,214,18.549811000000002,23.377371,27fc2999b-bfcc-d5a2-00b8-c76da320e91d,NOBLE ENDEAVOR,538001757,MHL,other,gbr-gbr-483,GBR,,9995c20ae7ddac236bee810d0465279a,2598.827777777778,67.11587117897956,0.013944622099559044,215.0510696940705
2023-10-28T19:57:36.000Z,2024-01-16T20:58:32.000Z,3845001daea250911259d24015a9ba1d,loitering,"[2.173513333333333, 59.591575, 2.08715, 59.586055]",59.5888,2.1303,[],['5686'],"['ICES', 'NAMMCO', 'NEAFC', 'ICCAT', 'NASCO', 'IWC', 'ACAP']","['27.4.a', '27', '27.4']",['27'],[],[],[],[],155,160,9.826279000000001,5.5337060000000005,de9352156-6af8-1630-cf0e-47a307f6825c,DEEPSEA NORDKAPP,310776000,BMU,other,nor-sture,NOR,STURE,599963ede3615d75ee938419d03451b1,1921.0155555555555,5.798198890938684,0.0016297509564134455,159.99728517265012
2023-10-30T02:56:11.000Z,2024-01-29T16:57:03.000Z,05979c06c25eb944f59799803976677f,loitering,"[-42.288833333333336, -24.648463333333332, -42.225015, -24.67008]",-24.6593,-42.2569,[],['8464'],"['ACAP', 'ICCAT', 'IWC']","['41', '41.2', '41.2.1']",['41'],[],[],[],[],184,185,3.2294490000000002,1.5025110000000002,0b96abf6f-fd66-ae68-8542-f984e644ce91,DEEPWATER MYKONOS,636019374,LBR,other,,,,,2198.0144444444454,80.84179235349589,0.019859321623274376,186.68132027108578
2023-10-30T11:28:46.000Z,2024-07-31T19:58:11.000Z,92c5738b53f9454b765ad5e7d0103f13,loitering,"[-91.98179333333333, 19.514893333333333, -91.94196333333333, 19.528388333333332]",19.5216,-91.9619,[],['8429'],"['IWC', 'ICCAT', 'ACAP', 'NAMMCO']",['31'],['31'],[],[],[],[],78,76,0.0,3.8511309999999996,a35a87e8f-f505-5930-bb9e-58427ca950ad,SANDUNGA,345070305,MEX,other,,,,,6608.490277777776,292.9443079808973,0.023935462636574274,77.91186166524403
2023-10-31T03:49:28.000Z,2024-01-05T11:58:49.000Z,6ca14e5e220384505db021177268056b,loitering,"[72.18344833333333, 19.2492, 72.18338166666666, 19.249228333333335]",19.2492,72.1834,[],['8480'],"['IOTC', 'IWC', 'ACAP']","['51', '51.4']",['51'],[],[],[],[],62,62,6.753811,6.753811,18a65b8d0-09f5-e452-6731-49906f4574d2,SAGAR RATNA,419900753,IND,other,ind-mumbaihighfield,IND,,d0adf997defb86ccf16fc23c6a0a7709,1592.155833333333,42.39619454446303,0.01437806099481379,62.00000000000003
2023-11-01T10:58:31.000Z,2025-01-09T11:58:00.000Z,52c7f9a35069e91757496417ee1037f3,loitering,"[49.604353333333336, 28.581736666666668, 49.561386666666664, 28.600516666666667]",28.5911,49.5829,[],['8356'],"['IOTC', 'IWC', 'ACAP', 'RECOFI']","['51', '51.2']",['51'],[],[],[],[],97,98,1.111949,4.060494,fed3d534e-e8f3-6196-e982-34a8b4a82fac,ADMARINE 692,636021841,LBR,other,,,,,10440.991388888888,151.49484629530647,0.007834569524947661,96.00012220811011
2023-11-02T00:02:24.000Z,2024-10-04T11:03:42.000Z,e2a59024393abcdf34eff99a69281cca,loitering,"[106.33, -5.18, 106.70166666666667, -4.596666666666667]",-4.8883,106.5158,[],['8492'],"['IWC', 'ACAP', 'WCPFC', 'SEAFDEC', 'APFIC']",['71'],['71'],[],[],[],[],42,88,1.5693320000000002,74.886227,e77ab3b88-8ff4-dc6a-4054-d67b50077d56,COSL 225,525021039,IDN,other,,,,,8099.021666666667,823.8051812245232,0.05492258579267782,41.47699010811688
2023-11-02T03:59:13.000Z,2024-01-15T19:59:54.000Z,bd8de0af1b2dc6590d114bfb1ba239a3,loitering,"[-42.552815, -24.615791666666667, -42.575363333333335, -24.591543333333334]",-24.6037,-42.5641,[],['8464'],"['IWC', 'ICCAT', 'ACAP']","['41', '41.2', '41.2.1']",['41'],[],[],[],[],182,178,3.229905,7.521645,83603594b-b09c-ca34-f2f5-50277444ad31,SAIPEM FDS,311066000,BHS,other,,,,,1792.0113888888895,66.61806317952642,0.0200729061600059,178.08889409958604
2023-11-02T10:58:35.000Z,2024-01-09T20:59:00.000Z,8a2928c0f125887748f2877b83a706c8,loitering,"[-43.1975, -25.669166666666666, -43.209, -25.672166666666666]",-25.6707,-43.2032,[],['8464'],"['ICCAT', 'ACAP', 'IWC']","['41.2.1', '41.2', '41']",['41'],[],[],[],[],281,280,1.0022039999999999,0.0,fc1f2c95b-bc31-42dd-781b-938a3bff43b6,VENUS,538005828,MHL,other,,,,,1642.0069444444453,199.65366407646073,0.06565401846666548,280.08880790961786
2023-11-02T14:34:08.000Z,2024-01-23T01:51:50.000Z,e672a885956aacc578cdf334efa022a6,loitering,"[116.05333333333333, 21.63, 116.05438666666667, 21.630831666666666]",21.6304,116.0539,[],['8486'],"['APFIC', 'ACAP', 'IWC', 'WCPFC']",['61'],['61'],[],[],[],[],121,121,124.14005499999999,124.14005499999999,5e5dc55a8-8ff6-9db1-4318-248389419928,LF13-2DPP,413208840,CHN,other,,,,,1955.2949999999996,45.7366267346596,0.01263021834173073,120.99999999999997
2023-11-02T17:43:06.000Z,2024-09-19T12:59:14.000Z,3757b38e3ec8d47ac7398e45f472b8e2,loitering,"[-0.16900166666666666, 57.56364, -0.03487, 57.89191]",57.7278,-0.1019,[],['5696'],"['ACAP', 'ICES', 'NASCO', 'NAMMCO', 'IWC', 'ICCAT', 'NEAFC']","['27', '27.4', '27.4.a']",['27'],[],[],[],[],96,111,55.596156,46.486914,6dd852597-7ba8-fe4e-ff36-38ac38ce0df3,WELL-SAFE GUARDIAN,538001927,MHL,other,gbr-gbr-483,GBR,,864e72f8834365f7154d69ba95a6b843,7723.268888888887,193.13370062597352,0.013502554051899414,114.19438137659397
2023-11-03T01:56:56.000Z,2024-02-14T15:33:31.000Z,c3bb1708778e055bdf4ffe8395b70aab,loitering,"[104.73653166666666, 2.0128433333333335, 104.73222, 1.9950716666666666]",2.004,104.7344,[],['8483'],"['IWC', 'SEAFDEC', 'ACAP', 'WCPFC', 'APFIC']",['71'],['71'],[],[],[],[],53,54,50.72002,49.236160000000005,a9b3ac02d-d831-b008-4c08-68b474b02ea7,IVY,574005380,VNM,other,mys-telokramunia,MYS,TELOK RAMUNIA,33006a2c6ccacd3d7390a682cf3eeecd,2485.6097222222247,463.75736078188896,0.10074346743501504,53.03663554543664
2023-11-03T02:45:21.000Z,2026-05-04T23:59:09.000Z,fd3078f9d51ffa27d64c061d5c61a103,loitering,"[106.23, 4.165, 106.22833333333334, 4.165]",4.165,106.2292,[],['8492'],"['SEAFDEC', 'IWC', 'APFIC', 'WCPFC', 'ACAP']",['71'],['71'],[],[],[],[],83,83,89.018195,89.018195,c98d53df1-19aa-8e2d-30e1-dfb763b55ec2,FPSO BELANAK NATUNA,525008063,IDN,other,,,,,21933.230000000007,185.7403708477665,0.004572594958227339,83.00000000000001
2023-11-03T05:11:36.000Z,2024-09-03T00:28:14.000Z,a3d14fe68a261633cf745e5ad5ff1f0a,loitering,"[115.31603833333334, 21.139905, 115.31614666666667, 21.140053333333334]",21.14,115.3161,[],['8486'],"['ACAP', 'WCPFC', 'IWC', 'APFIC']",['61'],['61'],[],[],[],[],146,146,133.736688,133.736688,dcf03468f-f777-0670-db65-c68e7c185b51,HZ32-5DPP,413495540,CHN,other,,,,,7315.277222222221,284.83205820921876,0.02102408466560399,146.00000000000003
2023-11-03T06:39:02.000Z,2024-01-28T07:24:45.000Z,f88fb441edd223d42d7c8777c01861cc,loitering,"[115.17012, 21.161585, 115.17013333333334, 21.161618333333333]",21.1616,115.1701,[],['8486'],"['WCPFC', 'APFIC', 'IWC', 'ACAP']",['61'],['61'],[],[],[],[],134,134,122.06479700000001,122.06479700000001,d515a9da6-6129-1e7a-cf7f-360e6e1acca6,HZ32-2,412465310,CHN,other,,,,,2064.7619444444445,47.553803883771884,0.01243581615126611,134.00000000000003
2023-11-03T16:11:24.000Z,2024-07-20T04:16:00.000Z,9c1ed2cb5f9f3de7c03cad929e1ed76a,loitering,"[125.20333333333333, 29.553333333333335, 125.22271, 29.568126666666668]",29.5607,125.213,[],['8486'],"['ACAP', 'APFIC', 'IWC', 'WCPFC']",['61'],['61'],[],[],[],[],240,241,228.577797,229.740719,e59cc1810-0ce6-1f4c-790c-96313105ff92,ORIENTAL DISCOVERY,370716000,PAN,cargo,,,,,6228.076666666665,168.25700270996413,0.014587410882168535,240.99984841776924
2023-11-05T01:08:09.000Z,2024-04-11T10:38:59.000Z,af0b49edec6eb7cc533fa77414da324e,loitering,"[72.195, 19.126666666666665, 71.86166666666666, 19.081666666666667]",19.1042,72.0283,[],['8480'],"['IOTC', 'ACAP', 'IWC']","['51', '51.4']",['51'],[],[],[],[],62,97,6.671696,23.800678,3412d310a-aace-ad68-0843-ee63647dde0e,ABAN VIII,457794000,MNG,other,,,,,3801.5138888888896,139.2607839296652,0.019780227018814926,74.74609975262418
2023-11-05T02:58:39.000Z,2024-02-18T15:59:14.000Z,a9b954367708b94b6b81aec7a5eee20e,loitering,"[-40.00443666666666, -21.213678333333334, -40.11669333333333, -21.710225]",-21.462,-40.0606,[],['8464'],"['ACAP', 'IWC', 'ICCAT']","['41.2', '41', '41.2.1']",['41'],[],[],[],[],76,92,0.0,32.835679999999996,4fa4d8fab-bb67-e089-6c1d-4081d008d71f,SAFE NOTOS,563855000,SGP,other,,,,,2533.0097222222234,84.34826858935213,0.01798035794532009,77.0921661588889
2023-11-06T05:52:19.000Z,2024-02-14T22:38:32.000Z,5b610fa0ac132dcebe7895cc94232b90,loitering,"[3.8064999999999998, 55.29666666666667, 3.7983333333333333, 55.28666666666667]",55.2917,3.8024,"['555557231', '555537003', '555590814']",['5668'],"['NAMMCO', 'IWC', 'ACAP', 'NASCO', 'NEAFC', 'ICCAT', 'ICES']","['27', '27.4', '27.4.b']",['27'],[],[],[],[],229,228,55.649723,56.86807,808e3f305-5e44-7656-5d7c-9bf69c8a6848,NOBLE RESOLUTE,538010660,MHL,other,dnk-esbjerg,DNK,ESBJERG,44d14af9175b8fa938efb2237b05b391,2416.7702777777763,50.19217102202311,0.011213976136976726,229.99892747288524
2023-11-06T08:03:38.000Z,2024-04-01T12:59:11.000Z,b6cd2e2e427f4f8ce751389e844bd8cb,loitering,"[51.9, 26.669616666666666, 51.9023, 26.67225]",26.6709,51.9012,[],['8468'],"['RECOFI', 'IOTC', 'ACAP', 'IWC']","['51.2', '51']",['51'],[],[],[],[],83,83,0.0,0.0,e570791a2-2a72-e349-be1e-4282e3c1da64,FSO AFRICA,538002388,MHL,other,,,,,3532.9258333333332,238.9061234385171,0.03651335828246047,82.88844079475305
2023-11-06T08:58:05.000Z,2024-01-12T03:59:26.000Z,87e6b699342376db40dd64f4e18edaa3,loitering,"[72.2934, 18.51085, 72.25046666666667, 18.517155]",18.514,72.2719,[],['8480'],"['ACAP', 'IOTC', 'IWC']","['51.4', '51']",['51'],[],[],[],[],63,66,2.4611799999999997,2.461207,eb8abec3a-a565-d0d5-4dbf-751f5781914d,GREATDRILL CHITRA,419901427,IND,other,,,,,1603.0224999999998,19.940578359357612,0.006716718542613789,63.00081977276643
2023-11-06T13:49:52.000Z,2024-01-09T14:49:41.000Z,661ad8700e98f6f15d6bc302292051fb,loitering,"[112.39503, 4.842953333333333, 110.86618166666666, 5.017271666666667]",4.9301,111.6306,[],['8483'],"['WCPFC', 'SEAFDEC', 'APFIC', 'ACAP', 'IWC']",['71'],['71'],[],[],[],[],165,251,24.391311,162.624891,164ac1661-19fd-0747-c445-f93f355d293c,HAKURYU-5,370718000,PAN,other,,,,,1536.996944444445,194.2223114226496,0.06823153345530059,241.5649569050491
2023-11-06T23:46:10.000Z,2024-01-19T00:58:36.000Z,3a33071e085344ae147bdb50604543b6,loitering,"[113.72699666666666, 20.512351666666667, 113.756355, 20.543251666666666]",20.5278,113.7417,[],['8486'],"['WCPFC', 'ACAP', 'APFIC', 'IWC']",['61'],['61'],[],[],[],[],150,147,146.11796900000002,143.855,01f0f7595-5930-26f3-a6ff-e1d4417666c2,SHEN LAN TAN SUO,414482000,CHN,other,chn-guangzhou,CHN,GUANGZHOU,50f7598a4194b603f9c15e196ef4865b,1753.207222222223,86.51107230955635,0.026643879557253,147.99890776241332
2023-11-08T01:57:51.000Z,2024-01-02T15:59:54.000Z,e804868f977efa813ec810221efe462a,loitering,"[-3.520945, 4.749888333333334, -3.5479166666666666, 4.755236666666667]",4.7526,-3.5344,[],['8473'],"['FCWC', 'ACAP', 'ICCAT', 'IWC', 'NAMMCO']","['34', '34.3.4', '34.3']",['34'],[],[],[],[],46,45,45.717578,49.213426,65ce3bbf1-1f9a-52d0-4b8e-e820977c0590,DEEP VALUE DRILLER,311001343,BHS,other,gha-gha-20,GHA,,c1419876e47b5b7a5bf7eecd3db6a124,1334.0341666666677,33.69832290175517,0.01363955974329781,46.99734609901188
2023-11-08T01:59:26.000Z,2024-01-15T06:54:56.000Z,7eb83016dbdc4b0d5d9e5d44527497f7,loitering,"[72.12456833333333, 20.28761, 72.07787333333333, 20.38876]",20.3382,72.1012,[],['8480'],"['ACAP', 'IWC', 'IOTC']","['51.4', '51']",['51'],[],[],[],[],65,71,11.817385,8.3685,8ed684bec-cbcd-7cc5-d86e-125d07e39ef2,JINDAL SUPREME,538003860,MHL,other,ind-jaigarh,IND,,c9e3f2f50d218b4c85b6a03681cae074,1636.9250000000002,31.342698220675008,0.010338716277723823,63.01501035893333
2023-11-08T11:30:37.000Z,2024-01-26T01:50:05.000Z,e9b6d760ca041b9117612d6e03fb810d,loitering,"[-92.38250833333333, 19.084085, -92.39088166666667, 19.118573333333334]",19.1013,-92.3867,[],['8429'],"['NAMMCO', 'ACAP', 'IWC', 'ICCAT']",['31'],['31'],[],[],[],[],44,48,10.70857,9.041947,6dc694a7a-afb0-f9ac-ca78-144da745e6cb,PICO 4,355379000,PAN,other,mex-mex-156,MEX,,1ac862be839e7453ac5e7122d54e51bc,1886.3244444444445,92.75851058682049,0.026551948164211255,47.99815173834067
2023-11-08T14:59:40.000Z,2024-01-14T06:59:06.000Z,2e978a516c643da8fb44fcdf89ce1dc4,loitering,"[-57.1395, 8.229, -57.134, 8.211833333333333]",8.2204,-57.1367,[],['8460'],"['ICCAT', 'IWC', 'NAMMCO', 'CRFM', 'ACAP']",['31'],['31'],[],[],[],[],178,177,193.579766,192.43932800000002,bb76fef87-7aaf-4c09-77e8-089890d5c47b,STENA DRILLMAX,235060864,GBR,other,can-baybulls,CAN,,3c656ea0cab4194f322264d66dd835d7,1599.990555555556,68.83262819635058,0.023229290801315132,177.00018082271646
2023-11-09T00:01:13.000Z,2024-01-09T02:48:15.000Z,842a6da70a5f90d7f81703791bf90169,loitering,"[-37.95666666666666, -2.861666666666667, -37.83049333333334, -2.9230483333333335]",-2.8924,-37.8936,[],['8464'],"['ACAP', 'IWC', 'ICCAT']","['41.1', '41.1.2', '41']",['41'],[],[],[],[],109,112,100.64932,103.438531,9b4477f11-17d9-3170-f8ff-88b24a41854d,ZAMBRA,352001034,PAN,other,mus-portlouis,MUS,PORT LOUIS,b0a7f6c4db963ad849bee30d70260efd,1466.783888888889,850.7841650293511,0.31319317157757137,113.88384677728786
2023-11-09T04:58:05.000Z,2024-01-28T10:58:44.000Z,4e6061296497ee6a6ad271121c6a3797,loitering,"[72.216, 19.323333333333334, 72.2035, 19.377833333333335]",19.3506,72.2098,[],['8480'],"['IOTC', 'IWC', 'ACAP']","['51', '51.4']",['51'],[],[],[],[],56,56,13.923884,17.267049,5ac7cda50-0294-e937-fd05-c632e6a6d550,GREATDRILL CHETNA,419901430,IND,other,ind-mumbai,IND,MUMBAI,194876862eaaf431a19a6b1191a0f71c,1926.0108333333326,197.44855856013933,0.055354669185612805,53.96086933048429
2023-11-09T09:05:56.000Z,2024-03-14T23:57:52.000Z,f0fd183a394c09b7c3cf323deefad142,loitering,"[104.26166666666667, 5.761666666666667, 104.262375, 5.763025]",5.7623,104.262,[],['8483'],"['SEAFDEC', 'APFIC', 'ACAP', 'IWC', 'WCPFC']",['71'],['71'],[],[],[],[],119,119,80.290133,80.290133,85f6d7d1c-c6e2-f2eb-e690-6af22098c43b,SMA REQUEST 2NM CPA,533000002,MYS,other,,,,,3038.8655555555547,148.67407896674865,0.02641695690974172,118.99999999999997
2023-11-09T15:19:46.000Z,2024-06-26T13:59:24.000Z,27ff2f85fdf7cf4513b622c32cd7b93f,loitering,"[53.79110333333333, 24.844341666666665, 53.80699666666667, 24.886298333333333]",24.8653,53.7991,[],['8360'],"['IOTC', 'ACAP', 'IWC', 'RECOFI']","['51.2', '51']",['51'],['8360'],[],[],[],55,54,0.0,3.223955,a7e813bda-a6bd-d6e5-1220-746d4d3f2e44,NURAI,470891001,ARE,other,are-dubai,ARE,DUBAI,f1f95e6b4ddecb58d6a96bd0fefd6f8d,5518.660555555555,53.14557557944995,0.005199869573207613,54.73871555218794
2023-11-09T15:58:19.000Z,2024-02-06T05:44:12.000Z,85afb4ccf649c907f86ea6a7ead32db8,loitering,"[112.81629333333333, 3.5383, 112.81650666666667, 3.538133333333333]",3.5382,112.8164,[],['8483'],"['IWC', 'WCPFC', 'APFIC', 'ACAP', 'SEAFDEC']",['71'],['71'],[],[],[],[],38,38,18.480905999999997,18.480905999999997,b4391d269-9cf7-34b2-3985-fb32b310a2f3,CASPIAN SEA,533371000,MYS,other,mys-telokramunia,MYS,TELOK RAMUNIA,98f417d76a27bc61222672079759a37b,2125.7647222222217,120.98014650941491,0.03072967224827244,38.56537881302581
2023-11-10T07:55:19.000Z,2024-02-20T08:54:17.000Z,f5d30bc2df4af566df88b9eb48b588ad,loitering,"[48.928815, 28.45679, 48.893926666666665, 28.447923333333332]",28.4524,48.9114,[],['8356'],"['IOTC', 'RECOFI', 'IWC', 'ACAP']","['51.2', '51']",['51'],['8356'],[],[],[],39,35,2.223899,2.4293470000000004,38d9edf50-0dcd-2d21-7754-e68886586952,KJO CONSTRUCTOR,312010000,BLZ,other,,,,,2448.9827777777778,52.734141675718,0.011626932957870604,39.99806568483228
2023-11-10T11:59:04.000Z,2024-01-18T15:59:05.000Z,030dcf50df8864b45018396b4031de7e,loitering,"[104.72404, 1.9114900000000001, 104.70179333333333, 1.9292433333333334]",1.9204,104.7129,[],['8483'],"['WCPFC', 'APFIC', 'SEAFDEC', 'ACAP', 'IWC']",['71'],['71'],[],[],[],[],60,58,39.855207,40.776203,79df21eeb-b769-fd94-3672-ec9cb51ff30e,ERECTER,477007600,HKG,other,mys-telokramunia,MYS,TELOK RAMUNIA,fc7e1be9bfa0edfa9c38cf1b411fd54c,1660.0002777777788,431.1074606848457,0.14022853461742915,58.61208802405256
2023-11-10T13:28:27.000Z,2024-01-25T21:46:21.000Z,0a12ab3378079e2e8fcfd40bd33eb18f,loitering,"[116.16569333333334, 21.65623, 116.18241333333333, 21.661296666666665]",21.6588,116.1741,[],['8486'],"['IWC', 'APFIC', 'ACAP', 'WCPFC']",['61'],['61'],[],[],[],[],118,117,126.746102,127.259664,c0efda5ef-fee9-4e1a-8f6a-27f64bcec4b4,NANHAIERHAO,412461260,CHN,other,,,,,1832.2983333333336,17.07763783536314,0.0050325793395128715,117.00013315636593
2023-11-10T13:29:26.000Z,2024-01-03T12:31:41.000Z,bfb45942e8425cc1a9cc99dd096c6366,loitering,"[113.50759166666667, 19.629413333333332, 113.46666666666667, 19.641666666666666]",19.6355,113.4871,[],['8486'],"['IWC', 'WCPFC', 'APFIC', 'ACAP']",['61'],['61'],[],[],[],[],228,226,229.260438,226.99853099999999,e73beb296-6a51-17d3-37db-b35ffe8fc304,NAN HAI BA HAO,413473840,CHN,other,chn-guangzhou,CHN,GUANGZHOU,8615f91e86068870838b6f91d11f159c,1295.0375,42.15566780138987,0.01757651004977064,225.00336552476296
2023-11-10T13:49:36.000Z,2024-07-16T13:53:11.000Z,a10f32ba5f2523ceca057f1294842f19,loitering,"[-39.96679833333334, -22.132651666666668, -39.96617666666667, -22.127761666666668]",-22.1302,-39.9665,[],['8464'],"['ACAP', 'IWC', 'ICCAT']","['41.2.1', '41', '41.2']",['41'],[],[],[],[],106,106,0.0,0.0,540bd8982-2c6d-172f-6ae1-6e7a3310b6ef,PETROBRAS-31,351279000,PAN,other,,,,,5976.059722222224,89.09657403718519,0.008050170773408107,106.06088384263661
2023-11-10T14:59:56.000Z,2024-09-13T18:33:23.000Z,f3d1d90486ff5c93147d8a831666b1bc,loitering,"[11.530998333333333, -7.448831666666667, 11.572665, -7.522166666666666]",-7.4855,11.5518,[],['8478'],"['ACAP', 'ICCAT', 'IWC']","['47', '47.1.1', '47.1']",['47'],[],[],[],[],143,144,2.223899,6.671696,88b495c58-8ba4-7f24-5e5a-6086aef09061,WEST GEMINI,354982000,PAN,other,,,,,7395.557500000003,181.01076671968568,0.013215771088120281,143.17471934460073
2023-11-10T21:49:49.000Z,2024-04-24T21:59:14.000Z,1650477c216639f42a3d901f325f93ec,loitering,"[119.75488333333334, 38.18561166666667, 119.74446833333333, 38.20780166666667]",38.1967,119.7497,[],['8486'],"['IWC', 'PICES', 'ACAP', 'WCPFC']",['61'],['61'],[],[],[],[],69,70,13.457574000000001,15.786833,0d2bb1527-77c9-0382-26fa-35a6431786f4,GUOHAIGUOYU,413287430,CHN,other,chn-weihai,CHN,WEIHAI,8b6d0a70f2a011f92b71319ce1cef2c7,3984.156944444446,87.36940158617031,0.011840824409814045,69.0003230192043
2023-11-11T01:41:23.000Z,2024-01-06T12:27:44.000Z,f724548d3a073cde66b130f3c3fedb19,loitering,"[107.785787, -14.187678, 107.74019, -14.329507]",-14.2586,107.763,[],[],"['IOTC', 'IWC', 'CCSBT', 'SEAFDEC', 'ACAP']","['57.2', '57']",['57'],[],['63203'],[],[],463,474,477.309031,488.44981199999995,3b1bbb9f2-2c0c-d8ac-e19f-5324ecfc241b,AIS  BUOY-4249  100%,525394249,IDN,gear,,,,,1354.7724999999998,206.05930554647114,0.08212679541781281,468.8849441551544
2023-11-11T13:22:17.000Z,2024-01-24T22:57:47.000Z,8f244b56d31ca8c13ea6cde895fdf71a,loitering,"[120.78331, 39.90960166666667, 120.76791833333333, 39.89329]",39.9014,120.7756,[],['8486'],"['WCPFC', 'IWC', 'ACAP', 'PICES']",['61'],['61'],[],[],[],[],43,44,3.411697,4.8102,35101c80b-b84b-fcb3-50ea-63ba7b302d45,BO HAI 4 HAO,413236030,CHN,other,chn-qingdao,CHN,QINGDAO,594b3085078457b57092dece9d453c88,1785.5916666666667,85.18366965976657,0.025759249908451926,42.00054357717588
2023-11-11T17:55:56.000Z,2024-05-16T18:59:26.000Z,9ac00311bb748c341e99e3c3454d5aff,loitering,"[-92.25334666666667, 19.128353333333333, -92.23381, 19.123826666666666]",19.1261,-92.2436,[],['8429'],"['NAMMCO', 'IWC', 'ICCAT', 'ACAP']",['31'],['31'],[],[],[],[],48,46,5.45099,7.648324,53d591e8e-e2b7-bd1c-f240-5882cb5160fd,TABASCO,345070391,MEX,other,mex-mex-10,MEX,,ce5906377c0ef7b6ad1154c4b6b28006,4489.058333333332,197.72047434438946,0.023782385386262365,47.00048740264567
2023-11-12T02:58:09.000Z,2024-01-24T17:02:26.000Z,c8db47b981c8f08551a01cc7aa65c617,loitering,"[1.5861633333333334, 58.39187, 1.548335, 58.366013333333335]",58.3789,1.5672,[],['5686'],"['NEAFC', 'ACAP', 'ICCAT', 'NAMMCO', 'IWC', 'ICES', 'NASCO']","['27.4.a', '27.4', '27']",['27'],[],[],[],[],214,216,21.011752,23.888296999999998,56b8e4cc4-46d7-be0b-0563-7b6f76e23afb,TRANSOCEAN ENABLER,258615000,NOR,other,nor-goliatfield,NOR,,8da9f47da6d08f723c7b2810a926488e,1766.0713888888893,4.007702857343524,0.0012253108439818135,215.9997700492375
2023-11-12T03:57:51.000Z,2024-09-03T23:10:06.000Z,0561ae65b103920d582cc7b5b9660d3a,loitering,"[49.57215, 28.466638333333332, 49.57584166666667, 28.46533]",28.466,49.574,[],['8356'],"['IWC', 'IOTC', 'ACAP', 'RECOFI']","['51.2', '51']",['51'],[],[],[],[],86,86,3.909911,2.932433,fe5c12305-5a71-5cca-3fc2-9d533d1ccaf0,KINGDOM 1,538010167,MHL,other,,,,,7123.204166666671,293.1962794798636,0.02222501589858843,85.99983266978508
2023-11-12T03:59:29.000Z,2024-04-25T11:59:19.000Z,62d1cc6c75f539d0b08718389a714071,loitering,"[53.11087833333333, 25.49444, 53.11291, 25.498663333333333]",25.4966,53.1119,[],['8360'],"['IOTC', 'IWC', 'RECOFI', 'ACAP']","['51', '51.2']",['51'],[],[],[],[],43,44,1.0037129999999999,1.497927,8bcbe823f-f126-1afd-490d-e34d51228c01,VIVEKANAND 3,355312000,PAN,other,,,,,3967.9972222222195,43.791634648429756,0.005959074499962645,44.00003417915829
2023-11-12T20:50:08.000Z,2024-02-24T09:53:28.000Z,8a098f7aec6891b799b8d6990c69fdc7,loitering,"[3.907958333333333, 53.67147333333333, 3.868046666666667, 53.64635666666667]",53.6589,3.888,[],['5668'],"['IWC', 'NAMMCO', 'ACAP', 'ICCAT', 'NEAFC', 'NASCO', 'ICES']","['27.4', '27', '27.4.b']",['27'],[],[],[],[],80,81,44.286964999999995,45.579035000000005,45e2898a8-8a77-9875-b017-3609dfca962d,WELL-SAFE PROTECTOR,351635000,PAN,other,gbr-gbr-535,GBR,,048ac67e81bb32a66c737e5a20f33977,2485.0555555555557,171.27198782116747,0.03721424853407376,80.99933793194238
2023-11-13T00:01:06.000Z,2024-01-18T10:59:39.000Z,2cb1097395b97c744fa421dde54eeb12,loitering,"[106.63833333333334, -4.666666666666667, 106.6045, -4.6786666666666665]",-4.6727,106.6214,[],['8492'],"['IWC', 'APFIC', 'WCPFC', 'ACAP', 'SEAFDEC']",['71'],['71'],[],[],[],[],81,77,64.774016,61.630617,0fd7198a5-547e-454b-ed54-6eac667816c9,COSL 221,525007204,IDN,other,idn-pabelokan,IDN,,7c6f636e31f4e1dc4529fb945934aa0d,1594.9758333333336,150.71447711687483,0.05102228234295828,80.52082361383785
2023-11-13T04:32:11.000Z,2024-01-05T11:38:27.000Z,d150386afbfce0f77468d7b6995c58e9,loitering,"[106.677385, -14.135788, 106.706095, -14.253062]",-14.1944,106.6917,[],[],"['CCSBT', 'IOTC', 'IWC', 'SEAFDEC', 'ACAP']","['57.2', '57']",['57'],[],['63203'],[],[],411,423,426.873062,439.52475,579f521a1-1956-755c-96ad-85e300e5bc6b,AIS BUOY-3318  100%,525343318,IDN,gear,,,,,1279.1044444444447,212.61139283200055,0.08975105086254141,413.8882799443147
2023-11-13T12:15:13.000Z,2024-01-19T13:24:30.000Z,7969fccd645e94d02f2c1aef385bae0f,loitering,"[119.92646, 35.131347, 119.92584, 35.13112]",35.1312,119.9262,[],['8486'],"['IWC', 'WCPFC', 'ACAP', 'PICES']",['61'],['61'],[],[],[],[],44,44,1.8188119999999999,1.8188119999999999,ef3bf02f9-9574-94e1-bdc8-c0719327c328,,88880827,,gear,,,,,1609.1547222222214,33.59407117512596,0.011272593639556846,43.99973806870604
2023-11-13T12:41:58.000Z,2024-03-16T20:28:50.000Z,3ae5900f17da9666eb339e22dce0799b,loitering,"[119.938533, 35.14773, 119.89042, 35.123982]",35.1359,119.9145,[],['8486'],"['PICES', 'IWC', 'ACAP', 'WCPFC']",['61'],['61'],[],[],[],[],44,42,2.945652,2.131881,b6be6a8d8-8423-c0ba-1967-281c2b437a61,,88880826,,gear,,,,,2983.7811111111105,73.50792579430173,0.013302284303881588,43.231186667395264
2023-11-13T12:59:24.000Z,2024-04-01T22:40:54.000Z,a628677ad5bc9002a5efa4ac58e99bd1,loitering,"[119.890013, 35.136095, 119.93692, 35.14948]",35.1428,119.9135,[],['8486'],"['IWC', 'ACAP', 'WCPFC', 'PICES']",['61'],['61'],[],[],[],[],41,44,1.818589,2.945652,6f0d09248-8512-b5fa-e31a-30431b58ec4b,,88880824,,gear,chn-lanshan,CHN,LANSHAN,14e918374ab2c3420762bbabe383d569,3369.6916666666652,77.06993327270271,0.012349626888456505,41.001232559504885
2023-11-13T13:23:04.000Z,2024-07-12T01:24:29.000Z,4f01a65192969a5e2172cb2805540b5d,loitering,"[119.899733, 35.12432, 119.90956, 35.139562]",35.1319,119.9046,[],['8486'],"['PICES', 'WCPFC', 'ACAP', 'IWC']",['61'],['61'],[],[],[],[],43,42,1.436507,0.0,6977766e1-1445-99fa-2d77-7fffe72a6f75,,88880821,,gear,,,,,5796.023611111108,106.16840600492276,0.009890634852575759,43.002140338173255
2023-11-13T13:56:45.000Z,2024-09-20T09:34:08.000Z,138159d23dea9b9f7bbc9b39e0b34e45,loitering,"[119.908647, 35.124685, 119.921873, 35.056965]",35.0908,119.9153,[],['8486'],"['WCPFC', 'IWC', 'ACAP', 'PICES']",['61'],['61'],[],[],[],[],44,48,1.111949,6.194458,3089676ab-b7d6-e083-e340-44c0acc9baf5,,88880829,,gear,chn-lianyungang,CHN,LIANYUNGANG,c2771aa9ebdfc76f84e9694f895c0330,7483.62305555555,190.1298707429764,0.01371821061612867,45.924676788528984
2023-11-13T14:00:20.000Z,2024-01-27T10:10:07.000Z,b03495e564a8c4eccffed36637f74cf5,loitering,"[108.72477, 20.796641666666666, 108.72465833333334, 20.796708333333335]",20.7967,108.7247,[],['8486'],"['WCPFC', 'ACAP', 'APFIC', 'IWC']",['61'],['61'],[],[],[],[],46,46,4.566668,4.566668,d30c0f837-7527-a197-93be-3215dfaeb4ea,W111,412469570,CHN,other,,,,,1796.163055555556,42.38604984670107,0.012741958986157188,45.99902352100759
2023-11-13T14:02:14.000Z,2024-07-18T21:26:14.000Z,93d397c34d69df37b83738456bcf808a,loitering,"[119.90292, 35.124492, 119.90278, 35.124312]",35.1244,119.9029,[],['8486'],"['IWC', 'PICES', 'WCPFC', 'ACAP']",['61'],['61'],[],[],[],[],43,43,1.436507,1.436507,b63c32a0d-db7c-8018-230a-10d0f22d2feb,,88880825,,gear,,,,,5959.399999999998,99.08236205573073,0.008977446637992928,42.99988825852357
2023-11-13T22:45:45.000Z,2024-01-18T11:50:06.000Z,95ed42d8cc44518406ab0766d223ab52,loitering,"[119.888027, 35.123853, 119.887667, 35.124088]",35.124,119.8878,[],['8486'],"['PICES', 'IWC', 'WCPFC', 'ACAP']",['61'],['61'],[],[],[],[],42,42,2.131881,2.131881,c2fbef567-785b-4bd1-0a79-6f5de3d80a58,,60806813,,gear,chn-chn-99,CHN,CHN-99,7d92c63cb7ac58be14e8b5bf6cd7860b,1573.0724999999995,59.5306933380422,0.020433897917808752,42.00024211300738
2023-11-13T23:59:23.000Z,2024-01-16T19:58:29.000Z,015e5ad2c019794b57a68114d00e2ac9,loitering,"[-40.543075, -22.911795, -40.356298333333335, -22.717466666666667]",-22.8146,-40.4497,[],['8464'],"['ACAP', 'IWC', 'ICCAT']","['41.2.1', '41', '41.2']",['41'],[],[],[],[],110,103,14.036438,9.802123,e646df602-2094-ca60-9cf1-8dce2508be9e,NORBE VI,351784000,PAN,other,bra-camposbasin,BRA,CAMPOS BASIN,0918b2b4bcdef6a74a4a2b1945d6b970,1531.9850000000004,41.64989042635981,0.014679740140339743,110.0845526844717
2023-11-14T00:00:55.000Z,2024-03-20T23:57:57.000Z,3786ba8163bfd160be48622d820a1564,loitering,"[107.96833333333333, 9.97, 107.96937166666666, 9.971471666666666]",9.9707,107.9689,[],['8484'],"['SEAFDEC', 'WCPFC', 'APFIC', 'IWC', 'ACAP']",['71'],['71'],[],[],[],[],77,77,102.747398,102.747398,ecaade03e-e841-9f7a-67fc-98cfafc73966,ARMADA TGT 1,538003899,MHL,other,,,,,3071.950555555554,156.67829834704898,0.027539347270208635,77.00000000000004
2023-11-14T01:59:02.000Z,2024-01-04T04:58:43.000Z,18d282828e6d57f8a45f414669517b5f,loitering,"[72.26450833333334, 18.526776666666667, 72.29333333333334, 18.561666666666667]",18.5442,72.2789,[],['8480'],"['IOTC', 'IWC', 'ACAP']","['51.4', '51']",['51'],[],[],[],[],65,61,2.1086060000000004,0.0,f4403acef-f025-859c-45db-0719c673c29e,MICLYN CONSTRUCTOR I,370016000,PAN,cargo,,,,,1226.994722222222,37.12028204395124,0.01633531788916427,63.75944012084973
2023-11-14T02:55:05.000Z,2024-08-14T06:49:30.000Z,574c76da98ac01528dce51067eb11822,loitering,"[71.34513833333334, 19.483696666666667, 71.35166666666667, 19.60333333333333]",19.5435,71.3484,[],['8480'],"['IWC', 'IOTC', 'ACAP']","['51', '51.4']",['51'],[],[],[],[],140,128,2.0965979999999997,2.458284,fef98da37-7b41-6fa5-463c-db3b90cace64,ADMARINE 10,352001785,PAN,other,,,,,6579.906944444445,107.39337605201412,0.00881285777062916,134.074307939175
2023-11-14T03:21:41.000Z,2024-01-26T10:14:02.000Z,4f13c76098e719a1124afa64c0c1c04f,loitering,"[119.8904, 35.123962, 119.906393, 35.141438]",35.1327,119.8984,[],['8486'],"['WCPFC', 'IWC', 'PICES', 'ACAP']",['61'],['61'],[],[],[],[],42,42,2.131881,0.0,6319ecea5-5167-1b83-b6f4-33e0c0c5bd56,,60806806,,gear,chn-lianyungang,CHN,LIANYUNGANG,a490b22572f8d748e2cca154a63e15cb,1758.8725000000006,67.99122390240086,0.020872646494491637,41.997363316952224
2023-11-14T03:44:20.000Z,2024-02-01T10:59:29.000Z,8ed43f12a67c1238ed65d461b6d708a5,loitering,"[119.939427, 35.069502, 119.940647, 35.058418]",35.064,119.94,[],['8486'],"['PICES', 'WCPFC', 'IWC', 'ACAP']",['61'],['61'],[],[],[],[],49,50,7.208341000000001,7.185713,c7d1c61c6-6ade-9297-15f7-bb1f585ca006,,20406004,,gear,chn-lanshan,CHN,LANSHAN,c47e269cbe00c9912a6e6da09431e08a,1903.2524999999996,82.32781555209273,0.02335657729124244,49.92244893076732
2023-11-14T03:49:21.000Z,2024-01-12T13:45:48.000Z,a4ef76b66f7b473b8fb87a8a483da148,loitering,"[119.949153, 35.070165, 119.9938, 35.11537]",35.0928,119.9715,[],['8486'],"['WCPFC', 'ACAP', 'PICES', 'IWC']",['61'],['61'],[],[],[],[],50,49,7.599578,7.360175,8a9a60738-885d-30ed-9109-1e1fd34e0592,,20406008,,gear,,,,,1425.9408333333336,157.30438982484338,0.05956598865383647,50.263005679806874
2023-11-14T03:50:05.000Z,2024-03-21T04:07:19.000Z,a47bcb827e20ce8a13e16b40157c34d9,loitering,"[119.83646, 35.095183, 119.836093, 35.095132]",35.0952,119.8363,[],['8486'],"['IWC', 'ACAP', 'PICES', 'WCPFC']",['61'],['61'],[],[],[],[],40,40,4.539837,4.539837,a1086cbab-b9b0-ec67-d911-b952fce8a5e4,,34111154,,gear,,,,,3072.2872222222236,46.632653795306084,0.008195724181594633,40.48157537966527
2023-11-14T03:51:07.000Z,2024-01-17T15:46:50.000Z,47d4f4908ac8459cfcbebf5dac767abf,loitering,"[119.94718, 35.070228, 119.918273, 35.090897]",35.0806,119.9327,[],['8486'],"['IWC', 'WCPFC', 'PICES', 'ACAP']",['61'],['61'],[],[],[],[],50,46,7.599578,4.539859000000001,c700dbe36-6873-fef4-b6eb-29b163844c94,,20406001,,gear,chn-rizhao,CHN,RIZHAO,7e2d88d13d304a9a5c8163f20d8c58dd,1547.928611111111,57.3083213246315,0.01999059761008599,49.94920343439187
2023-11-14T04:10:08.000Z,2024-06-19T05:52:10.000Z,026772ff96bdb4228e2041052fd6b691,loitering,"[119.92278, 35.06945, 119.903373, 35.074583]",35.072,119.9131,[],['8486'],"['ACAP', 'PICES', 'WCPFC', 'IWC']",['61'],['61'],[],[],[],[],48,47,6.733435,6.733435,eba42b2ea-a8cd-84ed-0c49-5c3244cb2029,,20406002,,gear,chn-lanshan,CHN,LANSHAN,bf39d436914a0fe916347f8ec2f0c42e,5233.700555555558,153.32226601356047,0.01581813857642116,49.846338618918416
2023-11-14T10:59:27.000Z,2024-07-15T08:43:04.000Z,dc5c66a29ee10e445be06eff6427d11a,loitering,"[119.93488, 35.068882, 119.928887, 35.056833]",35.0629,119.9319,[],['8486'],"['WCPFC', 'IWC', 'PICES', 'ACAP']",['61'],['61'],[],[],[],[],49,49,6.915348,6.646348,5c776f16a-a567-3e7a-7c0b-8821c7a3a164,,20406005,,gear,,,,,5853.726944444447,192.59380796953383,0.01776514994695647,48.99999999999996
2023-11-15T00:46:01.000Z,2024-04-08T04:58:32.000Z,5f1f2cbe7da5949db93dc8a9bb6da11e,loitering,"[92.51230166666667, 19.65717666666667, 92.58086333333334, 19.592656666666667]",19.6249,92.5466,[],['8482'],"['ACAP', 'IOTC', 'SEAFDEC', 'IWC', 'BOBP-IGO', 'APFIC']","['57', '57.1']",['57'],[],[],[],[],57,53,3.3322849999999997,9.832691,e32594def-f933-6901-e5d8-65fa8fb3632d,HYUNDAI 2500,357118000,PAN,other,,,,,3484.208611111111,392.01397244663485,0.06075141735120258,52.98740362302944
2023-11-15T05:12:25.000Z,2024-01-06T03:25:43.000Z,0230bf93d14c93dd6f90d5bedf61d225,loitering,"[119.905885, 34.991332, 119.557458, 35.303813]",35.1476,119.7317,[],['8486'],"['PICES', 'WCPFC', 'IWC', 'ACAP']",['61'],['61'],[],[],[],[],46,7,2.874779,2.722511,a4157d5c0-0d01-44c5-5893-94e4253dd7cc,YU.WANG.QU.812-01,222200100,,other,chn-rizhao,CHN,RIZHAO,bd2b7ae2fdad2641ccc21c48b027a35a,1246.2216666666664,132.90948027176194,0.05758636688483895,45.41383466456147
2023-11-15T05:47:16.000Z,2024-03-10T18:22:57.000Z,ca7ec3564ae15346418e9401aeddf051,loitering,"[119.781393, 35.057952, 119.781187, 35.057667]",35.0578,119.7813,[],['8486'],"['IWC', 'WCPFC', 'ACAP', 'PICES']",['61'],['61'],[],[],[],[],38,38,1.436931,1.436931,daf3a345c-ce43-b2cb-273a-6392bb6b4ada,,60903009,,gear,chn-lianyungang,CHN,LIANYUNGANG,6ce02052438e2d41a45994d30a5cccb8,2796.594722222221,61.12841917402963,0.011802463029495714,38.000000000000014
2023-11-15T05:52:19.000Z,2024-01-19T00:33:20.000Z,158774982a9eac2899ee4f3ad27d21d6,loitering,"[119.796733, 35.054403, 119.796473, 35.054012]",35.0542,119.7966,[],['8486'],"['ACAP', 'IWC', 'WCPFC', 'PICES']",['61'],['61'],[],[],[],[],40,40,3.5216030000000003,3.5216030000000003,50f2c1e6c-c3c8-cc74-a290-a6d56334fba5,,60903002,,gear,,,,,1554.6836111111118,38.83892534185054,0.013489138129045543,39.99972154966576
2023-11-15T05:57:19.000Z,2024-05-01T01:42:54.000Z,0904fb67b24e2be72c0e7b229fc416e4,loitering,"[119.825673, 35.057212, 119.8234, 35.057942]",35.0576,119.8245,[],['8486'],"['IWC', 'ACAP', 'PICES', 'WCPFC']",['61'],['61'],[],[],[],[],42,42,5.5728480000000005,4.68454,0ad58eef5-5bfc-26bc-1433-96d85054db30,,60408126,,gear,chn-chn-99,CHN,CHN-99,994fd380d51251a21c3d2a4087e5429e,4027.7597222222184,55.37784993354136,0.0074238904240961625,42.00000000000003
2023-11-15T06:17:15.000Z,2024-02-07T21:32:08.000Z,d34d9e4ac61746f9cfe4ea34a7db7640,loitering,"[119.816127, 35.054928, 119.983793, 34.596888]",34.8259,119.9,[],['8486'],"['WCPFC', 'ACAP', 'IWC', 'PICES']",['61'],['61'],[],[],[],[],42,16,5.0652479999999995,4.809603,c3175cfe6-6c3a-0f23-a1b3-1edd34dc53a4,,66002219,,gear,,,,,2031.2480555555553,168.34566026626845,0.04475050909927204,41.54108850630126
2023-11-15T09:28:59.000Z,2024-02-04T22:42:25.000Z,5e3c64c64c6e59098e1c0e6fe1dc1d85,loitering,"[119.793127, 35.05406, 119.952327, 35.071723]",35.0629,119.8727,[],['8486'],"['ACAP', 'WCPFC', 'PICES', 'IWC']",['61'],['61'],[],[],[],[],39,50,2.873932,7.599578,08132a4d6-642a-5666-a0ce-38733f42482d,,33028204,,gear,,,,,1957.2238888888885,90.18589710392293,0.024880387467918093,48.379344100714356
2023-11-15T09:29:32.000Z,2024-01-06T13:43:26.000Z,a168383a13e903042f0392c0e5282aa1,loitering,"[119.83188, 35.069502, 119.831753, 35.06974]",35.0696,119.8318,[],['8486'],"['WCPFC', 'IWC', 'PICES', 'ACAP']",['61'],['61'],[],[],[],[],42,42,4.937085,4.937085,4c03f020c-c255-b51b-fe60-7d3230c61b4b,,34111151,,gear,,,,,1252.231666666667,18.29198122919293,0.007887422093132748,41.999823292067774
2023-11-15T10:31:46.000Z,2024-02-23T06:23:40.000Z,22bb6b2b4c1f26f3087656376708784b,loitering,"[119.780447, 35.060357, 119.780467, 35.060827]",35.0606,119.7805,[],['8486'],"['PICES', 'IWC', 'WCPFC', 'ACAP']",['61'],['61'],[],[],[],[],38,38,1.436931,1.436931,854379ae2-24c9-d912-cda3-b68faa64c1db,,60903004,,gear,chn-lianyungang,CHN,LIANYUNGANG,a1f3588f910a4c5c8a19d679d943bc83,2395.8650000000002,85.97913544257392,0.019377143176873033,37.99999999999999
2023-11-16T12:53:23.000Z,2024-09-22T06:58:08.000Z,66d415e64c2614da5e4fa4525c48558d,loitering,"[49.55416666666667, 28.544188333333334, 49.53332666666667, 28.555366666666668]",28.5498,49.5437,[],['8356'],"['IOTC', 'RECOFI', 'IWC', 'ACAP']","['51', '51.2']",['51'],[],[],[],[],94,96,7.399618,7.606076,4f0df197e-ee21-78e3-0fb0-0751d778af38,ARABDRILL 130,403735000,SAU,other,sau-marjanfield,SAU,,7f313cfa2d1498f0eb38f8180c7cfde4,7458.0791666666655,39.598720771141025,0.0028669042270407304,94.00007949447249
2023-11-16T12:59:08.000Z,2024-06-08T09:03:42.000Z,f10c98e4a2213f3e075f6c6dbcd4a376,loitering,"[-41.090831666666666, -23.5212, -41.150886666666665, -23.54891]",-23.5351,-41.1209,[],['8464'],"['ACAP', 'ICCAT', 'IWC']","['41.2.1', '41.2', '41']",['41'],[],[],[],[],109,106,0.0,6.967218,3446c0866-62dd-4192-7181-47f49f87e7ad,ALPHA STAR,371347000,PAN,other,,,,,4916.076111111114,203.5765428050139,0.02235981234365354,109.10897837352468
2023-11-16T13:59:38.000Z,2024-01-02T00:55:59.000Z,e84b3f8d5b825c256a21baf7c6ca0b0b,loitering,"[56.91016666666667, 25.682663333333334, 56.92502666666667, 25.696468333333332]",25.6896,56.9176,[],['8469'],"['IWC', 'ACAP', 'IOTC', 'RECOFI']","['51', '51.3']",['51'],[],[],[],[],41,38,25.078717,27.260973000000003,7713ff1c7-7529-ed55-0879-f55bb08c969b,ELIZABET,613001301,CMR,other,are-khorfakkan,ARE,KHOR FAKKAN,003229e0f6c8a56439d3cbc088124611,1114.9391666666668,79.76265612706301,0.03862846523390919,39.415081846494736
2023-11-16T13:59:42.000Z,2024-06-10T12:45:12.000Z,0a8129cd855b6fca86c2973538e2ebc9,loitering,"[-2.8517116666666666, 4.549641666666667, -2.889056666666667, 4.5528233333333334]",4.5512,-2.8704,[],['8400'],"['FCWC', 'NAMMCO', 'ICCAT', 'IWC', 'ACAP']","['34', '34.3', '34.3.4']",['34'],[],[],[],[],53,54,3.5062990000000003,1.570052,18b86884d-d36e-3496-bd19-523bb1430751,MAERSK VENTURER,566983000,SGP,other,,,,,4966.758333333339,98.02405290849451,0.010656599479589206,54.20643280910705
2023-11-17T03:00:30.000Z,2024-01-18T04:48:06.000Z,ab949b0b6dbd662397f91051d2c5c1f1,loitering,"[107.686398, -14.04021, 107.601952, -14.08786]",-14.064,107.6442,[],[],"['SEAFDEC', 'IWC', 'CCSBT', 'IOTC', 'ACAP']","['57', '57.2']",['57'],[],['63203'],[],[],443,443,457.493219,457.809125,d65487169-9d26-3c93-4d1c-44073ef95945,AIS  BUOY-4246  100%,525394246,IDN,gear,,,,,1489.793333333333,211.24551428986518,0.07656327229301334,448.7865414443529
2023-11-17T05:55:21.000Z,2024-01-07T14:57:20.000Z,fdf882dcbc93cddb965cf9fb4913c9c5,loitering,"[6.4012883333333335, 54.03601166666667, 6.445193333333333, 54.029763333333335]",54.0329,6.4232,[],['5669'],"['IWC', 'NEAFC', 'NAMMCO', 'ICES', 'NASCO', 'ICCAT', 'ACAP']","['27', '27.4.b', '27.4']",['27'],[],[],[],[],51,48,4.635727,3.869069,0fc425902-2158-80a0-1dc1-a861f2b69892,WIND LIFT 1,218319000,DEU,other,deu-borkum,DEU,BORKUM,0c034d5b639804c830bd2672494efefb,1233.0330555555558,5.8096809128941045,0.0025441140614114624,48.48753387440034
2023-11-17T06:49:15.000Z,2024-09-05T02:54:10.000Z,936b7b4abde78241361d4439ff5f79cc,loitering,"[108.87084, 20.751478333333335, 108.87, 20.753333333333334]",20.7524,108.8704,[],['8486'],"['ACAP', 'IWC', 'WCPFC', 'APFIC']",['61'],['61'],[],[],[],[],38,38,1.111949,1.111949,1a134613b-b182-3d1d-747d-0be11ad14104,WZ122,413483780,CHN,gear,,,,,7028.081944444445,227.31519533199221,0.017464279332343253,37.992723998525676
2023-11-17T08:50:24.000Z,2024-01-15T18:24:17.000Z,bf5633fdb9f3c4bd1f35ae291add1540,loitering,"[49.59270166666666, 28.40977, 49.627853333333334, 28.420573333333333]",28.4152,49.6103,[],['8356'],"['IOTC', 'RECOFI', 'ACAP', 'IWC']","['51', '51.2']",['51'],[],[],[],[],79,79,1.111949,0.0,f27188f0e-e56a-0419-2d3e-adfa11108839,ADMARINE 266,636015626,LBR,other,,,,,1425.5647222222233,33.87955646631663,0.012832456307934887,79.00023400456516
2023-11-17T11:09:33.000Z,2024-01-29T04:53:51.000Z,3c1058cc0b13756b31c4612b77bd5c0b,loitering,"[2.895, 54.11333333333334, 2.848263333333333, 54.131721666666664]",54.1225,2.8716,"['555590815', '555557049', '555537004']",['5668'],"['NASCO', 'IWC', 'ICCAT', 'ICES', 'NEAFC', 'ACAP', 'NAMMCO']","['27.4', '27', '27.4.b']",['27'],[],[],[],[],162,166,97.562461,96.69350800000001,e915ba084-454b-6c55-8c0b-ded62357201a,PROSPECTOR 1,577087000,VUT,other,gbr-greatyarmouth,GBR,GREAT YARMOUTH,b6459f9547edc09fd5fee5cb557dd3eb,1745.738333333334,65.00827858694336,0.020107058219281673,167.9951062856676
2023-11-17T13:59:02.000Z,2024-02-10T15:59:19.000Z,46a3f801f27d574ad91794493b139afd,loitering,"[11.3577, -6.117216666666667, 11.320633333333333, -6.111983333333334]",-6.1146,11.3392,[],['8477'],"['IWC', 'ICCAT', 'ACAP']","['47', '47.1.1', '47.1']",['47'],[],[],[],[],99,103,10.898994,7.840186,93bf6116f-f699-2f4d-c567-a15492059629,SAIPEM12000,311030700,BHS,other,ago-block15,AGO,,0dc9d1a3527bdb8992f7c3f119807760,2042.0047222222238,50.59285717668924,0.013378008944606237,100.00813575464323
2023-11-18T09:13:52.000Z,2024-01-26T02:57:18.000Z,e2a9055bebae2e9a97374b36cbc88db5,loitering,"[53.63666666666666, 24.841666666666665, 53.65168333333333, 24.817215]",24.8294,53.6442,[],['8360'],"['RECOFI', 'IOTC', 'ACAP', 'IWC']","['51.2', '51']",['51'],['8360'],[],[],[],54,53,1.009077,0.0,71e5c580b-b92d-16ed-7732-c11efde5f2ec,QMS PRIDE,375125000,VCT,other,,,,,1649.7238888888894,29.593073768710326,0.009685852053305903,53.00061330293154
2023-11-18T20:00:38.000Z,2024-01-09T03:19:31.000Z,719fc4e8f13da5db7e4c6890748cc48f,loitering,"[111.62643, 21.10853, 111.62666666666667, 21.138333333333332]",21.1234,111.6265,[],['8486'],"['WCPFC', 'ACAP', 'APFIC', 'IWC']",['61'],['61'],[],[],[],[],45,42,35.101938000000004,32.636210999999996,b9c9714ec-cfcf-44a1-f668-e250b80a8fbe,LONGYUANZHENHUA 3HAO,413233660,CHN,other,chn-nanao,CHN,NANAO,f1b432d3cccdecc88a9b80e8c131846f,1231.3147222222224,39.766115623444854,0.017438258708654356,44.99561564005786
2023-11-19T00:38:48.000Z,2024-01-19T16:57:50.000Z,41a60c3f4b11f27c708e2712750507cd,loitering,"[-62.010576666666665, 11.575891666666667, -61.50454666666667, 11.579375]",11.5776,-61.7576,[],['8419'],"['ICCAT', 'NAMMCO', 'ACAP', 'CRFM', 'IWC']",['31'],['31'],[],[],[],[],52,52,52.544398,52.702746,187f17cf9-9ea6-8237-794e-9d4b045478eb,NEPTUNE 6,352002089,PAN,other,ven-joseterminal,VEN,,1f8096ef7d168415cf6fb3b4738ea72c,1480.3172222222215,1056.904268338385,0.385513754568097,52.79098927389698
2023-11-19T06:48:16.000Z,2024-01-03T03:24:51.000Z,f979fd4a0c39e3c93835d739cec9231e,loitering,"[48.97994, 28.47827, 48.96613, 28.454393333333332]",28.4663,48.973,[],['8356'],"['RECOFI', 'ACAP', 'IOTC', 'IWC']","['51', '51.2']",['51'],[],[],[],[],44,42,3.9095410000000004,3.8668159999999996,f2d47c442-289d-2f0b-75d0-0112f89aa4dd,ARABDRILL 30,403500001,SAU,other,sau-khafji,SAU,,1597aa08bbc7aeea023f6525d8ef5b9d,1076.6097222222222,8.440235515411254,0.0042330683953959785,43.605241590669145
2023-11-19T06:59:12.000Z,2024-03-19T08:58:31.000Z,5e3fc95cb5a1dae82e93a2958115f020,loitering,"[53.13771, 25.486453333333333, 53.14015666666667, 25.490456666666667]",25.4885,53.1389,[],['8360'],"['IWC', 'ACAP', 'RECOFI', 'IOTC']","['51.2', '51']",['51'],[],[],[],[],45,45,0.0,0.0,15ce055e9-9af4-7257-7c7e-23bfd20a5044,PESTO 4502,374856000,PAN,other,,,,,2905.9886111111105,23.27213680636765,0.004324156175803439,45.00006911435016
2023-11-19T08:49:09.000Z,2024-01-30T07:59:19.000Z,1e336f2493e7a4315d80bb1c5e0efa82,loitering,"[53.49157833333334, 25.279136666666666, 53.47125166666667, 25.279851666666666]",25.2795,53.4814,[],['8360'],"['IOTC', 'ACAP', 'IWC', 'RECOFI']","['51.2', '51']",['51'],[],[],[],[],60,58,2.297947,1.111949,c5fe644a7-76a1-2fdf-287e-81b6da8c8752,QMS LULWA,351731000,PAN,other,,,,,1727.1694444444447,13.250084750350219,0.0041423112424373715,60.998696095833715
2023-11-19T13:59:10.000Z,2024-01-01T14:59:16.000Z,9eddd910f6a29bd99931deefaf8e7fb4,loitering,"[8.083, 3.7945, 8.086333333333334, 3.8041666666666667]",3.7993,8.0847,[],['8398'],"['IWC', 'ACAP', 'ICCAT', 'NAMMCO']","['34.3.5', '34', '34.3']",['34'],[],[],[],[],55,55,1.111949,1.1095050000000002,1a1e09d0c-c3d8-76cf-a27f-f573c982fc7c,TEMIS,538006156,MHL,other,,,,,1033.0016666666672,185.22874125008292,0.0968202881571879,56.10227606711936
2023-11-19T19:34:40.000Z,2024-12-13T10:06:04.000Z,c451d8ba1d281fd896537ef32b42daf9,loitering,"[106.66666666666667, -4.616666666666666, 106.66666666666667, -4.616666666666666]",-4.6167,106.6667,[],['8492'],"['WCPFC', 'IWC', 'SEAFDEC', 'APFIC', 'ACAP']",['71'],['71'],[],[],[],[],85,85,71.252117,71.252117,95c152dc5-5e1b-ed27-38d0-e2fbc6b94f84,OCBTANJUNGLESUNG,525201407,IDN,other,idn-cilegon,IDN,CILEGON,e059d1ef4bd9f850d341114ce60a6cde,9350.52333333333,40.53792372593031,0.0023409093730352992,85.04873864931525
2023-11-21T02:52:43.000Z,2024-01-11T15:43:05.000Z,ddcac016938ce7d743f294ba09d41c39,loitering,"[11.270548333333334, -6.306981666666666, 11.287441666666666, -6.326035]",-6.3165,11.279,[],['8477'],"['IWC', 'ICCAT', 'ACAP']","['47', '47.1', '47.1.1']",['47'],[],[],[],[],112,110,1.105213,2.4833790000000002,dfaf61124-46d8-416f-7cd5-1861e6edf587,FPSO SAXI BATUQUE,308788000,BHS,other,,,,,1236.8394444444452,16.68714076482852,0.007284967524818634,111.0271736296232
2023-11-21T07:38:50.000Z,2024-01-31T10:25:57.000Z,8a49563b1cb64c13a486fb7e9dd1771a,loitering,"[119.76486, 34.993708, 119.828513, 35.064042]",35.0289,119.7967,[],['8486'],"['ACAP', 'PICES', 'IWC', 'WCPFC']",['61'],['61'],[],[],[],[],35,42,7.993856,5.5728480000000005,a636d7d41-1299-5d7d-b987-d2073e85aae7,,60600024,,gear,chn-rizhao,CHN,RIZHAO,dc876650da03729400f9c3d0bbb9688c,1706.785277777777,48.64051681554346,0.01538786297263501,40.9058347137394
2023-11-21T14:52:39.000Z,2024-05-30T05:59:28.000Z,1206f3a738f367a495b461a762e1fcd5,loitering,"[53.611935, 24.858653333333333, 53.607843333333335, 24.851925]",24.8553,53.6099,[],['8360'],"['IOTC', 'IWC', 'ACAP', 'RECOFI']","['51.2', '51']",['51'],['8360'],[],[],[],54,53,0.0,0.0,cb5297bce-e049-3d10-c372-4f9a8781973c,KINOA 4307,373858000,PAN,other,,,,,4575.113611111107,56.05118560049068,0.006615184141710144,53.99978206907044
2023-11-21T19:55:55.000Z,2024-03-11T22:50:53.000Z,29eca684cd75059ba4a9703026c5cd76,loitering,"[114.5401, 20.744225, 114.60224833333334, 20.74797]",20.7461,114.5712,[],['8486'],"['WCPFC', 'APFIC', 'ACAP', 'IWC']",['61'],['61'],[],[],[],[],135,136,143.743812,143.17425,15ea4bdff-fca7-ce73-8d05-cdad73c0fd28,NAN HAI JIU HAO,412477340,CHN,other,chn-haikou,CHN,HAIKOU,464a1354c422baa70bfb25319ddca643,2666.916111111111,100.96786471026104,0.02044244483490284,133.26642288277563
2023-11-22T04:05:41.000Z,2026-09-21T19:27:49.000Z,4e6d7be2f70f21e05b410884db6461d4,loitering,"[107.76069, 18.615198333333332, 107.76, 18.615]",18.6151,107.7603,[],['8486'],"['WCPFC', 'IWC', 'APFIC', 'SEAFDEC', 'ACAP']",['61'],['61'],[],[],[],[],93,94,96.43682799999999,96.330586,f352b8d27-7bfe-6c23-474f-d1e46bd6a716,DONGFANG1-1CEP,412465670,CHN,other,,,,,24831.368888888886,253.31919701983148,0.005508412544183315,93.33496661433628
2023-11-22T04:26:47.000Z,2024-01-01T09:17:22.000Z,b3df0a85f3b3886d92f6e80ed21ef220,loitering,"[122.907175, 31.1998, 122.912078, 31.168437]",31.1841,122.9096,[],['8486'],"['IWC', 'WCPFC', 'ACAP', 'PICES']",['61'],['61'],['8486'],[],[],[],43,40,9.188379999999999,8.562808,075f4afed-dc9d-b9ac-890a-daf8bfedf430,ZHELINYU12279-49-99%,122790049,,gear,chn-shanghai,CHN,SHANGHAI,93948540f87f4ac12035900c168d648f,964.8430555555558,104.60450512232738,0.05854000180412503,37.07592899742792
2023-11-22T07:02:37.000Z,2024-01-01T04:45:42.000Z,9dbd516c08239e59421517706e65ed99,loitering,"[122.913375, 31.13638, 122.876245, 31.13778]",31.1371,122.8948,[],['8486'],"['WCPFC', 'IWC', 'PICES', 'ACAP']",['61'],['61'],['8486'],[],[],[],37,36,8.565520000000001,5.7103459999999995,c656d33cb-b47a-807d-abbb-2ad3de9f472a,NET-ZSY01469-133-99%,14690133,,gear,chn-shanghai,CHN,SHANGHAI,f4a5ac4cfd3945fea486303b0b1c7d30,957.7180555555555,100.76654283162476,0.056811689042540095,40.14651878315143
2023-11-22T14:17:59.000Z,2024-04-05T08:59:24.000Z,f1868cd99e2a41bc7ad60454190c7712,loitering,"[119.524635, 37.654376666666664, 119.52333333333333, 37.653333333333336]",37.6539,119.524,[],['8486'],"['PICES', 'IWC', 'WCPFC', 'ACAP']",['61'],['61'],['8486'],[],[],[],39,39,8.298478999999999,8.298478999999999,007e86dc4-47ba-aeb8-322d-056a81b3fee3,KL16-1WHPA PLATFORM,413334690,CHN,other,,,,,3234.6902777777773,341.92676927656834,0.05707677381754022,39.01624502705862
2023-11-22T23:21:07.000Z,2024-12-12T11:09:13.000Z,51b1337e2f82d04a537a86cc10bdb2bd,loitering,"[109.02515333333334, 17.509315, 109.02521333333334, 17.509345]",17.5093,109.0252,[],['8486'],"['IWC', 'WCPFC', 'ACAP', 'APFIC']",['61'],['61'],[],[],[],[],87,87,87.346008,87.346008,ccc6ea8be-ef1c-0133-b380-9ab50bbcf8b1,YA131,412463930,CHN,other,,,,,9251.80166666667,226.77384410373918,0.01323505241263331,87.00200888423066
2023-11-23T00:00:31.000Z,2026-03-24T23:58:52.000Z,ddb4efe30910344c79c02dbf73e22599,loitering,"[-90.13333333333334, 27.3, -90.13480833333334, 27.30081]",27.3004,-90.1341,[],['8456'],"['NAMMCO', 'ICCAT', 'ACAP', 'IWC']",['31'],['31'],[],[],[],[],193,193,8.301007,8.301007,7a9ae09aa-acf1-859d-a36f-a33f99f4bfe7,TLP SHENZI,366050100,USA,other,,,,,20471.972499999993,451.1608709521802,0.011899555928166642,193.00000000000017
2023-11-23T08:55:15.000Z,2024-01-26T13:34:48.000Z,2e0ef3b667868cf306d0b8fbdb42e632,loitering,"[7.367368333333333, 65.343525, 7.366278333333334, 65.34434333333333]",65.3439,7.3668,[],['5686'],"['IWC', 'NEAFC', 'ACAP', 'ICES', 'NAMMCO', 'ICCAT', 'NASCO']","['27.2.a', '27', '27.2', '27.2.a.2']",['27'],[],[],[],[],159,159,43.455991999999995,43.455991999999995,2a29715c4-4dfd-459b-3432-6689260aea27,HEIDRUN B,257804000,NOR,other,,,,,1540.6591666666668,90.36395224509288,0.03166997078753801,159.50836074888605
2023-11-24T03:46:37.000Z,2024-02-21T17:59:12.000Z,34577819021edd0d1e5fdaa842de0ffe,loitering,"[49.39253166666666, 28.45677, 49.392131666666664, 28.41093]",28.4339,49.3923,[],['8356'],"['RECOFI', 'IWC', 'IOTC', 'ACAP']","['51.2', '51']",['51'],[],[],[],[],78,75,1.111949,0.0,542c2001a-a12f-700c-fa35-038325857a0f,PERRO NEGRO 9,636019629,LBR,other,,,,,2150.2097222222233,19.296394483878153,0.004845675924563921,76.79308101394177
2023-11-24T09:05:57.000Z,2024-01-07T03:26:56.000Z,68cc7f6859618f6aa2755f0c8ad1f751,loitering,"[11.67998, -7.652946666666667, 11.680146666666667, -7.653008333333333]",-7.653,11.6801,[],['8478'],"['ICCAT', 'IWC', 'ACAP']","['47.1.1', '47.1', '47']",['47'],[],[],[],[],136,136,0.0,0.0,4609478d4-4752-5eb6-7166-577339f12b65,GIRASSOL,353713000,PAN,other,,,,,1050.3497222222222,36.85342779240964,0.01894536519234281,136.00000000000003
2023-11-24T11:01:04.000Z,2024-01-12T23:53:09.000Z,c7b84f61325b32b7c5dddd8cef75bc21,loitering,"[119.9636, 35.130378, 119.963987, 35.130358]",35.1304,119.9638,[],['8486'],"['PICES', 'WCPFC', 'ACAP', 'IWC']",['61'],['61'],[],[],[],[],46,46,4.5470299999999995,4.5470299999999995,ec1f7baf3-3695-3366-980b-bfe8653fe31f,,66399815,,gear,chn-rizhao,CHN,RIZHAO,7c5e386db0d2b15a86ab723cd060ec13,1188.8680555555552,31.99245649754029,0.014530245357661488,46.000000000000014
2023-11-24T11:59:43.000Z,2026-05-02T05:22:45.000Z,c1cde90599b0c5f6ff9bf5262b85e981,loitering,"[-91.23138, 27.156368333333333, -91.21076, 27.15056166666667]",27.1535,-91.2211,[],['8456'],"['IWC', 'NAMMCO', 'ICCAT', 'ACAP']",['31'],['31'],[],[],[],[],212,213,29.493226999999997,28.381672000000002,7c9e6d08c-c83a-31b4-ed04-5bb923cd97da,DEEPWATER TITAN,538006195,MHL,other,,,,,21353.38388888889,200.84317118214642,0.005078662813899583,212.77689238715377
2023-11-24T16:38:38.000Z,2025-06-02T15:54:10.000Z,1df6ff086471c3c776e3d57ce48d92ad,loitering,"[18.18262, 55.481363333333334, 18.182603333333333, 55.48139]",55.4814,18.1826,[],['5687'],"['ICCAT', 'NASCO', 'ICES', 'ACAP', 'IWC', 'NAMMCO']","['27.3.d.26', '27.3.d', '27', '27.3']",['27'],[],[],[],[],71,71,77.012484,77.012484,9e50b3731-1bcc-2141-9d13-5e0ab075fa1e,BALTIC BETA,261000190,POL,other,rus-rus-139,RUS,RUS-139,6cdab3ae2bc896756abb5cf2fca99645,13343.25888888888,17.109420389785782,0.0006923606908610468,71.00000000000004
2023-11-24T23:16:59.000Z,2024-02-16T09:45:49.000Z,703fa701422445c07b116a7b6cb39f31,loitering,"[119.949918, 34.986397, 119.934222, 35.009947]",34.9982,119.9421,[],['8486'],"['WCPFC', 'ACAP', 'PICES', 'IWC']",['61'],['61'],['8486'],[],[],[],49,49,5.900289,3.6429769999999997,5d0a33e0f-faa9-8ee1-7d47-e35de21dc2b9,YU.WANG.QU.3309-04,234610787,GBR,other,,,,,2002.4805555555554,71.45369729113472,0.01926705848772153,48.11080071657317
2023-11-25T00:42:56.000Z,2024-01-08T09:22:30.000Z,6e661bddf9ae95afd46752455d8ce0b0,loitering,"[119.883418, 34.971688, 119.87428, 34.98173]",34.9767,119.8788,[],['8486'],"['ACAP', 'PICES', 'IWC', 'WCPFC']",['61'],['61'],[],[],[],[],42,42,4.540127999999999,3.80091,2e3e24253-3acf-7850-dca5-17c1b0d9d165,YU.WANG.QU.3639-02,222200174,,other,,,,,1064.6594444444443,101.4143680138278,0.05143370329636546,42.00642242399136
2023-11-25T02:51:40.000Z,2024-01-24T00:48:57.000Z,d7bd66e53cba54087cc111cd683b6928,loitering,"[72.30016666666667, 18.7357, 72.32933333333334, 18.7179]",18.7268,72.3148,[],['8480'],"['IWC', 'ACAP', 'IOTC']","['51.4', '51']",['51'],[],[],[],[],56,53,5.373267,1.531525,b6b9cb5b3-311a-aab6-c4d8-7f3778094bb6,SHIVANSH ARYAN,419001591,IND,other,,,,,1437.9547222222225,29.073177554552018,0.010917075326541872,54.00386284319721
2023-11-25T03:46:06.000Z,2024-08-28T12:42:04.000Z,4a5848879a8d924e3fba6f3cd4d9497b,loitering,"[49.73802833333333, 28.408118333333334, 49.58466833333333, 28.416071666666667]",28.4121,49.6613,[],['8356'],"['ACAP', 'IOTC', 'IWC', 'RECOFI']","['51', '51.2']",['51'],[],[],[],[],76,81,1.48084,0.0,38d76516a-ae15-7263-437c-7853916574e3,HARVEY H WARD,538001736,MHL,other,,,,,6656.932777777781,1222.268122824862,0.09914055175222188,80.50035981578174
2023-11-25T18:16:37.000Z,2024-02-19T11:25:46.000Z,82bf6add5ccad9986cc72e80c5aa3bdb,loitering,"[115.42166666666667, 21.348333333333333, 115.42317166666666, 21.349511666666668]",21.3489,115.4224,[],['8486'],"['APFIC', 'IWC', 'ACAP', 'WCPFC']",['61'],['61'],[],[],[],[],140,140,125.545086,125.545086,877957021-188f-a196-a0aa-395d858a6bc0,HUIZHOU 211,412465330,CHN,other,,,,,2057.1525,64.41997870852803,0.016908812439594325,140.0
2023-11-25T20:32:26.000Z,2024-01-25T01:58:27.000Z,2663f8a525300959355b64a579ca6de6,loitering,"[-92.085, 19.683333333333334, -92.09557166666667, 19.706991666666667]",19.6952,-92.0903,[],['8429'],"['IWC', 'ICCAT', 'NAMMCO', 'ACAP']",['31'],['31'],[],[],[],[],60,57,11.882479,15.374457,04f9f69a3-3c86-a5e4-66cc-ef715fce23fd,TA`KUNTAH,345070329,MEX,other,omn-duqm,OMN,DUQM,d75b687542a0cca4af80a7d00ee551d3,1445.4336111111115,112.96054187138601,0.042197588762733815,59.70736567200072
2023-11-26T02:59:40.000Z,2024-01-05T02:54:31.000Z,6f7f6e43a935395e5b00d10d73b948e7,loitering,"[119.56126333333333, 38.126396666666665, 119.55121833333334, 38.141128333333334]",38.1338,119.5562,[],['8486'],"['WCPFC', 'PICES', 'ACAP', 'IWC']",['61'],['61'],[],[],[],[],53,53,1.4147750000000001,1.7491050000000001,5fe73501c-c168-ca0b-09b9-efdad360052f,ZHONG YOU HAI 7,413527000,CHN,other,,,,,959.9141666666667,26.88780081064636,0.015124530381800616,53.00029131154099
2023-11-26T03:59:17.000Z,2024-04-12T12:59:47.000Z,a52d5edf4c5c600690bba40a782493f4,loitering,"[49.644706666666664, 28.468276666666668, 49.698011666666666, 28.462603333333334]",28.4654,49.6714,[],['8356'],"['IOTC', 'ACAP', 'RECOFI', 'IWC']","['51.2', '51']",['51'],[],[],[],[],85,82,0.977478,0.97757,009c90433-3d6a-14ad-6fe5-5684d93e2c4d,QMS OMAR,376465000,VCT,other,,,,,3321.008333333337,76.39165698846544,0.012420382841007977,83.00002191765047
2023-11-26T04:17:15.000Z,2024-02-12T00:49:30.000Z,6eb33f3fdffd4a76adc6beda144912d0,loitering,"[119.827887, 35.06204, 119.82818, 35.061835]",35.0619,119.828,[],['8486'],"['ACAP', 'IWC', 'PICES', 'WCPFC']",['61'],['61'],[],[],[],[],42,42,5.5728480000000005,5.5728480000000005,1bf9e0821-13ad-931a-18c9-133780103afe,,60001204,,gear,,,,,1868.5375,27.129490081613493,0.007839688924547556,42.00000000000001
2023-11-26T06:51:22.000Z,2024-02-13T18:56:00.000Z,d1b72c286bc969e81626c9c1566cf1c3,loitering,"[49.39019666666667, 29.476116666666666, 49.390213333333335, 29.47599]",29.4761,49.3902,[],['8469'],"['IWC', 'RECOFI', 'IOTC', 'ACAP']","['51', '51.2']",['51'],[],[],[],[],60,60,19.792432,19.792432,64d76dea9-9760-669a-2ef7-282be845c698,SAHAR 1,354961000,PAN,other,sau-marjanfield,SAU,,a1ea19d5e863037b78c481d7d64dd975,1908.0772222222229,167.66485699112357,0.047446601834778564,60.00001032425495
2023-11-26T10:47:52.000Z,2024-01-03T16:16:39.000Z,1216c6a341ef10f2427cbeb4a0c59803,loitering,"[49.1475, 29.229616666666665, 49.14516666666667, 29.231]",29.2303,49.1463,[],['8357'],"['IOTC', 'IWC', 'RECOFI', 'ACAP']","['51.2', '51']",['51'],[],[],[],[],75,75,21.978629,21.978629,a0f63e8ad-de70-3ebf-4d79-1633f401ec70,GALAXY STAR,352002234,PAN,other,chn-yantai,CHN,YANTAI,4fa746fe80c326edf658d1de81968e37,917.4797222222223,0.2866995072805739,0.00016872890566845062,74.99999999999997
2023-11-26T16:01:16.000Z,2024-03-08T10:58:07.000Z,e1427a29b7ec8e6b05091a04c8d42ee0,loitering,"[71.00827666666666, 19.715525, 70.99695333333334, 19.711225]",19.7134,71.0026,[],['8480'],"['ACAP', 'IWC', 'IOTC']","['51.4', '51']",['51'],[],[],[],[],109,110,34.809699,34.58543,be68e5b86-634c-2a9a-5e36-6120f8c9d264,SAGAR BHUSHAN,419383000,IND,other,ind-dighi,IND,,ee43771974f058e49dd5886e6eaa9f99,2466.9475000000007,81.65534351806168,0.01787243476851113,109.00180515430428
2023-11-26T20:57:27.000Z,2024-02-01T00:55:01.000Z,a83704f88b5b1af9c9d74ce70a76cfe0,loitering,"[6.912406666666667, 65.19042833333333, 7.081455, 65.23771]",65.2141,6.9969,[],['5686'],"['ICES', 'NEAFC', 'NAMMCO', 'NASCO', 'ICCAT', 'ACAP', 'IWC']","['27.2.a', '27.2', '27', '27.2.a.2']",['27'],[],[],[],[],162,161,16.968584,26.145631,37433f0d5-55aa-45d6-96c2-4061a79539cf,TRANSOCEAN ENCOURAGE,258627000,NOR,other,nor-kristiansund,NOR,KRISTIANSUND,c15d780b428db8e5ee35e17e54b585ff,1587.9594444444451,31.152456882357313,0.010592827856428542,164.11966789734026
2023-11-26T20:58:08.000Z,2024-05-01T09:59:51.000Z,cd9d60c7a97950f74c312f05abe9ad6d,loitering,"[13.940911666666667, -28.819501666666667, 13.946871666666667, -28.81524]",-28.8174,13.9439,[],['8395'],"['ICCAT', 'IWC', 'CCSBT', 'ACAP']","['47.1', '47', '47.1.5']",['47'],[],[],[],[],196,195,251.10459400000002,250.131891,579aabbb0-0074-6c4e-df14-88b6e71cc322,HERCULES,210566000,CYP,other,nam-walvisbay,NAM,WALVIS BAY,c470c539794defd4c1883cbd7cf719a6,3757.0286111111136,46.55293659478985,0.006690546556089638,197.2068076131662
2023-11-26T21:29:33.000Z,2024-03-02T08:48:53.000Z,a1c9c28f6941c79d98521e1fa8df90f3,loitering,"[119.882523, 35.029183, 119.898372, 35.016675]",35.0229,119.8904,[],['8486'],"['PICES', 'IWC', 'WCPFC', 'ACAP']",['61'],['61'],[],[],[],[],46,47,2.403118,1.437284,a8b2176bd-d30d-875d-76dc-b825b009198d,YU.WANG.QU.317-05,234610118,GBR,other,,,,,2315.3222222222216,54.391672440365966,0.012684693864045662,47.99893042470843
2023-11-27T02:51:40.000Z,2024-01-15T21:41:53.000Z,e7c602fb171e363b69883216c3ea9f96,loitering,"[112.645383, -27.057625, 112.649778, -27.062848]",-27.0602,112.6476,[],['8323'],"['FFA', 'CCSBT', 'IWC', 'ACAP', 'IOTC']","['57.5', '57.5.2', '57']",['57'],[],[],[],[],97,97,113.062883,113.062883,a7cefe88f-f28f-bf57-f4f4-3d7fb67ad336,FISHING BUOY 21   1,994168312,,gear,,,,,1194.8369444444443,42.10435366771176,0.01902730939455311,97.066027770852
2023-11-27T06:58:36.000Z,2024-04-19T09:59:05.000Z,e656c347d0312fc1c455ea8fed64f487,loitering,"[-42.662243333333336, -25.272615, -43.32369666666666, -25.634338333333332]",-25.4535,-42.993,[],['8464'],"['ICCAT', 'ACAP', 'IWC']","['41', '41.2', '41.2.1']",['41'],[],[],[],[],250,269,5.5597460000000005,11.889394,a7d5d6e50-0a7c-0a69-35d8-fab57d11590d,POSH XANADU,311000282,BHS,other,,,,,3459.0080555555564,152.09879719934662,0.02374287050685375,255.00229661208516
2023-11-27T07:30:30.000Z,2024-02-14T15:56:35.000Z,2de600c16782b24a6e7008bf7ba8403a,loitering,"[56.91712666666667, 25.637685, 56.92563, 25.635676666666665]",25.6367,56.9214,[],['8469'],"['IOTC', 'ACAP', 'IWC', 'RECOFI']","['51', '51.3']",['51'],[],[],[],[],42,41,26.273217,27.267732,b74b1c2af-f52d-5fc5-6eaa-b4a57321d499,GLOBAL STAR,354068000,PAN,other,,,,,1904.4347222222225,158.76302132572079,0.0450134480860437,41.8797748317586
2023-11-27T19:04:22.000Z,2026-04-28T12:52:52.000Z,87037898ee0c3352ee786ea21006e494,loitering,"[-40.06925666666667, -22.43948333333333, -40.07331666666666, -22.429025]",-22.4343,-40.0713,[],['8464'],"['ACAP', 'ICCAT', 'IWC']","['41.2', '41', '41.2.1']",['41'],[],[],[],[],107,106,0.0,0.0,fb90b9ef0-0e60-c030-8321-a48d764b88c3,PETROBRAS 35,636018074,LBR,other,,,,,21185.80833333334,375.7021816369441,0.009575416989345897,106.87867452021823
2023-11-28T02:59:06.000Z,2024-02-27T18:59:26.000Z,57b800aceb0099112530369a7f1e2501,loitering,"[120.11266666666667, 38.39149666666667, 120.11129333333334, 38.39267666666667]",38.3921,120.112,[],['8486'],"['IWC', 'WCPFC', 'PICES', 'ACAP']",['61'],['61'],[],[],[],[],53,53,0.0,0.0,f78f5ac19-90fc-b4bd-23e4-51d4192ed698,PL19-3RUP,413274470,CHN,other,,,,,2200.005555555556,869.0692375750322,0.21329939204822482,52.99887152840771
2023-11-28T11:18:03.000Z,2024-01-09T01:56:56.000Z,8fca8eebd50cfefd724fca26b98ca755,loitering,"[11.267786666666666, -6.160048333333333, 11.263695, -6.150005]",-6.155,11.2657,[],['8477'],"['ICCAT', 'ACAP', 'IWC']","['47', '47.1.1', '47.1']",['47'],[],[],[],[],110,111,0.0,1.5680079999999998,219c5a22d-d12e-cfda-2380-7e3f697420e8,FPSO MONDO,309999000,BHS,other,,,,,998.6480555555554,15.48721593024119,0.008373748450818853,110.34594875584733
2023-11-28T13:38:21.000Z,2024-02-06T04:59:59.000Z,86c306a928c323417c88fa53484f0a5a,loitering,"[119.365115, 38.40172166666667, 119.38129666666667, 38.384101666666666]",38.3929,119.3732,[],['8486'],"['WCPFC', 'ACAP', 'PICES', 'IWC']",['61'],['61'],[],[],[],[],51,51,15.544566000000001,14.480986000000001,bdae07cfd-d9c9-3ab2-ae96-8dee094042a7,ZHAOSHANGHAILONG8,414475000,CHN,other,,,,,1671.3605555555557,37.73029195271461,0.012189307548584062,49.00075736232282
2023-11-28T13:58:13.000Z,2024-02-12T02:45:30.000Z,83387522895b7cf7694e798782e98a38,loitering,"[119.877125, 35.029005, 119.877177, 35.029002]",35.029,119.8772,[],['8486'],"['IWC', 'PICES', 'ACAP', 'WCPFC']",['61'],['61'],[],[],[],[],46,46,2.403118,2.403118,b48ba2fea-a63f-2cf4-75cd-79da5218ded7,YU.WANG.QU   811-02,221009569,,other,,,,,1812.7880555555562,104.14594878342096,0.031020898127401674,45.99935747507775
2023-11-28T21:58:56.000Z,2024-02-25T22:57:49.000Z,5c056f6ffe998129294435170bd0ea13,loitering,"[122.31154166666667, 27.212375, 122.80715833333333, 27.543685]",27.378,122.5594,[],['8486'],"['WCPFC', 'APFIC', 'ACAP', 'IWC']",['61'],['61'],[],[],[],[],117,130,82.419375,119.453617,4bcb810a7-7a31-95bc-0bae-efc1cf22572b,NAN HAI SHI HAO,413210720,CHN,other,chn-zhoushan,CHN,ZHOUSHAN,77fa57e9b9909d701001d2b961738a27,2136.98138888889,145.7124156060423,0.036817545797794164,115.10663415559615
2023-11-29T00:58:20.000Z,2024-01-05T10:59:35.000Z,f2d12f21e63b0079860d8c9ad0148d47,loitering,"[3.80545, 52.679433333333336, 3.80725, 52.6795]",52.6795,3.8064,[],['5668'],"['NAMMCO', 'ICCAT', 'NEAFC', 'NASCO', 'IWC', 'ACAP', 'ICES']","['27.4', '27', '27.4.c']",['27'],[],[],[],[],54,54,25.717342000000002,25.717342000000002,a0427282f-f0f8-9bd4-3a3c-a75dad243c47,JB 115,311012100,BHS,other,nld-vlissingen,NLD,VLISSINGEN,d85ce6f16cbca04a9e2b8157cec4a434,898.0208333333333,143.11590684306853,0.08605190961529334,54.00583986329236
2023-11-29T04:58:49.000Z,2024-01-02T00:59:25.000Z,e0e6b0cdbf1193fa432360d7dee30f9e,loitering,"[104.7835, 2.045733333333333, 104.78213333333333, 2.0412]",2.0435,104.7828,[],['8483'],"['ACAP', 'IWC', 'WCPFC', 'APFIC', 'SEAFDEC']",['71'],['71'],[],[],[],[],51,52,56.703012,55.724262,1a2bf5b87-7dad-525b-567f-910a1e55e071,ROLIN,574005840,VNM,other,mys-telokramunia,MYS,TELOK RAMUNIA,a4bdeded53dbea006826b130ec5399e9,812.0100000000002,152.6654545202187,0.10151691582720954,51.87956609261137
2023-11-29T05:56:25.000Z,2024-01-13T10:16:08.000Z,4aa15af363ba1ddd9cb2b1a0184a1e0a,loitering,"[-55.61047833333333, -35.207703333333335, -55.587788333333336, -35.20027833333333]",-35.204,-55.5991,[],['8467'],"['CCSBT', 'IWC', 'ICCAT', 'CTMFM', 'ACAP']","['41.2', '41', '41.2.3']",['41'],[],[],[],[],46,44,2.1303549999999998,0.0,77768d04d-dfeb-8cf8-e276-77096f1a2768,AP REVELIN,238045000,HRV,cargo,,,,,1084.3286111111113,98.36219638444584,0.04898085008215944,44.000345566573074
2023-11-29T06:57:36.000Z,2024-01-10T14:36:39.000Z,b9b9bc5f54893717737bc5356cd52b1e,loitering,"[108.74666666666667, 20.785, 108.71765333333333, 20.793898333333335]",20.7894,108.7322,[],['8486'],"['IWC', 'WCPFC', 'APFIC', 'ACAP']",['61'],['61'],[],[],[],[],44,46,2.223899,3.8305279999999997,e810fb22e-ee16-732e-da9e-d1a33aeaab78,GUO ZHAN,413286680,CHN,other,,,,,1015.6508333333336,36.406848464848935,0.01935520050375916,45.99812169659433
2023-11-29T11:59:59.000Z,2024-02-26T01:54:18.000Z,66936629e2fe06ed95796657e96b72a3,loitering,"[119.882885, 35.025623, 119.883117, 35.025868]",35.0257,119.883,[],['8486'],"['IWC', 'WCPFC', 'PICES', 'ACAP']",['61'],['61'],[],[],[],[],46,46,2.403118,2.403118,6a9ecac40-03c7-f688-3f5f-6021863c466b,YU.WANG.QU.317-07,234610673,GBR,other,chn-chn-164,CHN,CHN-164,c7ef70559290ebbf031afbbff2b05cea,2125.905277777778,56.99738071313354,0.014476714375243928,46.000207932075284
2023-11-29T14:00:50.000Z,2024-03-08T09:22:50.000Z,65f3cec0e0a9831d33fb49de6968195b,loitering,"[71.03221, 18.585471666666667, 71.03202, 18.585563333333333]",18.5855,71.0321,[],['8480'],"['ACAP', 'IWC', 'IOTC']","['51', '51.4']",['51'],[],[],[],[],189,189,1.111949,1.111949,ee829dd08-83ab-9c92-43c9-2e58488573ba,ARMADA STERLING,563094900,SGP,other,,,,,2395.3666666666677,87.53929562280457,0.019732861318902523,188.99999999999994
2023-11-29T18:42:18.000Z,2024-09-04T03:29:52.000Z,7cbf86f86a03cc38e735a4010aceea0f,loitering,"[112.27646666666666, 19.624285, 112.27666666666667, 19.623333333333335]",19.6238,112.2766,[],['8486'],"['IWC', 'ACAP', 'APFIC', 'WCPFC']",['61'],['61'],[],[],[],[],113,113,152.04584400000002,152.04584400000002,8f17dd8d2-2fdb-5f9a-1628-79fe52055787,WC14-3,413461210,CHN,gear,,,,,6704.792777777775,403.3351041904434,0.03248176950404347,112.9999643556773
2023-11-29T19:56:54.000Z,2024-09-14T23:58:14.000Z,63197ccc37960d642a853e9ef4170936,loitering,"[113.47632666666667, 20.588081666666668, 113.47632666666667, 20.58806166666667]",20.5881,113.4763,[],['8486'],"['WCPFC', 'APFIC', 'IWC', 'ACAP']",['61'],['61'],[],[],[],[],129,129,129.421156,129.421156,c43dc4dc1-1834-7fde-584d-2b9a3e248322,EP15-1CEP,413341140,CHN,other,,,,,6964.022222222222,164.77739160767456,0.012776046775143792,128.99999999999997
2023-11-30T01:13:53.000Z,2024-01-02T06:19:59.000Z,65687539e6db943554e393f44fb9c342,loitering,"[121.659365, 27.411528, 121.779885, 26.932522]",27.172,121.7196,[],['8486'],"['WCPFC', 'ACAP', 'IWC', 'APFIC']",['61'],['61'],[],[],[],[],50,89,21.940137,76.595469,4ab650858-8dc5-1510-760f-5ba840a865fd,TIELONG61873-41-99%,412187341,CHN,gear,,,,,797.1016666666667,104.38283550057778,0.07070895037546854,84.68394398685868
2023-11-30T01:40:47.000Z,2024-01-09T07:57:47.000Z,358b3cc0c41bbf8eef1225a343d341d7,loitering,"[119.83428, 35.104423, 119.826427, 35.104537]",35.1045,119.8304,[],['8486'],"['PICES', 'IWC', 'ACAP', 'WCPFC']",['61'],['61'],[],[],[],[],40,40,3.638964,3.638964,bac824c53-3a02-25cf-9f68-fca2e7623230,,34111155,,other,,,,,966.2833333333332,21.34956465854034,0.011930085400965965,39.88450703957238
2023-11-30T04:52:10.000Z,2024-01-08T06:12:25.000Z,c83428715fcd136ff200d81aa3113037,loitering,"[112.54166666666667, 8.838333333333333, 112.54166666666667, 8.84]",8.8392,112.5417,[],['49003'],"['APFIC', 'WCPFC', 'IWC', 'ACAP', 'SEAFDEC']",['71'],['71'],[],[],[],[],209,209,88.285477,88.285477,49ee256f1-1d90-9b6c-b40c-e62bd73f708a,PHU QUY 02208,574128395,VNM,other,vnm-vnm-44,VNM,,6b3857d8da7afe41b14698217e965b78,937.3375000000002,132.1678969004003,0.07613581567984398,209.1506804392959
2023-11-30T15:59:01.000Z,2024-02-27T22:58:14.000Z,7d55b8c60aee795f59d9d5379216a61a,loitering,"[123.005155, 29.75111, 123.03171, 29.681966666666668]",29.7165,123.0184,[],['8486'],"['IWC', 'ACAP', 'WCPFC', 'APFIC']",['61'],['61'],[],[],[],[],48,56,35.880277,37.93075,46ed5bb1f-fa19-ce18-aa8e-24675f06cc8f,NAN FENG ZHI XING,352002580,PAN,other,chn-ningbo,CHN,NINGBO,8968bb3bedd7b7540953c41936fd71a0,2142.986944444445,142.88041909122452,0.0360008046567508,50.88046125359416
2023-11-30T16:37:36.000Z,2024-02-01T13:52:54.000Z,a2622b5a196158409bf5767331eb4c87,loitering,"[119.90499, 35.024345, 119.904075, 35.023885]",35.0241,119.9045,[],['8486'],"['IWC', 'ACAP', 'PICES', 'WCPFC']",['61'],['61'],[],[],[],[],47,47,1.437284,1.437284,ab96b7d4c-c443-d680-c99a-6952dddb59fc,YU.WANG.QU.317-08,234610641,GBR,other,chn-chn-164,CHN,CHN-164,9d6979103503062c1e69734b4e98fa6d,1509.2549999999999,73.70289166676673,0.02636822656862548,47.06213288301219
2023-12-01T02:59:38.000Z,2024-01-05T00:59:40.000Z,7fc97db823cda5cf4ca98a67d9bcc389,loitering,"[-70.47588666666667, 12.384825, -70.47602, 12.384501666666667]",12.3847,-70.476,[],['8433'],"['ICCAT', 'NAMMCO', 'ACAP', 'IWC']",['31'],['31'],[],[],[],[],42,42,38.796973,38.796973,3adea894b-b603-c3ae-c70f-4987b733d332,NARSA,636011637,LBR,other,egy-portsaid,EGY,PORT SAID,d2e3de91be49ae5f4dabb64bdf6bb9a9,838.000555555556,164.35931096988915,0.1059031853632262,42.040424172955866
2023-12-01T06:53:09.000Z,2024-05-04T04:11:00.000Z,949645dcd69a3577f521e955c2365622,loitering,"[119.793427, 35.0546, 119.77884, 35.062923]",35.0588,119.7861,[],['8486'],"['ACAP', 'PICES', 'IWC', 'WCPFC']",['61'],['61'],[],[],[],[],39,38,2.873932,1.436931,7251aeac3-39de-6324-5abc-3212ffeaee6a,,60903010,,gear,,,,,3717.2974999999988,53.275893204760244,0.007738600689369321,38.9989415969921
2023-12-01T07:58:09.000Z,2024-04-08T17:06:54.000Z,4ed88cdeeddf10ed0b5bf837f1d67482,loitering,"[119.799213, 35.054588, 119.799207, 35.054677]",35.0546,119.7992,[],['8486'],"['ACAP', 'PICES', 'IWC', 'WCPFC']",['61'],['61'],[],[],[],[],40,40,3.5216030000000003,3.5216030000000003,2ba9b73e7-7869-08f9-31a9-41ee78a4b2be,,60903007,,gear,,,,,3105.145833333332,77.8571188044887,0.01353864947167889,40.00000000000003
2023-12-01T08:53:39.000Z,2024-03-02T09:57:01.000Z,9caeff04217bb89a1b0c951fed4fde65,loitering,"[53.64154666666666, 24.83544, 53.64697666666667, 24.859766666666665]",24.8476,53.6443,[],['8360'],"['RECOFI', 'IOTC', 'ACAP', 'IWC']","['51.2', '51']",['51'],['8360'],[],[],[],54,56,1.009077,1.111949,0b6cef43e-ee2a-fd1b-51a6-674ed4fd28fd,QMS AL SHAHAMA,375491000,VCT,other,,,,,2209.0561111111097,46.34731485809297,0.011328615807293599,54.00201296529817
2023-12-01T18:57:37.000Z,2024-03-26T17:59:55.000Z,fe328a8a2eecd7416239e5713d122375,loitering,"[-42.599475, -25.04285, -42.875478333333334, -25.60990333333333]",-25.3264,-42.7375,[],['8464'],"['ACAP', 'ICCAT', 'IWC']","['41.2.1', '41.2', '41']",['41'],[],[],[],[],226,284,3.48469,2.005416,0d5719c7a-a1f5-cddb-5dbe-c2c29c73a831,VALARIS DS4,538003636,MHL,other,,,,,2783.038333333335,163.87222018014003,0.03179399978931691,245.31265566468073
2023-12-01T18:57:39.000Z,2024-01-02T08:56:25.000Z,0ef2109c68ae26d7cf405d0fffab730f,loitering,"[-14.403276666666667, 9.687745, -14.409126666666667, 9.683701666666666]",9.6857,-14.4062,[],['8472'],"['ICCAT', 'SRFC', 'ACAP', 'IWC', 'NAMMCO']","['34', '34.3', '34.3.1', '34.3.13']",['34'],[],[],[],[],49,51,76.91169500000001,77.71390600000001,4229a9d77-7650-88db-4f6f-0caec4776086,XIN YAO HUA,636021076,LBR,cargo,tto-chaguaramas,TTO,CHAGUARAMAS,68751189c0413e5a07f47438ad9768c9,757.9794444444443,14.56271374341096,0.010373944069546925,50.96804543922957
2023-12-01T20:59:02.000Z,2024-04-20T17:57:57.000Z,4fd94fed13c5b8427869ae93ffac0a01,loitering,"[-42.470666666666666, -24.749166666666667, -42.43083333333333, -24.589666666666666]",-24.6694,-42.4507,[],['8464'],"['ICCAT', 'ACAP', 'IWC']","['41', '41.2', '41.2.1']",['41'],[],[],[],[],198,180,3.335848,4.447797,0ce8228ba-a1d3-0174-60c1-51baa9a8d1ab,WEST CARINA,354710000,PAN,other,,,,,3380.981944444445,117.23569294868526,0.018723025161227373,188.07248948416714
2023-12-01T22:44:15.000Z,2024-01-09T16:13:00.000Z,93f6f8efc4ecdc5edfa7347f07ac6dab,loitering,"[106.058658, -14.382735, 106.121302, -14.434163]",-14.4084,106.09,[],[],"['IOTC', 'CCSBT', 'SEAFDEC', 'IWC', 'ACAP']","['57', '57.2']",['57'],[],['63203'],[],[],424,431,441.256375,447.454625,9072d05be-eb1b-e503-2660-c3df7ba36a11,994080643         9V,994080643,,gear,,,,,929.4791666666664,137.65810948902887,0.07996890671150497,426.86125337017785
2023-12-01T22:57:11.000Z,2024-01-13T08:59:48.000Z,557c0290238ba304f4f7dc5613b00809,loitering,"[-55.522571666666664, -35.240408333333335, -55.5303, -35.21647166666666]",-35.2284,-55.5264,[],['8467'],"['CCSBT', 'CTMFM', 'IWC', 'ACAP', 'ICCAT']","['41.2', '41', '41.2.3']",['41'],[],[],[],[],44,43,2.8715279999999996,0.9084,6a86ec1e0-0bd9-ad8a-db97-4aa1185c2874,MAGIA,269041000,CHE,cargo,,,,,1018.0436111111114,95.87071568657672,0.05084855365934476,43.78134560788702
2023-12-02T03:56:11.000Z,2024-04-29T05:55:55.000Z,3a96a46e7b8365ebba8941b4dfbdef90,loitering,"[49.049276666666664, 28.401223333333334, 49.05228, 28.40745]",28.4043,49.0508,[],['8356'],"['IWC', 'ACAP', 'RECOFI', 'IOTC']","['51.2', '51']",['51'],[],[],[],[],46,47,3.681664,3.137601,2567d454a-aec0-f32d-741e-baa085d635c0,ARABIA I,636019272,LBR,other,sau-dammam,SAU,,ff7f2adf872670e6241fab123377e884,3577.9955555555557,180.36765680150737,0.0272193584092418,46.99995598201163
2023-12-02T07:40:32.000Z,2024-01-14T05:43:06.000Z,6659c9c62a192a3c2fa98f683b4909ec,loitering,"[121.727143, 27.029983, 121.480348, 26.935468]",26.9827,121.6037,[],['8486'],"['APFIC', 'ACAP', 'IWC', 'WCPFC']",['61'],['61'],[],[],[],[],78,67,64.669305,64.579887,4408af1a0-03e2-1155-70bb-539f3e85034d,TIELONG61871-9-88%,111161809,,gear,,,,,1030.0427777777777,89.09758327387773,0.046705677956388914,76.85512116192004
2023-12-02T08:47:54.000Z,2024-01-15T00:01:01.000Z,1c6d8d79082bd0257015ea2cd78ddccc,loitering,"[53.581286666666664, 24.885965, 53.559805, 24.932695]",24.9093,53.5705,[],['8360'],"['IOTC', 'ACAP', 'RECOFI', 'IWC']","['51.2', '51']",['51'],['8360'],[],[],[],51,49,1.008669,0.0,e5a9b0bec-c694-4345-f589-bf7e349bf0d4,RIG RAMHAN,470083000,ARE,other,,,,,1047.2186111111112,37.248129557081,0.019205522855449103,49.00071308553385
2023-12-02T08:55:56.000Z,2024-03-19T03:59:10.000Z,bbab22668193cc60a58c7d6f71f655c9,loitering,"[53.711666666666666, 24.743333333333332, 53.681015, 24.744646666666668]",24.744,53.6963,[],['8360'],"['IWC', 'IOTC', 'ACAP', 'RECOFI']","['51', '51.2']",['51'],['8360'],[],[],[],45,45,1.00989,4.039561,7b6fd9bc1-1173-7813-2363-d27bfa485fe4,RIG YAS,470022000,ARE,other,,,,,2587.0538888888887,34.19025473700607,0.007136017048744051,45.00003952140972
2023-12-02T10:58:50.000Z,2024-01-12T13:29:33.000Z,76d95a08f7206d53df04cfbbf2f6fc8a,loitering,"[104.81233333333333, 2.1390000000000002, 104.80183333333333, 2.1561666666666666]",2.1476,104.8071,[],['8483'],"['WCPFC', 'ACAP', 'SEAFDEC', 'IWC', 'APFIC']",['71'],['71'],[],[],[],[],45,43,67.12544500000001,68.64669500000001,9c3dfcfd4-4a52-3090-48ec-c06babfffe3c,KPS ONUR SULTAN,636016953,LBR,other,mys-telokramunia,MYS,TELOK RAMUNIA,c7a3f86da6d8278dc73259f23d7b1342,986.5119444444448,241.51655414655386,0.13219151303034052,43.16459143097389
2023-12-02T10:59:36.000Z,2024-11-16T19:13:11.000Z,4a4447720e7ce8bd460370ec398842b0,loitering,"[1.9260316666666666, 57.05761666666667, 1.9531133333333333, 57.031955]",57.0448,1.9396,[],['5696'],"['NASCO', 'ICCAT', 'ACAP', 'IWC', 'NAMMCO', 'ICES', 'NEAFC']","['27', '27.4', '27.4.b']",['27'],[],[],[],[],228,230,7.782212,7.019725,3cd57c606-64c2-2225-8fe7-a23c1cd9b906,ENSCO 121,636015427,LBR,other,,,,,8408.226388888887,367.140982124881,0.023576942622252867,229.9992431747412
2023-12-02T12:34:33.000Z,2024-01-04T08:21:12.000Z,bddd04b5b90a18f87a15d95921221231,loitering,"[49.01671666666667, 29.583386666666666, 49.01671, 29.583403333333333]",29.5834,49.0167,[],['8469'],"['IWC', 'ACAP', 'RECOFI', 'IOTC']","['51.2', '51']",['51'],[],[],[],[],50,50,9.734454,9.734454,eccafb5f0-0df9-b477-0e9b-d77f4b259fdc,PERLITA,312518000,BLZ,bunker,are-khorfakkan,ARE,KHOR FAKKAN,f440c402641fb71c6a52f339514aa39c,787.7774999999999,34.58807158140463,0.023707283552517045,50.0
2023-12-02T15:56:11.000Z,2024-02-04T03:51:18.000Z,b6f2bb41e4125d23c85b462adcf8ac74,loitering,"[104.95143333333333, 3.9875616666666667, 104.9007, 4.270895]",4.1292,104.9261,[],['8492'],"['SEAFDEC', 'APFIC', 'WCPFC', 'ACAP', 'IWC']",['71'],['71'],[],[],[],[],120,147,137.83178099999998,106.20728100000001,67aeb57a0-0617-59ae-32e4-4fa91a45cf6a,SINOOCEAN HARVEST,352001400,PAN,other,chn-weihai,CHN,WEIHAI,a7292f64c4b1b747c04fb98c426660d9,1523.9186111111112,120.52011635635864,0.04270284272756776,145.04778741299958
2023-12-02T16:48:38.000Z,2024-02-03T18:35:09.000Z,73e2507c161443db17b2a56fed051030,loitering,"[-40.09357, -22.634155, -40.09354, -22.63406833333333]",-22.6341,-40.0936,[],['8464'],"['IWC', 'ICCAT', 'ACAP']","['41.2', '41.2.1', '41']",['41'],[],[],[],[],116,116,1.0263390000000001,1.0263390000000001,9a2e4c0c8-89f7-f143-7b92-a415f6fb36ef,PETROBRAS 51,538003314,MHL,other,,,,,1513.775277777778,9.463253780251693,0.0033754998753686254,116.00000000000001
2023-12-02T16:53:04.000Z,2024-01-29T11:55:51.000Z,683e0f2f73831e5d2e52fbea0f670b21,loitering,"[54.903546666666664, 25.565348333333333, 54.897803333333336, 25.534415]",25.5499,54.9007,[],['48947'],"['IOTC', 'RECOFI', 'IWC', 'ACAP']","['51', '51.2']",['51'],[],[],[],[],35,39,2.223899,0.0,71e6e72b0-0292-dcd2-7a05-ee968700d8f6,RES COGITANS,538002622,MHL,other,,,,,1387.0463888888887,79.4560758701297,0.030931084270612287,38.345913435358284
2023-12-02T18:55:03.000Z,2024-01-08T02:40:11.000Z,26d2b6bf3db72ccc0ac8970cd42a4272,loitering,"[-147.153095, 12.054936666666666, -147.15622666666667, 12.052736666666666]",12.0538,-147.1547,[],[],"['NPFC', 'ACAP', 'IATTC', 'IWC']",['77'],['77'],[],['63203'],[],[],1163,1162,1200.69725,1199.946625,cb1646ea0-0139-1d54-c8c9-b95350b82b54,GOS1,377901302,VCT,other,,,,,871.7522222222224,5.154154675629653,0.0031924448395153344,1162.999761590609
2023-12-02T19:59:43.000Z,2024-01-22T05:38:03.000Z,fd67183ec755dfea6fcd9015cea14fd1,loitering,"[119.8984, 34.97631, 119.903363, 34.965392]",34.9709,119.9009,[],['8486'],"['ACAP', 'PICES', 'IWC', 'WCPFC']",['61'],['61'],[],[],[],[],44,44,3.457982,4.540127999999999,386e01984-40f4-60ab-5dce-b85b7430540b,YU.WANG.QU   811-03,221009524,,other,chn-chn-164,CHN,CHN-164,a6efdbbed941324d6be176f9d10a3885,1209.638888888889,83.70499889250556,0.037364112587995456,43.797781142584256
2023-12-02T22:45:38.000Z,2024-01-28T00:52:27.000Z,8e68170bc789ca2e743d5a7a2d346c89,loitering,"[116.02957333333333, 21.742945, 116.02956, 21.742953333333332]",21.7429,116.0296,[],['8486'],"['APFIC', 'ACAP', 'WCPFC', 'IWC']",['61'],['61'],[],[],[],[],113,113,112.162055,112.162055,8f6b9a4ed-d300-004f-d5f7-3cae36fc3a0a,LF7-2DPP,412477120,CHN,other,,,,,1346.1136111111111,16.65025953076255,0.006678798014320541,113.00000000000003
2023-12-02T22:59:21.000Z,2024-01-24T15:58:10.000Z,e00eb75bf475baa65685b0b776d32231,loitering,"[-17.596333333333334, 16.107, -17.603, 16.099166666666665]",16.1031,-17.5997,[],['8369'],"['NAMMCO', 'ACAP', 'ICCAT', 'SRFC', 'IWC']","['34', '34.3.11', '34.3', '34.3.1']",['34'],[],[],[],[],116,116,155.771266,154.676125,a817a846d-ddab-7162-37ee-d087c38f6cc9,PIONEERING SPIRIT,249110000,MLT,other,nld-rotterdammaasvlakte,NLD,ROTTERDAM MAASVLAKTE,e070eddea00e747d02e94723c1a3c045,1264.9802777777782,226.71615145067685,0.09677378420803838,112.75384562780567
2023-12-03T01:44:07.000Z,2024-02-28T09:27:08.000Z,367d7445931ec9173b7814f2f2388c4a,loitering,"[119.93652, 35.014105, 119.910233, 35.029103]",35.0216,119.9234,[],['8486'],"['WCPFC', 'IWC', 'ACAP', 'PICES']",['61'],['61'],[],[],[],[],49,48,4.5537209999999995,2.874497,cdbc11874-47df-2633-23b1-3745c0d24912,YU.WANG.QU.309-08,234610542,GBR,other,,,,,2095.7169444444444,88.06513245913973,0.02268978525205722,49.00150317104667
2023-12-03T01:53:04.000Z,2024-01-26T23:35:32.000Z,18c7d33b681fed38b2999d46215d9edc,loitering,"[-94.69828333333334, 26.217166666666667, -94.692, 26.2247]",26.2209,-94.6951,[],['8456'],"['NAMMCO', 'ICCAT', 'IWC', 'ACAP']",['31'],['31'],[],[],[],[],246,247,22.326854,23.223219,fce9f0b2b-b2d9-5d4a-659e-c048efdee00c,AMAZON,248214000,MLT,other,usa-houston,USA,,25d7ee0d0a980fd5bbcf7c920422dfdf,1317.707777777778,99.5477927192075,0.040791675403467974,246.99912683967892
2023-12-03T10:59:25.000Z,2024-03-08T10:18:27.000Z,2a136e5f3f518752bd0a49f6ccd954bd,loitering,"[2.240683333333333, 59.06001666666667, 2.24275, 59.0559]",59.058,2.2417,[],['5686'],"['ICES', 'ACAP', 'NAMMCO', 'NASCO', 'IWC', 'ICCAT', 'NEAFC']","['27.4', '27.4.a', '27']",['27'],[],[],[],[],152,152,15.735031999999999,15.735031999999999,2358bc620-0e24-0057-d226-98a9e0c1095f,SCARABEO 8,308928000,BHS,other,nor-floro,NOR,FLORO,f85cae62f48621cd717ab40f4e7da081,2303.3172222222224,23.13785712683972,0.005424108868933837,152.0
2023-12-03T17:42:05.000Z,2024-01-22T05:04:25.000Z,570136fb4e95d113b6d27b53a964db8b,loitering,"[119.960223, 34.983108, 119.959317, 34.982497]",34.9828,119.9598,[],['8486'],"['ACAP', 'PICES', 'WCPFC', 'IWC']",['61'],['61'],['8486'],[],[],[],49,49,7.196254,7.196254,15ee3cb88-83ef-42d7-523d-60c21e26e043,YU.WANG.QU.309-09,234610488,GBR,other,,,,,1187.3722222222225,116.96759992861631,0.05319094567257221,49.00077341466821
2023-12-03T17:59:17.000Z,2024-01-20T09:59:58.000Z,f7a70daf6a90c391443e283c5e0cb5e0,loitering,"[32.507108333333335, 32.12694, 32.506105, 32.12621166666667]",32.1266,32.5066,[],['8490'],"['GFCM', 'IWC', 'ACAP', 'ICCAT']","['37.3', '37.3.2', '37']",['37'],[],[],[],[],87,87,57.737699,57.737699,cffc9424a-a58b-f43f-503b-02398556dad9,SANTORINI,311001096,BHS,other,esp-laspalmas,ESP,LAS PALMAS,4f586f70b927f1887f432b77df28f98b,1144.011388888889,12.830525593928519,0.006055822217891713,86.99983183074474
2023-12-03T21:58:22.000Z,2024-04-21T11:57:21.000Z,1b31132242c5afa58a79071efbe78a82,loitering,"[119.08483166666667, 38.58878, 119.123795, 38.56261]",38.5757,119.1043,[],['8486'],"['ACAP', 'PICES', 'WCPFC', 'IWC']",['61'],['61'],[],[],[],[],46,45,4.775578,5.334511,4d229e53b-b0e7-386e-560d-a5b7b6b31544,BO HAI 9 HAO,413236630,CHN,other,,,,,3349.983055555555,211.0150231029927,0.03401181303495643,42.00446484673441
2023-12-04T00:30:48.000Z,2024-02-16T09:46:09.000Z,a5d388d17519a5aa0fa862f87eabcb1f,loitering,"[119.949547, 34.98197, 119.934697, 35.010173]",34.9961,119.9421,[],['8486'],"['WCPFC', 'PICES', 'ACAP', 'IWC']",['61'],['61'],['8486'],[],[],[],48,49,6.403062,3.6429769999999997,f46026653-3842-415e-d37b-304d8c266a1a,YU.WANG.QU.309-07,234610346,GBR,other,chn-rizhao,CHN,RIZHAO,88e8da46f9b79ef83d8d867ecf26f429,1785.2558333333334,66.46123237528204,0.020101429675813225,48.00240070998601
2023-12-04T09:57:30.000Z,2024-01-09T08:58:40.000Z,5b6e878c5c7e84b7c9184238831edc41,loitering,"[49.61898, 28.34597, 49.64421333333333, 28.33812]",28.342,49.6316,[],['8356'],"['IOTC', 'ACAP', 'RECOFI', 'IWC']","['51.2', '51']",['51'],[],[],[],[],72,71,1.4812059999999998,1.111949,351c5159c-c1fd-229e-9b0f-f23061a92b7c,JANA 501,403783770,SAU,other,,,,,863.0194444444447,18.498021147233516,0.01157347315082372,70.00160397959901
2023-12-04T10:04:10.000Z,2024-01-28T13:48:13.000Z,0379d8b82c18fdf54afb725888a08701,loitering,"[125.48596333333333, 37.07492, 125.47049833333334, 37.07342833333333]",37.0742,125.4782,[],['8327'],"['IWC', 'WCPFC', 'PICES', 'ACAP']",['61'],['61'],[],[],[],[],40,41,38.744426,40.494207,09eb9c1b0-0b46-bacb-c5a9-16de8a5f8241,HE FONG,667001995,SLE,other,kor-incheon,KOR,,5ff9f3134afa7a202866f8dab84cc850,1323.7341666666666,95.71870234580255,0.03904406628690132,40.999647159965704
2023-12-04T12:10:53.000Z,2024-01-09T19:46:04.000Z,4837f075f61b50fa1a56d450283953c5,loitering,"[104.68035333333333, 1.9320116666666667, 104.67890166666666, 1.9369716666666668]",1.9345,104.6796,[],['8483'],"['WCPFC', 'IWC', 'SEAFDEC', 'APFIC', 'ACAP']",['71'],['71'],['8483'],[],[],[],56,57,39.857035,40.883043,7737c816c-c952-87fa-ed79-675083b112f2,VERONICA III,352002475,PAN,other,mys-fortunestar,MYS,FORTUNE STAR,75be8d836421ae2f52c213f2a97a0475,871.5863888888892,132.7125380219823,0.08221679310549779,56.16556119701155
2023-12-04T14:31:48.000Z,2024-01-23T07:01:48.000Z,5c23d71fcf5f614ec896af6bdf22289d,loitering,"[114.91, 21.378333333333334, 114.91169333333333, 21.379435]",21.3789,114.9108,[],['8486'],"['WCPFC', 'ACAP', 'APFIC', 'IWC']",['61'],['61'],[],[],[],[],98,98,86.500492,86.500492,712d299cf-f7de-03e7-8100-b33346660ff0,XJ24-3DPP,412464890,CHN,other,,,,,1192.5,13.799957816761518,0.0062485376189202295,98.0
2023-12-04T22:11:29.000Z,2024-02-03T05:41:24.000Z,d17d161d1b5aa21ccb17dc9f42adb7fb,loitering,"[106.886295, -14.420927, 106.88235, -14.48825]",-14.4546,106.8843,[],[],"['IWC', 'ACAP', 'IOTC', 'SEAFDEC', 'CCSBT']","['57.2', '57']",['57'],[],['63203'],[],[],447,454,463.016219,470.170125,905bee2a6-63d3-291c-a466-3a5d865a7490,994080644         9V,994080644,,gear,,,,,1447.4986111111107,186.0432896227561,0.06939926518615482,455.94755686726614
2023-12-04T22:59:18.000Z,2024-01-04T00:59:28.000Z,2718a463f4a095b4a3e0591f08c732a0,loitering,"[11.789531666666667, -5.65343, 11.78178, -5.72173]",-5.6876,11.7857,[],['8478'],"['IWC', 'ACAP', 'ICCAT']","['34.3', '34', '34.3.6']",['34'],[],[],[],[],39,41,1.106547,7.451847,e1bcbbcf0-0bf6-db25-2fa0-a0c02cbf39e9,SEAWAY STRASHNOV,212905000,CYP,other,,,,,722.0027777777781,39.602877448934564,0.02961739729145073,38.16230335202013
2023-12-05T00:00:59.000Z,2024-02-01T13:43:47.000Z,e75323e8347c3ee97fc7168bf3057963,loitering,"[107.875, 9.831666666666667, 107.892715, 9.794658333333333]",9.8132,107.8839,[],['8484'],"['SEAFDEC', 'IWC', 'APFIC', 'ACAP', 'WCPFC']",['71'],['71'],[],[],[],[],85,89,100.198961,103.218727,323b149fe-ef09-c39d-9575-1bc845e1b6f4,MURMANSKAYA,273423500,RUS,other,vnm-dungquat,VNM,,0e3a15ca56ecb5dc82ce22e6908ac49f,1405.7133333333336,110.07244804868735,0.042280574415539014,85.00135682417698
2023-12-05T01:26:54.000Z,2024-02-19T16:37:26.000Z,49a8f370a844e36b0bafc4e531f1c273,loitering,"[119.924793, 35.056795, 119.925, 35.056897]",35.0568,119.9249,[],['8486'],"['IWC', 'PICES', 'WCPFC', 'ACAP']",['61'],['61'],[],[],[],[],48,49,6.194458,6.646348,204aece8c-c3c9-ca73-6961-2b30b63978de,,63189009,,gear,chn-lanshan,CHN,LANSHAN,68a4484787265457085f9618748f5c48,1839.1755555555549,58.23986636654265,0.01709842868560079,48.75953669975924
2023-12-05T01:59:45.000Z,2024-01-05T05:21:17.000Z,a8355516fb2a1076b9062b2fb0d4f2c5,loitering,"[77.298772, -16.468662, 76.934218, -16.98213]",-16.7254,77.1165,[],[],"['ACAP', 'SIOFA', 'IOTC', 'IWC']","['51', '51.7']",['51'],[],['63203'],[],[],1131,1163,1150.827125,1183.95275,7c6b0c241-1d9e-1a1a-e295-7b74b76363d0,994140000         9V,994140000,,gear,,,,,747.3588888888888,667.8225718176875,0.482492877940292,1143.229612924783
2023-12-05T02:39:00.000Z,2024-02-02T20:59:14.000Z,5e3df86bcf392950ad81359aff5af3f1,loitering,"[115.59311, 20.871128333333335, 115.59873333333333, 20.860318333333332]",20.8657,115.5959,[],['8321'],"['ACAP', 'IWC', 'WCPFC', 'APFIC']",['61'],['61'],[],[],[],[],116,115,174.804125,176.325828,18ffea6b6-6f85-f7ba-af2e-de7bc47e4cb0,NAN HAI LIU HAO,412461290,CHN,other,chn-guangzhou,CHN,GUANGZHOU,65fac88f9f3b8f273c64b4340dea9dc7,1434.3372222222226,79.88604935723815,0.030073134255563183,114.00382043953823
2023-12-05T05:54:02.000Z,2024-01-12T07:53:57.000Z,6a1d72df04e8aaba41959d695e2afeec,loitering,"[53.2433, 25.28015, 53.26291666666667, 25.29965]",25.2899,53.2531,[],['8360'],"['IOTC', 'RECOFI', 'IWC', 'ACAP']","['51', '51.2']",['51'],[],[],[],[],38,41,2.01092,2.223899,0de6b450e-e857-f356-9988-ea03ead13151,QMS SUPPORTER,377634000,VCT,other,,,,,913.9986111111111,12.55259226753494,0.007415610388752813,39.99965535045556
2023-12-05T08:50:01.000Z,2024-01-28T06:12:40.000Z,78121de883279df58bbec512bc78c9b9,loitering,"[82.34388333333334, 15.871833333333333, 82.34075, 15.877133333333333]",15.8745,82.3423,[],['8480'],"['IWC', 'BOBP-IGO', 'APFIC', 'IOTC', 'ACAP']","['57.1', '57']",['57'],[],[],[],[],72,71,89.47316400000001,88.36769500000001,70311ff33-3842-aa21-bf15-ed1892e0bcd8,DDKG1,538003303,MHL,other,ind-kakinada,IND,KAKINADA,e287048b92be6d607ad03731eac413c4,1293.3774999999996,40.29926999675636,0.01682406336050203,71.00701155053787
2023-12-05T08:59:54.000Z,2024-01-09T11:59:58.000Z,0654dcd77cd91fd8bdcecd46bb800727,loitering,"[-57.004185, 8.244383333333333, -56.92120333333333, 8.194933333333333]",8.2197,-56.9627,[],['8460'],"['CRFM', 'IWC', 'ACAP', 'ICCAT', 'NAMMCO']",['31'],['31'],[],[],[],[],191,195,203.87579699999998,205.414875,12bfd238e-e62e-2e15-61ff-1cc71a9dd9ab,NOBLE TOM MADDEN,636015442,LBR,other,,,,,843.0011111111118,24.45545715297213,0.01566414361419124,192.86646944617524
2023-12-05T09:51:58.000Z,2024-01-03T19:55:54.000Z,52cf93bd89005fdf9f8b056282532aa8,loitering,"[120.4022, 35.12296666666666, 120.39773333333333, 35.112066666666664]",35.1175,120.4,[],['8486'],"['WCPFC', 'ACAP', 'IWC', 'PICES']",['61'],['61'],[],[],[],[],72,73,31.249328000000002,31.112426,10895a18d-d97b-7f99-c254-e4004f5d6f7a,TREND,312325000,BLZ,other,chn-dongjiakou,CHN,DONGJIAKOU,9ed9e60a923c6139dd53bdbd219dd94d,706.0655555555561,76.92619163532459,0.058828560904305424,72.13525558957119
2023-12-05T19:55:19.000Z,2024-01-13T13:54:07.000Z,c8f8bfe2184dc7293e04a0d4bbdbc936,loitering,"[100.30655, 3.477586666666667, 98.27263, 6.0453866666666665]",4.7615,99.2896,[],['8483'],"['IOTC', 'IWC', 'SEAFDEC', 'APFIC', 'ACAP']","['57', '57.1']",['57'],[],[],[],[],63,111,74.98504700000001,127.121219,25707ed09-9e12-98df-d431-567789cf9f99,RESOLUTE,538001923,MHL,other,mys-tanjungpelepas,MYS,TANJUNG PELEPAS,7f30b683bb68e6fa6a6896dbc0fb3f93,929.9799999999999,388.60467496622584,0.2256282265239185,93.88553156633846
2023-12-05T20:49:30.000Z,2025-03-01T11:57:53.000Z,14bb377494047014cac37a75052fd7ef,loitering,"[2.1821383333333335, 56.705441666666665, 2.3290066666666664, 56.68215333333333]",56.6938,2.2556,[],['5696'],"['NEAFC', 'ACAP', 'NAMMCO', 'ICCAT', 'NASCO', 'IWC', 'ICES']","['27', '27.4', '27.4.b']",['27'],[],[],[],[],254,264,2.14196,8.570333,4e3847b9a-a328-ef64-6b9a-e3d6e7546faa,NOBLE INTREPID,538010631,MHL,other,,,,,10839.139722222222,1086.944027544506,0.054146623965457615,263.9260949870785
2023-12-06T00:58:27.000Z,2024-01-16T00:59:52.000Z,f3d05d823ae9d72fd69d410566d7dedb,loitering,"[57.083718, 24.887473, 57.090625, 24.883857]",24.8857,57.0872,[],['8354'],"['ACAP', 'IWC', 'RECOFI', 'IOTC']","['51', '51.3']",['51'],[],[],[],[],63,63,47.844375,47.865641000000004,604fc5613-3771-6825-6f78-0db9616114a0,MR 280,457355000,MNG,gear,are-sharjahanchorage,ARE,SHARJAH ANCHORAGE,81d42128cb93f9ecd58bf8886370fada,984.0236111111112,134.5131652724515,0.07381052438489015,63.4058501546212
2023-12-06T08:58:04.000Z,2024-01-02T06:55:01.000Z,0d0503068c29e5058ca9b3dc5fc776a1,loitering,"[48.979393333333334, 28.461289999999998, 48.982865, 28.47027]",28.4658,48.9811,[],['8356'],"['IWC', 'IOTC', 'RECOFI', 'ACAP']","['51', '51.2']",['51'],[],[],[],[],43,44,4.498125,4.064774,ef8a43173-3e84-3be3-168c-af65e5653b27,ARABDRILL-80,403759470,SAU,other,,,,,645.949166666667,19.902379374850906,0.01663664217397026,42.00268299622885
2023-12-06T08:59:04.000Z,2024-01-23T17:58:33.000Z,7d2e35c2af69aeaf8b9beaddf6df5b9a,loitering,"[50.534333333333336, 27.0005, 50.53783333333333, 27.002833333333335]",27.0017,50.5361,[],['8356'],"['IWC', 'ACAP', 'RECOFI', 'IOTC']","['51', '51.2']",['51'],[],[],[],[],54,54,0.990754,0.0,9c537e748-8df2-128e-faa9-e71bc622c451,GMS ENTERPRISE 6103,352599000,PAN,other,,,,,1160.991388888889,94.74628400974119,0.04406484074112635,53.99999999999999
2023-12-06T20:59:18.000Z,2024-01-25T00:56:26.000Z,3acf4152bac8b0b548f31c25b28a1e47,loitering,"[-92.043555, 26.10429, -92.06049333333333, 26.07975]",26.092,-92.052,[],['8456'],"['NAMMCO', 'ACAP', 'ICCAT', 'IWC']",['31'],['31'],[],[],[],[],345,348,0.998561,2.437831,f128bb4b5-538a-1974-91c9-f84bb93a3100,OCEAN BLACKHAWK,538005061,MHL,other,,,,,1179.952222222222,16.626106715448714,0.00760825673015827,346.76620007074155
2023-12-07T00:26:17.000Z,2024-01-02T09:58:36.000Z,0949bbea317c31b8bd0e40dd4a82cb40,loitering,"[119.956978, 34.983277, 119.95532, 34.986793]",34.985,119.9561,[],['8486'],"['ACAP', 'IWC', 'PICES', 'WCPFC']",['61'],['61'],['8486'],[],[],[],49,50,7.196254,6.7527,e85f75ba8-8ca0-1426-b7eb-3707b54802d9,YU.WANG.QU.309-10,234610684,GBR,other,,,,,633.538611111111,23.554624296013802,0.02007530309663407,49.002090883347094
2023-12-07T02:45:45.000Z,2024-01-06T01:55:36.000Z,8b417b4f97f450740336d95dff2326ca,loitering,"[115.85392333333333, 7.38144, 115.83401666666667, 7.385225]",7.3833,115.844,[],['8483'],"['WCPFC', 'APFIC', 'SEAFDEC', 'ACAP', 'IWC']",['71'],['71'],[],[],[],[],88,90,116.204406,116.26593799999999,069b75e88-898d-b040-50fa-5197f1ca3781,JASON DUA,533004760,MYS,other,mys-kotakinabalu,MYS,,7342fae49773558c2b7b1a541fd7b63e,719.1641666666669,504.25132130851205,0.3785977447320012,88.59134567025599
2023-12-07T04:47:04.000Z,2024-02-02T14:27:03.000Z,5c8e607e62755ec386277bcab68f6ce2,loitering,"[102.26166666666667, 8.115, 102.32666666666667, 8.21]",8.1625,102.2942,[],['8332'],"['IWC', 'ACAP', 'WCPFC', 'SEAFDEC', 'APFIC']",['71'],['71'],[],[],[],[],96,109,202.91478099999998,214.385922,02dc5684c-c4b6-937d-e4fc-2967b77409ac,NAVA THANEE,567433000,THA,other,tha-laemchabang,THA,,9789a4e9224f94112861ca1956f5226e,1377.6663888888884,34.00006493951614,0.013325843273881897,98.54076616683213
2023-12-07T07:33:56.000Z,2024-01-03T11:56:34.000Z,51f2df73897e4a171a1ef003b978cad1,loitering,"[119.55219, 38.21527666666667, 119.543155, 38.232415]",38.2238,119.5477,[],['8486'],"['ACAP', 'PICES', 'WCPFC', 'IWC']",['61'],['61'],[],[],[],[],56,56,1.111949,2.389328,5dc136fca-ad1e-57d0-a2b5-30a1322a2e4c,ZHONG YOU HAI 10,413701000,CHN,other,,,,,652.3772222222225,2.164611632637116,0.0017915965457844863,56.00025715293556
2023-12-07T07:59:11.000Z,2024-02-15T19:57:01.000Z,b11801b716cb7295bc059901ed097318,loitering,"[6.207165, 54.08626833333334, 6.1484966666666665, 54.03547]",54.0609,6.1778,[],['5669'],"['NAMMCO', 'ACAP', 'ICES', 'NASCO', 'IWC', 'NEAFC', 'ICCAT']","['27.4.b', '27', '27.4']",['27'],[],[],[],[],61,57,16.974338,18.190516,bdfac03f7-7ba3-4395-9405-2b112674921b,JB117,311034300,BHS,other,deu-borkum,DEU,BORKUM,a7f0dddf0533ee3099b150da70b0282e,1691.9638888888887,60.1574712081275,0.01919806685640994,57.0624570025912
2023-12-07T10:57:53.000Z,2024-01-03T19:45:01.000Z,63563adce2bee8502e9d21216b49fa83,loitering,"[-92.43721, 27.621008333333332, -92.38910666666666, 27.655971666666666]",27.6385,-92.4132,[],['8456'],"['IWC', 'ICCAT', 'ACAP', 'NAMMCO']",['31'],['31'],[],[],[],[],213,207,7.428929,10.007544,a3e21b212-2564-0352-e915-da6780491f8e,Q5000,311000240,BHS,other,usa-usa-53,USA,USA-53,23da90679f88c25147d44409b20a6373,656.7855555555554,11.22750623656717,0.0092303619149298,210.6572990127713
2023-12-07T11:56:09.000Z,2024-01-13T12:59:54.000Z,ed80168b1edbb1eb9a6282d9f86ae6b7,loitering,"[11.285075, -6.312856666666667, 11.276991666666667, -6.315765]",-6.3143,11.281,[],['8477'],"['ACAP', 'ICCAT', 'IWC']","['47.1', '47.1.1', '47']",['47'],[],[],[],[],110,111,1.105213,1.111949,d30c1f1c5-559a-71e4-eb2c-5655c8791c1d,EDDA FIDES,257493000,NOR,other,,,,,889.0625000000007,95.64232245978758,0.0580867179871701,111.00675634172093
2023-12-07T14:57:05.000Z,2024-01-04T08:59:18.000Z,13a030d59a5d57d5fcb516a988ca4052,loitering,"[-55.59305, -35.168366666666664, -55.59243333333333, -35.172383333333336]",-35.1704,-55.5927,[],['8467'],"['IWC', 'CCSBT', 'CTMFM', 'ICCAT', 'ACAP']","['41.2.3', '41', '41.2']",['41'],[],[],[],[],42,42,1.111949,1.111949,018af62d3-3d0a-3552-8318-ee3ff6e9a103,ANITA,636017557,LBR,cargo,,,,,666.0369444444445,74.75028703482808,0.06060013094076983,42.0
2023-12-08T00:58:46.000Z,2024-01-02T07:59:40.000Z,259ba5091e621782c3a90b491ee81a5f,loitering,"[1.3458083333333333, 40.68381, 1.3514249999999999, 40.67916]",40.6815,1.3486,['555593060'],['5693'],"['ICCAT', 'IWC', 'ACAP', 'GFCM']","['37.1', '37.1.1', '37']",['37'],[],[],[],[],40,40,42.662051,42.662051,bd415d703-3a6c-92aa-fe3e-6fa57aca5585,SEAWELL,232159000,GBR,other,esp-tarragona,ESP,TARRAGONA,15f72bc89944184869185e4327304053,607.0150000000015,0.8628149534634991,0.000767498009515331,39.999999999999915
2023-12-08T01:59:55.000Z,2024-02-24T07:59:17.000Z,4c9b77a9c6af330fb884cdcb44a2a365,loitering,"[-42.419, -24.680833333333332, -42.425666666666665, -24.717666666666666]",-24.6992,-42.4223,[],['8464'],"['IWC', 'ICCAT', 'ACAP']","['41.2.1', '41.2', '41']",['41'],[],[],[],[],189,194,1.502456,5.050264,53186befb-bffa-aa8b-65e0-3f2a4b6ae60f,WEST TELLUS,373289000,PAN,other,,,,,1877.9894444444444,119.2464250643702,0.034285559320769946,189.0063726419013
2023-12-08T07:56:43.000Z,2024-01-09T02:08:08.000Z,8d224050c0c4bbabed5fcb4b83045a6c,loitering,"[122.978707, 37.74617, 122.978467, 37.74257]",37.7444,122.9786,[],['8486'],"['ACAP', 'WCPFC', 'PICES', 'IWC']",['61'],['61'],[],[],[],[],45,44,45.426289,44.617559,7be5c92da-a1c6-6c26-54d9-9b04d6ecf562,36877-1_7.7V,368771,,gear,,,,,762.1902777777779,77.93306337077966,0.05520995085884236,42.796726610777284
2023-12-08T19:58:08.000Z,2024-01-12T13:58:35.000Z,1786884fb950cc2f6ef7e989890ef18f,loitering,"[48.76386, 29.618496666666665, 48.764273333333335, 29.61759]",29.618,48.7641,[],['8470'],"['IOTC', 'ACAP', 'IWC', 'RECOFI']","['51.2', '51']",['51'],[],[],[],[],38,38,1.111949,1.111949,35d7b6a79-9d10-1a84-5847-f462d704cf87,ASTRA,626152000,GAB,other,,,,,834.0074999999997,30.365436049613947,0.019659324148630253,38.000000000000014
2023-12-08T22:30:18.000Z,2024-09-01T22:54:09.000Z,d549b25cf62b30fce654f3462a375add,loitering,"[-88.27511166666666, 28.367256666666666, -88.23563833333333, 28.377355]",28.3723,-88.2554,[],['8456'],"['ACAP', 'NAMMCO', 'ICCAT', 'IWC']",['31'],['31'],[],[],[],[],109,111,7.783645000000001,7.734098,dd243fcdc-c0b9-433b-87aa-9d966ed63170,ROWAN RELENTLESS,538005035,MHL,other,usa-wr758platform,USA,,e4dc670d0290fe32dfa2dc2f80dabac9,6432.397500000002,31.61202677279882,0.0026536184878184527,111.97945969440043
2023-12-08T23:41:16.000Z,2024-01-02T23:48:22.000Z,47d309a6faa89d64b9ac2bb9cebc4ffb,loitering,"[121.753825, 26.721148, 121.635302, 26.6712]",26.6962,121.6946,[],['8486'],"['ACAP', 'APFIC', 'WCPFC', 'IWC']",['61'],['61'],[],[],[],[],103,99,97.424719,89.906391,f25d752bd-df63-1750-a5c1-448e971166d7,TIELONG61737-80%,413173764,CHN,gear,,,,,600.1183333333335,78.71275301008298,0.07082184320290878,95.45378376846185
2023-12-09T00:00:04.000Z,2024-03-31T11:59:31.000Z,8308a73ccea71a7f9d0b9b6770029183,loitering,"[53.611666666666665, 24.835, 53.612746666666666, 24.835868333333334]",24.8354,53.6122,[],['8360'],"['IOTC', 'ACAP', 'RECOFI', 'IWC']","['51', '51.2']",['51'],['8360'],[],[],[],52,52,0.0,0.0,ba7a33648-82de-f840-6c75-3224a278f7ec,QMS SURPRISE2,376199000,VCT,other,,,,,2723.9908333333324,47.16383184866608,0.009348941843745432,52.0
2023-12-09T01:44:49.000Z,2024-02-12T08:55:02.000Z,4edf4b34915a3c5c038cb531d1da897a,loitering,"[71.89161666666666, 19.599215, 71.85751333333333, 19.70272]",19.651,71.8746,[],['8480'],"['ACAP', 'IWC', 'IOTC']","['51.4', '51']",['51'],[],[],[],[],84,84,17.632866999999997,25.858622999999998,a4c25c0bc-c70b-4f65-ee40-41ec10e91af8,SAGAR GAURAV,419900754,IND,other,ind-ind-130,IND,,39e2cc95752228004c29b0b7f27856b6,1567.1702777777773,90.52569664167213,0.031189952031601072,87.0426851160778
2023-12-09T03:51:01.000Z,2024-01-01T10:23:29.000Z,abee0a8317c29791a9ddeb058ddd5d29,loitering,"[122.899392, 31.152437, 122.89986, 31.174655]",31.1635,122.8996,[],['8486'],"['WCPFC', 'PICES', 'ACAP', 'IWC']",['61'],['61'],['8486'],[],[],[],38,40,7.612992,7.611385,90419d498-8183-fd5c-a4fc-ec9528a6d0bd,NET12-ZSY09207-55%,92070012,,gear,,,,,558.5411111111111,65.17658335232203,0.06300796648088532,38.81852239222454
2023-12-09T05:43:13.000Z,2024-01-28T21:42:23.000Z,820410df5fbd29f14991e2511a8523fa,loitering,"[121.770145, 26.841033, 121.598808, 26.844065]",26.8425,121.6845,[],['8486'],"['APFIC', 'ACAP', 'WCPFC', 'IWC']",['61'],['61'],[],[],[],[],95,83,86.163719,78.869922,2cb4e13e2-2267-4ae2-5d1c-17d78b521eea,TIELONG61873-38-94%,412187338,CHN,gear,,,,,1215.9861111111113,155.72260232269662,0.06914838731105122,82.05967088422106
2023-12-09T05:58:51.000Z,2024-01-15T12:59:43.000Z,4d2aa77ae38ca6a20d3e3a4757bc3c67,loitering,"[-55.716388333333335, -35.13614166666667, -55.709465, -35.13192166666666]",-35.134,-55.7129,[],['8467'],"['CCSBT', 'CTMFM', 'IWC', 'ICCAT', 'ACAP']","['41.2', '41', '41.2.3']",['41'],[],[],[],[],40,39,0.0,0.0,5e21b6041-1120-d456-4028-8f8351655076,NORDIC OSHIMA,538009300,MHL,cargo,,,,,895.014444444445,74.172652495335,0.04474791283404729,39.19832669310108
2023-12-09T07:35:56.000Z,2024-01-09T00:47:05.000Z,ca68b76492126a9ff215f8fcb2c38ee4,loitering,"[122.883567, 31.149765, 122.880572, 31.147408]",31.1486,122.8821,[],['8486'],"['PICES', 'IWC', 'WCPFC', 'ACAP']",['61'],['61'],['8486'],[],[],[],37,37,5.709744,5.709744,ad92a7e65-54d4-f435-8e58-be984222123d,NET50-ZSY09210-99%,92100050,,gear,,,,,737.1858333333332,94.38178685272186,0.0691305850290148,37.713561718352096
2023-12-09T08:55:06.000Z,2024-01-02T11:36:07.000Z,15c1f4eab92cb687f6fd2630482457b9,loitering,"[123.79169333333333, 39.00075, 123.79149333333334, 39.003933333333336]",39.0023,123.7916,[],['8486'],"['WCPFC', 'PICES', 'IWC', 'ACAP']",['61'],['61'],[],[],[],[],52,52,49.358699,49.358699,29ed66fb7-7078-f595-0452-7cb0abd660af,NIBA,374866000,PAN,other,chn-longkou,CHN,LONGKOU,f310889191ca23ff39f7112e2884a8d7,578.6836111111111,68.67349721445505,0.06407771245991438,52.00000000000001
2023-12-09T08:58:22.000Z,2024-01-20T22:58:55.000Z,a2a6e72c167bbdb5d2df5d84c31714a5,loitering,"[104.704975, 1.8084416666666667, 104.72133166666667, 1.8259349999999999]",1.8172,104.7132,[],['8483'],"['IWC', 'ACAP', 'APFIC', 'WCPFC', 'SEAFDEC']",['71'],['71'],[],[],[],[],53,56,29.351523,32.470238,492e0c136-65b8-4dbf-3891-9183ef89d6e4,CHENG TAI,677054600,TZA,other,twn-kaohsiung,TWN,KAOHSIUNG,9f338fb2eec21f1de765b2ae82959538,1022.0091666666673,48.21594097606237,0.025473866785321844,55.99969095634825
2023-12-09T09:01:29.000Z,2024-01-18T18:44:30.000Z,f03120904b1ae56dba26dbbc3bdd644b,loitering,"[-89.64655333333333, 27.808003333333332, -89.64166666666667, 27.81]",27.809,-89.6441,[],['8456'],"['ICCAT', 'ACAP', 'IWC', 'NAMMCO']",['31'],['31'],[],[],[],[],126,125,32.859547,32.251732,f0b7b516f-f39f-00a4-9064-f35302067c87,NOBLE  VALIANT,538010623,MHL,other,esp-laspalmas,ESP,LAS PALMAS,76b90e299b0c50040b7388d01454d108,969.7169444444442,57.03666057127414,0.03175909537137998,125.99897040412583
2023-12-09T09:03:51.000Z,2024-01-03T07:56:29.000Z,e186cb431dea3da4f61454442c944fa0,loitering,"[121.712403, 26.927253, 121.752677, 26.845938]",26.8866,121.7325,[],['8486'],"['ACAP', 'IWC', 'APFIC', 'WCPFC']",['61'],['61'],[],[],[],[],84,93,75.289766,84.704734,51199e5ff-f007-301c-756b-d7f12c6d8120,TIELONG61873-40-95%,412187340,CHN,gear,,,,,598.8772222222221,41.69372700268048,0.037591697799067784,86.3808692969855
2023-12-09T10:56:12.000Z,2024-01-03T02:58:34.000Z,7cd9c74ea49e745e59136c2ab7e09f93,loitering,"[121.737492, 26.838102, 121.788203, 26.751218]",26.7947,121.7628,[],['8486'],"['IWC', 'WCPFC', 'APFIC', 'ACAP']",['61'],['61'],[],[],[],[],93,103,85.63444500000001,96.36625,46e959c2e-e011-7739-6be4-0e2c8b6ea6fb,TIELONG61589-44-98%,412158944,CHN,gear,,,,,592.0394444444446,51.59790114295058,0.04705875263482784,92.4697763002563
2023-12-09T13:57:58.000Z,2024-02-06T02:59:36.000Z,b3e8705fcc4190df0a581da51245f6b6,loitering,"[49.60895, 28.606578333333335, 49.56012666666667, 28.59809]",28.6023,49.5845,[],['8356'],"['ACAP', 'RECOFI', 'IWC', 'IOTC']","['51.2', '51']",['51'],[],[],[],[],95,98,1.479678,4.060494,7623f5a00-00ca-078c-7c5a-f9ea632ae1ab,HAI LONG 106,477346900,HKG,other,,,,,1405.0272222222227,45.542274188222095,0.017502052916727868,96.76433210972169
2023-12-09T14:55:59.000Z,2024-01-01T14:41:57.000Z,749f9c72899481adc1d7d1e6b7946984,loitering,"[122.975743, 31.24584, 122.924277, 31.250273]",31.2481,122.95,[],['8486'],"['WCPFC', 'ACAP', 'IWC', 'PICES']",['61'],['61'],[],[],[],[],51,48,17.625787,13.022122,f918dd634-423c-6793-c1a2-713568b9a7eb,NET-ZSY01469-134-99%,14690134,,gear,chn-shanghai,CHN,SHANGHAI,ea3d5e896a397a00d1fe50ef75306def,551.7661111111111,39.645670362562555,0.03879714431305079,49.66643791072055
2023-12-09T17:58:45.000Z,2024-03-12T10:49:53.000Z,cd8274e7d3d47bfc396e69f5193cdae6,loitering,"[125.137555, 29.314826666666665, 125.23383333333334, 29.242533333333334]",29.2787,125.1857,[],['8486'],"['WCPFC', 'APFIC', 'ACAP', 'IWC']",['61'],['61'],[],[],[],[],246,257,232.934781,244.147875,6b4092d21-171c-169d-9e78-7d0501735603,KANTANBAHAO,413394570,CHN,other,,,,,2248.8522222222223,81.41257381595335,0.019547426320137024,257.62013931040644
2023-12-09T18:59:55.000Z,2024-01-04T13:59:14.000Z,d3feb30899c5bb68dfc94e175beb06bd,loitering,"[-40.14479166666667, -22.423508333333334, -40.07512833333333, -22.404035]",-22.4138,-40.11,[],['8464'],"['ICCAT', 'IWC', 'ACAP']","['41.2', '41', '41.2.1']",['41'],[],[],[],[],99,104,6.266621,2.337577,260a8e0fe-e5e0-56a3-3b3b-8369ba33065c,OCEAN COURAGE,538003627,MHL,other,,,,,618.9886111111114,16.02561272276606,0.013979479531410726,103.98866302186612
2023-12-09T19:33:01.000Z,2024-01-10T18:27:38.000Z,ecce93b03bc8d27c0e2af52ca9cbfb7b,loitering,"[106.38224, -5.186211666666667, 106.32136666666666, -5.008788333333333]",-5.0975,106.3518,[],['8492'],"['WCPFC', 'APFIC', 'ACAP', 'SEAFDEC', 'IWC']",['71'],['71'],[],[],[],[],38,47,4.956548,17.928559,52af0ab04-4401-8fa0-0c33-3bdead0c8e70,PLB. HAFAR NEPTUNE,525015889,IDN,other,idn-cirebon,IDN,CIREBON,c8d977740d511e3d112d8a74cadf343a,766.9102777777778,43.83774150678594,0.030864740583879956,38.03410551697631
2023-12-09T23:26:59.000Z,2024-01-02T04:16:54.000Z,1d9bf902891d2cf26916b78d263e7382,loitering,"[122.738228, 31.183722, 122.674153, 31.044655]",31.1142,122.7062,[],['8486'],"['IWC', 'ACAP', 'PICES', 'WCPFC']",['61'],['61'],['8486'],[],[],[],35,19,0.0,0.0,f58a7a8cd-d67e-bdf9-3e71-c65a4ebe5a2d,NET-ZSY05528-15-99%,55280015,,gear,chn-shanghai,CHN,SHANGHAI,da0d474ff2c016fd965d98225f6265ec,556.8319444444445,83.49615102264617,0.08096574784700138,37.14811085130338
2023-12-10T02:59:13.000Z,2024-09-14T08:59:51.000Z,db63129d4ddca7a36dd704b0f6301d4b,loitering,"[49.08089666666667, 28.235331666666667, 49.06735833333333, 28.262536666666666]",28.2489,49.0741,[],['8356'],"['IWC', 'IOTC', 'RECOFI', 'ACAP']","['51.2', '51']",['51'],['8356'],[],[],[],39,40,8.275767,7.369056,033cb5026-6f9e-edbe-8a99-4d398c86c5dc,ADMARINE685,563070620,SGP,other,sau-safaniyafield,SAU,,b911510ed1deb87df161eb017f1269b4,6702.010555555557,106.22529234355687,0.00855818844576889,39.99990647097086
2023-12-10T10:59:40.000Z,2024-01-01T09:59:52.000Z,d1f5f1abe2ccf8f60fada589d1a65036,loitering,"[72.00362833333334, 19.313533333333332, 72.00376166666666, 19.313898333333334]",19.3137,72.0037,[],['8480'],"['IOTC', 'ACAP', 'IWC']","['51.4', '51']",['51'],[],[],[],[],78,78,11.885854,11.885854,7e37013e9-97f7-c5ba-d0d9-c1c9baf7941d,M GUARDIAN,533170728,MYS,other,ind-mumbaihighfield,IND,,08b7cada31fcbbdc9a27e8205b734b32,527.0033333333334,6.833052248788578,0.007001005148800747,77.00265300744806
2023-12-10T11:15:56.000Z,2024-02-01T22:05:33.000Z,3e9aea3e060838d1b7221f082f40b731,loitering,"[111.53666666666666, 7.556666666666667, 111.53666666666666, 7.546666666666667]",7.5517,111.5367,[],['49003'],"['ACAP', 'WCPFC', 'APFIC', 'SEAFDEC', 'IWC']",['71'],['71'],[],[],[],[],382,383,267.066375,267.989438,cb19a6498-8231-0b38-34ee-8ba7a53e2698,THU BON 08010,574128338,VNM,seismic_vessel,vnm-vnm-16,VNM,,3833b3eafb755174067b4a6b4d3e71fd,1282.8269444444443,81.35190827901064,0.034241965792495194,381.0743997737056
2023-12-10T12:53:08.000Z,2024-01-04T11:59:26.000Z,2436ff54143200fa396f5e4580d8d163,loitering,"[104.70091666666667, 1.9996833333333333, 104.69033333333333, 1.9756766666666667]",1.9877,104.6956,[],['8483'],"['IWC', 'APFIC', 'SEAFDEC', 'WCPFC', 'ACAP']",['71'],['71'],['8483'],[],[],[],52,54,47.900965,45.423906,d1d7cdad4-4fb1-6008-25de-16d826ecf1af,CERES I,668116233,STP,other,mys-telokramunia,MYS,TELOK RAMUNIA,0f0e77ff6da67f950b3e6d81e0645166,599.1050000000004,40.693262895719634,0.03667571486693678,51.98176087240387
2023-12-10T21:59:11.000Z,2024-04-22T09:55:12.000Z,f4f25785d06f69c232530a7222bb8e06,loitering,"[13.201155, -29.27851666666667, 13.207686666666667, -29.332845]",-29.3057,13.2044,[],['8395'],"['ICCAT', 'ACAP', 'IWC', 'CCSBT']","['47.1.5', '47.1', '47']",['47'],[],[],[],[],284,286,329.039812,329.206344,aad0e2225-597a-8c84-2bf5-16f24c605fa6,DEEPSEA MIRA,257331800,NOR,other,nam-walvisbay,NAM,WALVIS BAY,dd6ef3871bced99cbf149716a061375e,3203.933611111113,45.798350278571895,0.007718365553581882,286.01918080887884
2023-12-10T23:50:50.000Z,2024-01-13T23:56:01.000Z,0b075bfd27468edd94fb1ed50a86c377,loitering,"[48.88333333333333, 29.591666666666665, 48.88336, 29.591651666666667]",29.5917,48.8833,[],['8469'],"['ACAP', 'RECOFI', 'IWC', 'IOTC']","['51.2', '51']",['51'],[],[],[],[],46,46,0.96693,0.96693,6e0d0aacc-caee-788b-538d-1f932710df29,CHANDRAMA,518998382,COK,other,,,,,816.0863888888891,69.67650402224902,0.04610088208804296,45.999999999999986
2023-12-10T23:58:24.000Z,2024-04-12T23:59:05.000Z,18688b836ae4fa5f97dfa050923f14d2,loitering,"[-39.966, -23.83, -39.97966666666667, -23.855]",-23.8425,-39.9728,[],['8464'],"['ACAP', 'ICCAT', 'IWC']","['41', '41.2.1', '41.2']",['41'],[],[],[],[],221,221,48.968184,52.271547,87005dce2-2a04-85bc-8e73-0528ecb65a5f,VALARIS RENAISSANCE,538004643,MHL,other,bra-angradosreis,BRA,ANGRA DOS REIS,2bd1a2f15a1b1288384d40114b2747fd,2976.0113888888895,126.19460422295012,0.02289629514322007,220.99176761480246
2023-12-11T04:00:09.000Z,2024-01-13T04:38:43.000Z,c1be5650d883f08ac8cd0ada0a02e981,loitering,"[119.924682, 35.015963, 119.927012, 35.013158]",35.0146,119.9258,[],['8486'],"['ACAP', 'IWC', 'WCPFC', 'PICES']",['61'],['61'],['8486'],[],[],[],49,49,2.94968,3.6429769999999997,911d4f8d7-7272-b137-f890-3f01b514c97b,YU.WANG.QU.69-08-99%,234411377,GBR,gear,chn-chn-164,CHN,CHN-164,78a0b27178fcede144afda21e36d1495,792.6427777777781,15.397500747785006,0.010488943466172573,48.999635107038294
2023-12-11T06:58:40.000Z,2024-01-30T17:58:07.000Z,a29905ad6d78d592978807132fcea678,loitering,"[2.3150116666666665, 59.275996666666664, 2.3203016666666665, 59.284621666666666]",59.2803,2.3177,[],['5686'],"['NAMMCO', 'NASCO', 'ICES', 'ICCAT', 'ACAP', 'IWC', 'NEAFC']","['27.4', '27', '27.4.a']",['27'],[],[],[],[],144,144,16.153574,16.153574,364cd5c88-80cf-cd24-29d4-6e095767acbe,DEEPSEA YANTAI,311000483,BHS,other,nor-sture,NOR,STURE,4f434a0cc941912dcd0e773b65423ce9,1210.9908333333342,20.407333234630084,0.009099225293139382,144.99636169851496
2023-12-11T11:10:56.000Z,2024-03-13T13:51:22.000Z,8aa89d1c1c48779f403bde038495a064,loitering,"[108.73666666666666, 20.766666666666666, 108.858065, 20.754013333333333]",20.7603,108.7974,[],['8486'],"['APFIC', 'ACAP', 'WCPFC', 'IWC']",['61'],['61'],[],[],[],[],46,38,1.039685,1.522364,50ec36ec7-704c-28fa-76fe-0e6906614b90,WANZUAN 3,412300650,CHN,other,,,,,2234.6738888888904,86.26874539227006,0.02084482940967584,40.08021432140622
2023-12-11T20:44:15.000Z,2024-01-07T14:19:19.000Z,01c9e9fa92c953cbc29400085716a931,loitering,"[102.210687, 10.275037, 102.211053, 10.27133]",10.2732,102.2109,[],['8331'],"['IWC', 'APFIC', 'ACAP', 'WCPFC', 'SEAFDEC']",['71'],['71'],[],[],[],[],82,82,141.30881200000002,141.656047,9fe68a1db-bc22-82aa-faf0-c237c984f548,ONWA28003,9128003,,gear,,,,,641.5844444444448,34.19301248821513,0.028776803869746844,81.91555547797091
2023-12-11T21:15:40.000Z,2024-01-05T04:37:25.000Z,9e2983f53af6a9e2ff65f7058fa0b47a,loitering,"[102.21207, 10.297048, 102.213028, 10.294752]",10.2959,102.2125,[],['8331'],"['ACAP', 'SEAFDEC', 'APFIC', 'WCPFC', 'IWC']",['71'],['71'],[],[],[],[],82,82,140.638125,140.969484,284fb6e4f-f2eb-12a0-c903-0ff0a8d4d2c5,,413031694,CHN,gear,,,,,583.3625000000002,33.284236037487105,0.030807687666360672,81.75129910268441
2023-12-11T21:59:13.000Z,2024-01-31T04:59:06.000Z,79d78af0fc2e0f8edf286cf17bed431e,loitering,"[105.016685, 1.9029533333333333, 105.01397, 1.895335]",1.8991,105.0153,[],['8483'],"['APFIC', 'IWC', 'WCPFC', 'ACAP', 'SEAFDEC']",['71'],['71'],[],[],[],[],81,80,62.919492,61.979922,b96e9db0f-f065-73e1-07cb-1d92cbe47e13,WAN FU DA,413702170,CHN,cargo,mys-telokramunia,MYS,TELOK RAMUNIA,e84613508436bf3b02da27bbab6a9a6a,1206.998055555556,237.9314168679981,0.10643984611441829,80.53012576491373
2023-12-12T01:57:34.000Z,2024-01-09T16:59:00.000Z,0d2d85de70fa838d1c700be27aeb2ce7,loitering,"[-91.969545, 19.333751666666668, -92.00545333333334, 19.36527]",19.3495,-91.9875,[],['8429'],"['ACAP', 'IWC', 'NAMMCO', 'ICCAT']",['31'],['31'],[],[],[],[],67,72,3.338332,1.049009,57fa5279f-f2df-d0ad-b596-5dfe51595bf9,GARZPROM-2,345010047,MEX,other,,,,,687.0238888888889,97.02095961633968,0.07625226439705081,70.77983794848444
2023-12-12T01:59:05.000Z,2024-04-11T09:53:03.000Z,89f210c6889cef5d52f03528a484be1f,loitering,"[50.25888666666667, 27.869915, 50.3459, 27.875238333333332]",27.8726,50.3024,[],['8356'],"['RECOFI', 'ACAP', 'IWC', 'IOTC']","['51.2', '51']",['51'],[],[],[],[],46,54,3.151728,0.0,8757e6607-7517-1581-2666-91ab1aea051e,AL SAFLIYA,636016599,LBR,other,,,,,2911.899444444446,256.2164730452178,0.04751051003568909,53.99500395200323
2023-12-12T01:59:26.000Z,2024-02-17T04:30:02.000Z,4f7d380548f5a144ba12c761c71110ef,loitering,"[119.820433, 35.054553, 119.820353, 35.054153]",35.0544,119.8204,[],['8486'],"['PICES', 'IWC', 'WCPFC', 'ACAP']",['61'],['61'],[],[],[],[],42,42,5.0652479999999995,5.0652479999999995,6241ab22d-dcc8-2ec8-b9e9-947c4d490247,,60806820,,gear,chn-lianyungang,CHN,LIANYUNGANG,d617b8921983c1d8fd9bc07cd7dd3725,1610.51,56.509459732929415,0.0189459657142163,41.99972952522817
2023-12-12T02:02:38.000Z,2024-01-15T22:05:49.000Z,aaf07babe924224363c224bca8b5f655,loitering,"[119.859178, 34.96239, 119.858082, 34.962278]",34.9623,119.8586,[],['8486'],"['WCPFC', 'IWC', 'PICES', 'ACAP']",['61'],['61'],[],[],[],[],40,40,3.8014430000000003,3.8014430000000003,b3333a9b3-3066-9220-041e-3d79a2f4ed4a,YU.WANG.QU.189-07,234610771,GBR,other,,,,,836.0530555555559,22.989550097139567,0.014847579230588466,40.01734123812836
2023-12-12T02:17:35.000Z,2024-01-21T11:35:07.000Z,0f243fdd3acb6318b9e483956e2be881,loitering,"[119.889047, 34.960648, 119.8891, 34.960543]",34.9606,119.8891,[],['8486'],"['PICES', 'ACAP', 'IWC', 'WCPFC']",['61'],['61'],[],[],[],[],43,43,5.221184,5.221184,e0a624672-2308-66a3-9d10-4ce991c51e51,,60000015,,other,chn-chn-164,CHN,CHN-164,80f9937b9b4b7cc7d9b9465a057ee49b,969.2922222222223,32.184009439960896,0.01792851986344114,43.0
2023-12-12T02:18:52.000Z,2024-01-12T10:14:28.000Z,5af0730dbff87bbbe9d8de39673e234f,loitering,"[119.919528, 35.01293, 119.926183, 35.001597]",35.0073,119.9229,[],['8486'],"['PICES', 'IWC', 'ACAP', 'WCPFC']",['61'],['61'],['8486'],[],[],[],48,48,2.7322330000000004,3.8091120000000003,91888049a-a5a0-7153-5f16-9b9d033e8ed6,YU.WANG.QU.69-04-99%,234411380,GBR,gear,,,,,751.9266666666666,16.534706911447408,0.011873534861532245,48.00000000000001
2023-12-12T02:22:54.000Z,2024-01-22T05:28:48.000Z,ad5a6db08295269bcfe5a423a01e8a6a,loitering,"[119.882997, 34.96597, 119.882335, 34.964875]",34.9654,119.8827,[],['8486'],"['PICES', 'IWC', 'ACAP', 'WCPFC']",['61'],['61'],[],[],[],[],42,42,4.540127999999999,4.806911,c29d105ff-f023-92ee-0c9b-f4af9695436c,YU.WANG.QU.3639-01,222200109,,other,,,,,987.0983333333331,66.00791249633286,0.03610726533591386,42.00073750579196
2023-12-12T02:24:21.000Z,2024-01-06T14:56:41.000Z,d309e4d54844d73829c2b8dde33ae3f5,loitering,"[119.860218, 35.025172, 120.084957, 34.757585]",34.8914,119.9726,[],['8486'],"['IWC', 'PICES', 'WCPFC', 'ACAP']",['61'],['61'],[],[],[],[],45,36,3.52264,14.991394,a2acd0544-4040-beac-2405-04403348687d,YU.WANG.QU   811-07,221009565,,other,,,,,612.5388888888887,287.2474845481937,0.2532104269145833,38.93125650600543
2023-12-12T02:24:46.000Z,2024-02-11T19:59:11.000Z,f1b65148416ca6eec27a53302c1bc6ca,loitering,"[119.864245, 35.030735, 119.857863, 35.03101]",35.0309,119.8611,[],['8486'],"['PICES', 'WCPFC', 'ACAP', 'IWC']",['61'],['61'],[],[],[],[],45,45,3.52264,3.52264,304527cb9-93b5-f457-583b-4921d2343e68,YU.WANG.QU   811-04,221009513,,other,,,,,1481.5736111111114,96.97773561856846,0.03534335907326675,45.00000000000001
2023-12-12T02:27:16.000Z,2024-01-09T09:51:31.000Z,e6c7ce96207a4e4b8914a945a3127b0b,loitering,"[119.779687, 35.06377, 119.787253, 35.042197]",35.053,119.7835,[],['8486'],"['PICES', 'WCPFC', 'ACAP', 'IWC']",['61'],['61'],[],[],[],[],38,39,1.436931,3.8002700000000003,a9c9cc3d5-5721-a66a-244a-a96e81ab650d,,60903003,,gear,,,,,679.4041666666667,25.067211240296704,0.01992217875151878,38.00046609181333
2023-12-12T02:27:57.000Z,2024-01-05T01:36:29.000Z,338a4604ac6845c0ea940c82e707b3da,loitering,"[119.941665, 34.978583, 119.940962, 34.978348]",34.9785,119.9413,[],['8486'],"['PICES', 'WCPFC', 'IWC', 'ACAP']",['61'],['61'],['8486'],[],[],[],48,48,5.645517,5.645517,3d2af52c2-23cd-d809-99ec-8705d057103c,YU.WANG.QU.69-03-99%,234410607,GBR,gear,,,,,575.1422222222222,13.156567932822524,0.012351689879429693,47.99999999999999
2023-12-12T02:29:08.000Z,2024-01-12T10:25:14.000Z,1a4c5125d4faee0f4b6d4784cc66df8e,loitering,"[119.918303, 35.014852, 119.916037, 35.00529]",35.0101,119.9172,[],['8486'],"['PICES', 'IWC', 'ACAP', 'WCPFC']",['61'],['61'],['8486'],[],[],[],48,48,2.7322330000000004,2.7322330000000004,814b1acfb-b6fc-1692-cf67-7da9af16289e,YU.WANG.QU.69-07-99%,234411295,GBR,gear,chn-chn-164,CHN,CHN-164,440038feb7128dc1ff90971e0969a367,751.935,17.227883774269785,0.012371166461278485,48.010831769517615
2023-12-12T02:29:39.000Z,2024-02-12T02:42:22.000Z,3e9ef91637bf1692feebba68643e4c50,loitering,"[119.870115, 35.03072, 119.83532, 35.059995]",35.0454,119.8527,[],['8486'],"['IWC', 'WCPFC', 'ACAP', 'PICES']",['61'],['61'],[],[],[],[],45,43,2.874497,6.362685000000001,90b5269db-b734-43c4-0923-9a575a61079e,YU.WANG.QU   811-05,221009560,,other,,,,,1488.2119444444443,81.8803906896363,0.02970804943981704,43.0286232477115
2023-12-12T02:32:50.000Z,2024-01-20T08:36:43.000Z,19e33fbb5767cfca9ae0e1a9c39d3a29,loitering,"[119.86127, 34.97011, 119.861173, 34.96969]",34.9699,119.8612,[],['8486'],"['ACAP', 'IWC', 'PICES', 'WCPFC']",['61'],['61'],[],[],[],[],41,41,4.806827,4.806827,c175a58a5-5bec-e24d-9ecc-9ca3070b9e1c,YU.WANG.QU.189-06,234610780,GBR,other,,,,,942.064722222222,22.06637884416923,0.012647635670333527,41.00000000000002
2023-12-12T02:36:37.000Z,2024-01-10T00:55:17.000Z,723d72c232db0bd3acb71a5c13720fd1,loitering,"[119.851943, 34.986217, 119.855153, 34.989208]",34.9877,119.8535,[],['8486'],"['WCPFC', 'ACAP', 'PICES', 'IWC']",['61'],['61'],[],[],[],[],41,42,4.268519,3.523158,b0e852a59-9812-381f-49ed-c1c425862630,YU.WANG.QU.189-08,234610768,GBR,other,,,,,694.3111111111111,34.313003417061374,0.02668478056240814,41.00193696073694
2023-12-12T02:42:19.000Z,2024-01-05T03:25:18.000Z,04d70983181ee54fbaa5d0627c49458a,loitering,"[119.938933, 34.979582, 119.933515, 34.985018]",34.9823,119.9362,[],['8486'],"['PICES', 'IWC', 'ACAP', 'WCPFC']",['61'],['61'],['8486'],[],[],[],48,47,5.645517,4.268519,e47dafbd9-9a59-4c01-4af1-8887c327b5c3,YU.WANG.QU.69-02-99%,234411357,GBR,gear,,,,,576.7163888888889,11.467062445012816,0.010736158191663944,47.99728022394239
2023-12-12T02:49:42.000Z,2024-01-23T09:11:42.000Z,d15dae436c01741956aa9293c3fab0be,loitering,"[119.781413, 35.059, 119.782993, 35.054893]",35.0569,119.7822,[],['8486'],"['ACAP', 'WCPFC', 'IWC', 'PICES']",['61'],['61'],[],[],[],[],38,38,1.436931,2.402949,0325b1f34-4bd6-2d6c-897b-f5e5cdf31856,,63711002,,gear,,,,,1014.3666666666668,38.84039513064248,0.020675103282539804,38.00043038460376
2023-12-12T02:56:09.000Z,2024-01-10T16:46:38.000Z,0aed01d95d60c2a9f417f90c4dcf333f,loitering,"[119.859812, 34.971857, 119.859157, 34.971997]",34.9719,119.8595,[],['8486'],"['WCPFC', 'ACAP', 'PICES', 'IWC']",['61'],['61'],[],[],[],[],41,41,4.806827,4.806827,a5a083edc-cd8d-9497-fd0f-685759dddb4a,LU.LAN.YU.YANG189-03,221009563,,other,,,,,709.8413888888888,21.991234112932908,0.01672812639771897,41.00000000000001
2023-12-12T03:00:44.000Z,2024-01-04T00:56:16.000Z,794b684c60882b873d8e49957005534a,loitering,"[119.883197, 35.16587, 119.8777, 35.15375]",35.1598,119.8804,[],['8486'],"['PICES', 'WCPFC', 'IWC', 'ACAP']",['61'],['61'],[],[],[],[],38,39,4.308884,2.945652,8650c9fd0-04d5-e331-1905-d726ff780cfd,GANYUYU12136-6    9%,401213606,AFG,gear,,,,,549.9255555555557,39.93826363906953,0.0392142844649913,38.99934940688942
2023-12-12T06:26:02.000Z,2024-04-30T03:52:48.000Z,a26c0704aea6fb717504f5adc9d806e4,loitering,"[125.09166666666667, 29.395, 125.09333333333333, 29.368333333333332]",29.3817,125.0925,[],['8486'],"['APFIC', 'IWC', 'WCPFC', 'ACAP']",['61'],['61'],[],[],[],[],238,239,224.452938,225.774844,e3aba187f-f51b-338e-a7ff-2204f67a62c4,KANTANQIHAO,413379240,CHN,other,chn-weihai,CHN,WEIHAI,f60fcc02e7d9f4e79be7ea262f9646c1,3357.4461111111123,51.333428379019914,0.008255630315622842,238.00043481671173
2023-12-12T06:35:52.000Z,2024-01-02T10:26:37.000Z,49a664762e5a38d605c2d4ee2819cab2,loitering,"[-18.159072, -5.645605, -17.924705, -5.497345]",-5.5715,-18.0419,[],[],"['IWC', 'ACAP', 'ICCAT']","['34.4', '34', '34.4.1']",['34'],[],['63203'],[],[],483,470,483.388719,470.305875,97672d903-3d7e-66f7-a05b-3bdcb78f86bd,LQ2322,111112772,,gear,,,,,507.84583333333325,194.09449956707525,0.206367048178157,476.702229035125
2023-12-12T06:42:12.000Z,2024-01-06T16:33:08.000Z,f9f9373624359129b023e54def66b242,loitering,"[71.38, 19.555, 71.35514, 19.572521666666667]",19.5638,71.3676,[],['8480'],"['IWC', 'IOTC', 'ACAP']","['51', '51.4']",['51'],[],[],[],[],133,132,2.3722420000000004,0.0,85a009064-4082-14ed-0e82-ef6ee7dda6e4,SEAMEC GLORIOUS,419902276,IND,other,,,,,609.8488888888888,46.13413482872585,0.040846905563277525,131.720841843924
2023-12-12T06:58:05.000Z,2024-02-24T09:58:02.000Z,45626f73e89774f5257ca279a1c8e437,loitering,"[49.8614, 28.263201666666667, 49.85111166666667, 28.26091]",28.2621,49.8563,[],['8356'],"['ACAP', 'RECOFI', 'IWC', 'IOTC']","['51.2', '51']",['51'],[],[],[],[],59,59,16.183474,15.763084999999998,71513cd23-3465-ebf0-3015-265dae7a4b2d,RAWABI INTEGRITY,572350220,TUV,other,sau-hasbahfield,SAU,,022218f720d60c8b69ab037bc99069cc,1778.9991666666672,170.42264152107734,0.05172619890801985,59.09567588151117
2023-12-12T07:51:54.000Z,2024-09-15T13:59:26.000Z,71a0a43178003a166a38a87d619b9f57,loitering,"[3.4784633333333335, 56.176161666666665, 3.486003333333333, 56.181945]",56.1791,3.4822,[],['5686'],"['NASCO', 'ACAP', 'ICES', 'NAMMCO', 'ICCAT', 'NEAFC', 'IWC']","['27.4.b', '27', '27.4']",['27'],[],[],[],[],284,284,12.169355,12.433333000000001,2a1c51b99-976c-c227-8b58-247c2941f327,NOBLE INVINCIBLE,538010632,MHL,other,nor-nor-895,NOR,,336a1e464990fa01bd86bf442afc2ad4,6678.125555555553,99.12444884810297,0.008014662213082557,285.00637117469523
2023-12-12T07:58:06.000Z,2024-01-05T04:52:37.000Z,58eb4e3857b38b8ffa44540686ac33d4,loitering,"[-40.61333, -22.959356666666668, -40.568805, -22.932023333333333]",-22.9457,-40.5911,[],['8464'],"['ACAP', 'IWC', 'ICCAT']","['41', '41.2', '41.2.1']",['41'],[],[],[],[],111,110,6.243194000000001,10.478797,ca467b1db-bdcc-2fbd-f849-6af4c97892e1,BRAVA STAR,372871000,PAN,other,bra-camposbasin,BRA,CAMPOS BASIN,b8a02b335e1a3a4c39f607bc34722357,572.9086111111112,20.767527808526413,0.019573048325145496,109.8024529841503
2023-12-12T11:42:25.000Z,2024-01-20T03:25:09.000Z,6999dfe247a025c45f796efc6c80456c,loitering,"[119.93194, 35.057472, 119.93028, 35.057393]",35.0574,119.9311,[],['8486'],"['ACAP', 'WCPFC', 'PICES', 'IWC']",['61'],['61'],[],[],[],[],49,49,6.646348,6.646348,48d7e063d-d194-b114-c66f-26cdfdadbb13,,66097685,,gear,,,,,927.7122222222221,36.900810746732,0.021477397126452077,49.00000000000002
2023-12-12T15:21:41.000Z,2024-01-02T23:10:36.000Z,0ed37f52c24b153d727fc736ec82c9cd,loitering,"[121.644033, 26.748492, 121.775683, 26.745873]",26.7472,121.7099,[],['8486'],"['ACAP', 'APFIC', 'WCPFC', 'IWC']",['61'],['61'],[],[],[],[],94,103,86.058703,96.178219,0b15d015f-f4fb-e133-fe96-1c1ba24389cb,TIELONG61589-19-46%,412158919,CHN,gear,,,,,511.8152777777778,34.9481735796342,0.03686975538246502,99.85454635685764
2023-12-12T15:36:03.000Z,2024-01-07T19:41:51.000Z,e076be472b040ad4ffeb5f7d64c55bc5,loitering,"[123.632192, 37.533388, 123.569973, 37.558922]",37.5462,123.6011,[],['8486'],"['IWC', 'WCPFC', 'PICES', 'ACAP']",['61'],['61'],[],[],[],[],84,79,84.00184399999999,79.637773,909f625de-ef1e-4cc9-c524-4acbb82852de,LURONGYU51998-03-99%,519980003,,gear,,,,,628.0966666666667,49.99119338765349,0.042976004196595446,80.3745737146665
2023-12-12T17:51:38.000Z,2024-01-25T17:12:33.000Z,d3eed2ab523fd3b60916bab69996768d,loitering,"[163.83833333333334, -35.355, 163.83833333333334, -35.35666666666667]",-35.3558,163.8383,[],[],"['CCSBT-Primary-Area', 'CCSBT', 'ACAP', 'IWC', 'SPRFMO', 'WCPFC']",['81'],['81'],[],['63203'],[],[],583,584,615.409688,616.160438,50221a8f2-20c1-f08f-12eb-08f283db5ce6,,503127280,AUS,fishing,,,,,1055.3486111111113,0.18532491163839604,9.481932873690705e-05,583.9992051056896
2023-12-12T22:45:15.000Z,2024-01-10T23:59:04.000Z,b593715a28d8d3cbe9fb7f6d1f170323,loitering,"[-92.18085666666667, 19.515961666666666, -92.211715, 19.479183333333335]",19.4976,-92.1963,[],['8429'],"['ACAP', 'NAMMCO', 'ICCAT', 'IWC']",['31'],['31'],[],[],[],[],80,83,0.0,3.4966570000000003,2b93933a7-7125-0552-fecb-b7f52c1c19f3,CERRO DE LA PEZ,345070398,MEX,other,,,,,697.2302777777778,114.54532822769237,0.08870746330428897,80.2138800064444
2023-12-13T01:49:07.000Z,2024-01-07T02:02:53.000Z,212c7685b6d47e2817a16009df711661,loitering,"[119.939262, 35.124702, 119.938543, 35.124545]",35.1246,119.9389,[],['8486'],"['WCPFC', 'IWC', 'ACAP', 'PICES']",['61'],['61'],[],[],[],[],46,46,2.946272,2.946272,4f0135e13-30b5-c0c1-bfe3-6b7129978469,BEI.YOU.YU.WANG.H-05,136516182,,gear,,,,,600.2294444444444,15.403748854511788,0.01385696598142609,45.999580141310645
2023-12-13T02:39:54.000Z,2024-02-12T03:45:52.000Z,4326cf124d5e162a79e7bc811fcf42e4,loitering,"[119.856607, 35.031135, 119.856647, 35.031848]",35.0315,119.8566,[],['8486'],"['PICES', 'WCPFC', 'ACAP', 'IWC']",['61'],['61'],[],[],[],[],45,45,3.52264,3.52264,1efbe92c6-6631-7051-18a0-d1ae19e99a02,YU.WANG.QU   811-10,221009553,,other,,,,,1465.0994444444445,82.60206166104693,0.03044267427885352,44.991671658702515
2023-12-13T02:56:44.000Z,2024-04-22T03:59:27.000Z,fcde6d5e6d069e3a170d0ca61cc63286,loitering,"[119.892142, 35.027275, 119.8894, 35.027922]",35.0276,119.8908,[],['8486'],"['ACAP', 'IWC', 'WCPFC', 'PICES']",['61'],['61'],[],[],[],[],47,47,2.223899,2.223899,0faf80ebe-eee2-547e-cad7-3029b4cd50f3,YU.WANG.QU.317-06,234610579,GBR,other,,,,,3145.0452777777787,60.15803048199972,0.010328225819440076,46.96320249299481
2023-12-13T04:49:39.000Z,2024-01-05T10:04:08.000Z,aeb3a3a67bb3f91698f950afb6b7c650,loitering,"[119.880192, 35.166642, 119.88146, 35.150842]",35.1587,119.8808,[],['8486'],"['WCPFC', 'IWC', 'ACAP', 'PICES']",['61'],['61'],[],[],[],[],38,39,4.308884,2.945652,59c6c8408-8693-e56d-6e54-6b48a628d32d,63029-34-70%,630290034,GNB,gear,,,,,557.2413888888889,19.515814069640054,0.01891047002608818,38.447574233120044
2023-12-13T04:54:19.000Z,2024-01-07T23:28:59.000Z,bfeb0cb3d89f0527f6a50b8da715e48a,loitering,"[122.63227, 31.41071, 122.630752, 31.477167]",31.4439,122.6315,[],['8486'],"['WCPFC', 'PICES', 'IWC', 'ACAP']",['61'],['61'],[],[],[],[],60,68,11.280486999999999,13.194261000000001,f87720454-4d3c-3f7a-66b4-387df3d5affc,19789--23-99%,761978923,,gear,chn-shanghai,CHN,SHANGHAI,7294c99ef8f25efefe2c526722f006fd,618.5777777777777,36.195180056171196,0.03159478795673068,63.92448980130388
2023-12-13T05:59:19.000Z,2024-01-10T18:59:17.000Z,e7b92004bcdfd869e2ef0da17045512b,loitering,"[104.74251666666666, 2.09205, 104.74368333333334, 2.11555]",2.1038,104.7431,[],['8483'],"['ACAP', 'IWC', 'APFIC', 'WCPFC', 'SEAFDEC']",['71'],['71'],[],[],[],[],45,43,58.844949,61.94641,75f286ec9-9b13-d634-beab-2c516547932e,MT VIRGO,353494000,PAN,other,mys-telokramunia,MYS,TELOK RAMUNIA,7d351faa74da63ed5367ffde2dd66e85,684.9994444444446,168.15033162723867,0.13254596963812176,43.00400764790835
2023-12-13T06:01:53.000Z,2024-01-02T07:43:26.000Z,ceb8e599a1e47dcb65c4b7fcb7be8bab,loitering,"[119.826813, 35.059417, 119.827367, 35.059838]",35.0596,119.8271,[],['8486'],"['PICES', 'WCPFC', 'ACAP', 'IWC']",['61'],['61'],[],[],[],[],42,42,5.5728480000000005,5.5728480000000005,96fe1432b-bb73-0ffb-24d7-3a94fb08869b,,60806803,,gear,,,,,481.6925,12.40283442483959,0.013903049829148247,41.99999999999999
2023-12-13T06:11:13.000Z,2024-02-15T05:59:48.000Z,d241af4ad766da4c20d90a9298738cdf,loitering,"[53.660583333333335, 24.836316666666665, 53.6532, 24.824083333333334]",24.8302,53.6569,[],['8360'],"['RECOFI', 'ACAP', 'IOTC', 'IWC']","['51', '51.2']",['51'],['8360'],[],[],[],55,53,0.0,0.0,4390eacf7-7fbb-e51c-861a-193926a58f69,WWE 214,470593000,ARE,other,,,,,1535.809722222223,29.825254788249417,0.01048590134877754,55.20709142290899
2023-12-13T07:51:45.000Z,2024-02-13T15:50:43.000Z,ceb0455d6961c0dd69ef6bc8f0845d15,loitering,"[50.524895, 26.933415, 50.49153, 26.942385]",26.9379,50.5082,[],['8356'],"['RECOFI', 'IOTC', 'ACAP', 'IWC']","['51.2', '51']",['51'],[],[],[],[],48,46,0.99137,0.0,cd9546078-8c8b-5466-ff73-9a3e9020575b,HIGH ISLAND V,576780000,VUT,other,,,,,1495.9827777777782,23.99756429335848,0.008661629197237895,47.91716311160016
2023-12-13T09:22:56.000Z,2024-01-02T18:26:06.000Z,8e7dc46c2846d490aff1b712d186a972,loitering,"[123.050272, 37.647187, 123.056053, 37.638602]",37.6429,123.0532,[],['8486'],"['WCPFC', 'IWC', 'ACAP', 'PICES']",['61'],['61'],[],[],[],[],41,41,42.855934,42.925289,4740c9b7c-c908-5090-78aa-0cea481f9a68,BOHAI-16-99%,910000016,,gear,,,,,489.05277777777786,14.775501775495405,0.01631343910242766,40.991176338230005
2023-12-13T09:58:59.000Z,2024-01-09T16:58:38.000Z,2ef838915fa522d6d0b6127e807e3758,loitering,"[52.17263333333333, 26.471865, 52.26334666666666, 26.460258333333332]",26.4661,52.218,[],['8468'],"['IOTC', 'IWC', 'RECOFI', 'ACAP']","['51.2', '51']",['51'],[],[],[],[],85,88,9.027563,6.3729070000000005,9881bc586-6eec-3174-bded-4d78d4e1944f,DE HE,413021360,CHN,other,qat-qat-61,QAT,,738ba52d85521ed6c41f5bfb3a0e9b06,654.9941666666667,62.01520421241506,0.05112340404892596,86.04263114623284
2023-12-13T10:37:11.000Z,2024-01-03T06:42:34.000Z,3bba80cc3c9a0e8d0d3d6b03adc3e1c7,loitering,"[111.94737166666667, 4.36505, 111.94833333333334, 4.365]",4.365,111.9479,[],['8483'],"['WCPFC', 'ACAP', 'IWC', 'SEAFDEC', 'APFIC']",['71'],['71'],[],[],[],[],159,159,48.885949000000004,48.885949000000004,8ba35f90c-c96f-3568-89d6-1c552d95ef61,SK LINE 805,533170033,MYS,other,mys-miri,MYS,,27cf4abf822eb6663324b3c74f78e9f3,500.0897222222221,57.37190146086866,0.061945581251561334,158.32225696782015
2023-12-13T11:39:35.000Z,2024-01-03T19:14:12.000Z,a397c328c17e3b62d2f80f97b11e7af0,loitering,"[-31.43304, 9.907297, -29.543383, 9.715218]",9.8113,-30.4882,[],[],"['ICCAT', 'IWC', 'NAMMCO', 'ACAP']","['34.4', '34.4.2', '34']",['34'],[],['63203'],[],[],906,768,934.5601879999999,794.6078120000001,90b8cc8e3-3314-9789-79df-e29912ead36e,MY5-14            9V,994110494,,gear,,,,,511.5769444444444,392.94413561204004,0.41474280986638706,858.1143041285792
2023-12-13T11:56:47.000Z,2024-04-16T14:59:07.000Z,bb09396cf9980f7768a5d676c551c657,loitering,"[72.15126666666667, 19.008631666666666, 72.04551166666667, 19.077791666666666]",19.0432,72.0984,[],['8480'],"['IWC', 'ACAP', 'IOTC']","['51', '51.4']",['51'],[],[],[],[],67,77,9.437901,7.439382999999999,5d386b797-798e-b4d5-0465-1e6bf3556044,VIRTUE-1,563013000,SGP,other,ind-mumbaihighfield,IND,,bae5fec64d5e9922cbcdf83d980108be,3003.038888888889,16.134774654055253,0.0029010884204385156,67.00628324119275
2023-12-13T12:32:31.000Z,2024-02-11T22:24:13.000Z,6491f3eaab094670a2c624b3caed0fd4,loitering,"[122.869073, 37.888587, 122.853795, 37.896353]",37.8925,122.8614,[],['8486'],"['IWC', 'ACAP', 'PICES', 'WCPFC']",['61'],['61'],[],[],[],[],54,55,53.291062,53.653144999999995,ae9f488db-b0b3-a416-5cd4-32e770fbaf3c,LIAOYINGYU26186-1,126186,,gear,chn-longyan,CHN,LONGYAN,3cddd1ea79cc6a5940bfdd45783689ab,1449.861666666667,72.64466975505064,0.027054293917029203,54.81853883561862
2023-12-13T13:04:01.000Z,2024-01-16T20:48:28.000Z,30c1d3f6b15390eb620a57dc4597376a,loitering,"[123.541013, 37.046458, 123.54706, 36.983898]",37.0152,123.544,[],['8486'],"['PICES', 'IWC', 'ACAP', 'WCPFC']",['61'],['61'],[],[],[],[],84,86,78.704133,82.407461,cca82f70f-ff33-a54e-fde4-9dac0f203b59,LIAOYU65102-52-99%,651020052,,gear,chn-chn-206,CHN,CHN-206,91fbcd4c8f4402418fbaf0d77abcbde4,823.7408333333334,56.049244680069975,0.036739918392890515,82.89669448208548
2023-12-13T13:43:16.000Z,2024-01-04T13:34:36.000Z,c602818e608bea05e5a5ccf088604ef2,loitering,"[122.885237, 37.712205, 123.15312, 37.849552]",37.7809,123.0192,[],['8486'],"['ACAP', 'IWC', 'PICES', 'WCPFC']",['61'],['61'],[],[],[],[],37,63,36.88868,63.828766,6ec07358e-ef7f-8ba1-9f12-7fd97c06f79a,LIAOYINYU21888-1-99%,218880001,DEU,gear,,,,,527.8555555555557,116.99725552481381,0.11967945291355767,46.02047831451985
2023-12-13T16:07:37.000Z,2024-01-04T04:12:46.000Z,f8624b4d498e293060d57b98a12b2c01,loitering,"[122.745333, 31.378753, 122.745073, 31.427077]",31.4029,122.7452,[],['8486'],"['ACAP', 'PICES', 'WCPFC', 'IWC']",['61'],['61'],[],[],[],[],57,63,14.509656000000001,18.833896,d77f3cc4a-a8e1-0c8c-3462-df69a0d367a1,,60110005,,gear,,,,,516.0858333333334,30.283891617856643,0.03168463898449215,59.4066082494186
2023-12-13T17:59:35.000Z,2024-01-19T23:58:29.000Z,20e2f33a1856192412eff8b72282c4fd,loitering,"[104.71980666666667, 2.03824, 104.73746666666666, 2.0305416666666667]",2.0344,104.7286,[],['8483'],"['ACAP', 'IWC', 'APFIC', 'WCPFC', 'SEAFDEC']",['71'],['71'],[],[],[],[],49,51,52.857625,52.727938,075639b63-3355-ef81-a0db-8c7582b60c8d,AMAK,353760000,PAN,other,,,,,893.9816666666666,49.02919623090516,0.029613189017123346,48.95917318297219
2023-12-13T18:55:57.000Z,2024-03-06T23:59:50.000Z,9ae294a26cbb679fd7ca5ea17fe60734,loitering,"[123.21019666666666, -13.944366666666667, 123.21044666666667, -13.944405]",-13.9444,123.2103,[],['8323'],"['IWC', 'FFA', 'IOTC', 'CCSBT', 'ACAP']","['57.5.1', '57.5', '57']",['57'],[],[],[],[],173,173,6.993196,6.993196,0a09aad79-9a24-cc49-b06a-9e3acbb7e34a,NOBLE DELIVERER,538010666,MHL,other,aus-ichthysfield,AUS,,b1f3c65c88a447522abfbb3220bf5469,2021.0647222222221,84.3010583627253,0.0225222525043246,173.00000000000006
2023-12-14T05:28:00.000Z,2024-01-02T07:11:04.000Z,17dfa8d4e85f1a982ace13160c8d78fe,loitering,"[66.610447, -2.8559330000000003, 68.120882, -2.581648]",-2.7188,67.3657,[],[],"['SIOFA', 'IWC', 'ACAP', 'IOTC']","['51', '51.4']",['51'],[],['63203'],[],[],628,499,807.636125,696.219938,6e20fb4c9-9e2b-ff68-a926-9e82aa5a861c,IMULA 1884MTR NET 9,964171104,,gear,,,,,457.7177777777778,476.5053093822613,0.5621199266781416,578.068265177708
2023-12-14T06:27:48.000Z,2024-01-14T07:06:33.000Z,34cfc1ecff7861a2af0b2ed00c96e467,loitering,"[121.73451, 27.026698, 121.466663, 27.029422]",27.0281,121.6006,[],['8486'],"['ACAP', 'APFIC', 'IWC', 'WCPFC']",['61'],['61'],[],[],[],[],78,59,64.669305,58.557483999999995,ced0379e3-3a7b-f94d-8ca4-c6d31649c98c,TIELONG61871-15-92%,412187115,CHN,gear,,,,,744.6458333333333,65.76613384071774,0.04768826979842798,75.36775487835685
2023-12-14T06:54:09.000Z,2024-01-01T19:58:06.000Z,8694cc8f2b4d7b8e09ef468940dce645,loitering,"[123.3032, 37.430213, 123.301748, 37.425513]",37.4279,123.3025,[],['8486'],"['ACAP', 'PICES', 'IWC', 'WCPFC']",['61'],['61'],[],[],[],[],54,54,53.419093999999994,53.419093999999994,f172b287b-b0f4-2f0c-f945-654ef6d83349,LURONGYU51998-12599%,519980125,,gear,,,,,445.06583333333333,23.83147935338099,0.02891250787978409,54.15214311899723
2023-12-14T06:55:07.000Z,2024-01-07T23:00:39.000Z,fe0abe17b92d18467e934d3ea2354419,loitering,"[123.053033, 30.88809, 123.817472, 27.74341]",29.3158,123.4353,[],['8486'],"['APFIC', 'ACAP', 'WCPFC', 'IWC']",['61'],['61'],[],[],[],[],27,199,18.763434,197.2115,ba877c750-0e50-dce9-40ff-602d84444cc5,NET-ZSY05851-07-99%,58510007,,gear,,,,,592.0922222222223,552.5656195642429,0.5039106315560751,102.65705316776557
2023-12-14T07:37:21.000Z,2024-01-12T09:16:40.000Z,09e1f3fd47f25d5a6dcacc3250fafb05,loitering,"[121.762043, 26.936402, 121.396985, 26.94343]",26.9399,121.5795,[],['8486'],"['IWC', 'APFIC', 'WCPFC', 'ACAP']",['61'],['61'],[],[],[],[],86,63,75.073078,56.816832000000005,4b872c2a6-6cbc-0e5c-186d-3e5cf8e6a33a,TIELONG61871-18-89%,412187118,CHN,gear,,,,,697.6552777777779,89.95073931329352,0.06961821291281875,82.20495981797953
2023-12-14T09:59:03.000Z,2024-01-09T13:47:41.000Z,0db6540acd18bdd966d8c5ef309afc21,loitering,"[-170.30599, -44.964445, -169.663412, -44.54598]",-44.7552,-169.9847,[],[],"['SPRFMO', 'WCPFC', 'IWC', 'ACAP']",['81'],['81'],[],['63203'],[],[],470,519,1188.68775,1210.583125,5352a044b-b562-c698-2ebe-0edeff9b9860,SD-1095 (UNCREWED),338431609,USA,other,,,,,627.8105555555557,696.6263620178479,0.5991427514392293,462.9525711943351
2023-12-14T09:59:22.000Z,2024-01-10T15:59:36.000Z,141c5e83f7a7dbdc98f4bafbcaf44c07,loitering,"[3.1757766666666667, 52.11371333333334, 3.2365633333333332, 52.11317]",52.1134,3.2062,[],['5668'],"['IWC', 'ACAP', 'ICES', 'NASCO', 'NEAFC', 'ICCAT', 'NAMMCO']","['27.4.c', '27', '27.4']",['27'],[],[],[],[],55,52,11.203246,11.450829,c1f373220-0da9-2201-1434-5583db83833d,SEAFOX 4,235066352,GBR,other,nld-rotterdammaasvlakte,NLD,ROTTERDAM MAASVLAKTE,7fe8b575f7fc435022b5db9ba9f867f0,654.0038888888889,86.64086317194227,0.0715321794285457,55.99543244003513
2023-12-14T15:59:31.000Z,2024-01-07T22:59:32.000Z,797284b10514efd2a36f47b81bb19d0e,loitering,"[56.8626, 25.50945, 56.8605, 25.5162]",25.5128,56.8616,[],['8360'],"['IWC', 'RECOFI', 'IOTC', 'ACAP']","['51.3', '51']",['51'],[],[],[],[],50,50,24.934598,24.356912,7c22c21c0-0658-a100-83df-4a48387b4f70,PANOPI,636020601,LBR,cargo,are-khorfakkan,ARE,KHOR FAKKAN,ba7cd32d9ff5b2628cc1e0d80b9110ab,583.0002777777779,21.641143457960908,0.02004335690752688,49.999999999999986
2023-12-14T17:52:29.000Z,2024-01-19T06:31:55.000Z,7e516904bcb4ced5877d5df711c82404,loitering,"[71.24074666666667, 19.318785, 71.23322666666667, 19.291403333333335]",19.3051,71.237,[],['8480'],"['IOTC', 'ACAP', 'IWC']","['51', '51.4']",['51'],[],[],[],[],155,157,7.124605,9.92296,f18ae4983-3ab3-afde-8b00-814ca5f040f4,SANGITA,419004400,IND,other,ind-mumbai,IND,MUMBAI,6c40a8b876af26c028a4cea55dbfc00a,852.6572222222221,28.21477540726244,0.017867390953918476,157.8628545450773
2023-12-14T18:58:07.000Z,2024-01-10T15:59:42.000Z,7b67b3de50753cd6067afb6cd42a2a53,loitering,"[104.72288166666667, 1.9767166666666667, 104.71851666666667, 1.96665]",1.9717,104.7207,[],['8483'],"['IWC', 'WCPFC', 'SEAFDEC', 'ACAP', 'APFIC']",['71'],['71'],[],[],[],[],55,56,46.750594,45.748093999999995,d9094bc36-64b8-d8e0-67da-147a533f8d9c,AURIGA,352001541,PAN,other,mys-telokramunia,MYS,TELOK RAMUNIA,96c3fc7a5cb048398087fb00efb09d65,645.0263888888892,127.64460619725611,0.10685233151369175,55.91884482885535
2023-12-14T20:59:03.000Z,2024-01-18T12:06:07.000Z,88e741faacea8e762d6d65d7727c72ed,loitering,"[-18.224035, -5.726613, -17.604655, -5.246505]",-5.4866,-17.9143,[],[],"['ACAP', 'IWC', 'ICCAT']","['34', '34.4', '34.4.1']",['34'],[],['63203'],[],[],485,459,484.52040600000004,459.186812,7e8c39b6e-e6f1-7a74-bd3d-2ba35618bd9e,LQ22012,111112766,,gear,,,,,831.1177777777777,370.87393300649467,0.24094768359627478,471.31782913276686
2023-12-14T20:59:29.000Z,2024-01-01T15:51:42.000Z,746d974ce66f8d4f00a9c54321ebaccb,loitering,"[92.56, 19.67, 92.55124, 19.661326666666668]",19.6657,92.5556,[],['8482'],"['BOBP-IGO', 'IOTC', 'ACAP', 'APFIC', 'IWC', 'SEAFDEC']","['57.1', '57']",['57'],[],[],[],[],51,53,2.094127,1.527364,0ea51a7f4-498f-c9c2-cec8-272a05109f02,LANPAN 34,563520000,SGP,other,,,,,426.8702777777778,83.623252145606,0.10577673422982925,52.6701246065173
2023-12-14T22:30:06.000Z,2024-01-05T16:22:39.000Z,66d25b970b0d4326fcccfc7de98968e3,loitering,"[121.714385, 26.833097, 121.661637, 26.752153]",26.7926,121.688,[],['8486'],"['APFIC', 'WCPFC', 'ACAP', 'IWC']",['61'],['61'],[],[],[],[],91,95,86.30825,87.890258,f75883291-11eb-4304-9447-a683ad542311,TIELONG61589-47-70%,412158947,CHN,gear,,,,,521.8758333333335,48.68894567236411,0.05037582848195839,98.9297497115103
2023-12-15T00:54:23.000Z,2024-01-05T07:53:44.000Z,0c03baecd9c7e2863cdc9841f7dde05e,loitering,"[76.004428, -16.974447, 76.829623, -17.050432]",-17.0124,76.417,[],[],"['IWC', 'IOTC', 'SIOFA', 'ACAP']","['51.7', '51']",['51'],[],['63203'],[],[],1124,1166,1144.75625,1186.58,493726167-7ad3-d897-7d73-abffc59726cb,994140008         9V,994140008,,gear,,,,,510.98916666666673,454.6390171983829,0.4804122014054907,1146.8960837427958
2023-12-15T03:14:47.000Z,2024-01-11T12:25:11.000Z,37e0cee590179b54635c4f8778c1772d,loitering,"[122.577002, 31.468272, 122.577467, 31.47386]",31.4711,122.5772,[],['8486'],"['ACAP', 'PICES', 'IWC', 'WCPFC']",['61'],['61'],[],[],[],[],66,66,8.660697,8.660697,dfd211aaa-a478-012d-0d9f-c2f37e497afa,ZHELINYU21998-9--50%,232199809,GBR,gear,,,,,657.1733333333333,45.64667370755805,0.03750491806857572,65.86430086339735
2023-12-15T05:20:53.000Z,2024-01-01T04:44:15.000Z,cc2bdaccf67e06d2386dea3e1cad9e0a,loitering,"[107.061285, -13.772737, 107.023062, -13.886137]",-13.8294,107.0422,[],[],"['ACAP', 'SEAFDEC', 'IOTC', 'IWC', 'CCSBT']","['57', '57.2']",['57'],[],['63203'],[],[],386,397,400.953,411.76109399999996,4924fc5e8-8a95-9d9a-db4a-f8cfd2dd600f,994171573         9V,994171573,,gear,,,,,407.38944444444445,67.00787028258148,0.08881269737731877,390.6669774904087
2023-12-15T07:18:36.000Z,2024-02-12T04:20:01.000Z,40cd7eeced49cf1a0e4dd43b6e7dfa65,loitering,"[119.87661, 34.97461, 119.877938, 34.97533]",34.975,119.8773,[],['8486'],"['WCPFC', 'ACAP', 'PICES', 'IWC']",['61'],['61'],[],[],[],[],42,43,4.540127999999999,3.457982,2bd6778be-ec4e-0055-cd64-df001d0f2623,YU.WANG.QU.3639-04,222200094,,other,chn-chn-164,CHN,CHN-164,51991382540cdf433e5d1a3b52eb1509,1413.0236111111112,59.64684460079503,0.022792768141744118,42.5044991492739
2023-12-15T07:36:17.000Z,2024-01-22T05:43:13.000Z,6263462b71fe2cb8a8f65df7592cf7d3,loitering,"[119.885848, 34.961247, 119.885177, 34.96072]",34.961,119.8855,[],['8486'],"['ACAP', 'IWC', 'WCPFC', 'PICES']",['61'],['61'],[],[],[],[],43,43,5.221184,5.221184,ec0fa9517-7b5d-f37c-6e91-dd9668339ee8,YU.WANG.QU.3639-06,222200114,,other,,,,,910.1155555555554,53.68126255842336,0.03184822274444067,42.72685416586279
2023-12-15T10:58:41.000Z,2024-04-03T13:56:08.000Z,45494e5f0f26e2378c2f1223ea784e20,loitering,"[-39.964893333333336, -22.458095, -40.03149166666667, -22.48729]",-22.4727,-39.9982,[],['8464'],"['ACAP', 'ICCAT', 'IWC']","['41.2', '41', '41.2.1']",['41'],[],[],[],[],118,113,1.5140930000000001,1.027381,0c31a69e7-7886-8414-9e26-9d49086df4ee,GOLD STAR,372971000,PAN,other,,,,,2642.9575000000013,136.4079754783953,0.027868179645408976,110.83797509643517
2023-12-15T11:58:32.000Z,2024-01-14T00:58:35.000Z,62691693f0ac5b5d43074a5d112463b8,loitering,"[122.99212333333334, 29.73091, 122.99899166666667, 29.714745]",29.7228,122.9956,[],['8486'],"['ACAP', 'IWC', 'WCPFC', 'APFIC']",['61'],['61'],[],[],[],[],49,52,33.815453,34.784039,ba19338a6-60f0-1e1d-a08f-4b8c6eee1f05,DEHANG,477369800,HKG,other,chn-ningbo,CHN,NINGBO,74b6f4e63742fe4a8e169cc52c5a2b42,709.0008333333335,129.7222822445095,0.0987931544853283,51.95629430188358
2023-12-15T12:11:27.000Z,2024-01-06T12:05:56.000Z,597902325a9a59e46df72427707444ab,loitering,"[111.66082666666667, 21.019165, 111.66667, 21.004496666666668]",21.0118,111.6637,[],['8486'],"['ACAP', 'WCPFC', 'IWC', 'APFIC']",['61'],['61'],[],[],[],[],55,57,44.925711,47.343371,29a04d4b9-9fc6-39f4-1ddf-98c734680c6b,OUYANG 008,413544910,CHN,other,chn-zhuhai,CHN,ZHUHAI,0c2e72d90c8ea4ac4bbb8a474bee57fb,527.9080555555556,5.234791775633914,0.005354268426445975,56.23417574578993
2023-12-15T13:59:00.000Z,2024-02-13T12:54:10.000Z,7e5773c39083b29090ba26f099b7ee5f,loitering,"[0.812705, 53.99654, 0.8121233333333333, 53.99048166666667]",53.9935,0.8124,"['555786434', '555624872']",['5696'],"['NAMMCO', 'NEAFC', 'ACAP', 'IWC', 'ICES', 'ICCAT', 'NASCO']","['27.4.b', '27.4', '27']",['27'],[],[],[],[],58,58,27.714234,27.244490000000003,823105488-8f6a-e379-aaf2-644eafcc52ce,HAEVA,244015000,NLD,other,nld-rotterdammaasvlakte,NLD,ROTTERDAM MAASVLAKTE,d09b988646ff18d19b7fb82197013e7e,1438.9194444444452,40.50605769878387,0.015199962388494132,57.001280584302194
2023-12-15T14:55:48.000Z,2024-01-13T16:58:38.000Z,5db3e5b9f42a9c01de785c185c6531fb,loitering,"[107.93833333333333, 9.953333333333333, 107.90915833333334, 9.93207]",9.9427,107.9237,[],['8484'],"['IWC', 'SEAFDEC', 'ACAP', 'APFIC', 'WCPFC']",['71'],['71'],[],[],[],[],77,77,101.02728900000001,98.85507000000001,f00d44b0f-f6d0-e50f-3661-69e7265f4b64,THU BON-07794,574128341,VNM,other,vnm-vungtau,VNM,VUNG TAU,59410e73ecff30ab1848f6058b964f66,698.0472222222222,54.55924549654963,0.0422029267640214,79.02929522858906
2023-12-15T15:56:45.000Z,2024-01-01T10:55:54.000Z,d4461be5905905fe34717cdb325360a0,loitering,"[1.7246516666666667, 54.82687333333333, 1.7257216666666666, 54.82763]",54.8273,1.7252,"['555624872', '555786418', '555786434', '555556968']",['5696'],"['ICES', 'ACAP', 'NAMMCO', 'NASCO', 'ICCAT', 'NEAFC', 'IWC']","['27', '27.4.b', '27.4']",['27'],[],[],[],[],141,141,86.713766,87.32767999999999,6ec9cf329-969d-cdb8-218d-c3c761492d28,VOLTAIRE,253813000,LUX,other,nld-rotterdammaasvlakte,NLD,ROTTERDAM MAASVLAKTE,07eb036ebd913c7c65e0cf876220d660,402.9858333333333,10.701169593666311,0.01433839318677533,141.00000000000003
2023-12-15T17:59:12.000Z,2024-01-04T08:59:22.000Z,023885b852ffd4c448ae8f7e34ca40ad,loitering,"[11.802493333333333, -5.6414349999999995, 11.794561666666667, -5.65076]",-5.6461,11.7985,[],['8478'],"['IWC', 'ICCAT', 'ACAP']","['34.3.6', '34.3', '34']",['34'],[],[],[],[],38,39,1.111949,1.106547,ce27caca1-1c8f-7d80-9ddd-da07888a10e5,BOURBON LIBERTY 319,376966000,VCT,other,,,,,471.00277777777814,46.312748493434356,0.05309285807983511,38.8514166274437
2023-12-15T19:53:07.000Z,2024-01-04T08:57:32.000Z,4c7ae8d33d049a8736d351969255aca8,loitering,"[121.680707, 26.502027, 121.726418, 26.584813]",26.5434,121.7036,[],['8486'],"['WCPFC', 'ACAP', 'IWC', 'APFIC']",['61'],['61'],[],[],[],[],103,109,103.41105499999999,102.625016,a9ab8c54d-dab7-369c-33ae-76556060dcab,TIELONG61799-68%,413179962,CHN,gear,,,,,469.0736111111112,29.768481541219668,0.034266890645699204,105.98383020820914
2023-12-15T20:31:16.000Z,2024-01-07T12:01:50.000Z,2fa959d1ac12ecf4cb8673a2f16db49e,loitering,"[34.28411833333333, 33.20393166666667, 34.28357833333333, 33.20419166666667]",33.2041,34.2838,[],['8375'],"['ICCAT', 'GFCM', 'IWC', 'ACAP']","['37.3', '37', '37.3.2']",['37'],[],[],[],[],75,75,73.12557000000001,73.12557000000001,9faab6d1d-de0d-36a7-2dce-e0538aa9b736,ENERGEAN POWER,538008397,MHL,other,isr-haifa,ISR,,a2f1f80b50a03e27e2ddbd820537271e,543.5094444444447,17.129799395496825,0.017017830729481796,74.99999999999997
2023-12-15T22:13:37.000Z,2024-01-21T23:31:09.000Z,267d3d8057d1cc0088fa1c8f730cabad,loitering,"[123.400512, 37.241085, 123.43954, 37.386427]",37.3138,123.42,[],['8486'],"['PICES', 'WCPFC', 'ACAP', 'IWC']",['61'],['61'],[],[],[],[],65,66,62.109066,65.422891,e3d7774ad-de5e-7e47-f749-475c641d7b75,LURONGYU50881-59-99%,508810059,BRN,gear,,,,,889.2922222222222,88.56460966073095,0.05377429638619097,68.2101062867234
2023-12-16T00:40:02.000Z,2024-01-13T03:24:13.000Z,155c18bf4f80f7420b7b8c19d3a1f204,loitering,"[123.221877, 37.39184, 123.305717, 37.475108]",37.4335,123.2638,[],['8486'],"['ACAP', 'WCPFC', 'PICES', 'IWC']",['61'],['61'],[],[],[],[],47,55,46.000121,55.237426,482d74d12-2840-a425-4909-fc464b69e498,LURONGYU51998-13399%,519980133,,gear,,,,,674.7363888888888,54.79047440652171,0.04384599661074434,52.85429212350711
2023-12-16T00:54:07.000Z,2024-04-22T22:32:46.000Z,13d52b1bd4465982309599508792af3c,loitering,"[-92.2112, 19.54008333333333, -92.19723333333333, 19.539533333333335]",19.5398,-92.2042,[],['8429'],"['NAMMCO', 'ACAP', 'ICCAT', 'IWC']",['31'],['31'],[],[],[],[],79,78,2.458395,2.458395,75553b0dc-cc2e-0b1d-6286-f9b55a8d7475,NEPTUNO,565693000,SGP,other,,,,,3093.6441666666665,810.5078446895895,0.1414639827391414,76.07625023105656
2023-12-16T01:07:54.000Z,2024-01-04T20:45:20.000Z,d7484885114458df9b391b21851546de,loitering,"[123.18577, 37.284037, 123.2341, 37.263303]",37.2737,123.2099,[],['8486'],"['IWC', 'PICES', 'ACAP', 'WCPFC']",['61'],['61'],[],[],[],[],46,50,43.353258000000004,46.951215,684fe9ddb-bf80-b550-b00d-17b4c60283ec,LURONGYU51998-72-99%,519980072,,gear,,,,,475.62388888888887,26.89144543570077,0.03052878389200733,52.22200994546078
2023-12-16T01:28:25.000Z,2024-01-01T22:59:42.000Z,939ec65518b1076dc5bc2427a90b09cc,loitering,"[123.22512, 37.345162, 124.002313, 36.951703]",37.1484,123.6137,[],['8486'],"['IWC', 'PICES', 'ACAP', 'WCPFC']",['61'],['61'],[],[],[],[],48,111,46.848641,116.708469,a3741042f-fb77-6af1-23ac-b4c4719807c7,LURONGYU51998-13237%,519980132,,gear,,,,,405.5213888888889,261.44624250624236,0.3481189432842972,67.28805644102209
2023-12-16T02:56:54.000Z,2024-01-08T09:00:33.000Z,f46fbd8660fb1b26f0a290d343830e04,loitering,"[119.776333, 35.074213, 119.77624, 35.074455]",35.0743,119.7763,[],['8486'],"['WCPFC', 'ACAP', 'IWC', 'PICES']",['61'],['61'],[],[],[],[],38,38,0.910076,0.910076,ab92e0274-417a-cca6-9b8a-37d1ae818976,,60000006,,other,,,,,558.0608333333334,11.114070286735544,0.01075351916306847,37.999999999999986
2023-12-16T02:58:18.000Z,2024-01-07T15:59:14.000Z,4cb980e435db9525e984cd42d611e0b2,loitering,"[-55.539208333333335, -35.206336666666665, -55.535021666666665, -35.20529666666667]",-35.2058,-55.5371,[],['8467'],"['ACAP', 'IWC', 'ICCAT', 'CCSBT', 'CTMFM']","['41.2', '41', '41.2.3']",['41'],[],[],[],[],42,42,1.111949,1.111949,e0b7b171f-f65f-d168-883a-216985377653,LARCH ARROW,311001338,BHS,cargo,,,,,541.0155555555557,44.45738292786434,0.044370381090219235,41.57794082876451
2023-12-16T05:59:42.000Z,2024-01-10T03:48:16.000Z,c59527e9886cfdd74bf82dbdf934ed6a,loitering,"[105.2057, 2.331123333333333, 105.21655166666666, 2.3404183333333335]",2.3358,105.2111,[],['8492'],"['SEAFDEC', 'ACAP', 'APFIC', 'IWC', 'WCPFC']",['71'],['71'],[],[],[],[],76,76,110.14844500000001,111.718922,82ba53bbf-f363-3fd0-6824-e09cec6382b4,ASIATIC NEPTUNE,565626000,SGP,cargo,mys-telokramunia,MYS,TELOK RAMUNIA,a11d3a19633917600bee0dcf13bfb934,597.8094444444447,43.96955059277624,0.03971442440077829,75.99999999999997
2023-12-16T08:50:19.000Z,2024-01-15T21:25:42.000Z,a99d74758160b71c07a0895ca5e65e09,loitering,"[119.87108, 35.058402, 119.87116, 35.058492]",35.0584,119.8711,[],['8486'],"['PICES', 'IWC', 'ACAP', 'WCPFC']",['61'],['61'],[],[],[],[],45,45,5.850348,5.850348,56f2f04aa-a484-d19c-b185-48a36808dfe9,,40817011,,gear,chn-rizhao,CHN,RIZHAO,9e6a6bef5ee12970dabbf54450935d33,732.5897222222222,6.1357080654113485,0.004522336600474514,45.0
2023-12-16T10:37:40.000Z,2024-01-02T05:33:08.000Z,5fcf02758683acabb8921951fed7aa2d,loitering,"[-18.04201, -5.525292, -17.64188, -5.52853]",-5.5269,-17.8419,[],[],"['ICCAT', 'ACAP', 'IWC']","['34', '34.4', '34.4.1']",['34'],[],['63203'],[],[],479,443,479.395438,443.23775,d65bfba35-5857-60a6-08da-cfac77f71328,188-15,111112760,,gear,,,,,402.9244444444444,182.58836204059017,0.2446856468378083,467.0429624673786
2023-12-16T12:59:31.000Z,2024-01-03T23:56:26.000Z,2db4152d3c4d1ef3ff9e9f2cf537c54e,loitering,"[50.35339, 27.844891666666665, 50.339605, 27.837296666666667]",27.8411,50.3465,[],['8356'],"['RECOFI', 'IWC', 'IOTC', 'ACAP']","['51.2', '51']",['51'],[],[],[],[],53,52,2.25902,3.152237,82a5d9812-27b9-4bd6-f579-4bf8d486afce,POSH PINTAIL,563038300,SGP,other,,,,,442.9486111111113,8.15563726837298,0.00994176687568482,54.001633997233675
2023-12-16T18:43:30.000Z,2024-01-23T01:46:52.000Z,8f87ba9662ce3bd64b780b4e6ba5baa9,loitering,"[108.41, 17.611666666666668, 108.41039, 17.613381666666665]",17.6125,108.4102,[],['8486'],"['APFIC', 'ACAP', 'SEAFDEC', 'IWC', 'WCPFC']",['61'],['61'],[],[],[],[],103,103,100.861492,100.861492,b0563ca55-5ca3-d4c1-0d4d-298b9b91b24f,LD15-1,412470320,CHN,other,,,,,895.0561111111111,23.454172494805015,0.014149101772259667,102.99999999999999
2023-12-16T19:59:57.000Z,2024-01-05T17:59:42.000Z,5a98877345e72a1b0c8fd0cde3589c1f,loitering,"[56.8606, 25.47905, 56.85573333333333, 25.4765]",25.4778,56.8582,[],['8360'],"['ACAP', 'IOTC', 'IWC', 'RECOFI']","['51.3', '51']",['51'],[],[],[],[],50,50,26.869984,26.869984,f7fe26519-9388-39bb-3b2b-b63528f039ce,SEVEN PEARLS,341157001,KNA,other,are-khorfakkan,ARE,KHOR FAKKAN,41ad48a85944718b71f9cf6a093cd203,477.99583333333356,33.31420100504443,0.03763260729476073,49.99999999999997
2023-12-16T20:44:55.000Z,2024-01-02T12:23:03.000Z,1fc52f0190105366f4421a3b4aa35f28,loitering,"[71.78492666666666, 19.014076666666668, 71.78333333333333, 19.008333333333333]",19.0112,71.7841,[],['8480'],"['ACAP', 'IOTC', 'IWC']","['51', '51.4']",['51'],[],[],[],[],106,106,28.751258,28.751258,e32ab6d38-8d11-518c-8cc0-97e3babe5e83,PREM PRIDE,419554000,IND,other,,,,,399.63555555555564,20.60305094453336,0.027837256657457603,105.81720547769399
2023-12-16T22:58:56.000Z,2024-01-02T10:59:42.000Z,21fdba027686e550015a81a652f70749,loitering,"[120.81986166666667, 39.99548, 120.813285, 39.99283166666667]",39.9942,120.8166,[],['8486'],"['PICES', 'IWC', 'ACAP', 'WCPFC']",['61'],['61'],[],[],[],[],39,39,3.335848,2.381537,6a3df9764-42da-c55c-841c-9a4dc5173db5,LAN JIANG,412986000,CHN,other,chn-tianjin,CHN,TIANJIN,a461b771c0b736703878f22ac057edd6,396.01277777777784,3.662387251393961,0.00499360380333325,39.03290705464093
2023-12-17T00:19:38.000Z,2024-01-05T06:33:14.000Z,714a30f62749d9e1271b6f5815c39520,loitering,"[75.948923, -16.929347, 76.882115, -17.015033]",-16.9722,76.4155,[],[],"['IOTC', 'IWC', 'SIOFA', 'ACAP']","['51', '51.7']",['51'],[],['63203'],[],[],1118,1165,1138.743,1185.753,a0bc50997-7c72-6d14-4d0a-20f2f1efe58a,994164284         9V,994164284,,gear,,,,,462.2266666666667,307.3210684748541,0.35900157592583665,1148.6531018573014
2023-12-17T00:58:21.000Z,2024-01-15T13:59:56.000Z,9f3bb1e721ff219593b4989f58cef7c8,loitering,"[49.99156166666667, 28.151675, 49.989196666666665, 28.15405833333333]",28.1529,49.9904,[],['8356'],"['IWC', 'IOTC', 'RECOFI', 'ACAP']","['51.2', '51']",['51'],[],[],[],[],50,50,0.980423,0.980423,b406d5ae0-064b-62c5-8cdb-2bbe4cfa2605,RAWABI 504,572559220,TUV,other,,,,,709.0263888888892,29.579312561413904,0.022526031907088392,50.29151945178037
2023-12-17T02:58:32.000Z,2024-01-31T14:18:05.000Z,7b35193fe85dcf57f2c0da8ddacce9bb,loitering,"[119.892682, 35.020065, 119.900995, 35.025997]",35.023,119.8968,[],['8486'],"['ACAP', 'WCPFC', 'IWC', 'PICES']",['61'],['61'],[],[],[],[],46,47,1.111949,2.403118,9d92f8af8-8729-2f38-5176-3427ea1ec59c,YUWANGQU-4-------8V1,412000004,CHN,other,,,,,1091.3258333333333,90.79327532575071,0.04492191536456903,46.999576955257844
2023-12-17T04:57:16.000Z,2024-01-13T03:59:19.000Z,01cd461cb19535e3c1b249d84f12b036,loitering,"[121.38604666666667, 38.05898, 121.35856666666666, 38.071891666666666]",38.0654,121.3723,[],['8486'],"['WCPFC', 'IWC', 'ACAP', 'PICES']",['61'],['61'],[],[],[],[],39,37,27.654967,27.829098000000002,391b79c3e-e8ce-e7ba-36e8-e19506f8fdf7,EVGENIA I,215049000,MLT,other,chn-yantai,CHN,YANTAI,d083136f637b8c4fe775522070f1e66c,647.0341666666668,58.667909103790436,0.04895898593471537,37.41631113533336
2023-12-17T05:23:50.000Z,2024-01-08T13:42:11.000Z,3d8108c5eceb4262a4819f61664a1056,loitering,"[112.34076, 8.927453333333334, 112.34, 8.93]",8.9287,112.3404,[],['49003'],"['WCPFC', 'SEAFDEC', 'APFIC', 'IWC', 'ACAP']",['71'],['71'],[],[],[],[],221,221,92.359508,92.359508,c1a5598e0-0520-7d5c-b085-28f88bba1ac2,KIEM NGU-464,574128135,VNM,other,vnm-vnm-44,VNM,,447c3a06291bc0c43bdeaffbf0b101bd,536.3058333333333,34.373917398360554,0.03460792220981469,221.00391331470595
2023-12-17T06:55:41.000Z,2024-02-06T18:59:59.000Z,32b90dfbe0b9501833a3a58bc7dbcb72,loitering,"[-36.89088, -4.426338333333334, -36.920383333333334, -4.424893333333333]",-4.4256,-36.9056,[],['8464'],"['ACAP', 'IWC', 'ICCAT']","['41.1.2', '41', '41.1']",['41'],[],[],[],[],54,54,46.443504000000004,46.423913999999996,975e4cf44-4f04-1fc7-714d-c1a095953035,ODN II,311041300,BHS,other,bra-camposbasin,BRA,CAMPOS BASIN,290753885fd78d7e158f17e84d2e9020,1236.0716666666674,31.499430237481484,0.013759988292243347,53.54969957090959
2023-12-17T06:56:37.000Z,2024-04-28T19:59:01.000Z,81a66e757eb880c5a8671c34992558e0,loitering,"[-40.07116833333333, -21.352851666666666, -40.060316666666665, -21.338016666666668]",-21.3454,-40.0657,[],['8464'],"['IWC', 'ACAP', 'ICCAT']","['41.2.1', '41.2', '41']",['41'],[],[],[],[],81,81,1.519558,0.0,8ab54beef-f79f-f1a5-8567-8c9fb33bb5cf,OLYMPIA I,373106000,PAN,other,,,,,3205.0399999999995,194.76038473244805,0.032811507744034255,81.03605914395469
2023-12-17T07:33:44.000Z,2024-01-02T00:32:12.000Z,9c914dd8d9348c28fdb43de52e7a8e8b,loitering,"[106.77166666666666, 6.423333333333333, 106.77333333333333, 6.4]",6.4117,106.7725,[],['8484'],"['ACAP', 'SEAFDEC', 'WCPFC', 'IWC', 'APFIC']",['71'],['71'],[],[],[],[],226,224,262.73125,261.602938,c4a66f569-9dd3-c571-796d-4a05ee373147,KIEM NGU - 219,574128014,VNM,other,vnm-hochiminh,VNM,HO CHI MINH,1577dd435fcc989bcce6af32b175f785,376.97444444444454,17.858554973423423,0.025579580790944332,225.1298699020792
2023-12-17T08:47:41.000Z,2024-04-10T06:59:00.000Z,65fc237c4b6fd2ccaffcc83471627f7e,loitering,"[53.27586, 25.272225, 53.26333666666667, 25.286545]",25.2794,53.2696,[],['8360'],"['RECOFI', 'IOTC', 'ACAP', 'IWC']","['51.2', '51']",['51'],[],[],[],[],42,41,3.484142,3.214456,c571715b6-6637-55e8-c0c0-23f8cf4b51ae,RIG YEMILLAH,470872000,ARE,other,,,,,2758.1886111111103,195.3884049578213,0.03825021180507211,40.99990224257061
2023-12-17T08:55:47.000Z,2024-02-01T09:57:29.000Z,3055f922da1dfd9d9e27eb81bfcb6854,loitering,"[104.71367333333333, 2.01744, 104.71508666666666, 2.0154633333333334]",2.0165,104.7144,[],['8483'],"['SEAFDEC', 'ACAP', 'APFIC', 'IWC', 'WCPFC']",['71'],['71'],[],[],[],[],51,51,50.378913999999995,50.806168,f7fd13232-2200-46b9-7449-6a1ac8d8bfd2,PRADA,613972404,CMR,other,lka-colombo,LKA,COLOMBO,abfa30e2aa3c0fe5e5e73d2eda9a6625,1105.0283333333332,296.60887659585865,0.14493382300902666,51.8166579161196
2023-12-17T08:56:52.000Z,2024-01-01T20:54:48.000Z,463ad6115bf96d1a646b2fa68120de7b,loitering,"[-20.747218, -6.290373, -21.067668, -6.090423]",-6.1904,-20.9074,[],[],"['ACAP', 'IWC', 'ICCAT']","['41.1', '41', '41.1.4']",['41'],[],['63203'],[],[],722,762,721.2925620000001,761.28775,60ebe4e14-402d-8420-e124-769a91a4d96f,994127040         9V,994127040,,gear,,,,,371.96555555555557,217.0739423331736,0.3151113060473856,739.8164867958727
2023-12-17T09:44:15.000Z,2024-01-03T11:31:35.000Z,18479d71227608a0c6845cd5e91d4ba2,loitering,"[-11.350018, -5.373267, -10.84139, -5.642068]",-5.5077,-11.0957,[],[],"['ICCAT', 'IWC', 'ACAP']","['34.4.1', '34.4', '34']",['34'],[],['63203'],[],[],433,460,441.138469,468.655688,865653c55-5e40-ff8a-fa46-27471c69ed6b,SS8 BUOY-14  100%,168805326,,other,,,,,409.7888888888889,272.95863754685246,0.3596629323090076,440.1892889964079
2023-12-17T09:53:13.000Z,2024-01-03T18:21:04.000Z,fed1ef0afcb22cda7f094f32152c00c3,loitering,"[-11.285095, -5.372402, -10.753627, -5.648398]",-5.5104,-11.0194,[],[],"['ICCAT', 'IWC', 'ACAP']","['34', '34.4.1', '34.4']",['34'],[],['63203'],[],[],438,468,446.234969,476.44993800000003,fe331df81-1941-b202-2650-48e1841e1802,BUOY-20  100%,168803941,,gear,,,,,416.46416666666664,290.04281130736797,0.3760481736335971,445.8643241202527
2023-12-17T09:53:20.000Z,2024-06-07T01:59:08.000Z,c0c831351c9a72981efb1840e365d276,loitering,"[49.348281666666665, 28.481881666666666, 49.36807833333334, 28.481253333333335]",28.4816,49.3582,[],['8356'],"['IWC', 'IOTC', 'ACAP', 'RECOFI']","['51', '51.2']",['51'],[],[],[],[],76,78,1.95477,0.0,3b2c4933a-a7f4-35eb-8d29-78b14ea9a89b,COSLGIFT,563684000,SGP,other,,,,,4144.096666666667,183.86954215078487,0.023957358676303046,77.9998858379338
2023-12-17T09:57:27.000Z,2024-01-04T08:38:12.000Z,96b76da369da085fbca0ef5349d2822e,loitering,"[123.531818, 37.493663, 123.504565, 37.507818]",37.5007,123.5182,[],['8486'],"['IWC', 'PICES', 'WCPFC', 'ACAP']",['61'],['61'],[],[],[],[],74,72,74.493102,72.325125,1ebbe5e78-82d4-2f27-b35f-4b50e4a3c541,75226-40-99%,752260040,,gear,,,,,430.67916666666673,38.21720986026426,0.04791418779983904,72.80909147810033
2023-12-17T09:57:28.000Z,2024-01-11T03:57:19.000Z,a0e23b4e1f5abe8c5591e6cc335375ce,loitering,"[123.32981666666667, 31.564661666666666, 123.327885, 31.56092]",31.5628,123.3289,[],['8486'],"['ACAP', 'PICES', 'WCPFC', 'IWC']",['61'],['61'],[],[],[],[],99,99,65.002441,65.002441,ddffb1478-8c23-2448-2db5-594c2c8db2c0,TB LINHAI,538009951,MHL,cargo,chn-yangshan,CHN,YANGSHAN,8b5586679deb55bbdf0968710b2dfb3e,593.9975000000003,83.85526424711956,0.07622628114732752,97.36648610025013
2023-12-17T09:58:14.000Z,2024-01-22T08:59:21.000Z,37f97841e2a6fda03bf07c12f308d9c9,loitering,"[49.18711166666667, 28.380618333333334, 49.201903333333334, 28.404288333333334]",28.3925,49.1945,[],['8356'],"['ACAP', 'IOTC', 'RECOFI', 'IWC']","['51', '51.2']",['51'],[],[],[],[],57,59,0.978309,0.978125,03a3ea703-3681-f535-4f20-e606a88a446a,QMS GLADIATOR,356771000,PAN,other,,,,,863.0186111111113,22.558514928406936,0.014113975590594309,57.00083794925279
2023-12-17T10:04:14.000Z,2024-01-03T01:53:41.000Z,ec17404494274101a1a7586c2989df94,loitering,"[123.532362, 37.535023, 123.516747, 37.598343]",37.5667,123.5246,[],['8486'],"['PICES', 'ACAP', 'IWC', 'WCPFC']",['61'],['61'],[],[],[],[],75,76,75.663148,76.739062,5b0feb809-9208-9abf-2cfe-9022db21eb1f,75226-53-99%,752260053,,gear,,,,,399.82416666666666,35.382381823056,0.047783399255490765,73.51021248545423
2023-12-17T11:57:00.000Z,2024-03-06T10:57:34.000Z,45bbbb5f305651ab5ad08f39f4bf26c0,loitering,"[49.615136666666665, 28.608136666666667, 49.62943666666666, 28.595156666666668]",28.6016,49.6223,[],['8356'],"['IOTC', 'IWC', 'RECOFI', 'ACAP']","['51', '51.2']",['51'],[],[],[],[],95,95,1.111949,0.9762730000000001,4f0ce1aa1-1945-e3eb-41cb-ffe746a35da6,DIXIE PATRIOT,352177000,PAN,other,,,,,1919.009444444445,20.278011390527332,0.005705678126059305,95.0001006836701
2023-12-17T12:00:07.000Z,2024-01-05T09:27:09.000Z,f5aebdc1f22204be03521e4e7031f82c,loitering,"[123.107615, 37.544233, 123.0944, 37.554392]",37.5493,123.101,[],['8486'],"['IWC', 'ACAP', 'WCPFC', 'PICES']",['61'],['61'],[],[],[],[],39,38,40.830023000000004,39.818867,51f49e1cf-f649-35ea-92f0-08ad3134d35a,LIAOYING55023-08-99%,550230008,,gear,,,,,453.4505555555555,30.512322965517672,0.03633325877015288,39.27343189503865
2023-12-17T15:28:54.000Z,2024-01-02T17:13:22.000Z,23101095dace54985cfd2c732594195b,loitering,"[115.26524, 21.176143333333332, 115.265, 21.175]",21.1756,115.2651,[],['8486'],"['IWC', 'APFIC', 'WCPFC', 'ACAP']",['61'],['61'],[],[],[],[],140,140,126.96308599999999,126.96308599999999,2e373b3b7-7eb6-8a92-2167-cfe6a49ac19c,HZ26-1,412465320,CHN,other,chn-guangzhou,CHN,GUANGZHOU,5beb3a31cf655c9683c2b8a472c57626,385.74111111111114,2.2288691401305005,0.0031199501986173077,140.00000000000003
2023-12-17T16:43:26.000Z,2024-01-08T14:45:22.000Z,e2abcb36bf3d3c209ca619dadf1ad795,loitering,"[108.083912, -14.059573, 107.9952, -14.189417]",-14.1245,108.0396,[],[],"['ACAP', 'CCSBT', 'SEAFDEC', 'IWC', 'IOTC']","['57', '57.2']",['57'],[],['63203'],[],[],468,475,481.123094,488.72128100000003,16deb06a2-26f1-01e8-56c9-51b3551d55dc,AIS BUOY-3089  100%,525303089,IDN,gear,,,,,526.0322222222222,110.32941965672545,0.1132499460076875,468.7351465821179
2023-12-17T16:54:27.000Z,2024-01-05T00:59:09.000Z,ad059b9c9e024b1b37567280a1eb31a2,loitering,"[123.266698, 37.364073, 123.26449, 37.35654]",37.3603,123.2656,[],['8486'],"['WCPFC', 'IWC', 'PICES', 'ACAP']",['61'],['61'],[],[],[],[],51,50,50.377668,49.493852,f80633270-0a8e-cfbe-0b20-c3afe21045a6,LURONGYU51998-94-99%,519980094,,gear,,,,,440.07833333333343,26.95553212726159,0.03307325505584435,50.265047995395165
2023-12-17T18:41:20.000Z,2024-01-06T17:40:19.000Z,315907eff057d6eed04dc6eda1e22513,loitering,"[123.54048, 37.029468, 123.540907, 37.022613]",37.026,123.5407,[],['8486'],"['ACAP', 'IWC', 'PICES', 'WCPFC']",['61'],['61'],[],[],[],[],84,84,79.46382799999999,79.864188,cd75d2d50-01d7-171d-45e5-173275cf9b02,LIAOYU65102-58-99%,651020058,,gear,,,,,478.98305555555555,16.905979373127323,0.01905808248480607,84.0
2023-12-17T18:56:35.000Z,2024-01-11T12:34:37.000Z,13f16cd9faa798505d38fe5a9ec433c9,loitering,"[122.74756, 31.387247, 122.742653, 31.421007]",31.4041,122.7451,[],['8486'],"['ACAP', 'PICES', 'IWC', 'WCPFC']",['61'],['61'],[],[],[],[],58,62,15.538257999999999,17.376905999999998,0856e2516-6720-5fd6-8445-eaf7f92f05ca,L21559-01_7.9V,490355901,,gear,,,,,593.6338888888889,23.256988148100223,0.02115406349519627,59.064506687178266
2023-12-17T19:22:51.000Z,2024-02-21T11:35:35.000Z,aae5f29cb8ba6581dfade086cd7c37bd,loitering,"[115.84840833333334, 7.381326666666666, 115.84842, 7.381476666666667]",7.3814,115.8484,[],['8483'],"['ACAP', 'IWC', 'SEAFDEC', 'APFIC', 'WCPFC']",['71'],['71'],[],[],[],[],88,88,116.204406,116.204406,a6ffabed7-783b-ab43-bbc5-0ef99e2e6115,PFLNG DUA,533131077,MYS,other,,,,,1576.2122222222226,38.61415129799368,0.013227897493159271,88.00480504319158
2023-12-17T20:58:05.000Z,2024-01-03T06:40:20.000Z,5c0012231ac6593d5883bf8550ea59e2,loitering,"[53.51869833333333, 24.854523333333333, 53.498983333333335, 24.833658333333332]",24.8441,53.5088,[],['8360'],"['IOTC', 'IWC', 'RECOFI', 'ACAP']","['51', '51.2']",['51'],['8360'],[],[],[],45,43,1.008995,0.0,6063a3d8d-d087-7d0a-494f-e7adbb68fcbe,AWALCO SAPPHIRE,408529000,BHR,other,,,,,393.7041666666667,61.53669761689531,0.08439625829150117,43.72877326857532
2023-12-17T20:58:33.000Z,2024-01-29T20:59:22.000Z,271fbfcdb6d1093993414d2b869b5d17,loitering,"[-94.706895, 28.89774166666667, -94.70667, 28.90216]",28.9,-94.7068,[],['8456'],"['ACAP', 'NAMMCO', 'IWC', 'ICCAT']",['31'],['31'],[],[],[],[],41,41,19.002973,19.002973,6f6e7370b-b3cf-7625-2f0c-db89c8ab5150,TRINITY,367374140,USA,other,usa-bolivar,USA,,dba93be168a4045f484239dfa825c4cf,1032.013611111111,1.7674403156110137,0.0009247372445879006,42.99281364928948
2023-12-17T22:56:32.000Z,2024-02-07T11:54:42.000Z,6cc61ab243a3f318c78c90aef17ff288,loitering,"[-15.02654, 10.142815, -15.02637, 10.138205]",10.1405,-15.0265,[],['8472'],"['ICCAT', 'IWC', 'SRFC', 'NAMMCO', 'ACAP']","['34', '34.3', '34.3.13', '34.3.1']",['34'],[],[],[],[],54,54,34.412918,34.412918,2e309dc37-7c18-5746-756d-126abc1f90d1,NIMBA-1,630001072,GNB,other,gin-kamsar,GIN,,69fea2a068479a2e68f5d402d4a17c40,1236.9694444444453,47.28033519927571,0.020638617045210784,53.99999999999996
2023-12-17T23:54:38.000Z,2024-01-07T01:16:21.000Z,bfad16a87ed45541c642da108d25c214,loitering,"[114.52122833333334, -45.40491333333333, 114.52171833333334, -45.405838333333335]",-45.4054,114.5215,[],[],"['IOTC', 'CCSBT-Primary-Area', 'SIOFA', 'IWC', 'CCSBT', 'ACAP']","['57', '57.4']",['57'],[],['63203'],[],[],1163,1164,1186.82675,1187.899125,84e1a5973-3114-a25e-bf31-133287631af8,YUAN HENG 168,413221470,CHN,other,,,,,481.3619444444444,8.656940002363807,0.009710725381041894,1163.4992082711926
2023-12-17T23:58:55.000Z,2024-02-28T05:42:49.000Z,3cd0c8c9afadab88d1f87addf8fc7cde,loitering,"[119.949532, 34.995282, 119.954202, 34.991197]",34.9932,119.9519,[],['8486'],"['ACAP', 'PICES', 'IWC', 'WCPFC']",['61'],['61'],['8486'],[],[],[],50,49,5.576778,5.900289,5d401f298-89e3-fe6c-a2e5-aea8153c399f,YU.WANG.QU.3309-02,234610758,GBR,other,chn-rizhao,CHN,RIZHAO,bd6a9d17d7287e0c530c4aaff97afc95,1733.7316666666675,82.06215662817971,0.02555759961564687,49.51014129586852
2023-12-18T00:08:34.000Z,2024-01-20T03:11:30.000Z,ddbce394d428f9624e20636df6f24c43,loitering,"[119.950288, 34.994802, 119.949735, 34.994947]",34.9949,119.95,[],['8486'],"['IWC', 'WCPFC', 'ACAP', 'PICES']",['61'],['61'],['8486'],[],[],[],49,49,5.900289,5.900289,d1ec201b3-3d01-5f7f-0d1b-b98ba468111c,YU.WANG.QU.309-05,234610315,GBR,other,chn-rizhao,CHN,RIZHAO,8a9a0e21759a23162bfb6fa49440efba,795.048888888889,22.921313882411475,0.015566991600037144,49.561703802271566
2023-12-18T00:12:50.000Z,2024-01-14T01:10:05.000Z,096be04e0f026d5071872c693b073ae5,loitering,"[119.877673, 35.057132, 119.878387, 35.057573]",35.0574,119.878,[],['8486'],"['IWC', 'PICES', 'WCPFC', 'ACAP']",['61'],['61'],[],[],[],[],46,46,5.633801999999999,5.633801999999999,546f95cf6-69a1-7708-3fc1-f54594c067b8,,40817015,,gear,chn-lanshan,CHN,LANSHAN,6e8889b0b489b723814abcc7d812514e,648.9541666666668,7.578889412133589,0.006305950575431105,45.999999999999986
2023-12-18T00:56:16.000Z,2024-01-06T00:44:44.000Z,a85865d4547612a27cdb88f3977357c4,loitering,"[123.317578, 37.317535, 123.327765, 37.31249]",37.315,123.3227,[],['8486'],"['PICES', 'ACAP', 'WCPFC', 'IWC']",['61'],['61'],[],[],[],[],56,57,54.916402000000005,55.769402,e7ac03dbc-c5d6-d672-6906-53fd99a13a48,LURONGYU51998-10499%,519980104,,gear,,,,,455.80777777777786,22.46498520610469,0.026612362037144226,56.883325549718414
2023-12-18T03:47:51.000Z,2024-01-02T07:06:32.000Z,bb1b0be7294fa5a14fbee7a596885398,loitering,"[121.008213, 35.537162, 121.058233, 35.578943]",35.5581,121.0332,[],['8486'],"['IWC', 'WCPFC', 'PICES', 'ACAP']",['61'],['61'],[],[],[],[],41,39,19.66566,17.542986,069a8e0aa-ad2c-a79d-b475-d03afcff8cde,,15279022,,gear,,,,,363.31138888888887,17.94725512605792,0.026673379379346385,39.6306403179652
2023-12-18T04:38:17.000Z,2024-01-07T03:40:15.000Z,8ddb281ac679a44d208c9024a6b4096b,loitering,"[120.116453, 34.788917, 120.197867, 34.779827]",34.7844,120.1572,[],['8486'],"['PICES', 'ACAP', 'WCPFC', 'IWC']",['61'],['61'],['8486'],[],[],[],40,43,19.921902,24.898447,92e425b53-36d9-58a0-883d-07f956564409,SUSHEYU04868-15_8.1V,48680015,,gear,,,,,479.0327777777778,15.066938787500307,0.0169831720979556,41.525393106081594
2023-12-18T04:44:56.000Z,2024-01-18T14:07:11.000Z,f238d3f0d31eb13a40225cc38ce7b3c4,loitering,"[119.916553, 35.08931, 119.915487, 35.088978]",35.0891,119.916,[],['8486'],"['WCPFC', 'IWC', 'ACAP', 'PICES']",['61'],['61'],[],[],[],[],46,46,4.539859000000001,4.539859000000001,243a4d324-441a-b768-044b-7e0c8e5ae0b4,,63711003,,gear,,,,,753.370833333333,29.229519995552288,0.020949414929580152,46.000000000000014
2023-12-18T05:09:49.000Z,2024-01-03T05:03:53.000Z,a6752c0153ff4f365d6c9fcdc7df3b02,loitering,"[119.923393, 35.091243, 119.923313, 35.091332]",35.0913,119.9234,[],['8486'],"['ACAP', 'PICES', 'WCPFC', 'IWC']",['61'],['61'],[],[],[],[],46,46,4.539859000000001,4.539859000000001,f2e3a8863-31d9-c153-5235-8da7c20686b6,,60563716,,gear,,,,,383.9011111111112,10.964669053611564,0.0154218039015377,45.99999999999997
2023-12-18T05:34:49.000Z,2024-01-09T04:34:14.000Z,fb402a573de5d883ba9150ef7bdab846,loitering,"[119.929485, 35.082108, 119.929248, 35.082635]",35.0824,119.9294,[],['8486'],"['ACAP', 'PICES', 'WCPFC', 'IWC']",['61'],['61'],[],[],[],[],48,48,5.849862,5.849862,e8a37f195-58fd-252c-7fcf-d3a455e0af52,YU.WANG.QU.598-03,100001668,,other,,,,,526.9902777777778,135.51870984070803,0.1388531296679607,48.00000000000001
2023-12-18T05:48:22.000Z,2024-02-10T10:59:20.000Z,029ffbf5fde67bd506e061a49e17f2ef,loitering,"[52.02949, 26.519591666666667, 52.112811666666666, 26.448813333333334]",26.4842,52.0712,[],['8468'],"['IOTC', 'RECOFI', 'ACAP', 'IWC']","['51.2', '51']",['51'],[],[],[],[],81,80,4.447797,3.186818,b1bee53ca-a15a-3555-cb47-e2f8b05a5cd7,GMS.ENDURANCE.6101,370581000,PAN,other,,,,,1301.1827777777778,21.47320087479198,0.008910816452794694,77.03601532062956
2023-12-18T06:02:37.000Z,2024-01-07T17:19:27.000Z,ff3b0230fe170579bad2ed13bdfcdb2b,loitering,"[-54.615, -44.485, -54.615, -44.485]",-44.485,-54.615,[],[],"['ACAP', 'CCSBT', 'ICCAT', 'IWC']","['41.3', '41', '41.3.1']",['41'],[],['63203'],[],[],736,736,739.857375,739.857375,ebe83159d-d349-4ef0-0084-ac265ce5d8b1,,725003803,CHL,other,,,,,491.2805555555555,0.0,0.0,736.0
2023-12-18T06:57:04.000Z,2024-01-15T08:21:34.000Z,50c46ba00f9c7b0cde06cd22e3c26d63,loitering,"[119.856658, 34.977528, 119.853825, 34.977613]",34.9776,119.8552,[],['8486'],"['IWC', 'ACAP', 'PICES', 'WCPFC']",['61'],['61'],[],[],[],[],41,41,4.312274,4.940042999999999,d6f7a06c1-16b4-a2ec-4cd5-6e6cf4d52d52,YU.WANG.QU.189-01,234411389,GBR,other,chn-rizhao,CHN,RIZHAO,5d770dcfadddf51dc99f81f5ae42a61d,673.4083333333334,29.2535418965575,0.023456271908658594,41.0
2023-12-18T08:01:32.000Z,2024-01-08T07:34:53.000Z,1fcc20e2153da0cbcb1cec37fa5b1139,loitering,"[119.872037, 34.985032, 119.86980199999999, 34.9879]",34.9865,119.8709,[],['8486'],"['ACAP', 'IWC', 'PICES', 'WCPFC']",['61'],['61'],[],[],[],[],43,43,2.874779,2.874779,01bba02d3-35f5-1651-fc42-eba5dce77b5b,YU.WANG.QU.3639-05,222200154,,other,,,,,503.55583333333334,34.37035120699325,0.03685491010704601,42.99969399855338
2023-12-18T08:15:22.000Z,2024-01-05T00:30:20.000Z,16d83b0c2f22d91cd97834ad37936c33,loitering,"[-34.80907, -14.963988, -34.410942, -15.1239]",-15.0439,-34.61,[],[],"['ICCAT', 'IWC', 'ACAP']","['41', '41.1.4', '41.1']",['41'],[],['63203'],[],[],435,480,453.01340600000003,496.885781,2a274f26e-ed25-dab2-7c11-db14122dba36,994018403         9V,994018403,,gear,zaf-capetown,ZAF,CAPE TOWN,06e906acc69f34cdb44c6c5ff7173fd5,424.24944444444446,375.3815768090305,0.4777609940194406,457.4167401398175
2023-12-18T10:10:12.000Z,2024-01-03T10:02:34.000Z,cd506143e063009a20ca57dc165e0807,loitering,"[-32.036102, 10.487593, -32.367247, 10.040412]",10.264,-32.2017,[],[],"['ICCAT', 'IWC', 'ACAP', 'NAMMCO']","['34.4.2', '34', '34.4']",['34'],[],['63203'],[],[],925,982,953.05275,1010.39875,11fba6d3e-e741-3c46-c125-350a1311390c,KR3804  100%,168803678,,gear,,,,,383.87277777777786,345.7970612636296,0.486399366282704,940.0035212110078
2023-12-18T13:34:05.000Z,2024-01-07T00:20:13.000Z,2efa719342247726ec6c726e04d99eaf,loitering,"[-92.178065, 28.470665, -92.174345, 28.470856666666666]",28.4708,-92.1762,[],['8456'],"['IWC', 'ICCAT', 'NAMMCO', 'ACAP']",['31'],['31'],[],[],[],[],117,116,6.952064,7.287373,ec0108a64-4c8c-f1f8-51f5-3a335b8a937d,L/B ROBERT,367514120,USA,other,usa-usa-1687,USA,,c9e7c3c17815c132e7b5ca3f119ea6c2,466.76888888888897,20.63577360866157,0.023871398929548746,116.00002140285416
2023-12-18T15:40:59.000Z,2024-01-01T14:21:41.000Z,0a54f75dee877ff572ccab247d8bd03d,loitering,"[123.079157, 37.561237, 123.073802, 37.566015]",37.5636,123.0765,[],['8486'],"['IWC', 'WCPFC', 'ACAP', 'PICES']",['61'],['61'],[],[],[],[],38,38,39.637769999999996,39.507078,022c23cd5-5dcc-b81e-68a9-88a8231e41d2,LIAOYING55023-07-76%,550230007,,gear,,,,,334.67833333333334,26.581629198687484,0.042885750594656415,37.82320262870342
2023-12-18T15:55:28.000Z,2024-01-02T23:35:59.000Z,4ac9872ee240f9b4d103267686cbc856,loitering,"[121.707047, 26.939183, 121.767988, 26.941615]",26.9404,121.7375,[],['8486'],"['IWC', 'APFIC', 'WCPFC', 'ACAP']",['61'],['61'],[],[],[],[],83,87,74.18957,75.287461,9c8e7f282-2003-f922-88a1-71cabd71075e,TIELONG61871-2-76%,4618712,,gear,,,,,367.67527777777775,22.80297963047997,0.03348776688211729,85.0618842682282
2023-12-18T17:40:22.000Z,2024-01-01T13:25:05.000Z,8b3a20b0db236d1ec0fdfd490c35fd37,loitering,"[122.72276, 31.434688, 122.722777, 31.433722]",31.4342,122.7228,[],['8486'],"['IWC', 'PICES', 'ACAP', 'WCPFC']",['61'],['61'],[],[],[],[],63,63,16.944395,16.944395,091459249-9df6-b920-24ec-60948fa7c7cc,LIN21388--20-48%,522138820,,gear,,,,,331.74527777777786,16.964973465886782,0.027612609604310712,63.05661821201366
2023-12-18T17:56:50.000Z,2024-01-01T13:10:19.000Z,4454bde9d65c6b616c69bb5ee4627a60,loitering,"[123.249258, 37.249447, 123.316148, 37.236153]",37.2428,123.2827,[],['8486'],"['IWC', 'PICES', 'WCPFC', 'ACAP']",['61'],['61'],[],[],[],[],52,59,48.78568,55.049648,a5f5fe605-5594-b203-c5d9-054cefcdf90f,LURONGYU51998-57-82%,519980057,,gear,,,,,331.2247222222222,40.84919396703655,0.06659164826285441,54.998347180400835
2023-12-18T17:59:49.000Z,2024-01-07T17:58:28.000Z,3e9a6d2822e5e1db1dfec95b0dfb4275,loitering,"[56.981761666666664, 25.572171666666666, 56.98046, 25.582085]",25.5771,56.9811,[],['8469'],"['IWC', 'IOTC', 'ACAP', 'RECOFI']","['51', '51.3']",['51'],[],[],[],[],41,40,33.757965,33.554555,a21978fbd-dc95-5253-aa86-fe72b75b0d81,AKOYA GAS,677067900,TZA,other,are-sharjah,ARE,SHARJAH,210d111b57faa8d14e4affdffa188f4f,479.9775,79.38390907103246,0.08930393984679387,40.78004620195914
2023-12-18T18:00:41.000Z,2024-01-02T02:43:13.000Z,8823a734527488d8e9e5b8ae3081abc9,loitering,"[123.459797, 37.060767, 123.470293, 37.064767]",37.0628,123.465,[],['8486'],"['PICES', 'WCPFC', 'ACAP', 'IWC']",['61'],['61'],[],[],[],[],76,77,71.64544500000001,72.478875,c3e8256cf-fb15-4339-1de6-9c145e7f661b,LUSHOUYU65501-29-99%,655010029,MWI,gear,,,,,344.70888888888896,17.76921820346552,0.027833950821451417,76.39243476429455
2023-12-18T18:12:12.000Z,2024-01-05T12:13:36.000Z,05d05aa393cfcb20366ac271126b5718,loitering,"[123.459082, 37.077717, 123.47264, 37.080908]",37.0793,123.4659,[],['8486'],"['ACAP', 'WCPFC', 'IWC', 'PICES']",['61'],['61'],[],[],[],[],76,77,70.908477,71.750242,8e24ca332-2861-6bab-a057-17b4500e78e5,LUSHOUYU65501-28-99%,655010028,MWI,gear,,,,,426.0233333333332,24.14364097760729,0.030600491067120244,76.4510585750754
2023-12-18T18:12:41.000Z,2024-01-06T06:57:04.000Z,516a3b50a002cd9377cef910f0dcd31f,loitering,"[123.45714, 37.026752, 123.470698, 37.013727]",37.0202,123.4639,[],['8486'],"['WCPFC', 'IWC', 'PICES', 'ACAP']",['61'],['61'],[],[],[],[],77,79,72.864273,74.55993799999999,6442556c5-52c6-659d-5174-312d619b8816,LUSHOUYU65501-32-58%,655010032,MWI,gear,,,,,444.73972222222227,22.891134398954406,0.027792039118463913,78.05167662958375
2023-12-18T19:54:08.000Z,2024-02-03T04:36:11.000Z,1cd0fd3bea9ae0e3f00f27c504306e34,loitering,"[113.49332833333334, 4.784928333333333, 113.49319, 4.785076666666667]",4.785,113.4933,[],['8483'],"['APFIC', 'ACAP', 'SEAFDEC', 'IWC', 'WCPFC']",['71'],['71'],[],[],[],[],56,56,26.964107,27.16948,63b7d8113-37dd-0a97-4e9d-f042739d4249,FPSO HELANG,533130934,MYS,other,,,,,1112.7008333333335,18.7579350654547,0.00910260364147561,55.82732086124189
2023-12-18T21:35:28.000Z,2024-01-02T22:43:22.000Z,52dc4b963c27876af6e988e179cf2497,loitering,"[119.925128, 35.08759, 119.917113, 35.091883]",35.0897,119.9211,[],['8486'],"['ACAP', 'WCPFC', 'PICES', 'IWC']",['61'],['61'],[],[],[],[],47,46,4.805476,4.539859000000001,1fc8e7ca8-848b-1502-220a-7646191a864c,YU.WANG.QU.598-09,100001579,,gear,,,,,361.13166666666666,118.79983903969149,0.1776271295481139,46.009380918014045
2023-12-18T21:37:41.000Z,2024-01-02T06:28:47.000Z,377a74cb9120eba3599aab7ba12fb34c,loitering,"[123.654592, 37.335033, 123.56162, 37.329218]",37.3321,123.6081,[],['8486'],"['ACAP', 'IWC', 'PICES', 'WCPFC']",['61'],['61'],[],[],[],[],85,77,83.986688,76.061031,887f1e8f8-8f33-bf3d-6392-bbafa22e667b,LIAODANYU25820-5299%,258200052,NOR,gear,,,,,344.8516666666667,37.60985889947832,0.05888821529000326,80.08729278184005
2023-12-18T22:50:50.000Z,2024-01-08T23:59:48.000Z,8129088294cf15d965890567456104d5,loitering,"[-17.9499, -5.53566, -17.649823, -5.484373]",-5.51,-17.7999,[],[],"['IWC', 'ICCAT', 'ACAP']","['34', '34.4', '34.4.1']",['34'],[],['63203'],[],[],470,447,470.51406199999997,447.472969,da8e1a95c-c4d8-7346-c384-a92f287b197f,LQ2325,111112775,,gear,,,,,505.14944444444444,194.41719681187232,0.20781352782207416,450.10011174298165
2023-12-19T01:31:51.000Z,2024-04-29T06:51:04.000Z,cbd468de0d37f7d730130526b22c4376,loitering,"[119.82474, 35.054897, 119.811173, 35.087127]",35.071,119.818,[],['8486'],"['ACAP', 'WCPFC', 'PICES', 'IWC']",['61'],['61'],[],[],[],[],42,39,5.0652479999999995,2.1324520000000002,4bf897ed2-2697-e291-dcf0-dbb9578852f3,,41230083,,gear,,,,,3173.3202777777797,66.80742454874022,0.011367627673469055,41.978508681471645
2023-12-19T01:52:05.000Z,2024-01-11T11:53:26.000Z,c34cf8f9b772885ee3fdf7baed9fd75b,loitering,"[122.71994, 31.440878, 122.719325, 31.442287]",31.4416,122.7196,[],['8486'],"['PICES', 'ACAP', 'WCPFC', 'IWC']",['61'],['61'],[],[],[],[],64,64,17.832883000000002,17.832883000000002,608bc8e43-32d8-2a4a-1bf3-be64611cfc1b,ZHELINYU21998-23-,232199823,GBR,other,chn-shanghai,CHN,SHANGHAI,9bfbd4e2fdebe5a19b40d721af0cdd8a,562.0225000000002,20.82194264163935,0.020004447491902912,63.99999999999997
2023-12-19T01:54:47.000Z,2024-01-05T17:54:30.000Z,e876b3402be8863ac164e7a5aa4002b2,loitering,"[87.79161666666667, 21.015916666666666, 87.78936666666667, 21.015333333333334]",21.0156,87.7905,[],['8480'],"['ACAP', 'IOTC', 'IWC', 'BOBP-IGO', 'APFIC']","['57', '57.1']",['57'],[],[],[],[],66,66,2.07591,2.07591,370114b45-5fd3-6752-1e39-a83b15421def,FRANBO PROSPECT,370896000,PAN,cargo,,,,,423.9952777777779,25.254798057230275,0.03216191487408255,66.70868025707115
2023-12-19T01:57:31.000Z,2024-04-22T04:09:34.000Z,c3e8a591362295e4c80b5ae8c724baaf,loitering,"[119.896395, 35.025938, 119.896143, 35.02664]",35.0263,119.8963,[],['8486'],"['IWC', 'PICES', 'ACAP', 'WCPFC']",['61'],['61'],[],[],[],[],47,47,2.403118,2.403118,8665ea73f-f8ef-a6bf-0bcb-84a5ba1aed94,YU.WANG.QU.317-09,234610326,GBR,other,,,,,3002.200833333334,78.95676324009408,0.014200662732811257,46.99995266119777
2023-12-19T02:59:29.000Z,2024-01-03T15:53:51.000Z,901bb2533abe3e17742734f0c8cc53f8,loitering,"[122.652267, 31.249472, 122.65151, 31.249867]",31.2497,122.6519,[],['8486'],"['IWC', 'WCPFC', 'ACAP', 'PICES']",['61'],['61'],['8486'],[],[],[],42,42,0.0,0.0,20926b546-68e9-35d6-65ea-b4eed144d209,ZHELINYU21383-6-52%,521383006,,gear,,,,,372.906111111111,40.44515650366174,0.05856336694486787,42.00000000000002
2023-12-19T03:30:02.000Z,2024-01-06T23:06:15.000Z,aca002ada225d65332c65844dfbb5c6d,loitering,"[121.033725, 25.46658, 121.038613, 25.4679]",25.4672,121.0362,[],['8321'],"['APFIC', 'IWC', 'ACAP', 'WCPFC']",['61'],['61'],[],[],[],[],43,43,39.473078,39.048422,b810599ae-e651-da32-486a-b7cece22ef77,98 E11 P1        7V4,44252882,,gear,,,,,451.6036111111111,22.390655256543866,0.026771235530771556,42.98348457820453
2023-12-19T04:58:41.000Z,2024-01-09T12:59:59.000Z,3576cbc2b2c6a85a198bd38e668e2d29,loitering,"[115.16809333333333, -19.88333666666667, 115.161275, -19.879681666666666]",-19.8815,115.1647,[],['8323'],"['FFA', 'IWC', 'CCSBT', 'ACAP', 'IOTC']","['57', '57.5', '57.5.1']",['57'],[],[],[],[],63,64,16.97141,17.195223000000002,f4e2f3e40-05b4-58a8-9e3e-927c229dbec3,BOKA TIAMAT,205083000,BEL,other,mys-telokramunia,MYS,TELOK RAMUNIA,9c2022cd5618205698368e954ca81900,512.0216666666671,195.0337027131763,0.2056744500066217,63.94447596900131
2023-12-19T05:49:39.000Z,2024-01-02T04:28:37.000Z,4126a626cd884d095c6b228ba9de1a5d,loitering,"[119.798173, 35.102605, 119.80032, 35.104052]",35.1033,119.7992,[],['8486'],"['ACAP', 'IWC', 'WCPFC', 'PICES']",['61'],['61'],[],[],[],[],38,38,0.909741,0.909741,c4e6f4364-4bad-d6c6-e0bc-376aa75cb7b0,,910023567,,gear,,,,,334.6494444444447,1.7148545474213748,0.0027669174271432975,37.99999999999996
2023-12-19T05:57:40.000Z,2024-01-02T17:12:03.000Z,5a3ad4b6fb56fb11fc2611281a4a21ff,loitering,"[-29.364085, 0.901368, -29.349, 0.916978]",0.9092,-29.3565,"['116096', '555635928']",['8464'],"['IWC', 'NAMMCO', 'ICCAT', 'ACAP']","['34.4.2', '34', '34.4']",['34'],['8464'],[],[],[],621,624,625.1014379999999,627.573625,31e18293d-d546-db8b-83a1-128753336140,MARLIN II,710000176,BRA,fishing,bra-natal,BRA,NATAL,c739d1bcbbbc7c1b8bbe7fc08387aa9f,347.2397222222222,16.854577956034696,0.026208821901175277,623.9982887001851
2023-12-19T06:58:45.000Z,2024-08-12T16:48:44.000Z,7b2eee57dc23cc496a77773b9c6bf11e,loitering,"[-94.62543333333333, 27.353588333333335, -94.62541, 27.353733333333334]",27.3537,-94.6254,[],['8456'],"['ACAP', 'ICCAT', 'NAMMCO', 'IWC']",['31'],['31'],[],[],[],[],184,184,15.956734,15.956734,ad9e21de0-0ea2-d67c-5dca-91ca90d0c273,BOOMVANG,111,,other,,,,,5697.833055555553,165.55788128843662,0.015689140677830938,184.00025393715376
2023-12-19T07:59:58.000Z,2024-01-18T17:58:05.000Z,48852e27c4daaf1cc7285e457b818922,loitering,"[128.29574333333332, 34.14935, 128.27672833333332, 34.136543333333336]",34.1429,128.2862,[],['8327'],"['IWC', 'WCPFC', 'PICES', 'ACAP']",['61'],['61'],[],[],[],[],45,47,39.002297,39.061023,84ca3382f-f66c-842f-9208-3a7b1206e52a,PATHFINDER,357109000,PAN,cargo,kor-busan,KOR,BUSAN,18fe0c13154f9ba552927d41d8632f63,729.9686111111112,432.1086797804201,0.3196302113930129,45.85420470558815
2023-12-19T08:53:54.000Z,2024-01-02T04:12:22.000Z,49279f840b0a2cc3f966f4b2bdb9264b,loitering,"[115.85894666666667, 7.345486666666667, 115.85833333333333, 7.345]",7.3452,115.8586,[],['8483'],"['WCPFC', 'ACAP', 'APFIC', 'IWC', 'SEAFDEC']",['71'],['71'],[],[],[],[],85,85,113.713414,113.713414,43ff451eb-bda3-4c60-b236-72cc7f2738d5,NOBLE  VIKING,538010665,MHL,other,mys-mys-112,MYS,,bea84b5213240be95ab5c77c990b52f4,331.3077777777778,9.944763826818143,0.016207717558181046,84.99098681623238
2023-12-19T09:56:52.000Z,2024-01-07T14:50:14.000Z,153e4f429c2b2186f83fad66eafaf455,loitering,"[106.207108, -30.51787, 105.639128, -30.050447]",-30.2842,105.9231,[],[],"['IWC', 'SIOFA', 'CCSBT-Primary-Area', 'CCSBT', 'ACAP', 'IOTC']","['57', '57.3']",['57'],[],['63203'],[],[],757,796,758.1725,801.766938,05fd3e429-9b9e-8416-b957-645c3052bf21,994168322         9V,994168322,,gear,,,,,460.8894444444443,506.77110789435994,0.5937096429539473,800.7945809023439
2023-12-19T10:27:51.000Z,2024-03-24T09:23:22.000Z,04fded2f31aa886b2fb10fdd5e67c5f1,loitering,"[101.38666666666667, 7.975, 101.3837, 7.950051666666667]",7.9625,101.3852,[],['8332'],"['ACAP', 'SEAFDEC', 'WCPFC', 'APFIC', 'IWC']",['71'],['71'],['8332'],[],[],[],84,85,114.40257799999999,111.363656,82e52415d-d5eb-43cb-1f7b-39914c7a3df1,MIST,577043000,VUT,other,tha-tha-73,THA,,df90cf58226274892e605a4451b1e6dd,2302.925277777778,186.63116621292733,0.04375859212887158,84.99867681879891
2023-12-19T11:50:21.000Z,2024-01-09T07:52:57.000Z,e69df08f8607b0a1115a3b5e50daa69c,loitering,"[49.258008333333336, 28.386938333333333, 49.242353333333334, 28.361915]",28.3744,49.2502,[],['8356'],"['IOTC', 'RECOFI', 'IWC', 'ACAP']","['51.2', '51']",['51'],[],[],[],[],63,60,0.0,1.956987,6faffe828-88e7-644d-265d-a67f1c2cb7a5,ZAMIL 65,403593001,SAU,other,,,,,500.04333333333335,33.84868948845124,0.036550492645336365,62.88979453817606
2023-12-19T11:58:03.000Z,2024-02-22T00:55:57.000Z,015b14f61890237eb54816dc6f8d4b9a,loitering,"[108.82491166666667, 7.55002, 108.82829333333333, 7.548386666666667]",7.5492,108.8266,[],['8484'],"['ACAP', 'WCPFC', 'SEAFDEC', 'APFIC', 'IWC']",['71'],['71'],[],[],[],[],261,262,355.222562,355.821594,4c628b3fd-dc73-5ffa-a1c3-778f507cf1ca,CSB 9001,574374000,VNM,other,vnm-vungtau,VNM,,6b33098926c6cf39d1408a73165d3855,1548.9649999999997,167.55690482253888,0.05840899615221327,261.6756907514755
2023-12-19T13:16:48.000Z,2024-01-15T21:51:25.000Z,df558627d6b76ffe9f09e039b1d795fa,loitering,"[53.59238, 24.889733333333332, 53.592418333333335, 24.889726666666668]",24.8897,53.5924,[],['8360'],"['RECOFI', 'ACAP', 'IOTC', 'IWC']","['51', '51.2']",['51'],['8360'],[],[],[],52,52,0.0,0.0,fc021d17b-b021-be38-8adc-4e30aaee43dc,RIG AL SILA,470194000,ARE,other,are-zakumfield,ARE,ZAKUM FIELD,785dd450668973e9ddbd967c2c7e9335,656.5769444444445,8.762766978758636,0.007206338399959203,52.00000000000001
2023-12-19T15:59:34.000Z,2024-01-11T02:16:36.000Z,c06cb29c3562095781e42ea7416e5656,loitering,"[70.68269666666667, 18.417636666666667, 70.65905333333333, 18.41512]",18.4164,70.6709,[],['8480'],"['IOTC', 'ACAP', 'IWC']","['51.4', '51']",['51'],[],[],[],[],230,232,40.674445,42.334797,942c7defd-d345-cd8d-d963-9992523453fd,SAGAR VIJAY,419382000,IND,other,,,,,538.283888888889,24.024638063518637,0.024099303435841685,232.00231989444057
2023-12-19T18:35:05.000Z,2024-01-08T20:06:02.000Z,99e3d29e09cb7bc27ce23d799f13e5e9,loitering,"[-134.484462, -11.738555, -134.793035, -11.600687]",-11.6696,-134.6387,[],[],"['IWC', 'WCPFC', 'IATTC', 'SPRFMO', 'ACAP']",['77'],['77'],[],['63203'],[],[],472,435,478.819406,442.02193800000003,354ccb4d6-67c5-2051-c2f8-7c34834d8bd9,,111112999,,gear,,,,,481.51583333333343,308.65122712648076,0.3461118377524471,462.25896401690517
2023-12-19T21:54:28.000Z,2024-01-02T17:19:11.000Z,47c04f3be383b134ebfdef8de040bbf6,loitering,"[-134.78556, -11.85046, -134.821667, -11.583782]",-11.7171,-134.8036,[],[],"['IATTC', 'WCPFC', 'SPRFMO', 'IWC', 'ACAP']",['77'],['77'],[],['63203'],[],[],444,432,450.607594,438.263188,45deae307-7b6b-0a73-8298-2668fd6fef70,BUOY-03           9V,994008863,,gear,,,,,331.4119444444445,314.82867714584177,0.5129383204121639,445.29687526068005
2023-12-19T23:59:13.000Z,2024-01-26T02:59:07.000Z,0c9f1a25e229a5d40184708e5e57d0e7,loitering,"[-67.34633333333333, -53.08975, -67.3284, -53.087666666666664]",-53.0887,-67.3374,[],['8466'],"['ICCAT', 'ACAP', 'IWC', 'CCSBT', 'CPPS']","['41.3.2', '41', '41.3']",['41'],[],[],[],[],58,59,60.704004,61.963792999999995,0e685d6fe-ecab-c03e-96e0-ca32cd19ca1b,AEGIR,354590000,PAN,other,arg-comodororivadavia,ARG,COMODORO RIVADAVIA,671fc96e2e52b3db714d5323842c10bc,890.9983333333345,33.35736703519329,0.020215006697755444,59.677871359580294
2023-12-20T01:44:46.000Z,2024-01-08T05:48:56.000Z,b53d40ff30492a3833e5bc4c7715a4eb,loitering,"[120.804773, 25.567632, 120.78456, 25.568253]",25.5679,120.7947,[],['8321'],"['APFIC', 'IWC', 'WCPFC', 'ACAP']",['61'],['61'],[],[],[],[],62,63,61.615211,62.944496,02eb677f1-1d4f-cbdc-4018-f5c0154a9269,0026-26_8.0V,420002626,,gear,,,,,460.0694444444444,21.76819308944449,0.025548064753086977,62.46233886345722
2023-12-20T01:46:43.000Z,2024-01-04T14:52:06.000Z,19e76da0383c3c4d6383a3cd8fc998c9,loitering,"[72.34719333333334, 18.766176666666667, 72.32919333333334, 18.746496666666665]",18.7563,72.3382,[],['8480'],"['IWC', 'ACAP', 'IOTC']","['51.4', '51']",['51'],[],[],[],[],50,52,3.062493,4.447797,a128d8ddc-c17d-2559-3e43-f428d3a3ab80,MP WORKBOAT 1,419001410,IND,other,ind-ind-54,IND,,60a939200ddf48bd732dbc632de5c952,373.08972222222224,6.609875221376652,0.009566189801524228,52.99206645239766
2023-12-20T01:47:16.000Z,2024-01-03T01:13:18.000Z,6b1c9b50abb2d09d3a863ed7d8acd15e,loitering,"[113.31666666666666, 8.175, 113.31666666666666, 8.175]",8.175,113.3167,[],['8483'],"['WCPFC', 'APFIC', 'ACAP', 'IWC', 'SEAFDEC']",['71'],['71'],[],[],[],[],200,200,159.17203099999998,159.17203099999998,d7779745d-d831-ee3d-afd4-4ad366c8181c,KIEM NGU - 466,574128137,VNM,other,vnm-vnm-44,VNM,,86c4917115873eae769f7e21015cb46b,335.4338888888889,1.6227287847044132,0.0026121494472933974,200.00000000000003
2023-12-20T02:20:24.000Z,2024-01-05T15:05:20.000Z,1419fa6056707188bd831fd70ef37baa,loitering,"[119.906927, 35.184883, 119.906727, 35.185102]",35.185,119.9068,[],['8486'],"['WCPFC', 'PICES', 'ACAP', 'IWC']",['61'],['61'],[],[],[],[],39,39,4.447797,5.5597460000000005,41f47579b-b814-a129-7f3f-b074c6c9b65c,,900111005,,gear,chn-chn-99,CHN,CHN-99,59e254a3bf165b81f9cf73dcd56bc77b,396.7488888888888,8.758035124479816,0.011919278875892293,39.00000000000002
2023-12-20T02:56:19.000Z,2024-01-02T05:51:21.000Z,5f350d18ad4b1f6e5ca12b9f02c54854,loitering,"[87.76132333333334, 20.971735, 87.75816833333333, 21.003841666666666]",20.9878,87.7597,[],['8480'],"['IOTC', 'BOBP-IGO', 'ACAP', 'APFIC', 'IWC']","['57', '57.1']",['57'],['8480'],[],[],[],71,70,5.655837,2.454225,f8278f8c2-2e9b-30e4-e787-b1e087f0872b,BALTIC BEAR,538003402,MHL,cargo,,,,,314.91722222222234,50.61793576020164,0.08678946993670317,69.99713794240577
2023-12-20T03:59:34.000Z,2024-01-02T12:58:44.000Z,b55dc80ac7e146bb7f669c00bf782495,loitering,"[50.48533833333333, 26.945623333333334, 50.487049999999996, 26.944535]",26.9451,50.4862,[],['8356'],"['IOTC', 'RECOFI', 'ACAP', 'IWC']","['51', '51.2']",['51'],[],[],[],[],47,46,0.9911939999999999,0.0,22d8238e8-87f4-994e-61ce-e988b07714c3,FALCON DIAMOND,538006846,MHL,other,,,,,320.98611111111114,3.165554849575084,0.005325036874099064,46.000095950903884
2023-12-20T04:57:00.000Z,2024-01-20T06:58:34.000Z,e0f3273bd048c1cfcfeb508d5134124b,loitering,"[49.616463333333336, 28.316136666666665, 49.60928, 28.346091666666666]",28.3311,49.6129,[],['8356'],"['IWC', 'RECOFI', 'ACAP', 'IOTC']","['51.2', '51']",['51'],[],[],[],[],69,72,2.251389,2.250909,b37b750cb-b44e-057e-2a22-a9290252b845,MAIN PASS 1,576923000,VUT,other,,,,,746.0261111111113,17.132499012161023,0.012400114773512284,70.99893832865548
2023-12-20T05:09:57.000Z,2024-01-01T06:44:18.000Z,5c3c96b03bc2703c7ed4b75ddfaaa5f7,loitering,"[114.68666666666667, 8.871666666666666, 114.665, 8.86]",8.8658,114.6758,[],['8322'],"['WCPFC', 'ACAP', 'APFIC', 'IWC']",['71'],['71'],[],[],[],[],81,82,148.939062,151.16478099999998,bc38563de-ef63-2f41-4000-581e412e7d99,KIEM NGU - 409,574128116,VNM,other,vnm-vnm-44,VNM,,94a6b1ca2622f5230420d4d4ca63e786,289.5725,10.47026505877914,0.01952357648765866,82.98598009220527
2023-12-20T05:31:41.000Z,2024-03-28T02:55:02.000Z,aa87575cf56d85d7460bceee235b89a0,loitering,"[39.860803, 17.042035, 39.907788, 17.022305]",17.0322,39.8843,[],['8351'],"['ACAP', 'IOTC', 'PERSGA', 'IWC']","['51', '51.1']",['51'],[],[],[],[],62,58,164.097578,163.361875,11cc55bce-e740-a9fe-4a46-12a0faaa05bf,MNG GOLLA,341091000,KNA,other,sau-jizan,SAU,JIZAN,9fc7710d5cf818e46bac7bb3f193fd97,2373.3891666666664,99.0857207954779,0.022542451031734533,58.49269888766718
2023-12-20T07:41:39.000Z,2024-01-01T05:39:30.000Z,bac0b3ca3d5c5879270d4c36612e68d8,loitering,"[121.914507, 28.203408, 120.09752, 24.998062]",26.6007,121.006,[],['8486'],"['APFIC', 'WCPFC', 'ACAP', 'IWC']",['61'],['61'],[],[],[],[],22,48,18.854279,47.707184,63c02e001-1ae1-cd3b-f7b0-0fcb55b2122c,,661315802,RWA,gear,,,,,285.96416666666664,487.7425671526139,0.9209542598950824,52.1056613400309
2023-12-20T07:59:20.000Z,2024-01-11T03:59:01.000Z,1adc8e108a3713d398fb9b5e1f8f3786,loitering,"[11.3612, -6.111815, 11.354436666666667, -6.119008333333333]",-6.1154,11.3578,[],['8477'],"['ACAP', 'IWC', 'ICCAT']","['47.1.1', '47.1', '47']",['47'],[],[],[],[],99,100,11.39815,9.899961,8d0f3aec1-11f5-20fb-00a5-25eec772575d,SEACOR ANDES,538008496,MHL,other,ago-block15,AGO,,0df4743c69cf46d61496a8ce8603accb,523.9947222222227,241.74711799665695,0.2491112897559879,99.49177073544618
2023-12-20T08:36:34.000Z,2024-01-11T20:17:00.000Z,358eeb4dab1932ba5a57b3052c206b3e,loitering,"[122.57914, 31.477043, 122.57968, 31.477008]",31.477,122.5794,[],['8486'],"['IWC', 'PICES', 'ACAP', 'WCPFC']",['61'],['61'],[],[],[],[],66,66,9.407147,9.407147,da1956d00-042e-39b7-37ca-198a5f14aac5,ZHELINYU21998-28-,232199828,GBR,other,chn-shanghai,CHN,SHANGHAI,f57d404565e32fe1cd313dc58eb18d51,539.673888888889,24.70919361478112,0.024722146975972543,65.99999999999999
2023-12-20T08:47:46.000Z,2024-01-03T10:58:49.000Z,4a491d332ac91d1543c757abd541c9d9,loitering,"[51.90859833333333, 26.654826666666665, 51.920885, 26.670215]",26.6625,51.9147,[],['8468'],"['RECOFI', 'ACAP', 'IWC', 'IOTC']","['51.2', '51']",['51'],[],[],[],[],82,84,1.491373,1.98729,465249b3b-bbec-375b-bb86-15e5ee5e15b1,ALICE PRIMA,248523000,MLT,other,,,,,338.18416666666644,143.95491899879576,0.22984351594713162,82.64758609961848
2023-12-20T11:10:20.000Z,2024-01-02T01:34:01.000Z,8f4e1548b4eb914913c4be7fd091a9f3,loitering,"[57.151395, 4.124692, 56.764393, 5.900745]",5.0127,56.9579,[],[],"['ACAP', 'IOTC', 'SIOFA', 'IWC']","['51.5', '51']",['51'],[],['63203'],[],[],894,762,948.922312,1026.246,c9e13284f-f6d9-0fd9-efc5-f3de9d38545c,AMF FISH BOYA  82%,422706081,IRN,gear,,,,,302.39472222222224,510.0839781202042,0.9108072796236274,838.0252966277745
2023-12-20T11:57:51.000Z,2024-01-01T03:31:01.000Z,61dfd549e5f36b7d5aa6e9b55eca96dc,loitering,"[-34.365092, 13.948433, -34.434965, 13.693072]",13.8208,-34.4,[],[],"['ACAP', 'ICCAT', 'IWC', 'NAMMCO']","['34.4.2', '34', '34.4']",['34'],[],['63203'],[],[],1025,1041,1054.22075,1070.5285,a542a3a1d-d387-a634-1f71-30e092b0e68d,BUOY-08           9V,994110388,,gear,,,,,279.55277777777764,225.2850823563913,0.43513863071721653,1031.7660782324924
2023-12-20T13:58:54.000Z,2024-04-01T20:55:16.000Z,f9cd9dfa8f6d18c2d1605feed23af961,loitering,"[7.922358333333333, 4.13727, 7.903695, 4.1394416666666665]",4.1384,7.913,[],['8474'],"['IWC', 'ICCAT', 'FCWC', 'ACAP', 'NAMMCO']","['34', '34.3.5', '34.3']",['34'],[],[],[],[],43,43,5.655591,7.842515000000001,534952064-4481-162c-17db-1ee7daa4f23c,NSC GL0RY,636016440,LBR,other,gnq-malabo,GNQ,,f54486451205116e9a5eeb3d9cefe3a6,2478.939444444446,133.68794022101162,0.029119595084943592,43.007096300072064
2023-12-20T13:59:22.000Z,2024-01-05T02:47:21.000Z,785cd0974fc137955b23c741e4db9337,loitering,"[123.075467, 29.846095, 123.704032, 26.110047]",27.9781,123.3897,[],['8486'],"['IWC', 'ACAP', 'WCPFC', 'APFIC']",['61'],['61'],[],[],[],[],43,20,38.050273000000004,194.351406,e4a9130ff-ff90-f6cf-fb49-3cdb223ec9d7,NET-ZSY01493-139-86%,14930139,,gear,,,,,372.7997222222221,517.4582825944257,0.7494778121771882,120.7615029332903
2023-12-20T14:28:35.000Z,2024-01-02T07:49:29.000Z,86b155179edb6aa2abd68fc4a97d607a,loitering,"[-113.521708, -19.423452, -112.904268, -19.282697]",-19.3531,-113.213,[],[],"['IATTC', 'IWC', 'ACAP', 'SPRFMO']","['87.2', '87.2.6', '87']",['87'],[],['63203'],[],[],944,932,952.515938,940.167062,7958365d6-676f-d718-5523-a072d167036d,PTR313-03 80%,421234583,,gear,,,,,305.34833333333336,204.24071582101197,0.36116510886546765,949.8373264211103
2023-12-20T16:03:48.000Z,2024-01-17T20:57:33.000Z,8efe388493d8c85aa80912d7642729ba,loitering,"[102.57833333333333, 7.99, 102.545, 7.975]",7.9825,102.5617,[],['8332'],"['SEAFDEC', 'APFIC', 'ACAP', 'WCPFC', 'IWC']",['71'],['71'],[],[],[],[],105,102,229.336844,225.852781,e98b37811-1136-9142-3522-34906194510d,HUA TIAN LONG,413251000,CHN,other,chn-guangzhou,CHN,GUANGZHOU,dd8ed750dbb3b12ef444506eb83da9da,676.8958333333333,14.072339125219687,0.011225442493537586,104.07338859726505
2023-12-20T16:59:03.000Z,2024-01-04T14:56:57.000Z,11c4c77907eb8d9a9434fa8ceeca3f16,loitering,"[48.76857, 29.593526666666666, 48.76734833333333, 29.594943333333333]",29.5942,48.768,[],['8470'],"['IOTC', 'IWC', 'ACAP', 'RECOFI']","['51.2', '51']",['51'],[],[],[],[],41,41,4.551646,4.551646,04b13b7d0-0ac5-532c-c313-d291bbf0892a,DELFINA,636022667,LBR,other,irq-ummqasr,IRQ,,c8cb6262338d37f4836b0cd98002d7e7,357.9650000000002,33.85036983033181,0.05106012456351883,40.1420094689926
2023-12-20T19:41:43.000Z,2024-01-03T17:49:53.000Z,eb2eb4f6b9354a3d790cfb5c6941d505,loitering,"[-134.766557, -11.739165, -134.653545, -11.69052]",-11.7148,-134.7101,[],[],"['IATTC', 'WCPFC', 'IWC', 'ACAP', 'SPRFMO']",['77'],['77'],[],['63203'],[],[],442,453,448.706406,459.493156,1c3ee27bf-f9b1-d4dc-e1ef-24600825ba42,TS020,111112998,,gear,,,,,334.13611111111106,203.39599599886358,0.3286835758937744,447.91442390475225
2023-12-20T19:59:37.000Z,2024-02-20T16:59:24.000Z,dd18b774a04f0898c1bbe53dad2976fb,loitering,"[7.16567, 65.54248833333334, 7.212526666666666, 65.563915]",65.5532,7.1891,[],['5686'],"['ICES', 'NASCO', 'ICCAT', 'NEAFC', 'ACAP', 'NAMMCO', 'IWC']","['27.2.a', '27.2', '27.2.a.2', '27']",['27'],[],[],[],[],176,175,57.322663999999996,60.074953,1a5b54dac-c8b0-e6f6-d309-5eede35e4870,TRANSOCEAN NORGE,538007928,MHL,other,nor-kristiansund,NOR,KRISTIANSUND,ccd19beafaf31261a098d20593774f9f,1484.9963888888897,6.684275050064002,0.0024304569468696895,175.00045334283766
2023-12-20T21:55:05.000Z,2024-01-16T20:55:25.000Z,3c90e413aa4fc51358001985deded502,loitering,"[-39.96506333333333, -22.149023333333332, -39.95639333333333, -22.1535]",-22.1513,-39.9607,[],['8464'],"['ACAP', 'ICCAT', 'IWC']","['41.2', '41', '41.2.1']",['41'],[],[],[],[],107,108,1.111949,1.111949,c7f0a8129-9fe3-2f15-5d64-b720912cc43d,BRAM FORCE,710031020,BRA,other,,,,,647.0055555555556,20.437340589371445,0.01705592942907175,106.50958372683326
2023-12-20T21:57:41.000Z,2024-01-03T08:57:58.000Z,aedb2c2b7354d7eb9422cfd7fe178e6c,loitering,"[-94.62915, 28.673185, -94.64417166666667, 28.670296666666665]",28.6717,-94.6367,[],['8456'],"['ACAP', 'NAMMCO', 'IWC', 'ICCAT']",['31'],['31'],[],[],[],[],66,65,3.9024859999999997,2.9268650000000003,a7ee0dc4c-cac4-124e-6bac-77e52e146b4a,RAYAH,403542000,SAU,other,,,,,323.0047222222224,90.77531452939182,0.15174622937016038,64.91872377400459
2023-12-20T23:29:39.000Z,2024-01-26T22:30:12.000Z,1ddb9540bacb182902813e1c7b7fcdb3,loitering,"[1.3051133333333333, 61.619708333333335, 1.3050883333333334, 61.61974]",61.6197,1.3051,[],['5696'],"['ICES', 'ICCAT', 'NAMMCO', 'IWC', 'ACAP', 'NASCO', 'NEAFC']","['27.4.a', '27.4', '27']",['27'],[],[],[],[],142,142,0.528529,0.528529,573643dfa-a7b0-a95a-e929-9589f980092e,MAGNUS PLATFOROM,2320212,,other,,,,,887.009166666667,12.143411213287227,0.00739216430695469,141.99999999999997
2023-12-21T00:13:35.000Z,2024-01-02T05:55:11.000Z,82fbf3b450da84ff8988aa674db22186,loitering,"[118.47024, 23.87521, 118.523498, 23.874747]",23.875,118.4969,[],['8486'],"['APFIC', 'ACAP', 'WCPFC', 'IWC']",['61'],['61'],[],[],[],[],55,59,38.664711000000004,41.561296999999996,975a379cb-b092-bebc-17df-cb1a4768c487,TIELONG-08656-1-99%,86560001,,gear,,,,,293.6933333333333,34.70362915347437,0.06380281245524654,57.690194244017974
2023-12-21T00:14:16.000Z,2024-01-11T19:17:23.000Z,6fb08f46d3d14db251321bbf8b48c3b7,loitering,"[118.568233, 23.887727, 118.627263, 23.89645]",23.8921,118.5977,[],['8486'],"['IWC', 'APFIC', 'ACAP', 'WCPFC']",['61'],['61'],[],[],[],[],60,60,42.013641,44.682332,eac7b7b7c-c75f-127e-9a10-fb8058e8ceb5,TIELONG-08656-5-90%,86560005,,gear,,,,,523.0519444444444,38.94560099164169,0.0402043094256052,60.35895104499558
2023-12-21T00:55:34.000Z,2024-01-04T20:59:44.000Z,f7b883f1b730110ffc5bb6e6515f1748,loitering,"[119.206453, 24.162583, 119.157173, 24.088543]",24.1256,119.1818,[],['8321'],"['ACAP', 'WCPFC', 'IWC', 'APFIC']",['61'],['61'],[],[],[],[],59,56,64.877176,61.104301,68e6d174d-dd77-62e8-4672-4ae0c3bd7338,TIELONG65278-3-71%,412365728,CHN,gear,,,,,356.0694444444445,64.52767804021447,0.09785214461009589,58.164589611554796
2023-12-21T01:04:34.000Z,2024-01-04T16:18:35.000Z,9a478e4fb3003a470aaed48c60181a6f,loitering,"[-11.367268, -5.749325, -11.036075, -5.486685]",-5.618,-11.2017,[],[],"['ACAP', 'IWC', 'ICCAT']","['34.4', '34', '34.4.1']",['34'],[],['63203'],[],[],405,452,413.346719,459.884625,905e2b3e1-1dc2-f669-804b-57948785d0f0,SS8 BUOY-12  100%,168805324,,gear,,,,,351.23361111111103,188.93142274730016,0.2904471664208192,421.34928628079973
2023-12-21T01:45:45.000Z,2024-01-06T06:03:38.000Z,c25a54cbe8ef6f21290210a06f8a7356,loitering,"[121.724143, 27.026108, 121.657668, 27.025813]",27.026,121.6909,[],['8486'],"['IWC', 'APFIC', 'ACAP', 'WCPFC']",['61'],['61'],[],[],[],[],77,72,64.480363,63.657699,2491f76f6-6fd4-a541-74a5-fcc9902c6960,TIELONG61871-40-96%,412187140,CHN,gear,,,,,388.2980555555556,41.1774974152164,0.05726031732715033,78.42442785829563
2023-12-21T01:53:49.000Z,2024-01-07T14:43:14.000Z,0b19b1fca6f04b6f1d89f84a9978e0a1,loitering,"[-1.930548, -6.379752, -1.825672, -6.201177]",-6.2905,-1.8781,[],[],"['IWC', 'ICCAT', 'ACAP']","['47.A.1', '47', '47.A']",['47'],[],['63203'],[],[],999,979,741.044688,718.6996879999999,ecab8fcfc-c31a-8197-f9b5-cb4441e8707e,HCF-BUOY-04       9V,994008834,,gear,,,,,420.82361111111106,345.9705398996964,0.4439131785425587,1005.6303906343809
2023-12-21T01:57:03.000Z,2024-01-03T06:56:59.000Z,a182eb6ce6352524d5a7dfefb4afc6ec,loitering,"[125.762115, 6.46875, 126.48948, 5.8680900000000005]",6.1684,126.1258,[],['8322'],"['ACAP', 'APFIC', 'IWC', 'WCPFC', 'SEAFDEC']",['71'],['71'],['8322'],[],[],[],17,35,17.844684,112.227773,dc56686b2-24ec-937b-211e-79a55af08b7a,ILE DE BREHAT,226335000,FRA,other,phl-davao,PHL,DAVAO,1053dd15df9745fef267450e39e29ef9,316.9988888888889,255.1039188384863,0.43452864156043886,40.07464846730531
2023-12-21T02:10:13.000Z,2024-01-04T11:46:53.000Z,7eb03a8cc6bdaa63d9020077337c8e27,loitering,"[-11.304737, -5.746452, -10.97786, -5.506045]",-5.6262,-11.1413,[],[],"['IWC', 'ICCAT', 'ACAP']","['34.4.1', '34', '34.4']",['34'],[],['63203'],[],[],411,456,419.645375,463.968219,0d5988508-8d4a-740c-b984-eaae48e2a476,BUOY-07  100%,168803403,,gear,,,,,345.61111111111103,188.6284934712963,0.29469896974083587,426.89696181259626
2023-12-21T02:28:11.000Z,2024-01-06T16:48:55.000Z,ecfa13446f83d5f155190e5c1778089c,loitering,"[-1.930372, -6.316573, -2.266002, -6.325785]",-6.3212,-2.0982,[],[],"['ICCAT', 'ACAP', 'IWC']","['47.A.1', '47', '47.A']",['47'],[],['63203'],[],[],995,1028,734.662625,747.58075,0570c42bb-bd29-1575-f44c-7cbec2517b1e,994008835         9V,994008835,,gear,,,,,398.34555555555556,306.6678044230795,0.41568774921596235,1007.2320973578227
2023-12-21T03:00:04.000Z,2024-01-03T21:25:45.000Z,49704cda1979e345e447e213b1d46f30,loitering,"[106.786618, -13.919942, 107.054497, -13.88041]",-13.9002,106.9206,[],[],"['CCSBT', 'ACAP', 'IOTC', 'IWC', 'SEAFDEC']","['57', '57.2']",['57'],[],['63203'],[],[],391,397,406.710281,411.899375,8d1bb4681-181f-9816-69e3-2c9f005e5832,994171575         9V,994171575,,gear,idn-cilacap,IDN,CILACAP,da21dcc558fb192824dc661300422b5b,330.42805555555555,67.7285410261615,0.11067609393433397,392.81792332987703
2023-12-21T03:25:24.000Z,2024-01-05T17:20:42.000Z,f655bd30fc38d612ea0d65c1b2177844,loitering,"[-1.929745, -6.255033, -2.337717, -6.431492]",-6.3433,-2.1337,[],[],"['ICCAT', 'ACAP', 'IWC']","['47', '47.A', '47.A.1']",['47'],[],['63203'],[],[],991,1040,728.2856879999999,760.669938,03b9763d0-046f-ec37-7b73-6a19218325ef,HCF-BUOY-06       9V,994008836,,gear,,,,,373.9216666666665,316.5529635397151,0.457114260965552,1005.340113511062
2023-12-21T03:49:51.000Z,2024-01-05T09:50:58.000Z,84c20d9a8aa03d45c5246f63d7c5eb15,loitering,"[123.09677, 30.183257, 123.214038, 27.918398]",29.0508,123.1554,[],['8486'],"['IWC', 'APFIC', 'ACAP', 'WCPFC']",['61'],['61'],[],[],[],[],31,138,15.420521,138.244766,040733eab-bd9f-99de-bc19-6c5d8fd676fd,21979-4-90%,219790004,DNK,gear,,,,,366.0186111111112,425.5425493291243,0.6277675169921932,103.93073470322052
2023-12-21T03:56:58.000Z,2024-01-08T05:58:18.000Z,0546369596a2b72c986957bc19643aee,loitering,"[123.10388333333333, 31.1735, 123.10027333333333, 31.170565]",31.172,123.1021,[],['8486'],"['WCPFC', 'IWC', 'ACAP', 'PICES']",['61'],['61'],[],[],[],[],51,51,26.639842,26.639842,8bf185312-2b67-35db-bb1f-24675d8b2127,MSXT EMILY,636020791,LBR,cargo,chn-shanghai,CHN,SHANGHAI,779bdc091381086e7e9a4880735cfe32,434.0222222222224,50.466874659196954,0.06278464771195169,51.364440454502954
2023-12-21T03:57:43.000Z,2024-06-06T13:57:58.000Z,6c41af3b531b5288a23f12c229e3fdf2,loitering,"[123.291845, -13.4793, 123.38201833333333, -13.407376666666666]",-13.4433,123.3369,[],['8323'],"['CCSBT', 'FFA', 'IWC', 'IOTC', 'ACAP']","['57.5', '57.5.1', '57']",['57'],[],[],[],[],138,133,39.866645,49.353523,001357d45-5c83-5250-059d-c452913dca5b,DIAMOND OCEAN APEX,538001747,MHL,other,,,,,4042.0041666666702,159.87182406236658,0.021356702151680416,131.0065915914678
2023-12-21T05:56:54.000Z,2024-01-14T23:59:36.000Z,eb8a95bfd09047cff7ce7cdea6125e2d,loitering,"[123.399423, 37.262002, 123.432512, 37.181632]",37.2218,123.416,[],['8486'],"['WCPFC', 'PICES', 'ACAP', 'IWC']",['61'],['61'],[],[],[],[],65,70,61.98128500000001,65.579844,3dba5f36a-a24d-85c8-0dc7-053dba9e625b,LURONGYU50881-55-99%,508810055,BRN,gear,,,,,594.0450000000001,38.540878323577715,0.035031705446515,68.29091856858885
2023-12-21T05:57:20.000Z,2024-01-11T00:51:26.000Z,a038fb9e0075ba161c4d19afd137c144,loitering,"[104.81435, 2.1203966666666667, 104.83317333333333, 2.1326933333333336]",2.1265,104.8238,[],['8483'],"['SEAFDEC', 'WCPFC', 'ACAP', 'IWC', 'APFIC']",['71'],['71'],[],[],[],[],47,48,65.14378500000001,67.17041400000001,52c319af2-2464-0734-4ac0-9dce9df8cb3a,BIANCA JOYSEL,352001069,PAN,other,mys-telokramunia,MYS,TELOK RAMUNIA,2760bc12f2ed5736c6223dacb0c93ff8,498.90166666666687,140.14399642111343,0.15167659157493577,47.10468675592831
2023-12-21T06:14:33.000Z,2024-01-17T11:10:54.000Z,e6d37d4a3fd39b7cfba94e89d9bde023,loitering,"[123.447188, 37.17009, 123.769877, 36.276353]",36.7232,123.6085,[],['8486'],"['ACAP', 'WCPFC', 'IWC', 'PICES']",['61'],['61'],[],[],[],[],72,132,67.522438,127.054523,927890d73-34a2-52b8-7079-b3a98f21a9b2,LURONGYU50881-64-99%,508810064,BRN,gear,,,,,652.9391666666669,281.246677153302,0.2325807127691693,89.60956361295972
2023-12-21T06:54:11.000Z,2024-01-04T06:56:42.000Z,3a8667645528c7c0c69c484281ccb56a,loitering,"[116.389223, 22.320083, 116.380583, 22.310695]",22.3154,116.3849,[],['8486'],"['WCPFC', 'IWC', 'ACAP', 'APFIC']",['61'],['61'],[],[],[],[],64,65,67.102711,68.107922,d221c7d7b-beb3-6e86-6605-3703825e49fd,TIELONG65888-51-78%,658880051,,gear,,,,,336.04194444444437,9.324331007550681,0.01498246289915904,64.77248642842787
2023-12-21T07:03:15.000Z,2024-02-13T11:57:26.000Z,773f49b75410f8e16ad2527527201597,loitering,"[34.393422, 32.791748, 34.397338, 32.792488]",32.7921,34.3954,[],['8375'],"['ICCAT', 'ACAP', 'IWC', 'GFCM']","['37.3', '37', '37.3.2']",['37'],[],[],[],[],51,50,54.479035,53.741809,9ece770dc-c5ef-ea8f-3c9f-66f9b25529fa,,244010235,NLD,other,,,,,1300.9030555555555,37.856435431863645,0.015712807944238204,50.06557748235055
2023-12-21T07:28:26.000Z,2024-01-01T03:32:43.000Z,3692c09fa7116aec3f0ac242ba94f4fa,loitering,"[107.269848, -13.94682, 107.301363, -13.967138]",-13.957,107.2856,[],[],"['SEAFDEC', 'ACAP', 'IWC', 'IOTC', 'CCSBT']","['57', '57.2']",['57'],[],['63203'],[],[],413,417,428.286344,431.64431199999996,cf594c2c2-25da-6d53-44a8-7533c1c1facd,994080426         9V,994080426,,gear,,,,,260.0713888888889,35.62325232847175,0.0739605288307823,414.1542995566168
2023-12-21T07:56:35.000Z,2024-01-14T19:58:15.000Z,417a41bb1d50b219d50e8202aa8918dd,loitering,"[49.40225, 28.49123, 49.39323666666667, 28.49157]",28.4914,49.3977,[],['8356'],"['IOTC', 'RECOFI', 'IWC', 'ACAP']","['51.2', '51']",['51'],[],[],[],[],81,80,3.135786,2.248821,feb1af10f-f9cb-d3e8-d4e9-ac2199f3792a,ADMARINE 694,636021833,LBR,other,,,,,588.0277777777778,39.24735691607363,0.036038905278549,80.00043024110765
2023-12-21T08:57:02.000Z,2024-01-01T00:53:39.000Z,634ad20635b2e353f008bd470deb3c26,loitering,"[-149.246267, -2.239578, -150.26074, -1.868105]",-2.0538,-149.7535,[],[],"['IWC', 'IATTC', 'SPRFMO', 'ACAP']",['77'],['77'],[],['63203'],[],[],658,567,1028.218125,909.6418120000001,408b7c041-16f5-bd80-7c76-9d69f1e18681,CS 686 BUOY-05    9V,994008345,,gear,,,,,255.9436111111109,218.66760160606,0.4613166887423515,581.3590777700782
2023-12-21T08:59:35.000Z,2024-01-01T00:05:17.000Z,c7af06336274ea76a93b6b6c94c9cc93,loitering,"[-149.301105, -2.237222, -150.319413, -1.870242]",-2.0537,-149.8103,[],[],"['IATTC', 'IWC', 'SPRFMO', 'ACAP']",['77'],['77'],[],['63203'],[],[],652,561,1023.269188,903.752938,2648a010b-bfbb-2056-c25a-f023b05ca8bf,CS BUOY-04        9V,994008344,,gear,,,,,255.09499999999963,226.12957929870694,0.4786460134652484,577.2230266754718
2023-12-21T09:50:28.000Z,2024-01-03T16:08:41.000Z,ecd00fc3e1afd9f9a69fbb4fddd4be55,loitering,"[-11.199675, -5.839232, -10.888652, -5.636337]",-5.7378,-11.0442,[],[],"['IWC', 'ACAP', 'ICCAT']","['34.4', '34.4.1', '34']",['34'],[],['63203'],[],[],415,455,423.14653100000004,464.022375,73ecba43e-ecc7-1025-ed13-6bade052b85e,BUOY-21  100%,168805247,,gear,,,,,318.3036111111111,171.40424699560614,0.29076292594800573,433.27777085685534
2023-12-21T10:18:26.000Z,2024-01-10T03:25:25.000Z,0de9d2689d9418b4c4890669548be216,loitering,"[52.913815, 25.895358, 52.930055, 25.887552]",25.8915,52.9219,[],['8469'],"['RECOFI', 'IOTC', 'ACAP', 'IWC']","['51.2', '51']",['51'],[],[],[],[],55,57,0.0,2.2888580000000003,82aab05af-f76f-a199-904a-3afd593b0ed6,PLB-132,422465000,IRN,other,,,,,473.11638888888905,3.072611257384144,0.003506700236479964,55.015363555310394
2023-12-21T10:57:04.000Z,2024-01-03T14:29:32.000Z,1ba96bdabdbfe7488a6064f94509d8ab,loitering,"[-11.38848, -5.838663, -11.078523, -5.600762]",-5.7197,-11.2335,[],[],"['ICCAT', 'IWC', 'ACAP']","['34.4', '34', '34.4.1']",['34'],[],['63203'],[],[],397,441,405.745156,449.15118800000005,61fa4bdc5-5851-2e83-9ad6-abffe8950da3,994025020         9V,994025020,,gear,,,,,315.5411111111112,175.1349987661685,0.2996925940141702,416.8099595397978
2023-12-21T11:12:19.000Z,2024-01-04T04:25:55.000Z,4d91a11286e3bc00bfea21b948afb238,loitering,"[123.205993, 36.88706, 123.205632, 36.977823]",36.9324,123.2058,[],['8486'],"['ACAP', 'IWC', 'WCPFC', 'PICES']",['61'],['61'],[],[],[],[],60,58,59.256527,56.186738,9c5973fbd-d6d6-a27a-6db1-50dee82e5295,LIAOWAYU55071-42-75%,550710042,,gear,,,,,329.2266666666667,26.788961878178746,0.04393593741992942,58.54970838631161
2023-12-21T11:19:32.000Z,2024-01-02T11:14:37.000Z,9e302633459b62deaf7d0276f09ca351,loitering,"[-20.332302, -2.0231, -22.076447, -2.064242]",-2.0437,-21.2044,[],[],"['ICCAT', 'ACAP', 'IWC']","['41', '41.1.4', '41.1']",['41'],[],['63203'],[],[],924,1068,925.84125,1068.8755,6dad2b5bd-dfcb-701b-7c3e-0c65a4c8a07f,BUOY-28  100%,168805508,,gear,,,,,287.91805555555555,287.7416908352043,0.5396260519491551,1023.3611975083268
2023-12-21T11:25:18.000Z,2024-01-03T13:26:58.000Z,b255bf7e0958ad7ffc6a8c443c6c7b98,loitering,"[123.290708, 36.92261, 123.263818, 36.927787]",36.9252,123.2773,[],['8486'],"['WCPFC', 'ACAP', 'IWC', 'PICES']",['61'],['61'],[],[],[],[],66,63,65.332785,62.495477,a9a8a1a7b-bc08-0180-5614-5aeaf27a39e8,LIAOWAYU55071-46-69%,550710046,,gear,,,,,314.02777777777777,13.811809485027322,0.023748792391074094,64.6894172804355
2023-12-21T11:36:14.000Z,2024-01-01T08:48:55.000Z,df86f27d428d9db1deab6ac0185d7a8f,loitering,"[123.90006, 33.685382, 123.919827, 33.763045]",33.7242,123.9099,[],['8327'],"['PICES', 'WCPFC', 'IWC', 'ACAP']",['61'],['61'],[],[],[],[],117,113,120.408266,116.229992,6e56bda4f-fa06-ae78-ff75-0c3a63bb3a43,,60557831,,gear,,,,,261.2113888888889,40.34507177473169,0.08339833911278019,114.4661484925114
2023-12-21T11:39:56.000Z,2024-01-01T04:06:46.000Z,dbb4297556783358f542c55b27acdda6,loitering,"[123.36368, 36.920307, 123.358912, 36.916673]",36.9185,123.3613,[],['8486'],"['PICES', 'WCPFC', 'ACAP', 'IWC']",['61'],['61'],[],[],[],[],72,72,70.91229700000001,70.91229700000001,b810ece68-8dbe-ae8f-24eb-977aee76acb9,LIAOWAYU55071-88-76%,550710088,,gear,,,,,256.4472222222222,9.96833529301557,0.020988608938518453,72.00102853694622
2023-12-21T11:40:29.000Z,2024-01-07T08:32:07.000Z,2151c9b9b7e5a66343f5a5daef87a073,loitering,"[123.239285, 36.94245, 123.355947, 36.93872]",36.9406,123.2976,[],['8486'],"['WCPFC', 'ACAP', 'IWC', 'PICES']",['61'],['61'],[],[],[],[],61,72,60.536496,69.674617,fcdcf5fea-a116-ab2e-93f0-7db63f5ba512,LIAOWAYU55071-18-87%,550710018,,gear,,,,,404.8605555555556,41.352909228610166,0.055151790843232795,69.20893798852735
2023-12-21T11:40:53.000Z,2024-01-01T04:08:36.000Z,10b57ec37fa9e37a378983676bd03841,loitering,"[-148.997408, -2.233317, -149.980675, -1.8763830000000001]",-2.0548,-149.489,[],[],"['SPRFMO', 'ACAP', 'IWC', 'IATTC']",['77'],['77'],[],['63203'],[],[],685,595,1052.562375,937.766625,09a1ff433-362c-be1c-b3fe-4f827b5f5d00,CS 686 BUOY-10    9V,994008350,,gear,,,,,256.4619444444442,210.6927988833226,0.44359411858402537,608.8665247618627
2023-12-21T12:01:26.000Z,2024-01-01T10:30:02.000Z,82de6a4d0e244603b4da7a9a85b60297,loitering,"[123.96726, 33.594217, 123.96884, 33.635353]",33.6148,123.9681,[],['8327'],"['PICES', 'WCPFC', 'ACAP', 'IWC']",['61'],['61'],[],[],[],[],116,113,118.740781,116.42526600000001,2f024a11e-e91e-a2cb-bc5a-2072ec97e8eb,,10678582,,gear,chn-zhoushan,CHN,ZHOUSHAN,01e415684c42a12ff6704e9392c9258e,262.47666666666663,10.626095042805344,0.021859589979540597,113.819788505086
2023-12-21T12:13:32.000Z,2024-01-01T04:30:44.000Z,bc64ac69eb15cfcbfbf716d7815437bc,loitering,"[123.367743, 36.973837, 123.364693, 36.977877]",36.9759,123.3662,[],['8486'],"['PICES', 'IWC', 'ACAP', 'WCPFC']",['61'],['61'],[],[],[],[],71,70,68.677766,67.351484,4aa2aa627-76cf-1cb0-074c-65bd7efdfb48,LURONGYU51998-10172%,519980101,,gear,,,,,256.2866666666667,7.886807192663433,0.016616296339602092,70.50990475872814
2023-12-21T12:14:42.000Z,2024-01-01T19:35:19.000Z,9da0cd132af09e0c243abcb6b95bf1a8,loitering,"[124.627523, 33.208597, 125.200997, 32.59798]",32.9033,124.9143,[],['8327'],"['PICES', 'WCPFC', 'IWC', 'ACAP']",['61'],['61'],[],[],[],[],104,118,104.24553900000001,119.202281,7338ef6d3-3da9-7312-bde5-2f5c762d6755,ZHE21262-9-62%,982307100,,gear,,,,,271.3436111111111,268.8422118092599,0.5349791754007888,117.96627910279095
2023-12-21T12:17:16.000Z,2024-01-21T05:37:42.000Z,af831ccabd10ccef283fda144ac2cf4f,loitering,"[123.305578, 36.973418, 123.367188, 36.984107]",36.9788,123.3364,[],['8486'],"['PICES', 'ACAP', 'IWC', 'WCPFC']",['61'],['61'],[],[],[],[],66,71,64.1325,68.123039,74d993b5d-d892-a7c5-b649-5b1bc3e8db5e,LURONGYU51998-11751%,519980117,,gear,,,,,737.3405555555556,45.47575661381981,0.03330203932350837,67.11867674709957
2023-12-21T12:23:07.000Z,2024-01-03T00:39:22.000Z,091921051d6bdaeff70a5c3706d1bc84,loitering,"[123.337802, 37.000113, 123.365268, 36.99724]",36.9987,123.3515,[],['8486'],"['ACAP', 'PICES', 'IWC', 'WCPFC']",['61'],['61'],[],[],[],[],68,70,64.71176200000001,67.055148,e63e1d56a-ad71-2a39-865b-2b61d169f0a8,LURONGYU51998-14865%,519980148,,gear,,,,,300.27083333333337,14.971797610711882,0.02692277465021642,68.95838488663331
2023-12-21T12:24:05.000Z,2024-01-04T04:03:18.000Z,08adf60b6f6d9663167deef7df5fe3ca,loitering,"[123.2973, 37.012807, 123.3005, 37.009813]",37.0113,123.2989,[],['8486'],"['ACAP', 'PICES', 'IWC', 'WCPFC']",['61'],['61'],[],[],[],[],64,64,61.069852,61.069852,5de721f1d-d916-84d0-cc41-89334bbf71e2,LURONGYU51998-15069%,519980150,,gear,,,,,327.6536111111111,12.365877905426492,0.02037834981612208,64.0
2023-12-21T12:57:57.000Z,2024-01-05T12:58:32.000Z,89149ee793f45de27b138b0cbfb98949,loitering,"[22.214315, 71.31677333333333, 22.273395, 71.30422833333333]",71.3105,22.2439,[],['5686'],"['NAMMCO', 'ACAP', 'IWC', 'NASCO', 'ICES', 'NEAFC']","['27.2', '27', '27.2.a.2', '27.2.a']",['27'],[],[],[],[],55,52,1.8074359999999998,1.1676739999999999,269b35645-547c-07d5-ba0e-9a3593842b3f,ESVAGT AURORA,219017214,DNK,other,,,,,360.0097222222226,32.368286336640004,0.04854723454630321,54.09617334076301
2023-12-21T12:58:56.000Z,2024-01-04T08:57:18.000Z,8488affb733beb1f745e2a4e34e55a31,loitering,"[104.87796666666667, 1.74275, 104.87718333333333, 1.7310666666666668]",1.7369,104.8776,[],['8483'],"['APFIC', 'ACAP', 'SEAFDEC', 'IWC', 'WCPFC']",['71'],['71'],[],[],[],[],65,64,40.871019999999994,40.460648,2913a24c0-0880-f475-57aa-7cfeacc46f61,MT.SC WARRIOR L,525020390,IDN,other,idn-dumai,IDN,DUMAI,843d41569e8f2b15400757fa622c256e,331.9727777777781,104.76558337721836,0.17040219349070848,64.04984548017244
2023-12-21T13:00:56.000Z,2024-01-01T05:54:57.000Z,eb69a665981305ae6f996aea35ef9d6a,loitering,"[60.865098, 4.461375, 60.634695, 4.929518]",4.6954,60.7499,[],[],"['SIOFA', 'IWC', 'IOTC', 'ACAP']","['51.5', '51']",['51'],[],['63203'],[],[],1084,1076,1127.363,1160.493625,77e407a9d-ddb8-a081-2f8b-f5b3cec3f320,ALLAHMADAT_FISHNET_,422311230,IRN,gear,,,,,256.9002777777778,309.5955088695545,0.6507124195406886,1093.3051670099828
2023-12-21T13:58:51.000Z,2024-01-09T05:59:30.000Z,f61f7e179f697f4c7fd6e3cfd5ca39b9,loitering,"[7.91004, 4.134141666666666, 7.91944, 4.137033333333333]",4.1356,7.9147,[],['8474'],"['IWC', 'NAMMCO', 'ICCAT', 'ACAP', 'FCWC']","['34', '34.3.5', '34.3']",['34'],[],[],[],[],44,43,7.016071,5.655591,ee5531511-1e42-48dc-6ab4-256dd7160025,JASCON 57,657113700,NGA,other,nga-onne,NGA,ONNE,fac7878711377f167c07d8eb71894efb,448.01083333333384,19.277103496771026,0.023233373859638713,43.89968728216965
2023-12-21T14:15:32.000Z,2024-01-01T20:02:32.000Z,bcd0fd225a1a2e45999b11c68b5cf1f2,loitering,"[123.232073, 37.33038, 123.299807, 37.339735]",37.3351,123.2659,[],['8486'],"['WCPFC', 'PICES', 'ACAP', 'IWC']",['61'],['61'],[],[],[],[],48,54,46.907629,53.051362999999995,5d9fbd515-586f-ba88-7699-1a3924d9354a,LURONGYU51998-78-25%,519980078,,gear,,,,,269.78333333333336,26.525700896462993,0.05308976091484565,52.84834015677002
2023-12-21T14:19:19.000Z,2024-01-04T11:01:30.000Z,79baee07e3c80018bf664e22b1203b37,loitering,"[72.048305, 19.33991333333333, 72.053295, 19.39803]",19.369,72.0508,[],['8480'],"['IWC', 'ACAP', 'IOTC']","['51.4', '51']",['51'],[],[],[],[],72,71,11.823808000000001,17.827898,aae3fe730-0329-77d0-db3d-9b133c14a649,B S NEGI,419000209,IND,other,ind-mumbai,IND,MUMBAI,4cc3131530e738c43e03753958f06649,332.7030555555556,367.01116328790437,0.5956367735504986,74.09068692434042
2023-12-21T14:24:58.000Z,2024-01-08T01:55:22.000Z,ebd3475cb6c61879d605c7a21f07d0b9,loitering,"[119.771117, 24.81639, 119.835168, 24.75599]",24.7862,119.8031,[],['8486'],"['WCPFC', 'APFIC', 'IWC', 'ACAP']",['61'],['61'],[],[],[],[],35,45,45.202508,53.336977,44e9639ee-e485-99f0-3323-43541c93c3f4,TIELONG61498-56  90%,614980056,,gear,,,,,419.50666666666666,66.50559599214465,0.08560090190978976,38.37200813057008
2023-12-21T14:45:39.000Z,2024-01-16T04:03:20.000Z,91c9cd56ad8019b16c4f94005fa09a2f,loitering,"[-91.19008333333333, 27.22805, -91.19065166666667, 27.227933333333333]",27.228,-91.1904,[],['8456'],"['IWC', 'ICCAT', 'ACAP', 'NAMMCO']",['31'],['31'],[],[],[],[],204,204,22.746393,22.746393,f6a0d39fb-bb41-8a4d-3be5-4eb9db446e51,FLOATEL VICTORY,310662000,BMU,other,cuw-cuw-7,CUW,CUW-7,607a5f875f3be3c609f1fe49708dce0c,613.2947222222224,2.6697416825859444,0.0023504933806674424,204.0
2023-12-21T14:55:30.000Z,2024-01-31T13:49:12.000Z,98fc270cf576e209e7a7fc975a8795fa,loitering,"[119.918793, 35.200007, 119.921013, 35.199435]",35.1997,119.9199,[],['8486'],"['ACAP', 'IWC', 'PICES', 'WCPFC']",['61'],['61'],[],[],[],[],39,39,6.7333300000000005,6.7333300000000005,277cb812c-cfc7-a948-b467-123e0ce955b0,,900111001,,gear,,,,,982.8949999999998,25.124321670772577,0.013802133919028714,39.00000000000002
2023-12-21T14:57:17.000Z,2024-01-18T05:12:21.000Z,d1339c6ef8a07b5b8837b7b854b00a9b,loitering,"[119.926407, 35.08743, 119.927433, 35.08763]",35.0875,119.9269,[],['8486'],"['PICES', 'IWC', 'ACAP', 'WCPFC']",['61'],['61'],[],[],[],[],47,47,4.805476,4.805476,19be45ba7-7ded-9b7c-0889-c7a9db848092,,60806801,,gear,,,,,662.2511111111105,40.31932992895225,0.0328737787534812,47.000256391625165
2023-12-21T14:57:47.000Z,2024-01-05T09:59:44.000Z,d60e9216ef294638ef0bc1843926e691,loitering,"[54.901205, 25.51013, 54.893771666666666, 25.508636666666668]",25.5094,54.8975,[],['8360'],"['IOTC', 'RECOFI', 'ACAP', 'IWC']","['51', '51.2']",['51'],[],[],[],[],41,41,0.0,0.0,d5f9cc38a-a7f4-a2bf-3ad0-4bc5ab074e8a,SEA DRAGON,538010194,MHL,other,,,,,355.03250000000014,31.778254356033653,0.048330461694314875,40.99999999999998
2023-12-21T15:13:38.000Z,2024-01-09T02:30:20.000Z,11a7f7311b9913e74a5c51fd44efbc17,loitering,"[119.830962, 24.928285, 119.804985, 24.826527]",24.8774,119.818,[],['8486'],"['WCPFC', 'APFIC', 'ACAP', 'IWC']",['61'],['61'],[],[],[],[],37,37,35.194480000000006,44.759895,5ee8f7419-96be-53a5-b381-7c21ce7e98ab,TIELONG61498-68  90%,614980068,,gear,,,,,443.2783333333333,61.309286619968546,0.07468076812266704,38.914192453809875
2023-12-21T15:26:43.000Z,2024-01-07T10:58:00.000Z,5c64f7b20beee29986ad097ab835b1e3,loitering,"[119.914863, 24.820963, 119.977963, 24.74886]",24.7849,119.9464,[],['8486'],"['APFIC', 'WCPFC', 'ACAP', 'IWC']",['61'],['61'],[],[],[],[],48,57,49.695828,59.879824,bbfe2d4c7-7c2f-1ad5-fc58-da6b84981466,TIELONG61568-35  90%,615680035,COG,gear,,,,,403.52138888888885,41.99471829947019,0.05619363552807666,44.9911731058504
2023-12-21T15:28:24.000Z,2024-01-06T01:58:20.000Z,0e23982ea6189a64e1a2d3aafa75d402,loitering,"[119.92321, 24.820855, 119.876233, 24.755845]",24.7884,119.8997,[],['8486'],"['ACAP', 'IWC', 'APFIC', 'WCPFC']",['61'],['61'],[],[],[],[],49,48,50.153387,54.616617,bffdc48af-f699-aca1-4b2a-4858b75380ff,02392-24-40%,980239224,,gear,,,,,370.4988888888889,23.82675403896471,0.03472457902961058,47.07082919894106
2023-12-21T15:33:40.000Z,2024-01-04T22:14:59.000Z,45414973f72ede622a9fafe324372712,loitering,"[119.915005, 24.897093, 119.905705, 24.830647]",24.8639,119.9104,[],['8486'],"['APFIC', 'WCPFC', 'IWC', 'ACAP']",['61'],['61'],[],[],[],[],46,47,42.45973,48.702742,483be0de2-2e24-a1c4-2ee4-c128880556e8,TIELONG61773-52  90%,617730052,CPV,gear,,,,,342.6886111111111,24.956539429824797,0.03932273445607952,44.26811550827631
2023-12-21T15:39:58.000Z,2024-01-01T01:17:43.000Z,b68c42cd2a36b652e32f48a17c18bf25,loitering,"[-17.368305, 20.385398, -17.203798333333335, 20.431616666666667]",20.4085,-17.2861,[],['8369'],"['NAMMCO', 'SRFC', 'ACAP', 'ICCAT', 'IWC']","['34', '34.1.3', '34.1.32', '34.1']",['34'],[],[],[],[],53,41,52.45325,37.829383,5e2d5700a-a268-a308-82d6-ddc1fc512056,FU YUAN YU 6082,412440634,CHN,fishing,mrt-cansado,MRT,CANSADO,a572619c0492182d469fa50564a4ae09,249.62916666666666,49.18777503859374,0.10639491423854039,52.031547839313454
2023-12-21T15:40:08.000Z,2024-01-04T02:46:35.000Z,2e38cf1e7b24ea28b7258d4b1c37cd08,loitering,"[119.90225, 24.971195, 119.904527, 24.821687]",24.8964,119.9034,[],['8486'],"['APFIC', 'IWC', 'ACAP', 'WCPFC']",['61'],['61'],[],[],[],[],39,47,34.927824,49.254637,53fc4552c-cf8c-c119-de3d-312ed52f742a,TIELONG67688-58  90%,676880058,COD,gear,,,,,323.1075000000001,45.38950597618448,0.07585206953517026,44.20840692358493
2023-12-21T15:42:08.000Z,2024-01-07T01:28:25.000Z,4701a95e7924f27c9a7fe7818962accd,loitering,"[119.92313, 24.73755, 119.824782, 24.759752]",24.7487,119.874,[],['8486'],"['WCPFC', 'APFIC', 'IWC', 'ACAP']",['61'],['61'],[],[],[],[],53,43,58.190699,52.801047,45d135151-172e-28ec-7e1c-60b385a7f1c4,TIELONG61498-33  90%,614980033,,gear,,,,,393.77138888888885,46.72347461979022,0.06406930191966122,41.57159991796463
2023-12-21T15:46:08.000Z,2024-01-04T04:53:39.000Z,243dd502fdbc72be924b7fbd20103989,loitering,"[119.941267, 24.818468, 119.925885, 24.841823]",24.8301,119.9336,[],['8486'],"['APFIC', 'ACAP', 'WCPFC', 'IWC']",['61'],['61'],[],[],[],[],51,49,51.115816,48.68368,77f9c448f-fa25-4aba-58b1-46f5e6a0979a,TIELONG61558-38  90%,615580038,COG,gear,,,,,325.1252777777778,30.304108453006396,0.05032801400032915,46.91658378786445
2023-12-21T15:51:38.000Z,2024-01-08T07:05:04.000Z,889bc612acc9a986a79238dfdb816a5f,loitering,"[120.017267, 24.92461, 119.821097, 24.670883]",24.7977,119.9192,[],['8486'],"['IWC', 'WCPFC', 'APFIC', 'ACAP']",['61'],['61'],[],[],[],[],50,49,47.090413999999996,62.545913999999996,406213483-3dc6-e731-204c-c6048f93e7b6,TIELONG61773-53  90%,617730053,CPV,gear,,,,,423.2238888888889,66.08610572616438,0.08431386634251382,42.889104704767234
2023-12-21T15:54:29.000Z,2024-01-04T03:34:34.000Z,3f5abd987c5b3b79045dce8c9f40302a,loitering,"[120.009038, 24.993015, 119.913232, 24.786515]",24.8898,119.9611,[],['8486'],"['WCPFC', 'APFIC', 'ACAP', 'IWC']",['61'],['61'],[],[],[],[],43,49,41.066043,52.703566,3a116467c-cd36-113c-96d4-61441af2062a,TIELONG61568-70  90%,615680070,COG,gear,,,,,323.66805555555555,68.00101955400879,0.1134421902930436,48.43792126137571
2023-12-21T15:59:02.000Z,2024-01-02T01:59:15.000Z,382da243f7b2a0a8b8044792baf7ef2d,loitering,"[120.08857833333333, 35.05958666666667, 120.05799, 35.073815]",35.0667,120.0733,[],['8486'],"['ACAP', 'PICES', 'WCPFC', 'IWC']",['61'],['61'],['8486'],[],[],[],60,58,3.521344,0.910076,9d2354ea6-6576-ee5c-67e7-0b6206001891,FRONT EMPIRE,538007495,MHL,other,,,,,274.0036111111112,33.15730570741985,0.06534042645781989,57.823925679218874
2023-12-21T15:59:28.000Z,2024-01-09T13:14:01.000Z,1303b305f5b562afa91bf872645fc58c,loitering,"[-30.602728, 8.166002, -30.954125, 8.124322]",8.1452,-30.7784,[],[],"['NAMMCO', 'ICCAT', 'IWC', 'ACAP']","['34.4.2', '34', '34.4']",['34'],[],['63203'],[],[],974,1003,1000.654562,1030.404938,e2f0de275-51ca-8803-ee56-c786b33b78ab,HUANGMING-44,99880344,,gear,,,,,453.2425,168.14507521941403,0.200314571851265,981.1480570312916
2023-12-21T16:12:42.000Z,2024-01-08T00:39:20.000Z,e3ac9d5eebf41f9fde2fdfe9d6d9297e,loitering,"[120.009487, 24.837545, 119.85829, 24.754413]",24.796,119.9339,[],['8486'],"['WCPFC', 'ACAP', 'IWC', 'APFIC']",['61'],['61'],[],[],[],[],56,47,53.149440999999996,54.99866,9c42b68ab-b6df-a1a5-4fb0-00cdf28488d2,TIELONG61773-60  90%,617730060,CPV,gear,,,,,416.4438888888888,130.46519310109255,0.16915980882095544,47.601373485367255
2023-12-21T16:14:24.000Z,2024-01-01T19:24:01.000Z,4da7f5530e3e44a4fb256a21d60814b7,loitering,"[119.893487, 24.735970000000002, 119.641893, 24.723287]",24.7296,119.7677,[],['8486'],"['IWC', 'WCPFC', 'APFIC', 'ACAP']",['61'],['61'],[],[],[],[],50,34,57.053523,53.043375,7401b769b-b917-6822-1e1a-57fa47274c69,,196903602,,gear,chn-gouqiisland,CHN,GOUQI ISLAND,4f60127069fbe076da95dd8e04a82f6d,267.16027777777776,54.960195912567535,0.11107988039649631,47.3524420238276
2023-12-21T16:24:36.000Z,2024-01-06T01:56:56.000Z,7ed724b88314e08a9e288b2f856be1ff,loitering,"[119.966567, 24.971607, 120.050548, 24.972213]",24.9719,120.0086,[],['8486'],"['WCPFC', 'IWC', 'APFIC', 'ACAP']",['61'],['61'],[],[],[],[],42,47,39.594972999999996,45.584004,33a32f334-4c4d-5a28-17cb-cf4f542930e3,TIELONG61568-69  90%,615680069,COG,gear,,,,,369.53888888888895,120.52544582878728,0.1761074041773055,43.39882056755946
2023-12-21T16:26:43.000Z,2024-01-01T15:43:35.000Z,6a63ed57fa01116351305382961920f2,loitering,"[72.265395, 18.502996666666668, 72.265355, 18.503005]",18.503,72.2654,[],['8480'],"['IWC', 'IOTC', 'ACAP']","['51.4', '51']",['51'],[],[],[],[],65,65,1.054488,1.054488,0050718ee-eb65-deed-5693-5fe108cb350f,GOODMAN,355001000,PAN,other,,,,,263.2811111111111,0.8886905628661499,0.001822593780318572,65.0
2023-12-21T16:27:42.000Z,2024-01-02T21:54:10.000Z,076170ebf4470e2f724d9b132405dae9,loitering,"[119.976105, 24.907643, 119.796318, 24.665603]",24.7866,119.8862,[],['8486'],"['WCPFC', 'APFIC', 'ACAP', 'IWC']",['61'],['61'],[],[],[],[],48,48,45.182061999999995,62.154644999999995,f41da308c-cb7d-12f8-8443-15b3698f7839,TIELONG61558-50  90%,615580050,COG,gear,,,,,293.4411111111111,59.58141802397683,0.10963491754706484,45.04844962404655
2023-12-21T16:35:08.000Z,2024-01-06T23:40:54.000Z,6b30c52c4e4058631946a8b42bb4945f,loitering,"[120.023837, 24.846242, 120.00675, 24.89578]",24.871,120.0153,[],['8486'],"['APFIC', 'ACAP', 'IWC', 'WCPFC']",['61'],['61'],[],[],[],[],56,51,52.896332,48.010988,03a1a4568-8f88-f84e-866b-36e12ea946dc,TIELONG67688-55  90%,676880055,COD,gear,,,,,391.09611111111104,15.39500100042107,0.021254712826902524,52.124722267689336
2023-12-21T16:50:13.000Z,2024-01-04T22:09:17.000Z,15e00efd9617a7f81673373579a4a0d7,loitering,"[120.011163, 24.919207, 119.917937, 24.830898]",24.8751,119.9646,[],['8486'],"['WCPFC', 'APFIC', 'IWC', 'ACAP']",['61'],['61'],[],[],[],[],49,48,46.385008,49.169508,bcc030aa6-61a8-0ffa-57b0-2476b8362cce,61215,108003912,,gear,,,,,341.3177777777778,30.378972957181,0.04805883021102716,47.98550580837373
2023-12-21T16:50:33.000Z,2024-01-06T11:33:05.000Z,0deb605c16536d3fb517bcdd8ef07201,loitering,"[-30.48284, 8.167312, -30.916525, 8.133635]",8.1505,-30.6997,[],[],"['ICCAT', 'NAMMCO', 'IWC', 'ACAP']","['34.4', '34.4.2', '34']",['34'],[],['63203'],[],[],965,1000,992.046125,1027.361062,4a4fb3c82-288b-a240-0169-f836aa857b26,HUANGMING-43,99880343,,gear,,,,,378.70888888888885,170.89639837115416,0.24366122817269756,979.2008142609095
2023-12-21T16:57:48.000Z,2024-01-03T17:02:55.000Z,1af6c1dd76c53fe78885ef6c7a172b13,loitering,"[-149.344033, -2.131057, -150.656088, -2.695502]",-2.4133,-150.0001,[],[],"['ACAP', 'IWC', 'WCPFC', 'SPRFMO']",['77'],['77'],[],['63203'],[],[],652,493,1013.779688,919.205,ee9fb4929-9d19-a101-deaa-269b4c51806a,BUOY-23           9V,994008743,,gear,,,,,312.0852777777777,316.18353270939764,0.5470474315314248,562.5979767859312
2023-12-21T17:05:45.000Z,2024-01-02T23:42:35.000Z,09e5079e6c5a488abb615983ce9f33c4,loitering,"[120.00096, 24.998257, 119.713342, 24.673563]",24.8359,119.8572,[],['8486'],"['ACAP', 'APFIC', 'IWC', 'WCPFC']",['61'],['61'],[],[],[],[],41,42,39.577684,60.029957,aa342a84c-ce6b-8368-17e7-34140c1a0750,TIELONG61568-25  83%,615680025,COG,gear,,,,,294.61388888888894,58.730940789021396,0.10763976936724572,41.70746038593646
2023-12-21T17:47:51.000Z,2024-01-02T17:50:26.000Z,5642b32380b4ab09a35866e50eb6a5b0,loitering,"[-11.011178, -5.732502, -10.962223, -5.70888]",-5.7207,-10.9867,[],[],"['ICCAT', 'IWC', 'ACAP']","['34', '34.4.1', '34.4']",['34'],[],['63203'],[],[],439,445,447.431469,453.280406,a5eb36dae-e387-9d83-8412-341898deef02,994025032         9V,994025032,,gear,,,,,288.0430555555555,141.8783420863755,0.26596085062630986,440.2434750676505
2023-12-21T17:59:49.000Z,2024-01-02T16:59:46.000Z,f8b240517d08880a8e7ce4e16d97bdc6,loitering,"[-39.99317666666666, -22.149213333333332, -39.96806333333333, -22.13749333333333]",-22.1434,-39.9806,[],['8464'],"['ICCAT', 'IWC', 'ACAP']","['41.2.1', '41.2', '41']",['41'],[],[],[],[],105,106,1.111949,0.0,82be11d74-4073-88d0-1f2b-b7166bce0823,CBO CABRALIA,710003154,BRA,other,,,,,286.99916666666684,23.08993689652288,0.043441131427120944,106.11995378024639
2023-12-21T18:33:53.000Z,2024-01-04T00:59:10.000Z,437a2858dbffcaf0ff4d9f564c4be94c,loitering,"[120.11222, 25.105973, 120.678453, 25.518393]",25.3122,120.3953,[],['8486'],"['ACAP', 'IWC', 'WCPFC', 'APFIC']",['61'],['61'],[],[],[],[],41,64,42.265988,66.511516,4030e7f6a-afdc-daae-a8e4-457d29756a99,,910452813,,gear,,,,,318.4213888888888,126.67607835768197,0.21480846680242432,44.28284283228844
2023-12-21T22:14:09.000Z,2024-01-01T11:24:26.000Z,de4694a8a7fa6206b86c2ab6a4be5ea5,loitering,"[171.567977, -18.798875, 171.288838, -19.505452]",-19.1522,171.4284,[],['8313'],"['FFA', 'WCPFC', 'SPC', 'ACAP', 'IWC']",['71'],['71'],[],[],[],[],163,114,232.07218799999998,177.54375,1a5081ea9-9b1f-422c-77d0-485a1e0a4a0d,WANGBIAO-2697  100%,99002697,,gear,,,,,253.1713888888889,196.97742483010555,0.4201079005451224,120.67012327010737
2023-12-21T22:16:20.000Z,2024-01-04T15:24:12.000Z,12f433ca45f29ea0bdc5096169f7e5e8,loitering,"[120.766963, 25.65492, 120.780482, 25.67034]",25.6626,120.7737,[],['8486'],"['ACAP', 'IWC', 'WCPFC', 'APFIC']",['61'],['61'],[],[],[],[],71,73,67.71664100000001,66.430766,44d2fe3fb-bfed-87c6-c2ae-ee394767d2a9,TIELONG616-0003-55%,412616003,CHN,gear,,,,,329.1311111111111,24.03581021538672,0.03943200388609664,72.54011429972428
2023-12-21T22:23:32.000Z,2024-01-01T08:14:03.000Z,1f02b1005ff5b0f9c809d37466fc94d7,loitering,"[171.578853, -18.621952, 171.102845, -19.507698]",-19.0648,171.3408,[],['8313'],"['FFA', 'SPC', 'IWC', 'ACAP', 'WCPFC']",['71'],['71'],[],[],[],[],175,94,240.86671900000002,160.131422,5f8256efc-c7b8-d663-3135-2bc2d6b3e0e0,WANGBIAO-2969  100%,99002969,,gear,,,,,249.84194444444447,228.0475923626262,0.4928549899085433,117.07821960843567
2023-12-21T23:25:17.000Z,2024-01-06T23:46:26.000Z,3205ef794d142dc14614e7ff1e90495f,loitering,"[16.814593, 73.934033, 15.98044, 73.536167]",73.7351,16.3975,[],['33181'],"['NEAFC', 'ACAP', 'NAMMCO', 'NASCO', 'ICES', 'IWC']","['27.2', '27.2.b', '27.2.b.2', '27']",['27'],[],[],[],[],82,130,80.325406,129.058805,988d03994-4913-aa96-9fb0-45f68c97c9bd,O.BUOY 32,941005805,,gear,,,,,384.3525,423.99364061761804,0.5956465767061326,149.693626741912
2023-12-21T23:28:07.000Z,2024-01-02T23:38:25.000Z,377a492e7f536acc493a1100806d907e,loitering,"[-10.61282, -5.74026, -10.5943, -5.802238]",-5.7712,-10.6036,[],[],"['IWC', 'ICCAT', 'ACAP']","['34.4', '34.4.1', '34']",['34'],[],['63203'],[],[],476,474,484.512812,483.113812,2ef964bed-d8f7-87e1-4599-6052cd114124,994025010         7V,994025010,,gear,,,,,288.1716666666667,165.20037162904404,0.3095414119865458,473.67799533649185
2023-12-21T23:33:30.000Z,2024-02-13T07:00:13.000Z,68e244cc47cb87e63557c291445c2ebe,loitering,"[108.56614666666667, 10.132366666666666, 108.56576333333334, 10.132756666666667]",10.1326,108.566,[],['8484'],"['ACAP', 'SEAFDEC', 'APFIC', 'IWC', 'WCPFC']",['71'],['71'],[],[],[],[],58,58,158.675453,158.675453,e120068a9-9008-547e-cc63-9b962f276a20,FPSO PTSC LAM SON,566888000,SGP,gear,,,,,1279.4452777777776,15.971579991488467,0.006740392440480265,58.0
2023-12-22T00:05:02.000Z,2025-10-03T13:02:35.000Z,c24f889f317cf84e79376f9cddb4fd24,loitering,"[0.24879666666666667, 58.460498333333334, 0.24872666666666668, 58.46051166666667]",58.4605,0.2488,[],['5696'],"['ICCAT', 'NEAFC', 'ICES', 'ACAP', 'NAMMCO', 'IWC', 'NASCO']","['27', '27.4.a', '27.4']",['27'],[],[],[],[],154,154,19.126617,19.126617,1fe322f0d-d614-3ace-f9b5-d3b7272a9f6b,PIPER,235000082,GBR,other,,,,,15636.959166666673,423.1342064406699,0.01461116519569336,153.99999999999983
2023-12-22T01:09:28.000Z,2024-01-09T02:51:30.000Z,ce760754964910bc214532c34eb25adc,loitering,"[123.41896, 36.947743, 123.404327, 36.940087]",36.9439,123.4116,[],['8486'],"['WCPFC', 'IWC', 'PICES', 'ACAP']",['61'],['61'],[],[],[],[],77,75,73.63592200000001,72.679516,b5aa59242-2e9d-6807-be3e-817dac158ad2,,235548818,GBR,gear,,,,,433.70055555555564,29.11315656048135,0.036245853858238544,76.11560569142249
2023-12-22T01:15:32.000Z,2024-01-05T04:55:46.000Z,74c7913e11d94739134ef9edb2869399,loitering,"[123.002458, 33.292177, 122.99901, 33.341493]",33.3168,123.0007,[],['8486'],"['ACAP', 'WCPFC', 'IWC', 'PICES']",['61'],['61'],[],[],[],[],183,186,153.084656,155.793391,ff2f9c0d2-2bd3-c695-1b68-3f239d56815b,SUQIYU03486-131-96%,303486131,USA,gear,,,,,339.6705555555556,26.249013169751592,0.041726705518600964,185.99630769683694
2023-12-22T01:16:39.000Z,2024-01-15T10:47:02.000Z,56f10d15de8f3d98b96a9cb2b5bc4d2a,loitering,"[122.933893, 30.387383, 123.797412, 27.394147]",28.8908,123.3657,[],['8486'],"['ACAP', 'APFIC', 'IWC', 'WCPFC']",['61'],['61'],[],[],[],[],6,162,3.4709659999999998,216.766125,c8e51b43a-acde-f539-809f-a529101d74b6,NET33-ZSY65425-99%,654250033,MRT,gear,,,,,585.506388888889,528.0656860622331,0.4869847114766947,85.09367520113231
2023-12-22T01:17:19.000Z,2024-01-09T07:41:24.000Z,82250d0452cb6c5f923804b87392872f,loitering,"[123.00266, 33.294082, 123.002353, 33.348315]",33.3212,123.0025,[],['8486'],"['IWC', 'WCPFC', 'PICES', 'ACAP']",['61'],['61'],[],[],[],[],183,186,153.084656,156.35321900000002,248abdd31-1acb-11ef-3d97-78a22e2e486f,SUQIYU03486-134-36%,303486134,USA,gear,,,,,438.4013888888889,35.598144011887214,0.04384443237812535,185.9939876254954
2023-12-22T01:20:40.000Z,2024-01-07T22:19:50.000Z,503b47a59f53464e66b5a0fa1142a0f5,loitering,"[104.74083333333333, 1.94555, 104.74146666666667, 1.9479666666666666]",1.9468,104.7412,[],['8483'],"['IWC', 'WCPFC', 'APFIC', 'ACAP', 'SEAFDEC']",['71'],['71'],[],[],[],[],59,59,44.818796999999996,44.818796999999996,21715de88-8c1a-f652-34a6-88b648958292,LEONOR,352002412,PAN,other,chn-dongjiakou,CHN,DONGJIAKOU,4a5c7dc3da54c87b9fe2a7288285c970,404.9861111111112,29.0478342014846,0.038728675558066916,59.0
2023-12-22T01:25:05.000Z,2024-01-10T06:09:56.000Z,ec4c3b72dc536fa434db4e84a824dc5f,loitering,"[123.002302, 33.300823, 123.004125, 33.437413]",33.3691,123.0032,[],['8486'],"['ACAP', 'IWC', 'WCPFC', 'PICES']",['61'],['61'],[],[],[],[],183,192,153.614141,161.648859,99cf95c6d-d96e-4f8f-7361-1fd242c49255,SUQIYU03486-129-48%,303486129,USA,gear,,,,,460.74750000000006,38.30333200871491,0.04488824076772853,189.3201126953329
2023-12-22T01:30:32.000Z,2024-01-08T06:45:20.000Z,a01ca995d9483cfa243a20aec2e93a5a,loitering,"[123.001642, 33.321822, 123.00391, 33.39865]",33.3602,123.0028,[],['8486'],"['IWC', 'ACAP', 'WCPFC', 'PICES']",['61'],['61'],[],[],[],[],185,189,154.691625,159.239359,e4aec2ce2-2bb9-2977-1e64-c875ed94b97a,SUQIYU03486-139-38%,303486139,USA,gear,,,,,413.2466666666666,31.716417432242665,0.041441339410959885,188.998994412807
2023-12-22T01:58:00.000Z,2024-01-01T12:58:34.000Z,0264f4f77c0f8be3e766da464799b29b,loitering,"[122.65532, 31.25335, 122.63975166666667, 31.265571666666666]",31.2595,122.6475,[],['8486'],"['IWC', 'ACAP', 'PICES', 'WCPFC']",['61'],['61'],['8486'],[],[],[],42,45,0.0,0.9504170000000001,5fc2394a0-0b24-d512-88d0-cfeb6212e93a,DELFIN,538008255,MHL,cargo,,,,,251.00944444444457,27.22419603412289,0.05856309470654392,43.556350929994196
2023-12-22T02:18:32.000Z,2024-01-22T18:37:13.000Z,658534bc2519df61d4d06214460422b6,loitering,"[-149.245418, 6.96049, -149.328398, 6.887538]",6.924,-149.2869,[],[],"['IATTC', 'ACAP', 'IWC']",['77'],['77'],[],['63203'],[],[],1050,1038,1066.20475,1054.639875,043eca1e2-25d3-3e6c-3719-731e8c844941,POWER OF 2,236724000,GIB,passenger,plw-melekeok,PLW,MELEKEOK,db8c69cd0aab0e4d12480604554acf60,760.3113888888888,117.33758658721517,0.08333063150800815,1041.8655946818092
2023-12-22T02:50:01.000Z,2024-05-27T04:02:59.000Z,deca03fd494cbedc7946c5ee14ab9e49,loitering,"[108.04931, 9.819255, 108.05653833333334, 9.779963333333333]",9.7996,108.0529,[],['8484'],"['ACAP', 'IWC', 'APFIC', 'SEAFDEC', 'WCPFC']",['71'],['71'],[],[],[],[],96,100,117.59854700000001,120.394391,9688e80b1-188e-5612-e472-27708a168fa0,CUU LONG,574999530,VNM,other,vnm-dungquat,VNM,,9c2fb52472b760011011c8d650545a8f,3769.2161111111136,21.977595080682526,0.00314838726079608,96.06005930111309
2023-12-22T02:55:19.000Z,2024-01-05T19:58:54.000Z,6a3273602b3860b977865dcb169a671b,loitering,"[128.01952, 34.093265, 128.015, 34.0995]",34.0964,128.0173,[],['8327'],"['PICES', 'IWC', 'WCPFC', 'ACAP']",['61'],['61'],[],[],[],[],41,40,40.408078,39.446141000000004,e022908fb-bc11-9d68-216c-8fac2965f76b,PAN GLOBAL,355693000,PAN,cargo,kor-yeosu,KOR,,b10e5390ebdd50f5e9d661dac44b0197,353.0597222222222,31.510319460932305,0.04819074593075398,40.00047455136977
2023-12-22T02:59:15.000Z,2024-01-10T01:56:34.000Z,ba08c4be67d3d059c835c6a3fa5649d0,loitering,"[-40.02881333333333, -21.272366666666667, -40.02730666666667, -21.274608333333333]",-21.2735,-40.0281,[],['8464'],"['ACAP', 'IWC', 'ICCAT']","['41.2', '41', '41.2.1']",['41'],[],[],[],[],78,78,1.0362049999999998,1.0362049999999998,66c0e38fa-ab36-f956-114e-3574c1b78cfe,SKANDI RECIFE,710033160,BRA,other,,,,,454.9552777777779,34.02587234031813,0.04038309293478449,78.98247251812319
2023-12-22T03:59:05.000Z,2024-01-03T05:47:09.000Z,8ad67fc9488685b4d53606eef5cc5575,loitering,"[49.97481666666667, 28.137318333333333, 49.99820666666667, 28.187876666666668]",28.1626,49.9865,[],['8356'],"['ACAP', 'IOTC', 'RECOFI', 'IWC']","['51.2', '51']",['51'],[],[],[],[],48,54,1.111949,2.253626,c69e6d250-070b-4dac-d603-027a50a611a3,ZAMIL-L.B.3,403633000,SAU,other,,,,,289.8011111111112,8.367593088990182,0.015590481346419218,51.0027871973482
2023-12-22T04:37:44.000Z,2024-01-05T01:05:43.000Z,876d379798c7e76c4dc865a1c5e0ac76,loitering,"[123.63346, 37.503333, 123.56608, 37.466373]",37.4849,123.5998,[],['8486'],"['ACAP', 'IWC', 'PICES', 'WCPFC']",['61'],['61'],[],[],[],[],83,78,83.375344,77.63100800000001,c9ab8833d-d210-58da-d2f8-28a1fbda3028,75226-49-73%,752260049,,gear,,,,,332.4663888888889,25.70434495321712,0.04174628293177886,80.40744314940329
2023-12-22T04:58:08.000Z,2024-01-12T05:58:59.000Z,1862e64e665261f95c28c5cbaa5c82bc,loitering,"[104.65608333333333, 1.9978166666666666, 104.64678333333333, 2.0021]",2.0,104.6514,[],['8483'],"['IWC', 'ACAP', 'WCPFC', 'APFIC', 'SEAFDEC']",['71'],['71'],['8483'],[],[],[],51,51,46.434464999999996,46.127539,74f7b2f8d-ddf7-eeeb-2453-d455f4074d3a,PVT SYNERGY,357365000,PAN,cargo,mys-telokramunia,MYS,TELOK RAMUNIA,3d1f6655a1a6351a0436257c6c29697f,505.014166666667,64.36019907593733,0.06881337130044295,50.99731264237865
2023-12-22T04:59:52.000Z,2024-01-02T11:57:54.000Z,23a8ee33e62cb6c6f19d04dc9dbb3a6a,loitering,"[122.85883, 29.43161, 122.85988666666667, 29.434118333333334]",29.4329,122.8594,[],['8486'],"['ACAP', 'WCPFC', 'APFIC', 'IWC']",['61'],['61'],[],[],[],[],62,62,37.365648,37.365648,4326ad774-4c71-514b-8f72-683b2824f468,YM MODESTY,636016242,LBR,cargo,kor-busannewport,KOR,,7768329872290917e8da618b78d54408,270.96722222222263,51.356829073760885,0.102338832848011,61.99999999999992
2023-12-22T05:05:38.000Z,2024-01-08T08:55:37.000Z,f4c6fc05734df1d6e323b173cf630baf,loitering,"[123.633087, 37.47933, 123.47441, 37.478543]",37.4789,123.5537,[],['8486'],"['IWC', 'ACAP', 'PICES', 'WCPFC']",['61'],['61'],[],[],[],[],83,69,83.029523,69.08632,770f03298-8673-b511-9a9e-8a0d3c129511,75226-99%,752260109,,gear,,,,,411.8330555555555,60.01662658093565,0.07868816115093573,80.85181671771801
2023-12-22T05:29:32.000Z,2024-01-04T15:53:32.000Z,d2b4afff246d231bfcf342f0561093b3,loitering,"[139.246292, -8.691732, 139.177012, -8.872393]",-8.7821,139.2117,[],['8492'],"['IWC', 'APFIC', 'ACAP', 'WCPFC', 'SEAFDEC']",['71'],['71'],[],[],[],[],50,61,124.472477,137.12425,ae7a08199-9783-74d2-871d-2f691c2394e0,????????????????100%,59045038,,gear,,,,,322.4,109.75728961116619,0.1838219455781929,51.62531850592456
2023-12-22T05:59:32.000Z,2024-01-04T17:06:19.000Z,c6971f49779d36c9ce2322e807989564,loitering,"[104.72625666666667, 1.8348966666666666, 104.72333333333333, 1.835]",1.8349,104.7248,[],['8483'],"['IWC', 'ACAP', 'SEAFDEC', 'APFIC', 'WCPFC']",['71'],['71'],[],[],[],[],57,56,33.166598,33.353059,3b1c896d4-4344-710c-b6aa-6f7aafe4dc14,YONG DING,352001519,PAN,other,mys-pengerang,MYS,PENGERANG,f3a94c53d76db0eae9151a6b2e6703a1,323.1130555555557,103.45312528202048,0.17288134253423793,56.42005198714315
2023-12-22T06:56:00.000Z,2024-01-09T15:59:31.000Z,dd72e84a5e21bfaacc03cdc627f410ae,loitering,"[104.72264833333334, 1.72436, 104.72025833333333, 1.7330116666666666]",1.7287,104.7215,[],['8483'],"['APFIC', 'SEAFDEC', 'WCPFC', 'ACAP', 'IWC']",['71'],['71'],[],[],[],[],52,52,24.048148,24.682426,31487130e-efa7-a693-868a-7d6f290fdfb2,SPAR,374100000,PAN,cargo,egy-suezsouthanchorage,EGY,SUEZ SOUTH ANCHORAGE,b30a33e55d52be32770b69df4dedb77f,441.0586111111112,104.89854895605492,0.1284198602058044,52.02394063229907
2023-12-22T06:57:10.000Z,2024-04-06T16:57:55.000Z,5f4465c0533a8d0e3492afb78e343718,loitering,"[72.30166666666666, 18.795833333333334, 72.218, 18.639499999999998]",18.7177,72.2598,[],['8480'],"['IWC', 'ACAP', 'IOTC']","['51', '51.4']",['51'],[],[],[],[],54,67,3.348017,3.498257,7d8df2e3e-e32d-1d60-f2a6-d7e84bf38934,J.T.ANGEL,538001740,MHL,other,,,,,2554.012500000002,225.02248333443276,0.047573150408202404,57.510491538067015
2023-12-22T07:02:53.000Z,2024-01-12T04:30:28.000Z,bc8e180b35315619058dd4306970d682,loitering,"[96.34, 16.008333333333333, 96.34, 16.01]",16.0092,96.34,[],['8482'],"['APFIC', 'SEAFDEC', 'IOTC', 'IWC', 'ACAP']","['57.1', '57']",['57'],[],[],[],[],41,41,70.57105499999999,70.57105499999999,d28c26752-2d56-8f5c-0206-34ade60c04c1,SUPER INFINITY,356819000,PAN,other,mmr-yangon,MMR,,b16118e7177032ec0f8bfb824fa7722a,501.4597222222223,58.28295773441251,0.06275734253342952,41.00865533733163
2023-12-22T07:13:44.000Z,2024-01-01T01:45:58.000Z,211f14262ee9e97973b481b634369845,loitering,"[-30.69435, 10.132817, -29.773727, 9.868903]",10.0009,-30.234,[],[],"['ACAP', 'NAMMCO', 'ICCAT', 'IWC']","['34.4', '34.4.2', '34']",['34'],[],['63203'],[],[],828,773,855.696062,800.102125,a313769e9-9895-f11a-2e45-31fe0d577142,MY5-04            9V,994210464,,gear,,,,,234.53722222222225,206.06340151167973,0.47440374084432885,801.5190615631433
2023-12-22T07:23:07.000Z,2024-01-06T21:24:05.000Z,665c3aa21945fe8171e321d41880081f,loitering,"[123.057887, 37.634028, 123.058793, 37.632751999999996]",37.6334,123.0583,[],['8486'],"['ACAP', 'IWC', 'WCPFC', 'PICES']",['61'],['61'],[],[],[],[],40,40,42.303441,42.303441,2ac57ff7b-b226-5d09-d0bc-16201c105ff7,BOHAI-19-99%,910000019,,gear,chn-rongcheng,CHN,RONGCHENG,5598d030d16f3ce826ad43e6878c1331,374.0161111111111,13.233147726907344,0.01910433249800718,40.00000000000001
2023-12-22T07:28:57.000Z,2024-01-05T09:19:07.000Z,f03b70b8535aeb99498affb7100955a7,loitering,"[120.212453, 35.384288, 120.212417, 35.384828]",35.3846,120.2124,[],['8486'],"['WCPFC', 'ACAP', 'IWC', 'PICES']",['61'],['61'],[],[],[],[],39,39,28.875619,28.875619,18947e86c-c48d-151f-57f4-3c2e9ccacd88,LURIKAIYU66313-10,63313010,,gear,,,,,337.8361111111111,7.115760957599244,0.011372980609395724,38.92891195186953
2023-12-22T07:30:43.000Z,2024-01-12T07:06:08.000Z,89448d1b868de5d053b2207858fb398a,loitering,"[123.063082, 37.59052, 123.066335, 37.590898]",37.5907,123.0647,[],['8486'],"['WCPFC', 'IWC', 'PICES', 'ACAP']",['61'],['61'],[],[],[],[],38,39,40.028891,40.796859,8cfa995ae-e183-23d9-11de-8bf010ab7765,BOHAI-23-99%,910000023,,gear,,,,,503.59027777777777,15.918866445404273,0.017068439602187978,38.388974169109794
2023-12-22T07:33:06.000Z,2024-01-09T06:06:56.000Z,f36c24dfae4675702cf64f0de58332bb,loitering,"[123.048895, 37.61864, 123.049663, 37.618503]",37.6186,123.0493,[],['8486'],"['IWC', 'ACAP', 'WCPFC', 'PICES']",['61'],['61'],[],[],[],[],39,39,40.958617,40.958617,950a64db2-2467-9298-e5ce-410bbcdd512c,BOHAI-20-99%,910000020,,gear,,,,,430.56388888888904,11.146055414550682,0.013977921995065978,39.0
2023-12-22T08:04:06.000Z,2024-01-02T01:47:10.000Z,8de8e0211d23c6b17320857815e20e45,loitering,"[136.44544, -8.28991, 136.558192, -8.354523]",-8.3222,136.5018,[],['8492'],"['WCPFC', 'IWC', 'SEAFDEC', 'APFIC', 'ACAP']",['71'],['71'],[],[],[],[],128,116,179.607312,170.869109,fa08b5aa9-9916-e706-5b5a-a643dff968b8,ONWA30800,9130800,,other,idn-ambon,IDN,AMBON,3e0af9775b21b7122d818e5f93fb6f29,257.71777777777777,63.6907900553706,0.133441610836491,111.28096804977218
2023-12-22T08:33:34.000Z,2024-01-21T02:43:31.000Z,bc78449dd1dbae0106cb12d62767ff0d,loitering,"[122.921455, 37.801787, 122.98047, 37.360183]",37.581,122.951,[],['8486'],"['PICES', 'IWC', 'WCPFC', 'ACAP']",['61'],['61'],[],[],[],[],47,26,46.550121,24.746951,4572630e6-64b0-298f-5b5b-551471a166c3,LIAOYINGYU56699WANGD,225180168,ESP,gear,chn-shidao,CHN,SHIDAO,9167c0f91382a61af7c9ba3b721ae1bb,714.1658333333334,112.9026182169074,0.08536187813640378,46.075757212929595
2023-12-22T08:35:59.000Z,2024-01-04T17:56:41.000Z,dcc54d1492605af24c20babef6595379,loitering,"[116.291812, 22.331547, 116.378793, 22.315498]",22.3235,116.3353,[],['8486'],"['ACAP', 'APFIC', 'WCPFC', 'IWC']",['61'],['61'],[],[],[],[],59,64,63.55935899999999,67.000586,b1db8a8c1-17ab-70b1-eded-2805f21c70db,TIELONG65888-54-62%,658880054,,gear,,,,,321.345,16.075087104458824,0.027011008878918007,63.32316619470872
2023-12-22T08:38:36.000Z,2024-01-02T01:50:54.000Z,d31d12994e34fa6f7d694f0fcc79162d,loitering,"[116.296275, 22.35759, 116.380978, 22.334093]",22.3458,116.3386,[],['8486'],"['WCPFC', 'ACAP', 'IWC', 'APFIC']",['61'],['61'],[],[],[],[],56,63,61.040116999999995,65.893398,c2d0ba2c3-3868-5a6f-692c-1ba554ccd78f,TIELONG15888-09-19%,412158809,CHN,gear,,,,,257.2049999999999,41.714134814404645,0.08757151258065375,59.35892792765244
2023-12-22T08:48:07.000Z,2024-01-07T09:04:33.000Z,5b8c8925a7cad8f7a421fd57154f012a,loitering,"[116.389162, 22.345172, 116.383003, 22.349105]",22.3471,116.3861,[],['8486'],"['WCPFC', 'IWC', 'APFIC', 'ACAP']",['61'],['61'],[],[],[],[],61,61,63.786957,63.679535,42d31593d-dad8-1b69-2e97-942251e1ad87,TIELONG61821-37 8V1,618210037,ATF,gear,,,,,384.27388888888896,18.682993760615375,0.02625213391191928,61.28521627857181
2023-12-22T08:56:38.000Z,2024-01-02T05:59:20.000Z,417ccc0b87122592cd65efc04907c93d,loitering,"[49.204393333333336, 28.382263333333334, 49.208865, 28.399998333333333]",28.3911,49.2066,[],['8356'],"['IOTC', 'IWC', 'ACAP', 'RECOFI']","['51', '51.2']",['51'],[],[],[],[],58,60,1.111949,1.9562490000000001,e5b2f0230-04ca-dee4-dd94-72eff260f988,ZAMIL-L.B.6,352002422,PAN,other,,,,,261.04500000000024,11.5773020732571,0.023946993890391382,59.99817905492716
2023-12-22T08:56:45.000Z,2024-01-02T02:56:51.000Z,261c602751ab55963f2e50609b36881b,loitering,"[48.757533333333335, 29.609416666666668, 48.7585, 29.605583333333332]",29.6075,48.758,[],['8470'],"['ACAP', 'IWC', 'RECOFI', 'IOTC']","['51.2', '51']",['51'],[],[],[],[],39,39,2.223899,2.223899,2e9c2e224-479d-b190-b1e2-65b9855dc1bf,ADENA,636020606,LBR,other,,,,,258.00166666666695,21.365595726085523,0.04471482266465098,38.90692882772193
2023-12-22T08:59:15.000Z,2024-01-22T02:57:04.000Z,bd2a4cf3c89406e567f9b220dca2ceec,loitering,"[104.66069833333333, 1.7221883333333334, 104.65618, 1.720665]",1.7214,104.6584,[],['8483'],"['WCPFC', 'APFIC', 'ACAP', 'IWC', 'SEAFDEC']",['71'],['71'],['8483'],[],[],[],46,46,18.866443,18.866443,9d8a85695-5ed2-e955-9baa-13a09c8f1f38,ANTHEA,352986161,PAN,other,mys-telokramunia,MYS,TELOK RAMUNIA,48516457260ec7e5df15ed929f6e58d7,737.9636111111114,252.25015082520963,0.18456761696654547,45.835662771890796
2023-12-22T09:40:40.000Z,2024-01-03T09:10:25.000Z,d40c599ecc2117bcce9a0f1a46fe6c17,loitering,"[121.777242, 26.833715, 121.811412, 26.83317]",26.8334,121.7943,[],['8486'],"['ACAP', 'APFIC', 'WCPFC', 'IWC']",['61'],['61'],[],[],[],[],96,98,87.450609,88.102281,bc0bebe22-2cdd-013a-c2dd-f33b2de90559,TIELONG61589-06-99%,412158906,CHN,gear,,,,,287.49583333333334,14.112732645749325,0.02650565720926057,96.98962253732502
2023-12-22T10:11:07.000Z,2024-01-02T03:09:14.000Z,98ee06775e3a4ee0dfc034880913d858,loitering,"[122.782487, 31.170405, 122.896313, 31.172478]",31.1714,122.8394,[],['8486'],"['ACAP', 'WCPFC', 'PICES', 'IWC']",['61'],['61'],['8486'],[],[],[],35,40,0.0,7.611385,69bbdd950-045a-4a1d-4b64-2df0362f91ca,ZHEDAIYU15396-5-53%,233210835,GBR,gear,,,,,256.96861111111104,86.10870747586588,0.18093642736103854,40.81908086599928
2023-12-22T10:24:33.000Z,2024-01-06T09:53:59.000Z,e4a7e06c50101b3504a54b459249263f,loitering,"[-62.026448333333335, 15.39261, -61.99695, 15.19386]",15.2932,-62.0117,[],['8417'],"['CRFM', 'NAMMCO', 'ACAP', 'ICCAT', 'IWC']",['31'],['31'],[],[],[],[],60,64,62.528402,65.68813300000001,f4277dfbf-ff26-a780-be70-e160e2dabbfd,BIANCA,305986000,ATG,cargo,ven-elguamache,VEN,EL GUAMACHE,c7b3065a301c3e9220b2ee433332dbc0,359.4905555555555,694.4753599255598,1.0431058330438339,60.4017214902479
2023-12-22T10:49:18.000Z,2024-01-01T01:49:38.000Z,4a0632eb2aaaaeed58283b2450b517a6,loitering,"[107.21689333333333, 2.110673333333333, 106.57778666666667, 2.033828333333333]",2.0723,106.8973,[],['8492'],"['IWC', 'SEAFDEC', 'ACAP', 'WCPFC', 'APFIC']",['71'],['71'],[],[],[],[],107,75,164.56825,137.605828,40090190d-d160-9b5f-7374-4a4d461c1799,KEISHHA  04,525400500,IDN,seismic_vessel,,,,,231.00555555555553,373.13781826792575,0.8721794725492542,85.3640245988407
2023-12-22T10:55:41.000Z,2024-01-03T09:53:57.000Z,a27a94f5ede3dfac5fa427a9e8761839,loitering,"[-62.142723333333336, 13.647635, -61.838946666666665, 13.311195]",13.4794,-61.9908,[],['8421'],"['ACAP', 'NAMMCO', 'CRFM', 'ICCAT', 'IWC']",['31'],['31'],[],[],[],[],102,61,103.09291400000001,60.970137,bcbc195b4-49cb-35b2-448d-a9a777c284f5,AMETHYST MTS,636023136,LBR,other,ven-ven-3,VEN,,05b9e4fbdc80fe3bc2a19b1a6a8b715f,286.9711111111111,542.3229936934745,1.0204197522930696,63.7243538438531
2023-12-22T10:58:28.000Z,2024-06-13T22:49:06.000Z,7ee2a081668a9d7f5a1fc41cab95e161,loitering,"[-92.35533833333334, 19.222925, -92.368025, 19.240186666666666]",19.2316,-92.3617,[],['8429'],"['ICCAT', 'IWC', 'ACAP', 'NAMMCO']",['31'],['31'],[],[],[],[],59,61,7.128003,7.432328,849fbd66d-daaf-7278-7de8-72ca5b19925e,GULF DRILLER VI,636019000,LBR,other,mex-onelfield,MEX,,ffb71cfbae0abac30cee0516b4ab79f9,4187.8438888888895,83.13589850493554,0.010719070528929037,60.99976611912828
2023-12-22T11:19:16.000Z,2024-01-01T11:33:48.000Z,be280a92c081e4076b05ee27eb72a412,loitering,"[114.142917, 12.381707, 113.182152, 13.396037]",12.8889,113.6625,[],['49003'],"['ACAP', 'SEAFDEC', 'WCPFC', 'IWC', 'APFIC']",['71'],['71'],[],[],[],[],147,285,311.252594,426.752375,5dbf75e2b-be19-daec-669e-18c455f6a9c3,THU0NGTHUYEN NHATNGA,574090042,VNM,fishing,,,,,240.2422222222222,191.3987835775937,0.43017865223655843,235.32361491807663
2023-12-22T11:58:07.000Z,2024-01-15T15:59:25.000Z,5583130a4eee17ea5b5799a09daf283f,loitering,"[49.99426833333333, 28.15058, 49.96874, 28.141208333333335]",28.1459,49.9815,[],['8356'],"['RECOFI', 'IOTC', 'IWC', 'ACAP']","['51', '51.2']",['51'],[],[],[],[],50,48,0.980423,1.111949,223e9fb2a-a186-5acb-56fb-b2340ccf51f6,RAWABI 503,572496220,TUV,other,,,,,580.0216666666668,27.401053747020764,0.025508332262116306,49.11882268001439
2023-12-22T11:59:13.000Z,2024-01-04T21:59:10.000Z,740d9a35a2d47da986d3dd1c44519df4,loitering,"[123.02539166666666, 29.716356666666666, 123.01747333333333, 29.722128333333334]",29.7192,123.0214,[],['8486'],"['IWC', 'ACAP', 'APFIC', 'WCPFC']",['61'],['61'],[],[],[],[],52,52,37.66157,36.695891,10b89ae6b-ba31-802d-09f7-bfd3aeb359c2,PESCADORES SW,373267000,PAN,cargo,chn-ningbo,CHN,NINGBO,c3f2f7cfcf63850c0e0bf94e5f777be6,321.9991666666668,33.45456689142221,0.05609958928368245,51.99999999999998
2023-12-22T12:18:00.000Z,2024-01-04T11:57:10.000Z,6ac4504142de2a6926f14d643d13df49,loitering,"[122.847853, 29.404055, 122.857058, 29.50145]",29.4528,122.8525,[],['8486'],"['ACAP', 'APFIC', 'IWC', 'WCPFC']",['61'],['61'],[],[],[],[],62,58,39.568449,31.449385,908c4e28c-cd0c-a44c-2112-87213e6a0b96,12899-1-74%,360128991,,gear,,,,,311.6527777777778,201.4101248479708,0.34895491056419853,60.35456935594008
2023-12-22T12:31:33.000Z,2024-01-09T01:21:30.000Z,03a82027f5fd5c93a2d27e314894b956,loitering,"[122.59031, 31.268637, 122.703602, 31.46772]",31.3682,122.647,[],['8486'],"['IWC', 'WCPFC', 'ACAP', 'PICES']",['61'],['61'],['8486'],[],[],[],45,67,0.0,18.862338,0e820114e-ed52-8b79-4b72-42f37731bccf,LIN21398--10-50%,202139810,AND,gear,,,,,420.8324999999999,40.18530946489534,0.05156049317613046,66.72313308667266
2023-12-22T12:52:21.000Z,2024-01-03T04:50:41.000Z,fb26760f0aa40746784f31180419414d,loitering,"[118.550678, 24.148413, 116.559623, 22.441327]",23.2949,117.5552,[],['8486'],"['IWC', 'ACAP', 'WCPFC', 'APFIC']",['61'],['61'],['8486'],[],[],[],32,56,20.785104,57.830461,0c70ef387-726f-76bf-d0f1-39b31824b46d,MINHUIYU08009-10-67%,80090010,,gear,,,,,279.97222222222223,449.4109956969174,0.8667378597357884,60.394130759587064
2023-12-22T12:52:53.000Z,2024-01-02T12:50:55.000Z,accd756d8a32c6c6ab71d202e1729f6f,loitering,"[122.827507, 29.384482, 122.83823, 29.464777]",29.4246,122.8329,[],['8486'],"['APFIC', 'ACAP', 'IWC', 'WCPFC']",['61'],['61'],[],[],[],[],60,59,40.502535,33.53475,673bbc0cf-fb53-2f60-39f7-efa240a683ca,12358-3-81%,897987098,,gear,,,,,263.9672222222223,189.34876217677757,0.3873213935524138,58.234111106623224
2023-12-22T12:54:21.000Z,2024-01-01T17:58:59.000Z,45ee4fa8f088cbe7c55117aa5a8834ac,loitering,"[122.851225, 29.335177, 122.851153, 29.41723]",29.3762,122.8512,[],['8486'],"['WCPFC', 'ACAP', 'IWC', 'APFIC']",['61'],['61'],[],[],[],[],63,62,45.33825,37.711358999999995,853d303fa-ad67-fa6a-ac6d-3db52ac2ef7f,12899-6-93%,396128996,,gear,,,,,245.07722222222222,169.12617828701752,0.3726206367955982,60.81984803671056
2023-12-22T12:54:57.000Z,2024-01-01T09:08:33.000Z,ad832421f68188c79d9bc43cdb41547d,loitering,"[122.82662, 29.37443, 122.643115, 29.019312]",29.1969,122.7349,[],['8486'],"['IWC', 'APFIC', 'ACAP', 'WCPFC']",['61'],['61'],[],[],[],[],60,40,41.483254,39.697695,a71d45c4d-d7ab-30aa-dd4a-97e0ed3467d6,ZHELINYU12358-04-99%,591235804,,gear,,,,,236.22666666666666,209.0817494647675,0.47791011359962027,55.09547540601016
2023-12-22T12:55:54.000Z,2024-01-24T19:50:11.000Z,6e04a3b0bc8b6fc590e7abe9e91d34c5,loitering,"[-40.007666666666665, -22.382, -40.01184, -22.431315]",-22.4067,-40.0098,[],['8464'],"['ACAP', 'ICCAT', 'IWC']","['41', '41.2', '41.2.1']",['41'],[],[],[],[],110,112,1.0281959999999999,1.5141930000000001,988bbc305-5b31-0883-a24d-5e3e3e69cc14,PETROBRAS 10000,538090518,MHL,other,,,,,798.9047222222222,44.342628746788186,0.029969911816693014,107.77667419252667
2023-12-22T12:57:36.000Z,2024-02-24T01:59:08.000Z,47052b08f9c12fbb6b730d43819c650d,loitering,"[50.535111666666666, 26.912678333333332, 50.543683333333334, 26.876071666666668]",26.8944,50.5394,[],['8356'],"['RECOFI', 'IOTC', 'IWC', 'ACAP']","['51', '51.2']",['51'],[],[],[],[],48,46,1.983092,0.0,de5ae3322-22f9-c1b5-0cf8-4cd7cbafd5e2,LANDRY TIDE,577316000,VUT,other,,,,,1525.0255555555566,172.0801539866355,0.0609274051482657,47.29275023683082
2023-12-22T12:58:09.000Z,2024-01-01T05:57:22.000Z,130b792e31eb293586f717d1870f4e49,loitering,"[-40.057235, -22.37807, -40.06542833333334, -22.385763333333333]",-22.3819,-40.0613,[],['8464'],"['ICCAT', 'ACAP', 'IWC']","['41.2', '41.2.1', '41']",['41'],[],[],[],[],105,104,1.111949,1.028122,5adea78cb-b9a9-8088-e251-2f5bc1652fc2,PARCEL DOS REIS,710005345,BRA,other,,,,,232.98694444444436,6.46177940089262,0.014975438895349734,105.52427315638712
2023-12-22T12:58:46.000Z,2024-01-05T00:39:10.000Z,12fbfd1369665f1ceca5c9c386f1923a,loitering,"[-30.443772, 8.301195, -30.709223, 8.324532]",8.3129,-30.5765,[],[],"['ICCAT', 'ACAP', 'IWC', 'NAMMCO']","['34.4.2', '34.4', '34']",['34'],[],['63203'],[],[],951,969,978.203125,996.18875,7db9ae76a-a621-39d7-e967-d2465e7ebc98,HC-08             9V,994110618,,gear,,,,,323.67333333333335,183.1820229270587,0.30558705140032444,967.6376795622969
2023-12-22T12:59:19.000Z,2024-01-05T01:27:02.000Z,47813282af2ca80e981a70d62ac2ceb9,loitering,"[-30.442277, 8.3012, -30.758912, 8.305428]",8.3033,-30.6006,[],[],"['ICCAT', 'NAMMCO', 'ACAP', 'IWC']","['34.4', '34', '34.4.2']",['34'],[],['63203'],[],[],951,974,978.203125,1000.706188,91046356f-fa04-de5b-0516-1061dea40a4c,HC-07             9V,994110617,,gear,,,,,324.4619444444444,118.9126160390477,0.19788969753275912,967.6998142215916
2023-12-22T13:14:18.000Z,2024-01-02T12:11:51.000Z,3d3b2a7b5a8899527349c854a99159d1,loitering,"[122.830987, 29.36286, 122.841312, 29.456073]",29.4095,122.8361,[],['8486'],"['IWC', 'WCPFC', 'ACAP', 'APFIC']",['61'],['61'],[],[],[],[],61,59,42.470441,33.53475,fde9e4983-31c3-aa7d-dba5-e45d14a81743,12358-05-99%,123580005,,gear,,,,,262.95916666666665,171.77779380912446,0.3527262031805365,58.03672142309382
2023-12-22T14:54:31.000Z,2024-01-01T23:57:12.000Z,947e602bcb2c94a5c2f3b58b76a57805,loitering,"[136.572858, -8.33078, 136.611682, -8.35916]",-8.345,136.5923,[],['8492'],"['ACAP', 'IWC', 'WCPFC', 'APFIC', 'SEAFDEC']",['71'],['71'],[],[],[],[],115,110,168.975469,166.310484,563064e79-91e2-2ef0-9f61-f83141464496,IGP18,525400220,IDN,fishing,,,,,249.04472222222225,77.59013539526156,0.16822408888608803,110.02223813199879
2023-12-22T15:09:25.000Z,2024-01-04T12:42:51.000Z,10748b98872c02cc1ea3c0eaa9a4d5bd,loitering,"[123.109482, 29.842173, 123.018987, 29.68122]",29.7617,123.0642,[],['8486'],"['ACAP', 'WCPFC', 'IWC', 'APFIC']",['61'],['61'],[],[],[],[],46,56,40.180108999999995,36.971719,bcf673ba4-4342-8e96-bfc2-a4054a2f6b4d,ZHEDAIYU04585-3441%,96458534,,gear,,,,,309.55722222222226,135.83923863920387,0.2369426904432867,54.23244254375859
2023-12-22T15:16:43.000Z,2024-01-05T03:48:33.000Z,409eca040a068388886c9c41ad6b5ae0,loitering,"[102.20578, 10.289545, 102.208063, 10.286438]",10.288,102.2069,[],['8331'],"['IWC', 'ACAP', 'SEAFDEC', 'WCPFC', 'APFIC']",['71'],['71'],[],[],[],[],82,82,140.969484,140.969484,e43b627b9-9145-359c-1fca-f1ea46fb6ec8,ONWA28234,9128234,,other,tha-tha-73,THA,,7afc359d1dc5c7a1fff79bc77397e888,324.53055555555557,18.52588540416776,0.03082353169148367,82.02762276393975
2023-12-22T15:23:47.000Z,2024-02-22T23:12:58.000Z,f617f1c7e6dcfc1d5371115c384ae778,loitering,"[8.087833333333334, 66.02709, 8.08599, 66.02669666666667]",66.0269,8.0869,[],['5686'],"['NAMMCO', 'NEAFC', 'ICES', 'IWC', 'ACAP', 'ICCAT', 'NASCO']","['27.2.a.2', '27.2', '27.2.a', '27']",['27'],[],[],[],[],162,162,13.763454,13.763454,92eefc2b3-3d9a-b081-355e-32f56834aac6,NORNE,257069000,NOR,other,,,,,1495.8197222222225,10.967089122964117,0.00395886903887873,161.99999999999994
2023-12-22T16:06:31.000Z,2024-01-05T14:08:12.000Z,6bbd47d013fb49f14e497c47941cc64d,loitering,"[122.942153, 31.235393, 122.949748, 31.255517]",31.2455,122.946,[],['8486'],"['WCPFC', 'PICES', 'ACAP', 'IWC']",['61'],['61'],[],[],[],[],48,51,13.814427,15.90551,886a2cf5c-c910-4656-1fe6-995e6c6a7571,NET-ZSY01453-12-73%,14530012,,gear,,,,,334.02805555555557,23.219752138122512,0.03753476072745503,50.25718554240164
2023-12-22T16:50:01.000Z,2024-01-05T11:50:03.000Z,0064566102dea9e316e627189998db98,loitering,"[119.77084833333333, 38.10104333333334, 119.724645, 38.06594]",38.0835,119.7477,[],['8486'],"['IWC', 'ACAP', 'PICES', 'WCPFC']",['61'],['61'],[],[],[],[],60,61,3.335848,4.376955,45f44946b-bc43-21aa-6701-3ebfc0e74fbe,BOHAI5HAO,413235450,CHN,other,chn-chn-103,CHN,CHN-103,cc7987b470f39a2de1abace3d1fe0c69,331.0005555555556,10.06261545197151,0.016415010738369474,60.98887025557793
2023-12-22T17:12:18.000Z,2024-01-02T21:03:54.000Z,84a857a2a637b49a4b0b7490bb417003,loitering,"[-149.576823, -2.24965, -150.484007, -2.4560750000000002]",-2.3529,-150.0304,[],[],"['ACAP', 'SPRFMO', 'WCPFC', 'IWC']",['77'],['77'],[],['63203'],[],[],622,520,996.195062,921.31675,4a99a595f-f8cc-20de-7442-69fd0cfbee02,CS 686 BUOY-06    9V,994008346,,gear,,,,,267.85999999999996,243.72416725507384,0.4913033759275659,567.9925024178103
2023-12-22T17:21:32.000Z,2024-01-01T03:50:57.000Z,53ceb95f5159f3af139b34e6f92f8061,loitering,"[123.332098, 37.502307, 123.331658, 37.502892]",37.5026,123.3319,[],['8486'],"['PICES', 'ACAP', 'IWC', 'WCPFC']",['61'],['61'],[],[],[],[],57,57,57.472418,57.472418,55d47190d-deb4-5fcb-e9e7-6bc3b2608dcc,LIAODAHU15020-7-69%,412778787,CHN,other,,,,,226.49027777777775,15.068474093914261,0.03592350711269085,57.00000000000001
2023-12-22T17:30:33.000Z,2024-01-01T16:48:49.000Z,935ea0f93e178db30ac01f2092fe6809,loitering,"[-113.128375, -19.023925, -112.582295, -19.340738]",-19.1823,-112.8553,[],[],"['IWC', 'ACAP', 'SPRFMO', 'IATTC']","['87', '87.2.6', '87.2']",['87'],[],['63203'],[],[],968,914,976.126125,921.7046879999999,e057fe2cc-c85a-2ba5-6779-8b9cf0723e84,PTR313-10 77%,421234590,,gear,,,,,239.30444444444444,185.01601295684932,0.41746259738813773,933.6727935221525
2023-12-22T17:34:58.000Z,2024-01-01T11:06:39.000Z,75c7f08c976fbe3959de99adc4a5af28,loitering,"[123.343188, 37.521927, 123.33826, 37.524645]",37.5233,123.3407,[],['8486'],"['IWC', 'WCPFC', 'PICES', 'ACAP']",['61'],['61'],[],[],[],[],58,58,58.910695,58.910695,1e7ce66c7-7b84-d4cb-d222-823da521d568,LIAODAHUA15020-2676%,150200026,,gear,,,,,233.5280555555555,16.41174931322769,0.03794677122286465,58.00214354622837
2023-12-22T17:37:03.000Z,2024-01-01T13:17:45.000Z,b24d7ba30c4530d5b6a8835480765ab7,loitering,"[123.341077, 37.542645, 123.340287, 37.545093]",37.5439,123.3407,[],['8486'],"['IWC', 'WCPFC', 'PICES', 'ACAP']",['61'],['61'],[],[],[],[],59,59,59.571358999999994,59.92991000000001,7837bab52-2517-3afd-a208-3116494d8f88,LIAODAHUA15020-0899%,150200008,,gear,,,,,235.67833333333346,18.31352993268385,0.04195767571241598,59.05384194376149
2023-12-22T17:40:06.000Z,2024-01-01T07:20:49.000Z,c405009ad254a7138341f5d162abb87c,loitering,"[123.33714, 37.523187, 123.33409, 37.52181]",37.5225,123.3356,[],['8486'],"['IWC', 'WCPFC', 'PICES', 'ACAP']",['61'],['61'],[],[],[],[],58,58,58.910695,58.064538999999996,b61644876-650f-6523-36d6-27a51cab8386,LIAODAHUA15020-2480%,150200024,,gear,,,,,229.6786111111111,11.801401123726109,0.027744189135588446,58.0
2023-12-22T17:44:30.000Z,2024-01-17T12:03:53.000Z,3c3a4dc01d434a8772d874ff736ce51e,loitering,"[123.337952, 37.501588, 123.330207, 37.547823]",37.5247,123.3341,[],['8486'],"['PICES', 'WCPFC', 'IWC', 'ACAP']",['61'],['61'],[],[],[],[],58,58,58.327391000000006,59.098691,3a62a8aa4-46d2-600a-358e-f617ef55407d,LIAODAHUA15020-2999%,150200029,,fishing,,,,,618.3230555555555,47.74823846738785,0.04169662764770686,58.79245758175947
2023-12-22T18:54:30.000Z,2024-01-09T04:59:12.000Z,12f8972fa09631f01d16da4a0d4abc96,loitering,"[104.69450333333333, 2.026318333333333, 104.69559333333333, 2.0256366666666668]",2.026,104.695,[],['8483'],"['WCPFC', 'SEAFDEC', 'IWC', 'APFIC', 'ACAP']",['71'],['71'],['8483'],[],[],[],49,49,50.636727,51.013417999999994,ec38fdf92-255f-602f-fd0d-06e7c0886b0f,NEREIDES,373559000,PAN,other,mys-telokramunia,MYS,TELOK RAMUNIA,1ef3f1fe13675de1990ac498fcef0a5b,418.07833333333343,89.91149786355484,0.11612255673056765,49.75924135089676
2023-12-22T19:51:50.000Z,2024-01-01T01:55:58.000Z,d19215d59088f7ab164d6546ffbbe322,loitering,"[123.696627, 33.473627, 123.714663, 33.479203]",33.4764,123.7056,[],['8327'],"['WCPFC', 'IWC', 'ACAP', 'PICES']",['61'],['61'],[],[],[],[],144,143,147.086297,145.762281,395de790d-d0e5-9d03-816a-f16e83fbf121,SUQIYU03626,412367393,CHN,other,chn-lusi,CHN,LUSI,3b2ad040e2af9a7502cd289ee4590fdd,222.0688888888889,143.04185483292932,0.3478038868137492,142.8854974751724
2023-12-22T19:57:14.000Z,2024-01-01T17:59:02.000Z,78b5a805e010164ea2055d336bf72ded,loitering,"[-134.877448, -11.755727, -134.829647, -11.68435]",-11.72,-134.8535,[],[],"['IATTC', 'IWC', 'WCPFC', 'ACAP', 'SPRFMO']",['77'],['77'],[],['63203'],[],[],431,434,438.055812,440.443906,c7e4e0998-8b22-20e6-d662-ccab7a6e8fce,TUNA STAR-5,81060237,,gear,,,,,238.03,156.245108855307,0.3544326745918713,436.91181942265297
2023-12-22T19:57:22.000Z,2024-01-03T23:22:47.000Z,1934028968ae8128e541f895112e022b,loitering,"[122.810827, 29.516187, 122.62352, 27.506487]",28.5113,122.7172,[],['8486'],"['WCPFC', 'ACAP', 'APFIC', 'IWC']",['61'],['61'],[],[],[],[],53,121,26.521842,101.04988300000001,d9b2adeab-b563-f55d-90c9-dfacbb689efc,82008-06_7.7V,598200806,,gear,,,,,291.4236111111111,339.32121349048424,0.6287026541277164,74.35152617036042
2023-12-22T19:58:22.000Z,2024-01-03T02:59:37.000Z,1543a521781f03d9f90e62c47be8b52c,loitering,"[123.20782666666666, 29.916683333333335, 123.20754666666667, 29.940333333333335]",29.9285,123.2077,[],['8486'],"['IWC', 'ACAP', 'WCPFC', 'APFIC']",['61'],['61'],[],[],[],[],48,47,38.05485899999999,36.460102,cef9c35a1-1353-de8a-ed28-5f0b2542afaa,PHOENIX I,374635000,PAN,other,chn-longkou,CHN,LONGKOU,64395eaef0a58e4327ebe6169302576c,271.02083333333326,30.744436858318224,0.06125236811461791,46.90648777411458
2023-12-22T20:18:49.000Z,2024-01-14T23:03:14.000Z,c3a2b98775755921271dbede50a78250,loitering,"[123.409747, 37.003218, 123.399487, 37.00041]",37.0018,123.4046,[],['8486'],"['IWC', 'WCPFC', 'ACAP', 'PICES']",['61'],['61'],[],[],[],[],74,73,70.21467200000001,69.42129700000001,dd2524b73-376f-8b4e-3df5-d933642ecf69,,235548819,GBR,other,,,,,554.7402777777776,29.159363452821676,0.02838228502870026,73.48831924238412
2023-12-22T20:53:17.000Z,2024-01-03T19:37:43.000Z,0ad1f784a94c8181e0cc463b8cbec30d,loitering,"[123.300447, 36.835807, 123.220308, 36.8409]",36.8384,123.2604,[],['8486'],"['ACAP', 'WCPFC', 'PICES', 'IWC']",['61'],['61'],[],[],[],[],69,62,68.52268799999999,61.40348,a9b88d17e-ed61-0162-c9ab-46f7d0f2990c,LIAOWAYU55071-85-78%,550710085,,gear,,,,,286.7405555555556,45.01807464075126,0.08477285549529325,64.9328969369748
2023-12-22T21:03:19.000Z,2024-01-01T14:35:55.000Z,e7f03886b28dde2f9633a538984c4572,loitering,"[123.106487, 37.572623, 123.099807, 37.586462]",37.5795,123.1031,[],['8486'],"['PICES', 'ACAP', 'IWC', 'WCPFC']",['61'],['61'],[],[],[],[],41,41,42.471266,42.944711000000005,16a8c5c03-37cb-ac24-ba7b-8f45c54b20d4,LIAOWAYU55103-02 90%,815510302,,gear,,,,,233.54333333333338,14.023962319145298,0.03242367811382274,40.35093556045036
2023-12-22T21:23:22.000Z,2024-01-12T03:56:18.000Z,ea9dd498f9aa34fb308189d1b4509306,loitering,"[122.587468, 31.468203, 122.601815, 31.334558]",31.4014,122.5946,[],['8486'],"['IWC', 'WCPFC', 'ACAP', 'PICES']",['61'],['61'],['8486'],[],[],[],66,52,9.407801,2.4182759999999996,f3f906118-89bd-1f10-c396-13dd63e1a912,ZHELINYU21893-93-,282189393,,other,,,,,486.54888888888894,39.095186359999566,0.043386620213353114,65.7134392636891
2023-12-22T21:35:56.000Z,2024-01-08T12:32:20.000Z,7fc9561aa03b0c22f214ae04d379d909,loitering,"[122.64456, 31.470788, 122.644983, 31.471112]",31.471,122.6448,[],['8486'],"['WCPFC', 'ACAP', 'PICES', 'IWC']",['61'],['61'],[],[],[],[],67,67,13.52775,13.52775,6428a0bd6-6aed-43d7-187c-3e63407245fc,ZHELINYU21998-21-,232199821,GBR,other,,,,,398.94000000000005,10.93444680602216,0.014799541146378829,66.99999999999999
2023-12-22T22:28:47.000Z,2024-01-08T17:54:02.000Z,3dec486cd2bde8acf8b506d99a1108ba,loitering,"[121.92162, 26.495767, 121.169642, 25.803407]",26.1496,121.5456,[],['8321'],"['ACAP', 'APFIC', 'WCPFC', 'IWC']",['61'],['61'],[],[],[],[],96,65,123.43003900000001,67.23382799999999,34e8b7c96-6617-57c1-018e-8f8630e4c2c6,NET-ZSY01477-195-90%,901477195,,gear,,,,,403.4208333333333,214.38383558463727,0.2869410823887995,77.51641086784886
2023-12-22T22:59:13.000Z,2024-01-05T19:54:21.000Z,967f31d5ad2043519eac99ca5081db83,loitering,"[119.892213, 35.190732, 119.899317, 35.17895]",35.1848,119.8958,[],['8486'],"['PICES', 'WCPFC', 'ACAP', 'IWC']",['61'],['61'],[],[],[],[],37,39,5.849444999999999,4.5397479999999995,1c093af44-49ee-8628-fa68-b64873fdb2c9,YU.WANG.QU.627-05,234610583,GBR,gear,chn-chn-99,CHN,CHN-99,02399bba94b24034bea59d334743ab53,332.9188888888889,21.432828630539884,0.03476162519640942,38.97966685505353
2023-12-22T22:59:14.000Z,2024-01-05T21:17:47.000Z,242c70fe427dfe99995d732c6d11920a,loitering,"[119.892417, 35.190595, 119.894897, 35.185577]",35.1881,119.8937,[],['8486'],"['PICES', 'IWC', 'WCPFC', 'ACAP']",['61'],['61'],[],[],[],[],37,37,5.849444999999999,5.849444999999999,8ba371469-9e29-ef90-0ec2-d3db367a5225,YU.WANG.QU.627-09,234610558,GBR,other,chn-chn-99,CHN,CHN-99,f7036c955e7a39e97186a64da361721a,334.3091666666666,25.65975006715758,0.04144414214507588,37.125624899467795
2023-12-22T23:03:15.000Z,2024-01-01T21:33:19.000Z,b51ea24c5a406766d4b8e62e579650f4,loitering,"[111.60166666666667, 7.63, 111.59333333333333, 7.625]",7.6275,111.5975,[],['49003'],"['ACAP', 'APFIC', 'WCPFC', 'IWC', 'SEAFDEC']",['71'],['71'],[],[],[],[],372,373,256.918766,257.532016,98061dfc5-55d4-a816-110c-3bc529fa44c9,CSB9003,574001040,VNM,other,,,,,238.50111111111113,21.083263818603964,0.04773165074523946,372.9124841287213
2023-12-22T23:08:39.000Z,2024-01-02T02:57:42.000Z,5117c7cf9f0715ada8dceb913ba7ed2f,loitering,"[114.110668, 12.857678, 114.44244, 14.077242]",13.4675,114.2766,[],['49003'],"['ACAP', 'WCPFC', 'SEAFDEC', 'IWC', 'APFIC']",['71'],['71'],[],[],[],[],200,335,360.225656,476.167312,f9ce2ea60-0a3b-2c9b-30cd-a18df29dbe27,THIET-GIAP,574096562,VNM,gear,,,,,243.81749999999997,202.68941757146976,0.44887479367228844,282.4531739359386
2023-12-22T23:23:10.000Z,2024-01-04T09:32:16.000Z,fc3cdcda715665991014947c304168aa,loitering,"[123.134027, 29.758418, 123.05632, 29.621623]",29.69,123.0952,[],['8486'],"['ACAP', 'WCPFC', 'APFIC', 'IWC']",['61'],['61'],[],[],[],[],54,63,47.517562,42.074715,c0c97c765-5dcf-fa1c-508f-051fddaf2c92,ZHEDAIYU04686-37-70%,123468637,,gear,,,,,298.15166666666664,173.67110874255334,0.3145207866105298,55.019211376076655
2023-12-22T23:25:34.000Z,2024-01-01T13:15:14.000Z,acea60ffb899ef69a3574455d2a3c7dc,loitering,"[123.10796, 33.50607, 123.109413, 33.492467]",33.4993,123.1087,[],['8486'],"['WCPFC', 'ACAP', 'PICES', 'IWC']",['61'],['61'],[],[],[],[],193,194,174.453953,173.230141,f5916ec06-6b16-582f-22b7-209e3e26d5b5,SUQIYU03411-16_8.1V,90341116,,gear,,,,,229.82777777777778,9.754222993449698,0.02291654698428135,193.99999999999997
2023-12-22T23:26:53.000Z,2024-01-01T16:18:21.000Z,196977fca0cdf3dd63e70e087cd5b91e,loitering,"[123.665415, 33.142565, 123.665133, 33.148343]",33.1455,123.6653,[],['8327'],"['ACAP', 'IWC', 'WCPFC', 'PICES']",['61'],['61'],[],[],[],[],167,166,168.891469,168.221391,4db8cd56f-fb77-261c-1d7e-2645f9ddff1a,SUQIYU01339-A4-80%,96054671,,gear,,,,,232.85777777777776,6.183243888182823,0.014337870251585626,166.10494986585564
2023-12-22T23:37:09.000Z,2024-01-01T10:47:32.000Z,62bba55ee495e91b1138478a9d4ba60c,loitering,"[123.109127, 29.844267, 122.904393, 29.58599]",29.7151,123.0068,[],['8486'],"['WCPFC', 'IWC', 'APFIC', 'ACAP']",['61'],['61'],[],[],[],[],46,55,40.180108999999995,28.817447,abc8eb9fa-ad33-4c8d-4699-7b61bf281d66,,10120022,,gear,chn-zhoushan,CHN,ZHOUSHAN,615c75e20d0fa53ae6c7db665febe10a,227.17305555555555,124.70073188586869,0.2963952235137167,54.75157374516898
2023-12-22T23:48:02.000Z,2024-01-04T08:58:46.000Z,deb70aa8aa25528d753e00078223449a,loitering,"[121.72002, 26.587108, 121.714083, 26.58495]",26.586,121.7171,[],['8486'],"['WCPFC', 'APFIC', 'IWC', 'ACAP']",['61'],['61'],[],[],[],[],109,108,101.202398,100.921977,491dde520-0aa7-7fa8-d3dd-7be713b06110,TIELONG61799-18-63%,617991018,CPV,gear,,,,,297.1788888888889,14.166182818038683,0.02573913248076469,108.84130657968805
2023-12-22T23:50:48.000Z,2024-01-02T23:47:28.000Z,084e666a5f33da0f9747b8adcdf27c7e,loitering,"[123.350015, 37.062615, 123.34658, 37.064387]",37.0635,123.3483,[],['8486'],"['ACAP', 'WCPFC', 'PICES', 'IWC']",['61'],['61'],[],[],[],[],67,67,62.57325,62.57325,08cfa0591-1064-5172-b4a8-599224c72e68,LURONGYU51998-13069%,519980130,,gear,,,,,263.94444444444446,11.653044352011097,0.023838882428775906,66.9060105560906
2023-12-22T23:59:55.000Z,2024-01-01T20:49:09.000Z,e30c38d68a7a902dbdc58c892353bffb,loitering,"[120.111013, 34.78429, 120.174533, 34.788333]",34.7863,120.1428,[],['8486'],"['ACAP', 'PICES', 'IWC', 'WCPFC']",['61'],['61'],['8486'],[],[],[],39,42,18.487016,23.303352,923144f69-9c6c-c664-6439-1187fd643daa,SUSHEYU04868-60_8.1V,48680060,,gear,,,,,236.82055555555553,37.68864226771469,0.08593104917654645,39.24599714276141
2023-12-23T00:17:32.000Z,2024-01-07T21:48:49.000Z,3feee7be38ef7154a86b34abeac3d18e,loitering,"[123.462133, 36.980238, 123.501933, 36.976645]",36.9784,123.482,[],['8486'],"['ACAP', 'IWC', 'PICES', 'WCPFC']",['61'],['61'],[],[],[],[],79,82,75.181195,78.374852,c872c6175-5753-cf74-20f8-49d300a8b8a1,,235548816,GBR,other,,,,,381.5213888888889,15.161938111394546,0.021458276980655368,80.9097239687433
2023-12-23T00:34:18.000Z,2024-01-09T06:29:46.000Z,e18ccf11a2c4147151538e303f639f17,loitering,"[123.437482, 37.059893, 123.471872, 37.051002]",37.0554,123.4547,[],['8486'],"['ACAP', 'WCPFC', 'IWC', 'PICES']",['61'],['61'],[],[],[],[],75,78,69.982477,72.865914,560517d09-99ec-20ac-d16b-b854a38eae12,LUSHOUYU65501-12-27%,655010012,MWI,gear,,,,,413.9244444444445,34.73194635264012,0.045307183429424885,77.77887819504917
2023-12-23T00:37:39.000Z,2024-01-09T02:49:18.000Z,0c9f44a35b3305ede89cdd43c33e26db,loitering,"[123.534272, 37.573072, 123.468127, 37.556882]",37.565,123.5012,[],['8486'],"['PICES', 'WCPFC', 'ACAP', 'IWC']",['61'],['61'],[],[],[],[],76,71,76.550625,71.16681200000001,031756b2a-ace3-fb46-5049-893331e3d567,75226-63-99%,752260063,,gear,,,,,410.19416666666655,39.38846433560118,0.05184878534112338,74.26461517608509
2023-12-23T00:48:23.000Z,2024-01-01T04:49:26.000Z,e77f5266d1266c90b244eb00fd1ea037,loitering,"[124.391875, 33.103607, 124.367162, 33.104595]",33.1041,124.3795,[],['8327'],"['WCPFC', 'IWC', 'PICES', 'ACAP']",['61'],['61'],[],[],[],[],125,126,125.930414,126.948555,8b1b67f0b-b58f-3b34-162b-1ac24ed59305,08768-88-99%,608970088,SHN,gear,,,,,220.01750000000004,10.447577044176263,0.02563996184226623,125.63745811179284
2023-12-23T00:53:51.000Z,2024-01-04T06:49:30.000Z,604881036a185162cad09052e0a346ac,loitering,"[123.332127, 36.875333, 123.373033, 36.858277]",36.8668,123.3526,[],['8486'],"['PICES', 'WCPFC', 'ACAP', 'IWC']",['61'],['61'],[],[],[],[],70,74,69.830859,73.85364100000001,7711a0c28-8bd9-ee2b-672e-838f0b8b07db,LIAOWAYU55071-83-77%,550710083,,gear,,,,,293.92750000000007,18.382751935964958,0.033769864929491626,73.23253818217285
2023-12-23T00:59:19.000Z,2024-01-17T08:49:49.000Z,baf17669fe4f0d14ab47af1539347190,loitering,"[72.20683166666667, 19.029536666666665, 72.19287666666666, 19.00974666666667]",19.0196,72.1999,[],['8480'],"['ACAP', 'IOTC', 'IWC']","['51', '51.4']",['51'],[],[],[],[],61,63,11.575073,11.543935,2336af38b-b403-0d5e-867c-9350ef30a7ca,AWB URJA,419902405,IND,other,ind-mumbaihighfield,IND,,815a4fe887b341301a836b99fbef463d,607.8416666666668,9.962534899636125,0.008849900876692574,62.00402567421686
2023-12-23T00:59:49.000Z,2024-01-03T20:58:22.000Z,02b3a4ce410ff4084a4f7d64f535cd18,loitering,"[123.156, 29.792122, 123.0784, 29.623668]",29.7079,123.1172,[],['8486'],"['WCPFC', 'IWC', 'ACAP', 'APFIC']",['61'],['61'],[],[],[],[],53,64,47.269531,43.941301,f3fd2bfb1-161b-54dd-300b-9b02763ebe82,,10979326,,gear,chn-zhoushan,CHN,ZHOUSHAN,a287eae0745b033c771950d51955d58f,283.97583333333336,151.47420204343692,0.28801579691246243,55.49189490021447
2023-12-23T00:59:59.000Z,2024-01-08T00:59:17.000Z,1c3ad61bb63f7f1ff86a14aa35138185,loitering,"[104.76716333333333, 1.8837000000000002, 104.75286, 1.8870200000000001]",1.8854,104.76,[],['8483'],"['IWC', 'ACAP', 'APFIC', 'SEAFDEC', 'WCPFC']",['71'],['71'],[],[],[],[],63,62,40.284363,39.807012,a0ab7a076-6c9a-5526-3912-05b5257d6349,GESI,352003199,PAN,other,,,,,383.98833333333346,96.14612870195032,0.13519878551487502,61.715231088772676
2023-12-23T01:09:16.000Z,2024-01-10T01:48:12.000Z,ec9551c21e15b28ac9aa11624aa338db,loitering,"[123.344202, 36.873877, 123.222602, 36.765015]",36.8194,123.2834,[],['8486'],"['ACAP', 'WCPFC', 'IWC', 'PICES']",['61'],['61'],[],[],[],[],72,64,70.982734,61.922707,2a029ab6b-b745-2630-cd32-359bbcd1a2de,LIAOWAYU55071-72-99%,550710072,,gear,chn-shidao,CHN,SHIDAO,d28c11171224967a868c2ef8a3aa412a,432.64888888888885,40.887326598135175,0.051028422212010066,70.70977384342251
2023-12-23T01:18:48.000Z,2024-01-07T20:44:40.000Z,e63df6f3a880bb839c52747120d1af07,loitering,"[122.867263, 31.107792, 123.000628, 30.862607]",30.9852,122.9339,[],['8486'],"['PICES', 'IWC', 'WCPFC', 'ACAP']",['61'],['61'],['8486'],[],[],[],33,22,5.253546999999999,18.824809000000002,431439cc1-1f19-b2f1-3013-71777f32bc38,NET-ZSY09207-74-99%,92070174,,gear,,,,,379.43111111111114,157.811518229133,0.2245767424868445,38.796278427415714
2023-12-23T01:21:07.000Z,2024-01-02T01:18:08.000Z,83496436eca86f69aede37a255cdbdb5,loitering,"[119.888147, 35.19541, 119.929828, 35.14517]",35.1703,119.909,[],['8486'],"['ACAP', 'PICES', 'WCPFC', 'IWC']",['61'],['61'],[],[],[],[],37,43,6.914937,2.1315,9f398020c-c010-bd03-b945-560f545da25a,YU.WANG.QU.627-08,234610502,GBR,other,,,,,239.9502777777777,43.14873007315364,0.09709699267383638,37.880979921217495
2023-12-23T01:30:57.000Z,2024-01-01T05:30:01.000Z,1efa3047ccc44cd9549f243ce86b3349,loitering,"[123.111075, 33.157888, 123.092942, 33.159162]",33.1585,123.102,[],['8486'],"['IWC', 'ACAP', 'WCPFC', 'PICES']",['61'],['61'],[],[],[],[],180,179,156.255719,154.527953,9823b1fb2-23b9-cbf4-fd1f-bc2114534ed9,SURUYU02336-00-94%,412236600,CHN,gear,,,,,219.98444444444448,27.753835279915954,0.06812241756105024,179.67162924164626
2023-12-23T01:34:53.000Z,2024-02-27T13:29:03.000Z,82dc6873a7bc2342d444050fb25ed5e9,loitering,"[119.936535, 35.057148, 119.92991, 35.082523]",35.0698,119.9332,[],['8486'],"['ACAP', 'IWC', 'WCPFC', 'PICES']",['61'],['61'],[],[],[],[],50,48,7.185713,5.849862,07edb1a0f-fa1b-6769-218f-bfeaa63142fd,LULANYUYANG69578-01,911023458,,gear,,,,,1595.902777777779,79.79452637233786,0.02699763293429797,49.14493500617947
2023-12-23T01:40:02.000Z,2024-01-01T18:23:10.000Z,d5d02ed4dd517bec5ddebd1fcb74d38b,loitering,"[125.211827, 32.330775, 125.178167, 32.371045]",32.3509,125.195,[],['8327'],"['WCPFC', 'ACAP', 'PICES', 'IWC']",['61'],['61'],[],[],[],[],136,135,137.948172,136.849938,9dedc0455-5e51-184e-2a77-bdfd6b735592,ZSY07723-17-92%,96055604,,gear,,,,,232.7188888888889,28.57864768900108,0.06630847769562845,135.30442394315702
2023-12-23T01:43:05.000Z,2024-01-01T03:20:18.000Z,43821314f53549f39de95a5513dfe111,loitering,"[124.00039, 33.026453, 123.999083, 33.025462]",33.026,123.9997,[],['8327'],"['PICES', 'ACAP', 'WCPFC', 'IWC']",['61'],['61'],[],[],[],[],154,154,154.373984,154.373984,27963a914-4289-7e75-cd2b-4b27a2591869,FUDING09825-20--70%,230982520,FIN,gear,,,,,217.62027777777774,4.822852286349252,0.011966402812588407,154.00000000000006
2023-12-23T01:46:08.000Z,2024-01-04T10:59:01.000Z,fa4ec2b46b4ebd00518acd92f459b581,loitering,"[123.14852, 29.789793, 123.028173, 29.676123]",29.733,123.0883,[],['8486'],"['WCPFC', 'ACAP', 'APFIC', 'IWC']",['61'],['61'],[],[],[],[],52,56,46.84568,37.93075,a18bd4455-5d8e-6b96-0ed6-a71f5d87b617,,42270024,,gear,chn-zhoushan,CHN,ZHOUSHAN,1ae173cf147d5bda8feeee2030b9d7db,297.21472222222224,149.9347285877071,0.27238986067012094,55.679489660600225
2023-12-23T01:46:48.000Z,2024-01-09T01:34:55.000Z,2ecd9099164a1e426d1650fec40e0eb6,loitering,"[122.883413, 31.139547, 122.899327, 31.148762]",31.1442,122.8914,[],['8486'],"['ACAP', 'PICES', 'WCPFC', 'IWC']",['61'],['61'],['8486'],[],[],[],36,38,5.7103459999999995,7.612992,7dd3839e8-81eb-05f2-9384-7196c4080b4b,NET-ZSY09207-89-99%,92070189,,gear,chn-shanghai,CHN,SHANGHAI,9fc30ff13d778607a9a44a9dcabe04c7,407.8019444444446,50.67584502859518,0.06709817760024324,37.99608514128106
2023-12-23T01:48:12.000Z,2024-01-04T13:58:52.000Z,9cdc7d2a61c59923b76920126ea6252e,loitering,"[104.72098166666666, 1.8919899999999998, 104.72108833333333, 1.8912116666666667]",1.8916,104.721,[],['8483'],"['ACAP', 'SEAFDEC', 'IWC', 'WCPFC', 'APFIC']",['71'],['71'],[],[],[],[],59,59,37.948254,37.948254,056af7717-79ed-6ef9-df55-8d3ab98cd622,GAZ VENEZIA,354262000,PAN,other,mys-telokramunia,MYS,TELOK RAMUNIA,62e5c4af3a7a9b0379d7676de521b3c7,300.17777777777803,65.30850730008865,0.1174762938858401,58.99999999999997
2023-12-23T01:53:45.000Z,2024-01-04T11:26:03.000Z,fba556a1cad2b6d272afaf337a14a62b,loitering,"[122.914493, 31.145485, 122.914478, 31.14615]",31.1458,122.9145,[],['8486'],"['WCPFC', 'ACAP', 'PICES', 'IWC']",['61'],['61'],['8486'],[],[],[],38,38,8.564615,8.564615,99e267658-8abc-9e7b-caca-1f51d6b586d1,NET6-ZSY01469-50%,14690006,,gear,,,,,297.53833333333336,34.29146245182869,0.062230329261702036,37.79858823444289
2023-12-23T01:56:37.000Z,2024-01-01T10:48:41.000Z,9a06df8bc655eee23414b4cf3d4f818b,loitering,"[122.683685, 29.34846, 122.573028, 27.926438]",28.6374,122.6284,[],['8486'],"['ACAP', 'APFIC', 'WCPFC', 'IWC']",['61'],['61'],[],[],[],[],46,83,38.117277,82.572844,71a1a0d55-5b63-1488-9075-89d811774622,LIN12155-8-56%,278121558,SVN,gear,,,,,224.86777777777777,254.41418296451448,0.6109041959896776,65.75069475672103
2023-12-23T01:57:02.000Z,2024-01-09T04:22:16.000Z,f60b0c2c18a8f4e1b88787a2264ae06b,loitering,"[122.807787, 31.182563, 122.80748, 31.183717]",31.1831,122.8076,[],['8486'],"['ACAP', 'IWC', 'WCPFC', 'PICES']",['61'],['61'],['8486'],[],[],[],37,37,0.951323,0.951323,c40b6f008-8e33-1e1b-3ad4-5093987225dd,ZSY01491-2143%,210001491,CYP,gear,,,,,410.42055555555567,48.71023649581716,0.06408407970271246,37.19977182391545
2023-12-23T01:59:34.000Z,2024-01-25T04:58:48.000Z,c8fb7215625a8d31c1f961a688bccde6,loitering,"[-89.95092666666666, 28.752836666666667, -89.94864333333334, 28.752091666666665]",28.7525,-89.9498,[],['8456'],"['ACAP', 'NAMMCO', 'ICCAT', 'IWC']",['31'],['31'],[],[],[],[],46,46,9.106922,9.106922,1047fb7e4-456b-96ae-7cab-d1190485cab4,BALDER,354721000,PAN,other,usa-usa-135,USA,,a4536fdb3e741915273bbf8552f257cb,794.9872222222224,94.12931375803154,0.06393280539301582,45.1592893916789
2023-12-23T02:06:16.000Z,2024-01-13T14:24:14.000Z,b2d08b69fe75a4390f3dfa257299117d,loitering,"[123.060703, 30.629788, 123.811423, 29.53926]",30.0845,123.4361,[],['8486'],"['IWC', 'PICES', 'ACAP', 'WCPFC']",['61'],['61'],[],[],[],[],23,119,13.199826999999999,109.300562,39058cdc1-1de2-15a6-bfdf-88321d8b7dbb,NET-ZSY01459-84-99%,14590084,,gear,,,,,516.2994444444445,415.0157277716097,0.4340321651760406,56.583170936050465
2023-12-23T02:08:19.000Z,2024-01-01T02:48:48.000Z,b43815fe1a22b8c71c78f8a50fa2ce13,loitering,"[124.022272, 33.020517, 124.006527, 33.004962]",33.0127,124.0144,[],['8327'],"['WCPFC', 'ACAP', 'PICES', 'IWC']",['61'],['61'],[],[],[],[],153,155,153.952,156.235703,977e8264e-e75a-88e1-4c44-89498765f8d1,SUGANYU03663-19-60%,96366319,,gear,,,,,216.67472222222227,33.43054174829356,0.0833094339527455,153.65705766233137
2023-12-23T02:08:21.000Z,2024-01-02T11:28:44.000Z,9ea671358086da6f2561c45bbf021498,loitering,"[123.08749, 29.736862, 123.106498, 29.680043]",29.7085,123.097,[],['8486'],"['APFIC', 'ACAP', 'WCPFC', 'IWC']",['61'],['61'],[],[],[],[],53,60,43.508199,45.613426,c549f2860-06dc-7eff-c32a-7833e002109e,ZHEDAIYU04614-0384%,96046143,,gear,,,,,249.33972222222224,135.27018002500395,0.2929338869804506,53.18564304887878
2023-12-23T02:08:33.000Z,2024-01-02T00:34:39.000Z,f642bcb9f470c6f4bf2ee1f5286c6eb9,loitering,"[122.888927, 31.15552, 122.8888, 31.152893]",31.1542,122.8889,[],['8486'],"['PICES', 'ACAP', 'IWC', 'WCPFC']",['61'],['61'],['8486'],[],[],[],38,37,6.752496,6.6613679999999995,9ddecc609-9078-9d6d-c022-8588bb74cc21,NET-ZSY09210-43-99%,92100043,,gear,,,,,238.43499999999997,38.30150711795003,0.08673709543877763,37.617710769258046
2023-12-23T02:09:36.000Z,2024-01-02T00:23:37.000Z,d957f2b4f496d396ea92f62754e64cbc,loitering,"[122.88898, 31.161477, 122.88882, 31.15913]",31.1603,122.8889,[],['8486'],"['ACAP', 'PICES', 'IWC', 'WCPFC']",['61'],['61'],['8486'],[],[],[],38,38,6.752496,6.752496,1567e368b-be92-a290-379f-c23180cd86c3,SHENG09210-899%,909210008,,gear,,,,,238.23361111111112,39.28270468695374,0.08903430357679466,38.009367609164656
2023-12-23T02:10:30.000Z,2024-01-01T13:33:19.000Z,2ef9d23ad401ec6a821b6dcfbe59c2ca,loitering,"[122.889077, 31.165775, 122.886762, 31.165223]",31.1655,122.8879,[],['8486'],"['ACAP', 'PICES', 'WCPFC', 'IWC']",['61'],['61'],['8486'],[],[],[],39,39,6.659962,6.659962,9fe99fbbd-d7f7-65b5-cf0f-c37267fc1991,NET-ZSY09210-22-99%,92100022,,gear,chn-shanghai,CHN,SHANGHAI,0484db730b13dd4ff497e50d367b2c07,227.3802777777778,34.112630020112285,0.08100679110406,38.864699892516796
2023-12-23T02:10:34.000Z,2024-01-01T19:48:21.000Z,f73e64f03a63ce061f899597239bdb6f,loitering,"[122.926398, 31.165233, 122.925023, 31.174527]",31.1699,122.9257,[],['8486'],"['WCPFC', 'PICES', 'ACAP', 'IWC']",['61'],['61'],['8486'],[],[],[],41,41,10.465654,10.465654,4844e7c15-5204-1d37-45e0-45431eb81464,NET14-ZSY01469-64%,14690014,,gear,chn-shanghai,CHN,SHANGHAI,a1c94913a757bcffc35bacf79ad1c898,233.62972222222223,35.34378951206001,0.08168532421911437,41.45068814382078
2023-12-23T02:14:32.000Z,2024-01-01T04:38:04.000Z,3e44f4ea1d8b14efbc9d703e9126d42b,loitering,"[124.281393, 33.150642, 124.280215, 33.150498]",33.1506,124.2808,[],['8327'],"['PICES', 'WCPFC', 'ACAP', 'IWC']",['61'],['61'],[],[],[],[],127,127,127.327328,127.327328,456fd1689-90ef-0a16-d118-e2e3049c0621,13119-2-71%,131190002,,gear,,,,,218.39222222222222,4.802443670115921,0.011873646902376302,126.99999999999997
2023-12-23T02:16:06.000Z,2024-01-01T03:13:54.000Z,5e1bebde2d50bbe65ba6d12e0d541146,loitering,"[124.004047, 32.995978, 123.99122, 32.986558]",32.9913,123.9976,[],['8327'],"['PICES', 'IWC', 'WCPFC', 'ACAP']",['61'],['61'],[],[],[],[],156,157,156.853172,158.303875,41f13990f-f0a4-791d-8941-97144840aa29,,10670753,,gear,,,,,216.9633333333333,32.388124805551016,0.0806043494596492,156.45575317977045
2023-12-23T02:18:27.000Z,2024-01-08T07:54:32.000Z,8b4a4bc6ec64f68dd93ec40226d3e849,loitering,"[122.889685, 31.17188, 122.8944, 31.140418]",31.1561,122.892,[],['8486'],"['IWC', 'ACAP', 'WCPFC', 'PICES']",['61'],['61'],['8486'],[],[],[],39,36,6.659962,6.66207,a45461e05-53ca-9646-8b0e-0c0b1d613e62,NET-ZSY09210-21-99%,92100021,,gear,,,,,389.6013888888889,44.03329700887857,0.06102667746215681,37.86388799999721
2023-12-23T02:19:42.000Z,2024-01-01T12:29:05.000Z,4b8350d48da74f2676b006b46d0a6a34,loitering,"[76.444357, -10.309722, 75.67722499999999, -10.704662]",-10.5072,76.0608,[],[],"['ACAP', 'SIOFA', 'IOTC', 'IWC']","['51.7', '51']",['51'],[],['63203'],[],[],543,508,555.719938,522.216562,f56ac0f2d-d7d9-d4bf-b725-7a4a51daf41b,IMULA 0772CHW NET 4,994171541,,gear,,,,,226.1563888888889,258.43427407874094,0.6170214567916329,526.759535416531
2023-12-23T02:20:27.000Z,2024-01-03T20:51:43.000Z,7a5219f4bb7b8a6fb5acf873f68b33fd,loitering,"[123.16513, 29.78894, 123.08866, 29.635922]",29.7124,123.1269,[],['8486'],"['IWC', 'APFIC', 'WCPFC', 'ACAP']",['61'],['61'],[],[],[],[],54,63,47.709061999999996,44.373746,d96635248-8d8a-d882-c679-5ec226473244,ZHEDAIYU04227-3370%,96422733,,gear,,,,,282.5211111111111,144.094398970333,0.275394467896225,55.21035530113349
2023-12-23T02:23:27.000Z,2024-01-01T03:04:21.000Z,6ec69af2a3d6715cd0cd4f1e237aa537,loitering,"[124.003047, 33.022172, 123.993083, 33.014608]",33.0184,123.9981,[],['8327'],"['WCPFC', 'PICES', 'IWC', 'ACAP']",['61'],['61'],[],[],[],[],154,156,155.196812,156.646938,34e357311-1a3e-faae-50a8-d852c7069911,LURONGYU58822-01-64%,100101724,,gear,,,,,216.68166666666667,31.007853237898203,0.07726957971998732,154.56572971863773
2023-12-23T02:25:29.000Z,2024-01-01T07:01:17.000Z,ce27f15b35e8e8dd95e10a120a7e5c70,loitering,"[123.666987, 33.236165, 123.668458, 33.242357]",33.2393,123.6677,[],['8327'],"['WCPFC', 'ACAP', 'IWC', 'PICES']",['61'],['61'],[],[],[],[],160,160,162.408875,162.408875,b60be9fbb-bd81-007a-afa6-ad5b000b03b2,SUQIYU01330-8-65%,96013091,,gear,,,,,220.59666666666672,41.25531238746739,0.10098106620969281,160.59068870528395
2023-12-23T02:26:49.000Z,2024-01-05T01:32:58.000Z,2a8de3a22ccb918c7687b0a2b1cf1fa1,loitering,"[123.501727, 37.490868, 123.503743, 37.481015]",37.4859,123.5027,[],['8486'],"['IWC', 'WCPFC', 'ACAP', 'PICES']",['61'],['61'],[],[],[],[],72,72,71.888555,71.695148,76eb2b675-52ca-86d6-3c29-7a430dbf114b,75226-51-99%,752260051,,gear,,,,,311.1025000000001,29.031596695744245,0.050387920865469754,72.15385021546786
2023-12-23T02:31:18.000Z,2024-01-09T05:45:37.000Z,6a7edc56a482c49849b8aba86be7d445,loitering,"[122.90193, 31.156735, 122.901632, 31.156952]",31.1568,122.9018,[],['8486'],"['IWC', 'ACAP', 'WCPFC', 'PICES']",['61'],['61'],['8486'],[],[],[],39,39,7.692576,7.692576,837bfdbaf-ff4f-965a-2ee4-c261e54f76ef,NET118-ZSY0920799%,92070118,,gear,,,,,411.2386111111111,48.397170323231805,0.06354554430924735,38.86693617656801
2023-12-23T02:36:38.000Z,2024-01-08T04:48:24.000Z,23a6fe57319e815668c1e6b83f202b1f,loitering,"[122.888747, 31.19056, 122.88978, 31.210552]",31.2006,122.8893,[],['8486'],"['WCPFC', 'IWC', 'ACAP', 'PICES']",['61'],['61'],['8486'],[],[],[],41,43,7.020787,8.00745,ac60ded32-221f-d371-cabf-a975ee203cb1,NET-ZSY09210-25-99%,92100025,,gear,,,,,386.196111111111,42.058760694840636,0.058804098044274694,41.85320385024036
2023-12-23T02:40:13.000Z,2024-01-09T00:12:06.000Z,cd70eb1ee57c34988f961673ed917c37,loitering,"[122.90002, 31.152343, 122.898677, 31.153133]",31.1527,122.8993,[],['8486'],"['IWC', 'WCPFC', 'PICES', 'ACAP']",['61'],['61'],['8486'],[],[],[],38,38,7.612992,7.612992,5d1401235-5d2d-a680-63ef-19e3b8cf822f,NET110-ZSY0920799%,92070110,,gear,,,,,405.53138888888884,44.860983808345594,0.05973148831561863,38.15197886347423
2023-12-23T02:42:43.000Z,2024-01-08T03:56:34.000Z,e2a82de36c56a9212dbe25e8337614a2,loitering,"[122.889023, 31.197333, 122.889077, 31.167592]",31.1825,122.8891,[],['8486'],"['IWC', 'WCPFC', 'PICES', 'ACAP']",['61'],['61'],['8486'],[],[],[],42,39,7.447746,6.659962,e10ef3962-2299-f6c2-81b3-45bd09514b49,NET-ZSY09210-28-99%,92100028,,gear,,,,,385.2308333333334,45.62294644397085,0.06394716672328885,40.68764568005982
2023-12-23T02:43:35.000Z,2024-01-09T08:40:53.000Z,5267817339dc8d01a2adf207a3780e11,loitering,"[122.899627, 31.169913, 122.89969, 31.17886]",31.1744,122.8997,[],['8486'],"['IWC', 'WCPFC', 'PICES', 'ACAP']",['61'],['61'],['8486'],[],[],[],40,41,7.611385,7.691781,2f291b61c-c6a1-5524-052d-98b32b300f94,NET-ZSY09207-100-99%,92070100,,gear,,,,,413.95500000000004,48.96396890309228,0.06386787968117102,41.74943509256348
2023-12-23T02:44:11.000Z,2024-01-17T03:08:25.000Z,2201c8256c06e207cc325cabb7a4e35d,loitering,"[122.899775, 31.166863, 122.899317, 31.19942]",31.1831,122.8995,[],['8486'],"['PICES', 'IWC', 'WCPFC', 'ACAP']",['61'],['61'],['8486'],[],[],[],40,43,7.611385,8.309194,af9c44aad-d8de-b2bf-6528-3b6c6db0d57d,NET114-ZSY0920799%,92070114,,gear,,,,,600.4038888888889,64.98760501896997,0.0584448237589281,40.84879056143477
2023-12-23T02:47:07.000Z,2024-01-01T01:50:59.000Z,cc36e31728f7b91701da0bf30211a452,loitering,"[123.627935, 37.472365, 123.565268, 37.580743]",37.5266,123.5966,[],['8486'],"['ACAP', 'IWC', 'WCPFC', 'PICES']",['61'],['61'],[],[],[],[],83,80,82.878461,80.24655499999999,59c5ef7f4-4135-8831-f77c-a85cbbd4a954,75226-99%,752260103,,gear,,,,,215.0644444444445,27.040563115084794,0.06789005063566234,80.35611696222871
2023-12-23T02:47:40.000Z,2024-01-09T08:07:18.000Z,5832935ac8d83c835cf4df9f13ca5aa9,loitering,"[122.899392, 31.179348, 122.894367, 31.175268]",31.1773,122.8969,[],['8486'],"['IWC', 'PICES', 'ACAP', 'WCPFC']",['61'],['61'],['8486'],[],[],[],41,40,7.691781,6.751802,612d4605f-f29c-e663-df50-ec1b0902fe99,NET-ZSY09207-97-99%,92070097,,gear,,,,,413.3272222222223,49.57966734296649,0.06476921251635621,40.20321203662894
2023-12-23T02:52:50.000Z,2024-01-08T04:37:05.000Z,38f7683bae0c6235953004079a2db909,loitering,"[122.888618, 31.204535, 122.890143, 31.217015]",31.2108,122.8894,[],['8486'],"['IWC', 'PICES', 'WCPFC', 'ACAP']",['61'],['61'],[],[],[],[],42,44,7.447746,8.67424,b5a0c2259-9520-fa52-62ab-94aed178ddc3,NET75-ZSY0921099%,92100075,,gear,chn-shengsi,CHN,SHENGSI,945b0e58baf9011df58898d6d8eff284,385.73749999999995,40.61921639237971,0.05685893189566915,43.12071347876633
2023-12-23T02:53:29.000Z,2024-01-11T09:55:57.000Z,88e1474792d52c3c736f9a9bfd59062c,loitering,"[130.2305, -10.085666666666667, 130.24787166666667, -9.83473]",-9.9602,130.2392,[],['8323'],"['IWC', 'WCPFC', 'APFIC', 'FFA', 'ACAP']",['71'],['71'],[],[],[],[],111,140,253.430984,233.36176600000002,b25eb83f9-966e-f689-d9d0-a9f6466a0e4c,AUDACIA,249117000,MLT,other,aus-darwin,AUS,,58e958ba37551d5e95626eba22095b4c,463.04111111111115,43.084053867389635,0.05024073985639604,129.39803372163587
2023-12-23T02:54:36.000Z,2024-01-05T13:41:16.000Z,738c46b582a865a5dee721e25d555102,loitering,"[122.942943, 31.19726, 122.942687, 31.197333]",31.1973,122.9428,[],['8486'],"['ACAP', 'PICES', 'IWC', 'WCPFC']",['61'],['61'],[],[],[],[],45,45,11.892695999999999,11.892695999999999,08429ed96-6205-d58b-a664-31f1735083a0,SHENG01453-31,701453031,ARG,other,,,,,322.77777777777777,20.484943736679558,0.034268111067556124,45.00000000000001
2023-12-23T02:55:55.000Z,2024-01-01T05:05:17.000Z,dec38f25882ae71b9ada9a30065c49f1,loitering,"[124.292693, 33.150335, 124.29139, 33.15042]",33.1504,124.292,[],['8327'],"['ACAP', 'IWC', 'PICES', 'WCPFC']",['61'],['61'],[],[],[],[],126,126,126.75682,126.75682,a4d16bf0c-cc9a-7a51-bd47-9855a728be56,13119-4-65%,131190004,,gear,,,,,218.1561111111111,4.8333624708807035,0.011963024718525431,126.00000000000003
2023-12-23T02:56:06.000Z,2024-01-01T01:19:05.000Z,54741251a7a2167e34048dc4aa689d59,loitering,"[124.29467, 33.150225, 124.291543, 33.14419]",33.1472,124.2931,[],['8327'],"['WCPFC', 'ACAP', 'PICES', 'IWC']",['61'],['61'],[],[],[],[],126,127,126.75682,127.639266,9a843cce7-7261-e27c-2fb9-c6d47596adbd,13119-3-71%,131190003,,gear,,,,,214.3830555555556,43.452204607812405,0.10944108172326326,125.66599402584748
2023-12-23T02:56:18.000Z,2024-01-17T03:06:32.000Z,5a94577b9ca9428930f277e364413250,loitering,"[122.900362, 31.14274, 122.89408, 31.203175]",31.173,122.8972,[],['8486'],"['ACAP', 'IWC', 'WCPFC', 'PICES']",['61'],['61'],['8486'],[],[],[],37,42,7.613795,7.447746,43b3c024a-a476-2a15-c8a2-b0ead48a32ce,NET105-ZSY0920799%,92070105,,gear,,,,,600.1705555555556,68.81089315250748,0.061907252139632794,38.88027097951423
2023-12-23T02:57:30.000Z,2024-01-25T05:33:05.000Z,3195d3a66a697d1ba85988ea5abdf277,loitering,"[122.864493, 31.134202, 122.86392, 31.195425]",31.1648,122.8642,[],['8486'],"['WCPFC', 'ACAP', 'IWC', 'PICES']",['61'],['61'],['8486'],[],[],[],34,41,3.807299,5.060295,59bceb834-4f42-58d8-4856-ce30f3e20e8a,62255-7 90%,66225507,,gear,,,,,794.5930555555556,75.99172457869533,0.051639324564586774,37.391476809095096
2023-12-23T03:02:21.000Z,2024-01-01T21:34:59.000Z,7517caeb22e8179d57f75a24d4ee02e8,loitering,"[122.907922, 31.146795, 122.91011, 31.148405]",31.1476,122.909,[],['8486'],"['PICES', 'ACAP', 'IWC', 'WCPFC']",['61'],['61'],['8486'],[],[],[],38,38,8.564615,8.564615,a526f7e05-5bee-97f8-556e-1096ce18ba6c,ZHELINYU12279-6-55%,122790006,,gear,,,,,234.5438888888889,34.70768520314305,0.07990253272603788,37.769103804714064
2023-12-23T03:02:58.000Z,2024-01-16T09:37:51.000Z,13ce53f1c6fb903fde6d034a3fbee710,loitering,"[122.908208, 31.151568, 122.909112, 31.162847]",31.1572,122.9087,[],['8486'],"['PICES', 'WCPFC', 'ACAP', 'IWC']",['61'],['61'],['8486'],[],[],[],38,39,8.564615,8.635152,02b8aa686-615d-1a28-5270-e8b310d562fc,ZHELINYU12279-28-55%,122790028,,gear,,,,,582.5813888888888,66.31732683977599,0.06146521755943593,38.02664557380339
2023-12-23T03:04:50.000Z,2024-01-01T22:19:56.000Z,fcf3f1969b1b5e1aca997b35b108a5ce,loitering,"[122.906875, 31.142483, 122.909008, 31.141458]",31.142,122.9079,[],['8486'],"['PICES', 'WCPFC', 'IWC', 'ACAP']",['61'],['61'],['8486'],[],[],[],37,37,8.565520000000001,8.565520000000001,86e5ecd5c-cce8-221b-8234-ce6826927e76,ZHELINYU12279-38-55%,122790038,,gear,,,,,235.25166666666667,35.09510425210546,0.08055135411968276,37.33198069921532
2023-12-23T03:05:12.000Z,2024-01-08T03:36:40.000Z,568ce50cf93434cb5cb91fcb9f1366e5,loitering,"[122.889695, 31.210107, 122.89008, 31.17216]",31.1911,122.8899,[],['8486'],"['PICES', 'WCPFC', 'IWC', 'ACAP']",['61'],['61'],['8486'],[],[],[],43,39,8.00745,6.659962,7b44c9705-576f-6126-07f2-32801289eb37,NET74-ZSY09210-99%,92100074,,gear,,,,,384.5244444444443,43.68731879703602,0.06134659408527373,41.33642196642087
2023-12-23T03:06:00.000Z,2024-01-01T02:48:42.000Z,263f669822656ef44cd4ce81b252d55e,loitering,"[124.44492, 32.890587, 124.53864, 32.957667]",32.9241,124.4918,[],['8327'],"['ACAP', 'PICES', 'IWC', 'WCPFC']",['61'],['61'],[],[],[],[],143,132,143.990578,132.974953,bb68a86ed-de38-263f-2c3c-10decca10f5a,MINGFUDINYU09885,412446339,CHN,fishing,chn-zhoushan,CHN,ZHOUSHAN,dc57f0993b9f126f69dc11a2f0770810,215.71166666666664,57.940740337272366,0.14503386592768908,133.36551836393278
2023-12-23T03:08:11.000Z,2024-01-08T20:42:15.000Z,3bc134843358e6135f4a32a9d74e79b9,loitering,"[121.720595, 26.932358, 121.572138, 26.932275]",26.9323,121.6464,[],['8486'],"['WCPFC', 'IWC', 'ACAP', 'APFIC']",['61'],['61'],[],[],[],[],84,74,75.438836,73.444508,7440b5f5f-f3b3-d8ec-05a2-9eca93febc60,TIELONG61873-49-99%,412187349,CHN,gear,,,,,401.5677777777777,35.977251673798285,0.04837579827347697,83.28945177939373
2023-12-23T03:10:44.000Z,2024-01-09T16:54:40.000Z,5af69b1f2622f392875bf34ebe2c4b2a,loitering,"[123.036705, 30.997553, 123.567258, 30.792532]",30.895,123.302,[],['8486'],"['WCPFC', 'IWC', 'ACAP', 'PICES']",['61'],['61'],[],[],[],[],33,71,18.416879,40.512913999999995,bc239967a-a58a-2f5c-dc5b-b984c7e756ef,ZHESHENGYU05689-43,108004459,,gear,,,,,421.7322222222223,269.3351815093501,0.3448381603370232,38.53080933077382
2023-12-23T03:13:10.000Z,2024-01-09T09:14:39.000Z,e18a6a7aa58550b6ab395538b60ad181,loitering,"[122.895338, 31.182007, 122.893983, 31.182432]",31.1822,122.8947,[],['8486'],"['PICES', 'WCPFC', 'ACAP', 'IWC']",['61'],['61'],['8486'],[],[],[],41,40,7.691781,6.751802,b60be017f-f9ac-35cd-7a84-4cd7a68280f2,NET116-ZSY0920799%,92070116,,gear,,,,,414.0247222222221,17.282877717703535,0.022539734721344788,40.3805040403936
2023-12-23T03:14:27.000Z,2024-01-09T05:45:24.000Z,a0bea757286d697cefa204373b041757,loitering,"[122.895787, 31.174058, 122.896757, 31.159727]",31.1669,122.8963,[],['8486'],"['IWC', 'ACAP', 'PICES', 'WCPFC']",['61'],['61'],['8486'],[],[],[],40,39,7.611385,7.692576,d1c4787a0-0bec-beb9-5877-2b96ac2b5299,NET-ZSY09207-86-99%,92070186,,gear,,,,,410.51583333333326,50.68764568580794,0.06667011821924486,38.20426117096687
2023-12-23T03:15:45.000Z,2024-01-01T09:46:25.000Z,2c519ea7834461e70bbc54375f32ec02,loitering,"[122.906567, 31.162118, 122.909113, 31.162502]",31.1623,122.9078,[],['8486'],"['WCPFC', 'ACAP', 'PICES', 'IWC']",['61'],['61'],['8486'],[],[],[],39,39,8.635152,8.635152,7d85286ee-eebe-56d1-6987-faa2043ec28a,LIN21257-99-53%,721257099,,gear,,,,,222.51111111111106,30.246517519064138,0.07339774105530447,39.21836737884692
2023-12-23T03:17:42.000Z,2024-01-01T07:11:09.000Z,424d70a56995c7abee5f5580cf6ec46d,loitering,"[123.0602, 33.583993, 123.116633, 33.468575]",33.5263,123.0884,[],['8486'],"['ACAP', 'WCPFC', 'PICES', 'IWC']",['61'],['61'],[],[],[],[],195,193,175.152297,172.809766,c1af1ad41-1069-3bf5-7c45-27d466ef899c,,20046605,,gear,,,,,219.89083333333335,40.93291927094455,0.1005135498856648,194.300275838961
2023-12-23T03:19:34.000Z,2024-01-01T01:43:46.000Z,00be967d1e9e9c67d25b413ce13a6b2e,loitering,"[123.194018, 30.182612, 123.186897, 30.187428]",30.185,123.1905,[],['8486'],"['WCPFC', 'PICES', 'IWC', 'ACAP']",['61'],['61'],['8486'],[],[],[],38,37,24.057548999999998,24.133303,534e74984-4899-9edd-bf99-2429ce580ee3,16051-30-63%,220160030,DNK,gear,,,,,214.40333333333334,42.11144159686247,0.10605413190196475,37.890916882282845
2023-12-23T03:20:32.000Z,2024-01-01T01:46:56.000Z,061178c3719115081c04b77d261794ea,loitering,"[123.19313, 30.194653, 123.182293, 30.183508]",30.1891,123.1877,[],['8486'],"['IWC', 'WCPFC', 'ACAP', 'PICES']",['61'],['61'],['8486'],[],[],[],37,37,24.133303,23.097346,dc4d7f91d-d428-538a-35dc-33013e1b3e3f,ZHEDAIYU06828-13-99%,68280013,,gear,,,,,214.44,32.975710547027774,0.08303235990791973,37.06680061582552
2023-12-23T03:20:35.000Z,2024-01-16T11:05:13.000Z,7a18b03c705924121f4dca72edab0a8f,loitering,"[122.907787, 31.166753, 122.90755300000001, 31.172025]",31.1694,122.9077,[],['8486'],"['IWC', 'PICES', 'ACAP', 'WCPFC']",['61'],['61'],['8486'],[],[],[],40,40,8.562808,8.562808,a38e0c486-656f-60ee-4f73-46f8b707b2ea,ZHELINYU12279-2-83%,122790002,,gear,,,,,583.7438888888889,61.615945884532074,0.056994085616963876,39.07035447760601
2023-12-23T03:21:08.000Z,2024-01-01T14:40:19.000Z,757e74b0d6d3facb942cd8efb2c1b943,loitering,"[123.090815, 37.56033, 123.098303, 37.573765]",37.567,123.0946,[],['8486'],"['WCPFC', 'PICES', 'IWC', 'ACAP']",['61'],['61'],[],[],[],[],39,40,40.387269999999994,41.721961,a43c7df91-1634-068a-9826-95c6bc0838cd,LIAOYING55023-06-77%,550230006,,gear,,,,,227.3197222222222,16.49492140714491,0.03918069646217732,39.78078364078595
2023-12-23T03:26:24.000Z,2024-01-09T05:44:20.000Z,e3a2d8bbe2e0800f5932a3962e68101b,loitering,"[122.895615, 31.157833, 122.894815, 31.154432]",31.1561,122.8952,[],['8486'],"['WCPFC', 'PICES', 'ACAP', 'IWC']",['61'],['61'],['8486'],[],[],[],39,37,7.692576,6.6613679999999995,d15b67d37-7e3f-55fd-5e8c-0b2304375bf6,NET-ZSY09207-96-99%,92070096,,gear,,,,,410.298888888889,51.79481478066116,0.06816241374741001,37.70286033796784
2023-12-23T03:28:09.000Z,2024-01-01T01:53:38.000Z,822e7771179f2329fd351851948d21b2,loitering,"[123.193632, 30.189162, 123.175658, 30.17304]",30.1811,123.1846,[],['8486'],"['ACAP', 'WCPFC', 'PICES', 'IWC']",['61'],['61'],['8486'],[],[],[],37,38,24.133303,23.071736,f96b522c5-5735-95ca-9b86-bca9883f06aa,NET-ZSY08288-30-99%,82880030,,gear,,,,,214.42472222222224,36.45218423605395,0.09179260989635536,37.06760668353599
2023-12-23T03:30:55.000Z,2024-01-01T16:04:23.000Z,14e1e2467ae488320228c958cb112010,loitering,"[122.934383, 31.187233, 122.930808, 31.190245]",31.1887,122.9326,[],['8486'],"['WCPFC', 'IWC', 'PICES', 'ACAP']",['61'],['61'],[],[],[],[],43,43,10.698248,10.698248,3463f78e5-59da-20fa-b919-ae3dabda98de,NET12-ZSY08218-58%,82180012,,gear,,,,,228.55777777777777,35.08349589145353,0.08288307875490336,43.07214623791933
2023-12-23T03:33:33.000Z,2024-01-01T09:58:57.000Z,3e12f47d168de7e51457cb0ccca54e34,loitering,"[122.742733, 31.174602, 122.74376, 31.197772]",31.1862,122.7432,[],['8486'],"['IWC', 'ACAP', 'WCPFC', 'PICES']",['61'],['61'],['8486'],[],[],[],34,38,0.0,0.0,ad006bcea-aaa3-ed4e-fc4a-fdf92dbdb04e,,60552841,,gear,,,,,222.42333333333337,33.420373314788485,0.081131586668141,39.28168266411611
2023-12-23T03:36:39.000Z,2024-01-25T04:08:44.000Z,ea46eed278760e7f75859c37fad1bbc8,loitering,"[122.86384, 31.146578, 122.863125, 31.19026]",31.1684,122.8635,[],['8486'],"['PICES', 'WCPFC', 'IWC', 'ACAP']",['61'],['61'],['8486'],[],[],[],36,40,3.806496,4.407489,0402f15e8-8a84-9ea0-9f7f-e949b6e906b9,62255-44-99%,622550044,EGY,gear,,,,,792.5347222222222,85.54178094762487,0.05827992806785587,37.914693179027964
2023-12-23T03:37:03.000Z,2024-01-09T10:06:35.000Z,2e6adcd9510cef115217a22108f8fe45,loitering,"[122.906417, 31.177242, 122.906175, 31.195533]",31.1864,122.9063,[],['8486'],"['PICES', 'IWC', 'WCPFC', 'ACAP']",['61'],['61'],['8486'],[],[],[],41,43,8.634255999999999,9.188379999999999,931b14bb2-207f-2f64-4533-9eb61815b2c6,ZHELINYU12279-54-78%,122790054,,gear,,,,,414.4922222222222,40.26674652886401,0.052455275577235165,43.30509184219502
2023-12-23T03:39:26.000Z,2024-01-01T01:49:23.000Z,7449af5671e90c074004cfe35151ac8d,loitering,"[123.084132, 33.575377, 123.082328, 33.570042]",33.5727,123.0832,[],['8486'],"['PICES', 'ACAP', 'WCPFC', 'IWC']",['61'],['61'],[],[],[],[],193,193,176.64175,175.985578,a3b954015-5c92-b1f0-8a11-a03f2f792921,SUHAIANYU00426-3690%,100900036,,other,,,,,214.16583333333332,30.09027735955538,0.07586387485474255,192.5735554438523
2023-12-23T03:42:02.000Z,2024-01-01T01:16:33.000Z,4f42b3585c27676aa8f1c18887c19bc5,loitering,"[124.317062, 33.150175, 124.316432, 33.149235]",33.1497,124.3167,[],['8327'],"['ACAP', 'IWC', 'PICES', 'WCPFC']",['61'],['61'],[],[],[],[],124,124,125.070836,125.070836,a81656e2e-e8df-2722-86ad-aee5a69d657b,13119-6-74%,131190006,,gear,,,,,213.57527777777779,4.7064272241108185,0.011898696450588378,124.0
2023-12-23T03:44:26.000Z,2024-01-16T11:19:27.000Z,194b1a9c521ea5ee7175dcbb4cea5c1e,loitering,"[122.907562, 31.18082, 122.908478, 31.17567]",31.1782,122.908,[],['8486'],"['PICES', 'IWC', 'ACAP', 'WCPFC']",['61'],['61'],['8486'],[],[],[],41,41,8.634255999999999,8.634255999999999,5fb366e31-14cd-d4e3-7ca8-6242f1651149,ZHELINYU12279-34-82%,122790034,,gear,,,,,583.583611111111,70.64994604021703,0.06536838646918718,40.22903921233865
2023-12-23T03:45:23.000Z,2024-01-01T01:46:46.000Z,166425187b959d4e51677af3f9af2f96,loitering,"[123.221807, 30.182888, 123.218293, 30.138622]",30.1608,123.2201,[],['8486'],"['IWC', 'ACAP', 'PICES', 'WCPFC']",['61'],['61'],[],[],[],[],40,42,26.938615000000002,27.127004,f1c286581-1fcb-fb8a-580a-50f7d79463f7,,48360094,,gear,vnm-quinhon,VNM,QUI NHON,14a25496ea9a99450afb23e897173e34,214.02305555555554,22.102164259682958,0.055761347449849376,42.007740939542444
2023-12-23T03:47:23.000Z,2024-01-01T20:36:03.000Z,fd35619c56175c0663e44d37ec764dcd,loitering,"[122.967828, 31.157242, 122.968192, 31.159773]",31.1585,122.968,[],['8486'],"['PICES', 'WCPFC', 'IWC', 'ACAP']",['61'],['61'],[],[],[],[],43,43,14.31535,14.31535,a0335a724-46fa-589f-a40a-d799e8072a53,SHENG01429-85,801429085,,other,chn-shanghai,CHN,SHANGHAI,62a7f37bc1f6a778c3de8f59132cba1e,232.8111111111111,34.13157187107163,0.0791610604685764,42.56556165449961
2023-12-23T03:48:09.000Z,2024-01-13T14:51:40.000Z,edcb0cb6b4b7d16e0664091522169441,loitering,"[122.967583, 31.215125, 122.848053, 31.181823]",31.1985,122.9078,[],['8486'],"['ACAP', 'PICES', 'IWC', 'WCPFC']",['61'],['61'],[],[],[],[],48,39,15.312561,3.063074,109e5ab4e-ea55-10a2-d40d-210a9ebbeca1,NET-ZSY01469-122-99%,14690122,,gear,,,,,515.0586111111111,98.25345341382237,0.10300307477505426,40.597289037899756
2023-12-23T03:51:58.000Z,2024-01-04T07:45:14.000Z,309d3d1b5efbf6c1beb51cf8e02538fb,loitering,"[122.948042, 37.771658, 122.947388, 37.772275]",37.772,122.9477,[],['8486'],"['IWC', 'ACAP', 'WCPFC', 'PICES']",['61'],['61'],[],[],[],[],45,45,45.394371,45.394371,bb74be852-275b-9dae-5374-24f536c901d5,LIAOYINGYU26450-74%,234311089,GBR,gear,,,,,291.8877777777778,7.14980546173651,0.01322626843727828,44.99999999999999
2023-12-23T03:52:42.000Z,2024-01-05T16:58:44.000Z,4b97179149665fe1f579f7b056e0f1e3,loitering,"[53.12746666666666, 25.4851, 53.12923333333333, 25.48355]",25.4843,53.1284,[],['8360'],"['IOTC', 'ACAP', 'IWC', 'RECOFI']","['51.2', '51']",['51'],[],[],[],[],44,43,1.0037129999999999,1.4979829999999998,f5f171055-50e0-6786-0098-9c4ce1652571,MUTAWA 105,470243000,ARE,other,,,,,325.1005555555556,48.18472169772248,0.08002960271428937,43.267321477332665
2023-12-23T03:53:38.000Z,2024-01-01T01:49:53.000Z,ac2a48f6a1dd430a379c851c12b355da,loitering,"[123.186912, 30.202708, 123.180063, 30.181965]",30.1923,123.1835,[],['8486'],"['WCPFC', 'ACAP', 'IWC', 'PICES']",['61'],['61'],['8486'],[],[],[],37,37,24.25984,23.097346,1bdc644ed-da24-ab6b-1381-40f3a52cb661,ZHEDAIYU06828-25-95%,68280025,,gear,,,,,213.93750000000003,40.267921927986606,0.10163219821695721,37.33709739043868
2023-12-23T03:56:02.000Z,2024-01-09T07:25:12.000Z,ada8258ce584e4c4f5e08aac176b1b08,loitering,"[122.844138, 31.166948, 122.844053, 31.172752]",31.1699,122.8441,[],['8486'],"['IWC', 'WCPFC', 'ACAP', 'PICES']",['61'],['61'],['8486'],[],[],[],37,37,1.902846,1.902846,9f37ba422-2677-72ee-9a3b-8166ddd2f6b2,ZHELINYU21217-40-99%,212170040,CYP,gear,,,,,411.4861111111112,43.33761532959977,0.05686811683528674,37.343259813746386
2023-12-23T03:57:33.000Z,2024-01-25T02:37:12.000Z,bbb2e5f5946d3f60f1b69934cd8b9aa0,loitering,"[122.863423, 31.16366, 122.862965, 31.179247]",31.1715,122.8632,[],['8486'],"['ACAP', 'WCPFC', 'IWC', 'PICES']",['61'],['61'],['8486'],[],[],[],37,39,3.965004,3.9646179999999998,a175de52f-f859-125c-9274-26c9cb18bc3a,62255-46-99%,622550046,EGY,gear,chn-shanghai,CHN,SHANGHAI,c291c9292059098da27c45db9dfd5c51,790.6608333333334,87.52515585304275,0.05977253631893107,38.50211364576333
2023-12-23T03:58:39.000Z,2024-01-06T18:57:06.000Z,5e25b24851438a24d6d6f3a0bf453c76,loitering,"[-42.248441666666665, -24.628568333333334, -42.25248833333333, -24.63719]",-24.6329,-42.2505,[],['8464'],"['ACAP', 'IWC', 'ICCAT']","['41', '41.2', '41.2.1']",['41'],[],[],[],[],181,182,0.0,1.010701,350028026-6abc-4245-e201-cf3eddec7fd6,DEEP BLUE,311105000,BHS,other,,,,,350.974166666667,50.028230879840805,0.0769660168580985,181.67264961145597
2023-12-23T03:59:26.000Z,2024-01-18T04:44:45.000Z,bddf57bab10b9ea32edccc6418d8efcd,loitering,"[122.94225, 31.21165, 122.867455, 31.141783]",31.1767,122.9049,[],['8486'],"['WCPFC', 'ACAP', 'PICES', 'IWC']",['61'],['61'],['8486'],[],[],[],45,35,12.250611000000001,4.758622,2c343f865-5b13-cfd7-56fd-6f3774be6193,NET-ZSY01453-11-99%,14530011,,gear,chn-shanghai,CHN,SHANGHAI,85acaf46eac72e2dca274676265d0960,624.7552777777779,83.5649688959248,0.07222263675212998,41.266587507157034
2023-12-23T04:03:31.000Z,2024-01-07T09:59:29.000Z,49d52fdc5d1a732560a01a925921869e,loitering,"[122.942548, 31.25082, 122.941067, 31.250762]",31.2508,122.9418,[],['8486'],"['WCPFC', 'ACAP', 'PICES', 'IWC']",['61'],['61'],[],[],[],[],49,49,14.46966,14.46966,bd0057c5c-c9e1-fd1b-f275-be73f7e6c526,NET-ZSY01453-28-82%,14530028,,gear,,,,,365.9327777777777,27.010457316420787,0.039855626711058495,49.046613291005585
2023-12-23T04:04:49.000Z,2024-01-05T14:48:51.000Z,8242abe6c73aac88b333192e29a8464e,loitering,"[119.876597, 35.17498, 119.87666, 35.175045]",35.175,119.8766,[],['8486'],"['IWC', 'WCPFC', 'PICES', 'ACAP']",['61'],['61'],[],[],[],[],38,37,4.308884,5.217335,aa7b2bc39-9069-9b78-54a2-434d9935d665,YUWANGQU63029-13-99%,630290013,GNB,gear,,,,,322.73388888888877,20.420367824921016,0.03416473111669578,37.17846990378221
2023-12-23T04:06:24.000Z,2024-01-09T10:45:32.000Z,1fdbb37e5fbbcf29b9feef5499d1624c,loitering,"[122.84513, 31.178913, 122.843818, 31.199647]",31.1893,122.8445,[],['8486'],"['PICES', 'WCPFC', 'IWC', 'ACAP']",['61'],['61'],['8486'],[],[],[],39,40,3.063074,3.840255,6eda533de-e858-6ed1-1869-0f24c7383ab5,NET-ZSY13320-126-99%,133200126,,gear,,,,,414.6522222222221,35.08856166507604,0.04569204402907967,40.00920152194322
2023-12-23T04:07:59.000Z,2024-01-09T06:24:34.000Z,dbda1b71f3c4cfd35536f92b9c0f792d,loitering,"[122.86401, 31.172778, 122.863988, 31.172807]",31.1728,122.864,[],['8486'],"['PICES', 'IWC', 'ACAP', 'WCPFC']",['61'],['61'],['8486'],[],[],[],38,38,3.805692,3.805692,a59b9a8d8-82ce-b4dc-d72c-a2578088d156,62255-43-99%,622550043,EGY,gear,,,,,410.27638888888885,42.285176551853375,0.05565070129025406,38.18530035422733
2023-12-23T04:13:00.000Z,2024-01-09T05:55:20.000Z,32f767665a21ee904bcc7b158eafb7a6,loitering,"[122.863712, 31.17864, 122.863893, 31.178327]",31.1785,122.8638,[],['8486'],"['WCPFC', 'PICES', 'IWC', 'ACAP']",['61'],['61'],['8486'],[],[],[],39,39,3.9646179999999998,3.9646179999999998,61d50ab58-8bd2-5953-9092-bcee5a8c7743,62255-41-99%,622550041,EGY,gear,,,,,409.70555555555546,39.04481083811565,0.051457713877212874,39.0
2023-12-23T04:14:08.000Z,2024-01-01T06:59:41.000Z,2d6853685495ff113f47388b6a380b5a,loitering,"[122.907442, 31.181258, 122.906678, 31.18485]",31.1831,122.9071,[],['8486'],"['ACAP', 'IWC', 'WCPFC', 'PICES']",['61'],['61'],['8486'],[],[],[],41,41,8.634255999999999,8.634255999999999,fa425bb93-3c62-0a54-1130-09af4d8a9fd3,ZHELINYU12279-33-80%,122790033,,gear,,,,,218.75916666666663,33.02388086354572,0.08151187180171249,41.0006248779864
2023-12-23T04:15:22.000Z,2024-01-09T12:30:01.000Z,c1a0e4964379440eaafc49fc9b095f7f,loitering,"[122.84353, 31.178387999999998, 122.842453, 31.221565]",31.2,122.843,[],['8486'],"['ACAP', 'IWC', 'WCPFC', 'PICES']",['61'],['61'],['8486'],[],[],[],38,42,2.2038320000000002,5.852949,eb204e97f-f8af-1856-e73f-b77f3f5e7351,NET-ZSY01469-125-99%,14690125,,gear,chn-shanghai,CHN,SHANGHAI,f0bf5a3e8acd6243ef3f2c72e5bbfcc0,416.2441666666667,51.98640160321765,0.0674373684504221,42.12772810666899
2023-12-23T04:15:49.000Z,2024-01-01T05:38:19.000Z,ce3565ed825db67a909f1f237939c4af,loitering,"[122.907522, 31.194457, 122.905395, 31.19769]",31.1961,122.9065,[],['8486'],"['IWC', 'WCPFC', 'PICES', 'ACAP']",['61'],['61'],[],[],[],[],42,43,8.846011,9.188379999999999,50d2dafff-f1f3-963e-702b-bcd2e94c1cde,ZHELINYU12279-10-78%,122790010,,other,,,,,217.375,32.098712629401,0.07973280398580898,42.53871648245135
2023-12-23T04:15:59.000Z,2024-01-16T13:04:44.000Z,175a6ce1c04c67ff82f8095f7000cc4f,loitering,"[122.907775, 31.166837, 122.907672, 31.1834]",31.1751,122.9077,[],['8486'],"['ACAP', 'PICES', 'IWC', 'WCPFC']",['61'],['61'],['8486'],[],[],[],40,41,8.562808,8.634255999999999,797691684-46f2-7554-7a07-171d8271839c,ZHELINYU12279-17-99%,122790017,,gear,,,,,584.8125,73.24119893742554,0.06762352661667975,39.14017666934866
2023-12-23T04:16:27.000Z,2024-01-07T11:15:30.000Z,3ea00a1a8d9d2b61325d542e9783badd,loitering,"[122.967797, 31.172312, 122.966548, 31.173433]",31.1729,122.9672,[],['8486'],"['IWC', 'WCPFC', 'ACAP', 'PICES']",['61'],['61'],[],[],[],[],43,43,14.271346,14.271346,fc765a866-6a16-70b5-8634-4dbec0173a96,ZHESHENG01429-42-81%,14290042,,gear,,,,,366.9841666666666,33.80429376401086,0.04973745480543498,43.15518327118445
2023-12-23T04:18:11.000Z,2024-01-02T08:25:42.000Z,b9a90dd56fcd9cb61eb5faf077fbf66e,loitering,"[122.951307, 31.191653, 122.951508, 31.193005]",31.1923,122.9514,[],['8486'],"['WCPFC', 'IWC', 'ACAP', 'PICES']",['61'],['61'],[],[],[],[],44,44,12.565557,12.565557,02627e84c-c718-1f36-1d10-5a84b05239cf,NET-ZSY01429-112-99%,901429112,,gear,,,,,244.12527777777774,25.384626062810085,0.0561457693794029,44.203901668371884
2023-12-23T04:19:03.000Z,2024-01-09T07:54:13.000Z,bc52c72c596685345db5b9482887780f,loitering,"[122.843957, 31.177927, 122.843893, 31.178005]",31.178,122.8439,[],['8486'],"['WCPFC', 'ACAP', 'PICES', 'IWC']",['61'],['61'],['8486'],[],[],[],38,38,2.2038320000000002,2.2038320000000002,e161a03fe-ec82-f436-dd37-f031643cd577,ZHELINYU21217-63-99%,212170063,CYP,gear,,,,,411.58611111111117,47.323929225044694,0.062083916005663785,38.193015875157265
2023-12-23T04:20:22.000Z,2024-01-01T07:25:38.000Z,23a5211ce7af8fd32772a07d63675f36,loitering,"[123.059173, 33.665597, 123.055133, 33.693273]",33.6794,123.0572,[],['8486'],"['ACAP', 'WCPFC', 'IWC', 'PICES']",['61'],['61'],[],[],[],[],192,191,181.307938,182.722141,1e261259b-b778-46f0-1f8d-a97766da4095,SUQIYU01238-80_8.2V,12387380,,gear,,,,,219.08777777777777,28.182280809525096,0.0694571573747837,192.09469081212646
2023-12-23T04:21:56.000Z,2024-01-04T22:10:32.000Z,776addc217432a2eb4b1fc16447d8925,loitering,"[122.951125, 31.198672, 122.95024, 31.200645]",31.1997,122.9507,[],['8486'],"['IWC', 'WCPFC', 'PICES', 'ACAP']",['61'],['61'],[],[],[],[],45,45,12.808561,12.808561,12b8d2b83-31cd-67e1-9c84-2e5745563894,NET-ZSY01429-120-99%,901429120,,gear,,,,,305.80999999999995,34.21240611193274,0.060407512647487865,45.000875877901656
2023-12-23T04:23:14.000Z,2024-01-18T00:42:24.000Z,648ddda051cc1e68aeb4ecc2bad7f09b,loitering,"[122.941877, 31.24374, 122.871093, 31.16258]",31.2032,122.9065,[],['8486'],"['ACAP', 'WCPFC', 'PICES', 'IWC']",['61'],['61'],[],[],[],[],48,37,13.814427,4.885587999999999,800edede6-6c4f-084f-0b2c-b4f92abaebe1,SHENG01453-0399%,901453003,,gear,,,,,620.3194444444443,93.4812817154485,0.08137074294555367,44.23805112191715
2023-12-23T04:23:34.000Z,2024-01-10T23:24:02.000Z,8f3fc88b170fd5ba1b5eaaa79f6765a5,loitering,"[122.86353, 31.16217, 122.862655, 31.18376]",31.173,122.8631,[],['8486'],"['WCPFC', 'PICES', 'IWC', 'ACAP']",['61'],['61'],['8486'],[],[],[],37,39,3.965004,3.9646179999999998,27c0ea61c-c074-23d7-bf02-39c78675563b,62255-40-99%,622550040,EGY,gear,,,,,451.0077777777779,42.624831769691276,0.05103142128413754,37.30784326628739
2023-12-23T04:24:06.000Z,2024-01-09T08:17:05.000Z,110e89e575fbc2f686db6b390af0c558,loitering,"[122.844042, 31.183242, 122.843712, 31.183263]",31.1833,122.8439,[],['8486'],"['IWC', 'ACAP', 'WCPFC', 'PICES']",['61'],['61'],['8486'],[],[],[],38,38,2.2038320000000002,2.2038320000000002,dbb191fce-e065-a990-0aaa-1e42ea569a6b,ZHELINYU21217-56-99%,212170056,CYP,gear,,,,,411.8830555555555,45.803130393944606,0.06004547053391511,38.35874035714897
2023-12-23T04:24:08.000Z,2024-01-30T05:51:47.000Z,f16a3bdb375f06062344fbd9964dd23c,loitering,"[122.751033, 31.177233, 122.749258, 31.203088]",31.1902,122.7501,[],['8486'],"['PICES', 'WCPFC', 'IWC', 'ACAP']",['61'],['61'],['8486'],[],[],[],36,38,0.0,0.0,cc50d0c60-018a-46af-1f19-a7d1fe3380c9,ZHELINYU21599-23,215990023,MLT,gear,,,,,913.4608333333335,83.7577481033788,0.04951013144758087,39.33339093606833
2023-12-23T04:25:04.000Z,2024-01-15T21:39:19.000Z,58eaad0b838c8610206b95476e5ea348,loitering,"[119.840055, 34.963875, 119.840002, 34.963872]",34.9639,119.84,[],['8486'],"['PICES', 'ACAP', 'IWC', 'WCPFC']",['61'],['61'],[],[],[],[],39,39,3.335848,3.335848,17f679521-113d-f850-249e-19aa2e636d4d,LU.LAN.YU.YANG291-02,100108335,,other,,,,,569.2374999999998,13.007717074962958,0.012338620228030365,39.000000000000014
2023-12-23T04:25:07.000Z,2024-01-09T07:07:03.000Z,d7c12bd6eb6922257c2080cfdae648bf,loitering,"[122.863925, 31.18524, 122.863637, 31.18914]",31.1872,122.8638,[],['8486'],"['WCPFC', 'IWC', 'ACAP', 'PICES']",['61'],['61'],['8486'],[],[],[],40,40,4.407489,4.407489,d33ee2c58-8848-dd8b-a966-755c5e9201cd,62255-48-99%,622550048,EGY,gear,,,,,410.69888888888886,48.274229635918275,0.06346741963197744,40.034854084455795
2023-12-23T04:27:24.000Z,2024-01-09T10:07:53.000Z,6695d1063d21532c302d69c734cde4d6,loitering,"[122.843797, 31.189663, 122.84256, 31.189877]",31.1898,122.8432,[],['8486'],"['PICES', 'ACAP', 'IWC', 'WCPFC']",['61'],['61'],['8486'],[],[],[],39,39,2.926736,2.926736,7249d47d7-76f2-57f3-8870-48230c018de9,ZHELINYU21217-21-99%,212170021,CYP,gear,,,,,413.6747222222223,47.40609790844725,0.061877711438224244,39.15113204686601
2023-12-23T04:27:27.000Z,2024-01-07T10:12:30.000Z,65760c816e717ec20b050e1d0f74f4e4,loitering,"[122.942403, 31.204432, 122.941368, 31.20417]",31.2043,122.9419,[],['8486'],"['ACAP', 'WCPFC', 'PICES', 'IWC']",['61'],['61'],[],[],[],[],45,45,11.892695999999999,11.892695999999999,4ba928127-7957-568f-6926-7edec74d60ac,ZHELINYU21378-53-47%,213780053,GEO,gear,,,,,365.7508333333334,22.541973504840392,0.033278644497753876,44.99999999999999
2023-12-23T04:32:52.000Z,2024-01-18T11:26:14.000Z,4aeb8c7090ad5f37af64326795ec8a9c,loitering,"[122.93345, 31.214805, 122.84241, 31.17869]",31.1967,122.8879,[],['8486'],"['IWC', 'PICES', 'WCPFC', 'ACAP']",['61'],['61'],['8486'],[],[],[],45,38,11.369544,2.2038320000000002,2a7e12f4a-af2f-f026-9fb5-baa128fdf651,NET-ZSY01419-140-99%,14190140,,gear,,,,,630.8894444444445,100.39195224127484,0.08592205512744454,43.5535800259633
2023-12-23T04:37:01.000Z,2024-01-09T09:20:06.000Z,bf3fcdb9d5bf83506ed25e0d5bfb9831,loitering,"[122.940757, 31.137633, 122.939947, 31.169245]",31.1534,122.9404,[],['8486'],"['WCPFC', 'IWC', 'ACAP', 'PICES']",['61'],['61'],['8486'],[],[],[],39,42,11.420691000000001,11.417076999999999,cf125c7ee-ecff-3cf3-2538-033eb096f087,NET-ZSY07785-61-72%,907785061,,gear,,,,,412.71805555555557,28.389193510592975,0.03714142857169557,41.70582049415782
2023-12-23T04:38:32.000Z,2024-01-03T02:05:21.000Z,18c893e0dbcd1ddee16f07fd6c2bf279,loitering,"[122.90686, 31.199203, 122.906822, 31.171773]",31.1855,122.9068,[],['8486'],"['PICES', 'WCPFC', 'IWC', 'ACAP']",['61'],['61'],['8486'],[],[],[],43,40,9.188379999999999,8.562808,3b3ea444d-d880-97b3-9ee4-ccc36d5270f7,ZHELINYU12279-23-99%,122790023,,gear,chn-shanghai,CHN,SHANGHAI,2d20e892ca25ae73b84aa276bc328ed1,261.4469444444444,35.60670130961364,0.0735372167442833,42.50674429434903
2023-12-23T04:39:22.000Z,2024-01-12T23:59:53.000Z,2c72f36779c84200bd26d2c2a41ccb4f,loitering,"[116.86666666666666, -4.698333333333333, 114.62055, -4.781983333333334]",-4.7402,115.7436,[],['8492'],"['ACAP', 'SEAFDEC', 'WCPFC', 'APFIC', 'IWC']",['71'],['71'],[],[],[],[],47,29,118.40048399999999,115.73223399999999,02b149f2c-c821-199c-0e11-6584623b45cf,ILE DE RE,525100486,IDN,other,idn-lamongan,IDN,LAMONGAN,11d22a4811b4165d5e8eee444cc94c17,499.3419444444445,258.69921583630094,0.27974097348237587,44.48798829488186
2023-12-23T04:41:52.000Z,2024-01-08T18:11:21.000Z,6d292d2c2c540fee192d36385f37ef8a,loitering,"[122.967157, 31.22412, 122.967487, 31.224242]",31.2242,122.9673,[],['8486'],"['PICES', 'ACAP', 'IWC', 'WCPFC']",['61'],['61'],[],[],[],[],48,48,15.312561,15.312561,6d1bbdd3b-b718-59bd-66e2-6286e7011726,NET-ZSY01429-121-76%,901429121,,gear,,,,,397.4913888888889,14.924930921463098,0.02027419515848528,48.435515304558756
2023-12-23T04:41:58.000Z,2024-01-25T07:43:17.000Z,0677884b92ecc83a48378e6d56ac5c3c,loitering,"[122.750467, 31.182147, 122.749907, 31.246997]",31.2146,122.7502,[],['8486'],"['PICES', 'WCPFC', 'ACAP', 'IWC']",['61'],['61'],['8486'],[],[],[],36,43,0.0,5.058783,f8d874ae2-2dd5-78c0-aba1-af81df2a2d98,21953-5_8.1V,53721953,,gear,,,,,795.0219444444446,76.87755730900618,0.05221309976677744,39.892338920394145
2023-12-23T04:44:10.000Z,2024-01-01T02:47:02.000Z,e447f4575f825ddb367c615fd0274261,loitering,"[122.863765, 31.19957, 122.86033, 31.200267]",31.1999,122.862,[],['8486'],"['IWC', 'WCPFC', 'ACAP', 'PICES']",['61'],['61'],['8486'],[],[],[],41,41,5.060295,5.060295,3cab64966-66d2-2c6e-6b3a-294d3566130f,62255-45-99%,622550045,EGY,gear,chn-shanghai,CHN,SHANGHAI,1cb92edb42ed48cdc63e51d3e58fae77,214.04777777777775,25.69298844824018,0.06481311816345749,41.00000000000001
2023-12-23T04:44:41.000Z,2024-01-18T00:37:01.000Z,dc2b50b90ab5f58e3d54267195280bc7,loitering,"[122.868778, 31.186147, 122.870378, 31.163467]",31.1748,122.8696,[],['8486'],"['PICES', 'WCPFC', 'ACAP', 'IWC']",['61'],['61'],['8486'],[],[],[],40,37,5.250818000000001,4.885587999999999,da2709c0e-e719-524c-cf82-935b8b5faf8c,NET-ZSY01453-22-99%,14530022,,gear,,,,,619.8722222222223,77.07614235122153,0.06713930057627916,37.7689591121385
2023-12-23T04:45:51.000Z,2024-01-01T11:28:21.000Z,f1c3dc153da0970b5d1abef6a953bf22,loitering,"[122.951552, 31.173418, 122.953557, 31.171447]",31.1724,122.9526,[],['8486'],"['WCPFC', 'IWC', 'PICES', 'ACAP']",['61'],['61'],[],[],[],[],42,42,12.3685,12.3685,13ce4bf85-5802-2e0f-229f-d44388f41891,SHENG01429-79,801429079,,gear,chn-shanghai,CHN,SHANGHAI,acf60c7d9098171395ebc6109710a48c,222.70833333333334,24.476339730019234,0.059342935053698836,42.32243785181366
2023-12-23T04:46:32.000Z,2024-01-01T03:39:24.000Z,4f684bf518a83816706e023b669fde4f,loitering,"[122.87024, 31.180925, 122.86578, 31.162107]",31.1715,122.868,[],['8486'],"['ACAP', 'WCPFC', 'IWC', 'PICES']",['61'],['61'],['8486'],[],[],[],39,37,4.885099,4.885587999999999,397846323-3389-0fb4-a507-aa2af1136791,NET-ZSY01453-18-99%,14530018,,gear,,,,,214.88111111111112,39.744667553235594,0.09987105676942781,37.1139720921201
2023-12-23T04:46:51.000Z,2024-01-02T04:27:00.000Z,683860f2a0cc01c24ab6495e0237861a,loitering,"[122.90144, 31.137727, 122.895338, 31.144943]",31.1413,122.8984,[],['8486'],"['IWC', 'WCPFC', 'ACAP', 'PICES']",['61'],['61'],['8486'],[],[],[],37,37,7.613795,7.613795,e7b108f0e-e789-a123-8bcb-f2021a699afe,NET113-ZSY0920799%,92070113,,gear,,,,,239.66916666666668,51.80848571627447,0.11672066427363165,37.35538378553259
2023-12-23T04:51:54.000Z,2024-01-02T00:47:40.000Z,4d962e8d91463cf55a0d6436f514da4d,loitering,"[122.901098, 31.1372, 122.899295, 31.143722]",31.1405,122.9002,[],['8486'],"['IWC', 'ACAP', 'PICES', 'WCPFC']",['61'],['61'],['8486'],[],[],[],37,37,7.613795,7.613795,69f171a6a-a3ac-03ab-21ce-41edd854e612,NET105-ZSY0920799%,92070106,,gear,,,,,235.92944444444447,57.0933944261325,0.13066604223717632,37.59193418151351
2023-12-23T04:52:20.000Z,2024-01-09T12:11:21.000Z,c21cef5ef1f9e62c505816664294fb26,loitering,"[122.864053, 31.183267, 122.863167, 31.18428]",31.1838,122.8636,[],['8486'],"['WCPFC', 'IWC', 'PICES', 'ACAP']",['61'],['61'],['8486'],[],[],[],39,39,3.9646179999999998,3.9646179999999998,2b84b6f5c-c313-3fee-517d-b6b5d2b660df,62255-47-99%,622550047,EGY,gear,chn-shanghai,CHN,SHANGHAI,5c4d2a7d55c1403f157a7af25d2bf5db,415.3169444444445,21.00563811276674,0.027309594182556747,39.0013529380983
2023-12-23T04:53:10.000Z,2024-01-01T10:17:13.000Z,b4a1efbe48d8e6916f5aba59b24b7298,loitering,"[123.934515, 33.61017, 123.956735, 33.646118]",33.6281,123.9456,[],['8327'],"['IWC', 'PICES', 'WCPFC', 'ACAP']",['61'],['61'],[],[],[],[],118,114,121.159141,116.841984,987a05a10-0df7-9eb7-3e1f-f2fac1b14beb,27777-23,108003483,,gear,,,,,221.4008333333333,10.274761826489158,0.025058295709967867,117.89316751281224
2023-12-23T04:54:54.000Z,2024-01-08T10:29:05.000Z,3d31a630ed55d90d4baa031c8642e8ee,loitering,"[124.079913, 33.506152, 124.042987, 33.516227]",33.5112,124.0615,[],['8327'],"['IWC', 'WCPFC', 'PICES', 'ACAP']",['61'],['61'],[],[],[],[],112,114,114.117148,116.706539,8bbfaf8c9-9f7b-40cb-d5fd-4ea399affd19,0992899%,99280020,,gear,,,,,389.56972222222225,38.72147986571022,0.0536692799792011,112.30959197552846
2023-12-23T04:55:15.000Z,2024-01-09T12:03:41.000Z,a878800aa3b1e7ffc652a2e1656704b0,loitering,"[122.84386, 31.210175, 122.842762, 31.21672]",31.2134,122.8433,[],['8486'],"['ACAP', 'PICES', 'WCPFC', 'IWC']",['61'],['61'],['8486'],[],[],[],41,42,4.837581,5.852949,17e6ba482-22b6-174a-1c0a-a5e6b87f0a87,ZHELINYU21217-10099%,212170100,CYP,gear,chn-shanghai,CHN,SHANGHAI,6e09a37d8d1c4f0197aa1892bbc1d7f4,415.14055555555547,43.80065890433511,0.056969774344473256,41.92860421383567
2023-12-23T04:56:04.000Z,2024-01-01T12:46:40.000Z,4dd1653d1a8ea64eae58ef52f9f606d5,loitering,"[122.750543, 31.185857, 122.745105, 31.193578]",31.1897,122.7478,[],['8486'],"['WCPFC', 'ACAP', 'IWC', 'PICES']",['61'],['61'],['8486'],[],[],[],37,37,0.0,0.0,d2f311339-9398-305b-0c68-ec4937d18ae5,ZHELINYU21599-3-69%,215990003,MLT,gear,,,,,223.84333333333333,28.568997849013805,0.0689143809948339,37.25908764506368
2023-12-23T04:56:08.000Z,2024-01-12T16:41:35.000Z,f11bdf3eba70ef058424ce7c3dfd1a36,loitering,"[39.764783333333334, 17.206266666666668, 39.742733333333334, 17.18335]",17.1948,39.7538,[],['8351'],"['PERSGA', 'IOTC', 'ACAP', 'IWC']","['51', '51.1']",['51'],[],[],[],[],80,76,180.401109,176.765297,22f38d529-9e22-55dd-0e9f-cbf3cbefeada,MADESTA,636022826,LBR,other,are-khorfakkan,ARE,KHOR FAKKAN,49fc906f83837c9f8ac849d2bba14350,491.75750000000016,61.70831720011985,0.06775661927272801,76.1138432970707
2023-12-23T04:56:51.000Z,2024-01-09T08:16:24.000Z,91580eb5574a2ca92321e7d5303973fc,loitering,"[122.843925, 31.210018, 122.843562, 31.210055]",31.21,122.8437,[],['8486'],"['ACAP', 'PICES', 'WCPFC', 'IWC']",['61'],['61'],['8486'],[],[],[],41,41,4.837581,4.837581,4eef1e471-19c1-5ff0-bd46-af03027cf6fe,ZHELINYU21217-53-99%,212170053,CYP,gear,chn-shanghai,CHN,SHANGHAI,9bfafaae69e6d7331c942ed66bfcebaf,411.32583333333326,39.453578215039464,0.0517916120299189,41.12576766314509
2023-12-23T04:56:53.000Z,2024-01-09T10:42:00.000Z,3f6ba640d9ab86b6485c7fda9bf595db,loitering,"[122.843487, 31.204832, 122.842388, 31.20593]",31.2054,122.8429,[],['8486'],"['PICES', 'IWC', 'ACAP', 'WCPFC']",['61'],['61'],['8486'],[],[],[],40,41,3.840255,4.837581,d34d463f9-97df-86cb-e770-b3c587d2204c,ZHELINYU21217-72-99%,212170072,CYP,gear,,,,,413.75194444444446,47.25223722014239,0.061665370539293024,40.73954499716696
2023-12-23T05:01:52.000Z,2024-01-09T23:02:06.000Z,f01e6ca64c065a938e9e6538960bf2c9,loitering,"[31.281666666666666, 42.84, 31.283565, 42.840808333333335]",42.8404,31.2826,[],['5697'],"['IWC', 'ACAP', 'GFCM', 'ICCAT']","['37.4.2', '37', '37.4']",['37'],[],[],[],[],150,150,149.022484,149.022484,46cf5c4b7-7940-53f4-42d6-b49907310c8a,YAVUZ,271046765,TUR,other,,,,,426.00388888888887,1.7457493569451015,0.002212724500871447,150.0
2023-12-23T05:07:42.000Z,2024-01-01T11:22:39.000Z,719ae78b53f122993a67ab1a9c47e135,loitering,"[123.935495, 33.618635, 123.956472, 33.612365]",33.6155,123.946,[],['8327'],"['IWC', 'PICES', 'ACAP', 'WCPFC']",['61'],['61'],[],[],[],[],117,116,119.860977,118.629391,d3b8b26ac-c73f-19f6-1292-bd74d3b4e48f,IURONGYU57776-01 8V0,577760001,VUT,gear,,,,,222.24916666666664,44.97298254230991,0.10926235746852767,116.67189009145008
2023-12-23T05:08:11.000Z,2024-01-01T08:00:09.000Z,376a3e8a221df6b278803f01bbf2e688,loitering,"[122.863948, 31.221258, 122.864608, 31.197543]",31.2094,122.8643,[],['8486'],"['WCPFC', 'PICES', 'IWC', 'ACAP']",['61'],['61'],['8486'],[],[],[],43,41,6.7369449999999995,5.060295,71022ba9e-ec12-1892-2cd9-d14e898a5824,LIN21257-12-58%,902125712,,gear,,,,,218.8661111111111,31.60041387743212,0.07796025788786408,40.543546453932215
2023-12-23T05:13:28.000Z,2024-01-01T10:34:58.000Z,357600ba54442188d36ed09e6ef7df65,loitering,"[125.20338, 32.365498, 125.208672, 32.365503]",32.3655,125.206,[],['8327'],"['WCPFC', 'PICES', 'IWC', 'ACAP']",['61'],['61'],[],[],[],[],133,133,135.489609,134.814031,8e1500820-0199-25a7-9dfe-4a4bce4e15f8,ZHEYU07723-12-99%,96027276,,gear,,,,,221.35833333333332,20.28969392364998,0.04949241399288813,133.2491503462041
2023-12-23T05:16:31.000Z,2024-01-05T21:22:38.000Z,cf76d299dbecce231278b9a4b328a9f5,loitering,"[116.390237, 22.320168, 116.382562, 22.342538]",22.3314,116.3864,[],['8486'],"['APFIC', 'IWC', 'ACAP', 'WCPFC']",['61'],['61'],[],[],[],[],64,62,67.102711,64.786383,fb90b56a4-43e4-57c8-41fe-c66028a9296d,TIELONG65888-53-89%,658880053,,gear,,,,,328.1019444444444,9.231494108800378,0.015192253915313841,63.74371456106302
2023-12-23T05:16:58.000Z,2024-01-01T09:54:02.000Z,0ffba6b7d266d078c7ba2e0fec284dc4,loitering,"[122.739787, 31.19208, 122.741193, 31.200748]",31.1964,122.7405,[],['8486'],"['IWC', 'PICES', 'ACAP', 'WCPFC']",['61'],['61'],['8486'],[],[],[],36,38,0.0,0.0,6c7ff24f2-256c-5b91-cc6f-51e79349d78f,NET-ZSY05528-08-99%,55280008,,gear,,,,,220.61777777777786,35.585443160787854,0.08709453214603895,37.993064928785834
2023-12-23T05:18:18.000Z,2024-01-01T02:25:27.000Z,a7042854ce2e1f9d80cc6d9341bfb9db,loitering,"[125.457245, 32.141975, 125.758438, 32.127328]",32.1347,125.6078,[],['8327'],"['IWC', 'WCPFC', 'PICES', 'ACAP']",['61'],['61'],[],[],[],[],137,125,140.082094,128.55053900000001,743adff74-4d60-b06e-9488-c6560eaf7080,ZHEDAIYU02417-06-83%,2417006,,gear,,,,,213.11916666666667,38.33742460987332,0.09713135410973665,131.80137459241163
2023-12-23T05:21:25.000Z,2024-01-01T06:57:23.000Z,4db982c1bb3c82717a820be0a5e444fe,loitering,"[122.863605, 31.221285, 122.86369, 31.213187]",31.2172,122.8636,[],['8486'],"['IWC', 'WCPFC', 'ACAP', 'PICES']",['61'],['61'],['8486'],[],[],[],43,42,6.7369449999999995,5.853211,2732e782c-c67a-9671-860d-9a369c9458ba,62255-49-99%,622550049,EGY,gear,chn-shanghai,CHN,SHANGHAI,1f9c0596a9d2b2d59983a5d09e5a21c3,217.59944444444443,34.60557137684163,0.0858711461791848,42.002614074652364
2023-12-23T05:30:58.000Z,2024-01-03T20:44:27.000Z,ce000b9ce0cb43613eb67ec5a8cfca42,loitering,"[121.761817, 26.906288, 121.727795, 26.806272]",26.8563,121.7448,[],['8486'],"['APFIC', 'ACAP', 'WCPFC', 'IWC']",['61'],['61'],[],[],[],[],89,94,78.33765600000001,88.779758,5ef2dac9b-b2be-ec06-95ab-1ca6ece7d8f2,TIELONG61873-46-87%,412187346,CHN,gear,,,,,279.22472222222217,30.176422070519845,0.05835430427238825,86.96165804626399
2023-12-23T05:32:09.000Z,2024-01-09T01:56:54.000Z,fb79bf83611f56229442cd6487570167,loitering,"[122.916853, 31.241313, 122.789067, 31.201353]",31.2213,122.853,[],['8486'],"['PICES', 'WCPFC', 'IWC', 'ACAP']",['61'],['61'],['8486'],[],[],[],47,39,12.289783,1.46327,c7afd5275-5cb2-8d4f-3c13-c8254c49c2ac,NET-ZSY01469-127-99%,14690127,,gear,,,,,404.4125,47.27207495941325,0.0631159484135731,47.3830760589419
2023-12-23T05:34:58.000Z,2024-01-01T00:18:28.000Z,fde5434ee7bfe064e35db2b8caa26d9b,loitering,"[124.080273, 33.624732, 124.082193, 33.61966]",33.6222,124.0812,[],['8327'],"['PICES', 'WCPFC', 'IWC', 'ACAP']",['61'],['61'],[],[],[],[],105,105,108.12682799999999,108.12682799999999,5c9509ad9-9fe0-36ed-53e2-95128a1bca42,SUGANYU02032-20  8V2,20320920,,gear,,,,,210.72499999999997,42.86047806950015,0.10982468493530166,105.15810702744896
2023-12-23T05:36:56.000Z,2024-01-02T09:55:40.000Z,007df40f28b90b5a1d7f51e48ca9ef76,loitering,"[49.26405333333334, 28.34748, 49.26994833333333, 28.347551666666668]",28.3475,49.267,[],['8356'],"['ACAP', 'IOTC', 'IWC', 'RECOFI']","['51.2', '51']",['51'],[],[],[],[],60,61,0.0,0.9785860000000001,9a404cfe4-4d69-95b5-bdbe-7a08256a2df2,RAWABI 14,572606210,TUV,other,,,,,244.3122222222223,93.88889777221317,0.20750476034290763,59.81614961977728
2023-12-23T05:42:06.000Z,2024-01-09T16:55:26.000Z,b69c1b648611f7677981135cca62686f,loitering,"[122.74513, 31.199005, 122.75201, 31.207228]",31.2031,122.7486,[],['8486'],"['IWC', 'WCPFC', 'ACAP', 'PICES']",['61'],['61'],['8486'],[],[],[],38,39,0.0,1.111949,eab4be2fc-cfe1-8872-354c-6a6410a067f9,ZHELINYU21599-4599%,215990045,MLT,gear,chn-gouqiisland,CHN,GOUQI ISLAND,29123b3f742de55a84e3618a76aa6d2d,419.2222222222222,49.71939462212813,0.06403841200881578,38.03967713674902
2023-12-23T05:42:08.000Z,2024-01-04T10:00:21.000Z,86876a2100f1298fcf698b0e946e5c23,loitering,"[122.745002, 31.199077, 122.750027, 31.231965]",31.2155,122.7475,[],['8486'],"['PICES', 'ACAP', 'WCPFC', 'IWC']",['61'],['61'],['8486'],[],[],[],38,41,0.0,3.335848,8d9b982de-e23a-d8df-1dcb-513828f7cd02,ZHELINYU21599-4299%,215990042,MLT,gear,chn-shanghai,CHN,SHANGHAI,bfbe9027a4b9ea8b4f0c638b615a4004,292.3036111111111,43.721129033457316,0.0807636997252391,39.24956213717328
2023-12-23T05:44:52.000Z,2024-01-01T08:53:22.000Z,39aa83a846c5cfb663df857e142029ed,loitering,"[123.82636, 33.883678, 123.871287, 33.90319]",33.8934,123.8488,[],['8327'],"['PICES', 'ACAP', 'IWC', 'WCPFC']",['61'],['61'],[],[],[],[],117,113,121.369758,117.377273,c15e8a177-7b68-42fc-e1c9-1bef546b6d94,MINYU08638-27_60%,863827,,gear,,,,,219.14166666666668,20.062374835542016,0.04943293509950099,113.35400680326856
2023-12-23T05:47:30.000Z,2024-01-01T20:18:34.000Z,0bf7e3fd138105108cd1d6cdf2862b36,loitering,"[122.741247, 31.195152, 122.742378, 31.19541]",31.1953,122.7418,[],['8486'],"['WCPFC', 'PICES', 'IWC', 'ACAP']",['61'],['61'],['8486'],[],[],[],38,38,0.0,0.0,02456eb36-6c8c-62d2-13fb-3dbe815288dc,NET21257-3799%,921257037,,gear,,,,,230.51777777777778,45.182921886990414,0.10583490049261128,37.280955872345096
2023-12-23T05:50:30.000Z,2024-01-12T02:57:55.000Z,4d08e06f73c4371a251b1ffb1d7b9b89,loitering,"[123.29024, 37.57044, 123.268565, 37.574423]",37.5724,123.2794,[],['8486'],"['WCPFC', 'IWC', 'ACAP', 'PICES']",['61'],['61'],[],[],[],[],56,54,56.619094,55.000281,61215cf16-6cb0-5dfa-d24c-000431981f32,LIAODAHUA15020-1399%,150200013,,gear,,,,,477.1236111111112,67.29456458845542,0.07615669637582712,54.23563350207113
2023-12-23T05:50:40.000Z,2024-01-17T06:02:05.000Z,bd796dc2a58975fa0866046b482c8d60,loitering,"[122.750538, 31.194935, 122.751807, 31.25037]",31.2227,122.7512,[],['8486'],"['PICES', 'ACAP', 'WCPFC', 'IWC']",['61'],['61'],['8486'],[],[],[],37,43,0.0,5.058783,fa8cc737e-ebfe-e2b7-be2b-0e1237facc52,ZHELINYU21599-4499%,215990044,MLT,gear,,,,,600.190277777778,99.78841563220918,0.08977391990782722,39.37797362211254
2023-12-23T05:50:45.000Z,2024-01-01T11:23:18.000Z,a65930af4a34379664e39e931410a1ac,loitering,"[123.933833, 33.630885, 123.956885, 33.60212]",33.6165,123.9454,[],['8327'],"['PICES', 'ACAP', 'WCPFC', 'IWC']",['61'],['61'],[],[],[],[],117,116,120.266414,119.09800800000001,753ecac30-04b7-4c8f-0562-88eb1e4f12fb,LIAOYING08668-6-99%,96048054,,gear,,,,,221.54250000000002,40.29091947582799,0.09819947002701529,117.30714450719158
2023-12-23T05:55:36.000Z,2024-01-01T09:00:18.000Z,2f7030dd575e01ec8867219f458e5733,loitering,"[123.825595, 33.88368, 123.850178, 33.901252]",33.8925,123.8379,[],['8327'],"['IWC', 'PICES', 'ACAP', 'WCPFC']",['61'],['61'],[],[],[],[],117,115,121.369758,119.20304700000001,295113927-7a45-bc5f-4554-2c9a8f187fdf,ZHEYU07210-8-01%,96064612,,gear,,,,,219.07833333333332,8.826606349570564,0.021754712469099095,115.00867565332753
2023-12-23T05:56:28.000Z,2024-01-08T07:22:23.000Z,6d239d81ec344c94fd43db7c8cd1ada3,loitering,"[122.85393, 31.1661, 122.85441, 31.166948]",31.1665,122.8542,[],['8486'],"['IWC', 'WCPFC', 'PICES', 'ACAP']",['61'],['61'],['8486'],[],[],[],38,38,2.85427,2.85427,6511d2dce-e5e9-3512-71fe-d9adaca8185e,LIN21257-5699%,921257056,,gear,,,,,385.4319444444444,42.60920355439806,0.059691807284393994,37.81298293084254
2023-12-23T05:56:31.000Z,2024-01-09T08:40:02.000Z,7e18989cfd35446719c31a3f6112c9f4,loitering,"[122.61065, 31.444438, 122.610587, 31.443917]",31.4442,122.6106,[],['8486'],"['IWC', 'ACAP', 'PICES', 'WCPFC']",['61'],['61'],[],[],[],[],64,64,9.745162,9.745162,65e4b7502-25f5-82de-202e-3fb78d657596,LIN19788--33-44%,631978833,GNQ,gear,,,,,410.7252777777777,26.94229820182778,0.035419483537803616,64.39474501179019
2023-12-23T05:57:29.000Z,2024-01-01T11:16:32.000Z,5947b124ec2f8dff6f30bdf2bd29600e,loitering,"[123.934775, 33.63172, 123.951603, 33.599933]",33.6158,123.9432,[],['8327'],"['ACAP', 'WCPFC', 'PICES', 'IWC']",['61'],['61'],[],[],[],[],117,117,120.266414,119.936875,adc7ad22d-d820-9c12-0d9a-0a79147d11c2,NET019-ZHEPUYU62222,62222019,,gear,,,,,221.31750000000002,7.330316953854038,0.01788405576025539,117.0
2023-12-23T05:58:43.000Z,2024-01-08T07:20:24.000Z,8411f04aa75b4ef9f2b98adf4102ab75,loitering,"[122.853792, 31.169473, 122.853823, 31.171512]",31.1705,122.8538,[],['8486'],"['PICES', 'ACAP', 'IWC', 'WCPFC']",['61'],['61'],['8486'],[],[],[],38,38,2.85427,2.85427,df7256552-2797-1078-5300-ff6662f4498e,LIN21257-61,112125761,,other,,,,,385.3613888888889,42.12267396375579,0.059021025567860146,38.00000000000001
2023-12-23T06:05:02.000Z,2024-01-04T20:35:59.000Z,d5e523af22549dcdc68fdd8616f2400c,loitering,"[116.293303, 22.320113, 116.382118, 22.32371]",22.3219,116.3377,[],['8486'],"['WCPFC', 'APFIC', 'IWC', 'ACAP']",['61'],['61'],[],[],[],[],60,64,64.534797,67.000586,ddcc75d12-2722-c70b-0072-66316c861314,TIELONG67937-59-91%,679370059,ZWE,gear,,,,,302.5158333333334,16.321811254021046,0.02913260087652335,61.69869267466215
2023-12-23T06:08:27.000Z,2024-01-09T00:27:00.000Z,a748d77c1f7f26220f270212238dd41c,loitering,"[122.750143, 31.200373, 122.749193, 31.205213]",31.2028,122.7497,[],['8486'],"['IWC', 'PICES', 'ACAP', 'WCPFC']",['61'],['61'],['8486'],[],[],[],38,39,0.0,1.111949,2bc6d8b0e-eeb8-7de1-6f44-6595f32cb15f,ZHELINYU21599-4671%,215990046,MLT,gear,,,,,402.30916666666667,43.21199405474469,0.05799671524780321,38.42282616263382
2023-12-23T06:09:04.000Z,2024-01-01T08:44:41.000Z,229bec9b95c12ce6e168b33cf7a47440,loitering,"[122.698, 31.204595, 122.69989699999999, 31.198337]",31.2015,122.6989,[],['8486'],"['PICES', 'ACAP', 'IWC', 'WCPFC']",['61'],['61'],['8486'],[],[],[],37,37,0.0,0.0,9a33b4003-39ad-9ab0-2de2-e60e311e5fb0,ZHELINYU12284-23-52%,122840023,,gear,,,,,218.5936111111111,28.145320852543165,0.06952288039219116,37.515519487496505
2023-12-23T06:15:15.000Z,2024-01-06T12:32:45.000Z,c9301b2cb2b412f2dfbf706c00a59a7a,loitering,"[119.9294, 35.012072, 119.929293, 35.012563]",35.0123,119.9293,[],['8486'],"['WCPFC', 'ACAP', 'PICES', 'IWC']",['61'],['61'],['8486'],[],[],[],49,49,3.6429769999999997,3.6429769999999997,336557a0d-da7c-813f-d4e1-323420e055ed,,60561741,,gear,,,,,342.29166666666663,7.064429861088942,0.011143966790594999,49.000000000000014
2023-12-23T06:16:38.000Z,2024-01-01T06:40:38.000Z,485141e983971811b3c0665bfca1743b,loitering,"[122.704053, 31.212923, 122.702813, 31.21661]",31.2148,122.7034,[],['8486'],"['ACAP', 'WCPFC', 'PICES', 'IWC']",['61'],['61'],['8486'],[],[],[],38,39,0.0,0.0,2949cb094-418e-634f-7862-508c1ed4ad85,LXKJ21271-13_8.1V,132121271,,gear,,,,,216.4,29.55480268670675,0.07374453228040113,38.44948060594484
2023-12-23T06:23:35.000Z,2024-01-08T06:12:52.000Z,e44527dbc6f4ee0d0dd534915a80765c,loitering,"[122.85333, 31.195492, 122.853972, 31.19583]",31.1957,122.8537,[],['8486'],"['ACAP', 'IWC', 'PICES', 'WCPFC']",['61'],['61'],['8486'],[],[],[],41,41,4.3900060000000005,4.3900060000000005,f4bd3dbb7-7ac4-59aa-81e6-4e4c18981969,ZLY21257-4-54%,421257004,,gear,,,,,383.82138888888886,36.558178599493885,0.051429747867596236,40.780203447330756
2023-12-23T06:26:15.000Z,2024-01-06T08:11:14.000Z,9c31530675e867642e31df373fe65fd1,loitering,"[122.698128, 31.208983, 122.697667, 31.209522]",31.2093,122.6979,[],['8486'],"['PICES', 'WCPFC', 'ACAP', 'IWC']",['61'],['61'],['8486'],[],[],[],38,38,0.0,0.0,3a435d790-0f60-1898-67d9-d018e20e72ce,,122840025,,gear,,,,,337.74972222222215,28.320379461107738,0.045275482288662385,38.000000000000014
2023-12-23T06:30:40.000Z,2024-01-01T17:56:55.000Z,adbfd74ba46ec4fd8e026d779401d20b,loitering,"[125.395623, 32.196873, 125.39493, 32.199562]",32.1982,125.3953,[],['8327'],"['PICES', 'ACAP', 'WCPFC', 'IWC']",['61'],['61'],[],[],[],[],135,135,137.614297,138.157125,953404257-7177-ab30-28a5-58a432fdcfdd,MINFUDINGYU08620-08,86200008,,gear,,,,,227.43749999999997,5.556168096728337,0.013190836009770175,135.00000000000003
2023-12-23T06:30:52.000Z,2024-01-04T11:23:41.000Z,fe200273ce2f1d02c1cd5ba52d172587,loitering,"[122.852895, 31.180205, 122.853215, 31.181507]",31.1809,122.8531,[],['8486'],"['PICES', 'ACAP', 'IWC', 'WCPFC']",['61'],['61'],['8486'],[],[],[],39,39,3.063074,3.063074,cd67213af-f615-30a1-735d-6a3d49dec8a5,LIN21257-59,112125759,,other,,,,,292.88027777777785,38.830302021406915,0.0715879058698777,39.0
2023-12-23T06:31:21.000Z,2024-01-01T05:58:04.000Z,ee8486a845bbd0ef93d3674787f49b52,loitering,"[122.7032, 31.217683, 122.70148, 31.220723]",31.2192,122.7023,[],['8486'],"['ACAP', 'WCPFC', 'PICES', 'IWC']",['61'],['61'],['8486'],[],[],[],39,39,0.0,0.0,b258234c8-8768-6f10-8d5d-451a2e643eeb,LXK21271-14_8.1V,143221271,,gear,,,,,215.44527777777782,26.93175373891147,0.0674973422964451,39.0
2023-12-23T06:31:32.000Z,2024-01-07T19:09:49.000Z,33e2008e96fcfd5a6c7f0cd9cd06c051,loitering,"[122.854053, 31.190167, 122.853782, 31.190193]",31.1902,122.8539,[],['8486'],"['PICES', 'ACAP', 'WCPFC', 'IWC']",['61'],['61'],['8486'],[],[],[],40,40,3.6181289999999997,3.6181289999999997,f1bc28737-727c-12eb-90ac-6c66e0078c63,LIN21257-14-49%,902125714,,gear,,,,,372.63805555555547,31.778101740337938,0.04604683279066081,40.00000000000003
2023-12-23T06:32:13.000Z,2024-01-01T04:14:59.000Z,de37e382659a5aea048d767b90ca7180,loitering,"[122.86334, 31.205457, 122.861045, 31.20785]",31.2067,122.8622,[],['8486'],"['IWC', 'ACAP', 'WCPFC', 'PICES']",['61'],['61'],['8486'],[],[],[],42,42,5.853211,5.853211,2e9184be1-1251-c82a-f4eb-e259b40bf347,ZHEPUYU62255-1-99%,962255001,,gear,,,,,213.71277777777777,28.455377041610465,0.07189403735368516,41.609646537586926
2023-12-23T06:38:22.000Z,2024-01-01T00:07:41.000Z,4d16d18ed01ac1297756f4068d1e37a8,loitering,"[122.941215, 31.22949, 122.94272, 31.227895]",31.2287,122.942,[],['8486'],"['IWC', 'ACAP', 'PICES', 'WCPFC']",['61'],['61'],[],[],[],[],47,47,13.220384,13.220384,41af013db-b9fd-57c3-93e6-a16a38e1569e,SHENG01453-0599%,901453005,,gear,,,,,209.4886111111111,24.29681382071035,0.0626250269893253,47.031866515755816
2023-12-23T06:44:31.000Z,2024-01-01T09:50:09.000Z,16e1174ad46c0126a5c34feae96c14e3,loitering,"[125.55008, 32.145043, 125.511713, 32.182322]",32.1637,125.5309,[],['8327'],"['PICES', 'WCPFC', 'IWC', 'ACAP']",['61'],['61'],[],[],[],[],132,131,134.84973399999998,133.836219,1b3f216c0-0172-d9eb-c402-5afde6e80393,,110399813,,gear,,,,,219.0938888888889,16.604838575221333,0.04092261817271297,132.98620592645267
2023-12-23T06:45:40.000Z,2024-01-05T00:58:58.000Z,65ec8800d73b9acf23eab351d0c2677e,loitering,"[122.853333, 31.204693, 122.859295, 31.378645]",31.2917,122.8563,[],['8486'],"['PICES', 'ACAP', 'IWC', 'WCPFC']",['61'],['61'],[],[],[],[],41,60,4.3900060000000005,20.948044999999997,c986a09e8-8191-dab1-bea8-8ab6f627d548,LIN21257-5599%,921257055,,gear,,,,,306.22166666666664,60.20161052770428,0.10615274071644933,41.91979964871002
2023-12-23T06:45:40.000Z,2024-01-01T08:51:08.000Z,fb2342d2d80d0961ebd9ac854f37d77d,loitering,"[122.697948, 31.221438, 122.700938, 31.19893]",31.2102,122.6994,[],['8486'],"['ACAP', 'IWC', 'PICES', 'WCPFC']",['61'],['61'],['8486'],[],[],[],39,37,0.0,0.0,28e65a539-90cf-1f75-6fcd-47770b33828b,ZHELINYU12284-7-70%,122840007,,gear,,,,,218.09111111111108,28.15109725809952,0.06969736827793246,38.98525868384812
2023-12-23T06:49:38.000Z,2024-01-14T20:57:00.000Z,4c4bf48b6d68189c2b789478a5b5b261,loitering,"[122.740747, 31.220872, 122.742633, 31.194913]",31.2079,122.7417,[],['8486'],"['IWC', 'ACAP', 'WCPFC', 'PICES']",['61'],['61'],['8486'],[],[],[],40,36,2.2031370000000003,0.0,24d980daf-f8d8-9919-4cb2-19322cc5830f,,60552850,,gear,,,,,542.1227777777777,47.67824665925525,0.047487755017476554,38.882418059985625
2023-12-23T06:52:00.000Z,2024-01-06T15:51:51.000Z,935802192726edbc5453177e2d0edd95,loitering,"[122.85341, 31.216483, 122.854193, 31.216455]",31.2165,122.8538,[],['8486'],"['WCPFC', 'ACAP', 'IWC', 'PICES']",['61'],['61'],['8486'],[],[],[],43,43,6.249267,6.249267,cb81229be-e2b8-b299-a421-3b7e252699d6,LIN21257-18-48%,902125718,,gear,,,,,344.9975,29.12352712724085,0.0455813349748361,42.824157208046266
2023-12-23T06:53:20.000Z,2024-01-12T22:03:26.000Z,e2343d43ddbc0fe5d213c097121e1f6b,loitering,"[122.754933, 31.213348, 122.75025, 31.220793]",31.2171,122.7526,[],['8486'],"['ACAP', 'PICES', 'WCPFC', 'IWC']",['61'],['61'],['8486'],[],[],[],39,40,1.111949,2.223899,0c08d7434-4d96-8ea3-6fa7-83981a5422ec,ZHELINYU21599-4099%,215990040,MLT,gear,chn-shanghai,CHN,SHANGHAI,cb07d322157eedbf6ddcdfe0175b5228,495.1683333333333,51.33067399920896,0.0559735847106015,39.999343657544074
2023-12-23T06:54:01.000Z,2024-01-06T14:53:02.000Z,045b7d6de902c6777bee5d9f20644b4a,loitering,"[122.906647, 31.212892, 122.907498, 31.212995]",31.2129,122.9071,[],['8486'],"['WCPFC', 'PICES', 'ACAP', 'IWC']",['61'],['61'],[],[],[],[],44,44,9.647466,9.647466,f2167ca63-3564-3ca7-ea9e-769754ffeb64,ZHELINYU12279-9-78%,122790009,,gear,,,,,343.9836111111111,9.097505172287937,0.014280505389147111,44.000000000000014
2023-12-23T06:54:33.000Z,2024-01-07T09:17:33.000Z,fba17b8bb6722590f61bd8174037fae5,loitering,"[123.13633, 37.571618, 123.142997, 37.558317]",37.565,123.1397,[],['8486'],"['IWC', 'PICES', 'WCPFC', 'ACAP']",['61'],['61'],[],[],[],[],43,43,44.748328,44.208531,fb23ee4ea-a201-1c56-c2fa-195f812df246,YOULONG-31121-18-91%,311210018,BHS,gear,,,,,362.3833333333333,29.63514078976599,0.04415682074452202,43.317812683591896
2023-12-23T06:57:09.000Z,2024-01-17T07:49:01.000Z,d5d514647d70cd1d315ab36a82dfc2ca,loitering,"[122.741667, 31.221373, 122.740547, 31.203422]",31.2124,122.7411,[],['8486'],"['IWC', 'PICES', 'ACAP', 'WCPFC']",['61'],['61'],['8486'],[],[],[],40,38,2.2031370000000003,0.0,95c7dc7e1-18e5-6389-7886-a8d551afd262,,60552832,,gear,,,,,600.8644444444446,76.02520433467726,0.06831878087340551,39.77462408808771
2023-12-23T06:59:40.000Z,2024-01-17T06:06:24.000Z,8af38775835c162bc6b525148016c1a7,loitering,"[122.740938, 31.224818, 122.738847, 31.194418]",31.2096,122.7399,[],['8486'],"['ACAP', 'WCPFC', 'PICES', 'IWC']",['61'],['61'],['8486'],[],[],[],40,36,2.2031370000000003,0.0,ca6c37c45-5359-500d-ff07-e7ef2efd1e69,NET-ZSY05528-07-99%,55280007,,gear,,,,,599.1122222222222,95.1107721312267,0.0857196808699624,38.24224781955045
2023-12-23T06:59:49.000Z,2024-01-08T06:26:02.000Z,b4fc3699a28f30cc356db7dc54e4d6e5,loitering,"[122.853077, 31.2104, 122.854272, 31.210943]",31.2107,122.8537,[],['8486'],"['PICES', 'ACAP', 'IWC', 'WCPFC']",['61'],['61'],['8486'],[],[],[],42,42,5.284535,5.284535,5757b00d2-2b7a-ddaa-3a36-34eea4656df5,LIN21257-79,721257079,,other,chn-shanghai,CHN,SHANGHAI,e551f7300f8a767be13b6bbe804989a4,383.43694444444446,41.34995697721508,0.058229106287079994,42.0
2023-12-23T06:59:58.000Z,2024-01-30T11:25:12.000Z,6dafead87d82b421239fe7c3559fe1df,loitering,"[122.741067, 31.22492, 122.739993, 31.187545]",31.2062,122.7405,[],['8486'],"['IWC', 'ACAP', 'WCPFC', 'PICES']",['61'],['61'],['8486'],[],[],[],40,36,2.2031370000000003,0.0,ee0e88e31-1f48-055e-d3a6-9a8d5a7e5724,,60552845,,gear,,,,,916.4205555555558,97.43107817651828,0.057406583921008794,37.73596463427841
2023-12-23T07:00:51.000Z,2024-01-08T17:45:19.000Z,3a0a39e9d9eb81ccc4d3bc3bddd2fc4d,loitering,"[122.754912, 31.213245, 122.749493, 31.246647]",31.2299,122.7522,[],['8486'],"['WCPFC', 'PICES', 'IWC', 'ACAP']",['61'],['61'],['8486'],[],[],[],39,43,1.111949,5.058783,3c1de9e31-193e-ef9d-0a7e-c638cc0e5a25,ZHELINYU21599-4799%,215990047,MLT,gear,chn-shanghai,CHN,SHANGHAI,519b826342b1a7e692898d46ced3cc38,394.7411111111112,48.96507400999195,0.06697813858046865,42.91274271931345
2023-12-23T07:00:54.000Z,2024-01-18T03:09:57.000Z,7ebd4c5b7eb343d432be6b2b7808e125,loitering,"[122.915647, 31.232098, 122.801513, 31.188708]",31.2104,122.8586,[],['8486'],"['ACAP', 'PICES', 'WCPFC', 'IWC']",['61'],['61'],['8486'],[],[],[],46,38,11.617861999999999,1.111949,b9de0adfd-dcf1-b6f7-6382-08f7d7117b4b,NET144-ZSY0146999%,14690144,,gear,,,,,620.1508333333335,97.1962792311526,0.08462746386931633,43.694856904919426
2023-12-23T07:03:41.000Z,2024-01-01T06:03:00.000Z,77ee115e1e1bbe9a9a7a39683a0fd1b1,loitering,"[122.863697, 31.215858, 122.862572, 31.218435]",31.2171,122.8631,[],['8486'],"['PICES', 'IWC', 'ACAP', 'WCPFC']",['61'],['61'],['8486'],[],[],[],43,43,6.7369449999999995,6.7369449999999995,90400f0a2-2e81-6e3d-ff71-ece1f0df3440,ZHEPUYU62255-14-99%,962255014,,gear,,,,,214.98861111111108,28.266390689959145,0.07099273716547191,42.60038786364345
2023-12-23T07:07:37.000Z,2024-01-01T10:32:46.000Z,2bfd3c50043129cb27869447053e4f00,loitering,"[124.012102, 33.675412, 124.014025, 33.677252]",33.6763,124.0131,[],['8327'],"['PICES', 'IWC', 'WCPFC', 'ACAP']",['61'],['61'],[],[],[],[],108,108,111.293594,111.293594,f39e39396-60fb-35f1-4e5a-b2b02c0a1e0b,ZHEDAIYU02686-106,221000226,,gear,,,,,219.41916666666668,30.49633979435963,0.07504679925012021,108.1937766551701
2023-12-23T07:11:31.000Z,2024-01-01T03:30:58.000Z,4165e1471abd96fc2b80a59dd4397908,loitering,"[122.70292, 31.225013, 122.70108, 31.235787]",31.2304,122.702,[],['8486'],"['PICES', 'WCPFC', 'ACAP', 'IWC']",['61'],['61'],['8486'],[],[],[],40,41,1.111949,2.20279,3fe6f7ab9-988b-70df-4cf7-0b55e5d85c8f,ZHELINYU21271-18_8.2,589121271,,gear,,,,,212.32416666666666,26.241104144940845,0.06673316059916715,40.66152043817199
2023-12-23T07:15:28.000Z,2024-01-01T06:06:58.000Z,aedf224e402685537cc686d03f3eaf2d,loitering,"[122.697743, 31.226892, 122.698098, 31.227063]",31.227,122.6979,[],['8486'],"['IWC', 'PICES', 'ACAP', 'WCPFC']",['61'],['61'],['8486'],[],[],[],40,40,1.111949,1.111949,deda214cc-c4ab-842a-ec17-ff601629627c,ZHELINYU12284-19-79%,122840019,,gear,,,,,214.8583333333333,23.17998407807162,0.058253221612458383,39.754544724776636
2023-12-23T07:16:48.000Z,2024-01-12T01:49:17.000Z,e0a9e5d24cb9af887f5f200d67a00765,loitering,"[122.867615, 31.208162, 122.867615, 31.21449]",31.2113,122.8676,[],['8486'],"['WCPFC', 'PICES', 'ACAP', 'IWC']",['61'],['61'],['8486'],[],[],[],42,42,6.511796,6.511796,d5118ebf6-60fa-7ca8-dbdd-4c4fd4bfd7b5,NET-ZSY01453-25-99%,14530025,,gear,,,,,474.54138888888895,48.62285049926106,0.055325498566014035,42.18206238793785
2023-12-23T07:17:16.000Z,2024-01-01T01:07:02.000Z,a48ebef9b0e58c4d62847ffbab138a96,loitering,"[122.868287, 31.160082, 122.86846800000001, 31.22697]",31.1935,122.8684,[],['8486'],"['IWC', 'PICES', 'WCPFC', 'ACAP']",['61'],['61'],['8486'],[],[],[],37,45,4.885587999999999,8.193127,4921c87ff-fa6b-ad33-ecb8-aa70c1c90106,SHENG01453-49,801245049,,other,chn-shanghai,CHN,SHANGHAI,9f5eedb4bbc93823fe77ed092d3e4141,209.82944444444442,33.696820097881144,0.08671245980204577,44.38853917642995
2023-12-23T07:17:35.000Z,2024-01-02T01:22:50.000Z,761f4e0a3280f1fb53c2eabd44b8a2f1,loitering,"[122.89873, 31.148458, 122.898378, 31.149653]",31.1491,122.8986,[],['8486'],"['ACAP', 'WCPFC', 'IWC', 'PICES']",['61'],['61'],['8486'],[],[],[],38,38,7.612992,7.612992,6e3a52ee5-5a1d-e77c-3783-851b55926b4d,NET109-ZSY0920799%,92070109,,gear,,,,,234.08749999999998,54.294474339297174,0.12523808750811433,38.25810108404872
2023-12-23T07:21:34.000Z,2024-01-01T06:09:00.000Z,db73d33ea48088f85409bd725981f2e5,loitering,"[122.698037, 31.224457, 122.698172, 31.227363]",31.2259,122.6981,[],['8486'],"['IWC', 'PICES', 'ACAP', 'WCPFC']",['61'],['61'],['8486'],[],[],[],39,40,0.0,1.111949,a0d9d1fe1-1005-c8ce-0941-03aa7983e154,ZHELINYU12284-15-74%,122840015,,gear,,,,,214.79055555555553,34.06783747789572,0.08564231596512524,40.58226197283778
2023-12-23T07:23:43.000Z,2024-01-13T03:55:07.000Z,06bc836e5d403ade6d008ead95eaa98b,loitering,"[122.700153, 31.475, 122.693927, 31.341485]",31.4082,122.697,[],['8486'],"['WCPFC', 'PICES', 'ACAP', 'IWC']",['61'],['61'],[],[],[],[],68,52,19.218580000000003,8.298866,46b3deead-daa2-9127-5bc2-4f5c8ae65fb1,ZHELINYU21998-60-,232199860,GBR,other,chn-shanghai,CHN,SHANGHAI,6813b95a3e811707a0a33fe1162263d2,500.5233333333333,44.45760277311644,0.04796017185214728,67.76299893967955
2023-12-23T07:29:08.000Z,2024-01-01T22:29:28.000Z,03cfebc5aaeb1e8b9eafb05b89c256ea,loitering,"[122.905032, 31.138853, 122.910005, 31.140348]",31.1396,122.9075,[],['8486'],"['ACAP', 'IWC', 'PICES', 'WCPFC']",['61'],['61'],['8486'],[],[],[],37,37,8.565520000000001,8.565520000000001,7d635dd0d-d694-6dbe-7c3d-f5a282a70e78,ZHELINYU12279-16-79%,122790016,,gear,,,,,231.00555555555553,54.669783313801396,0.1277861970580964,37.441153411877615
2023-12-23T07:29:54.000Z,2024-01-03T09:07:21.000Z,45cf35a847016f164ae40c04e09067ea,loitering,"[120.006348, 34.795193, 120.004497, 34.79608]",34.7956,120.0054,[],['8486'],"['IWC', 'ACAP', 'PICES', 'WCPFC']",['61'],['61'],[],[],[],[],38,38,15.9907,15.806854,8c99a74b8-8380-f2c4-8c83-7bc4232155c1,SUGANYU02989-9   7V1,29890909,,gear,,,,,265.62416666666667,12.865956239858765,0.02615372197437617,37.996823918054545
2023-12-23T07:36:26.000Z,2024-01-02T02:54:50.000Z,3ef8aea9cd3a873a3eb8b58e903bdf88,loitering,"[122.740787, 31.237822, 122.729867, 31.173648]",31.2057,122.7353,[],['8486'],"['PICES', 'WCPFC', 'IWC', 'ACAP']",['61'],['61'],['8486'],[],[],[],42,34,3.616939,0.0,3cd41d90e-e7a6-549b-eb10-d7b8b1560083,,60552825,,gear,,,,,235.3066666666666,40.78850572658062,0.09359714062440481,42.44217208275947
2023-12-23T07:40:37.000Z,2024-01-01T05:22:06.000Z,7f5ad080ba8fd3d0cb1d4acbb79b674b,loitering,"[122.863057, 31.22119, 122.861412, 31.223908]",31.2225,122.8622,[],['8486'],"['PICES', 'ACAP', 'WCPFC', 'IWC']",['61'],['61'],['8486'],[],[],[],43,43,6.7369449999999995,6.7369449999999995,a880a75d4-41b8-b1a0-6392-5d90af425e60,ZHEPUYU62255-8-61%,962255008,,gear,,,,,213.69138888888884,30.27771737107102,0.07650593490278638,43.0
2023-12-23T07:41:13.000Z,2024-01-12T19:07:06.000Z,59d227229711796c540d206807ce8adc,loitering,"[122.747967, 31.230432, 122.74577, 31.241967]",31.2362,122.7469,[],['8486'],"['IWC', 'WCPFC', 'PICES', 'ACAP']",['61'],['61'],['8486'],[],[],[],41,42,3.335848,4.389222,921bd79e3-36d3-d49e-917e-bb27e79f4d79,ZHELINYU21599-4399%,215990043,MLT,gear,chn-shanghai,CHN,SHANGHAI,9d55820302cd4f725d8e88a546a5fcaf,491.4313888888889,49.68333086987011,0.054589212508754925,42.053542383706954
2023-12-23T07:41:24.000Z,2024-01-01T02:47:17.000Z,9b4b7e1138081f71e36a78c469616f2d,loitering,"[122.702847, 31.228517, 122.700447, 31.244135]",31.2363,122.7016,[],['8486'],"['WCPFC', 'PICES', 'ACAP', 'IWC']",['61'],['61'],['8486'],[],[],[],40,41,1.111949,2.20279,2c623e590-0178-79a1-d745-9581ac16462a,ZHE21271-2-74%,96021271,,gear,,,,,211.09805555555556,34.348729562967755,0.08785883966943567,42.18975734148042
2023-12-23T07:41:39.000Z,2024-01-16T13:28:54.000Z,6fc233a48aa40c8dedb18d767a2254c9,loitering,"[122.905017, 31.14789, 122.907362, 31.187882]",31.1679,122.9062,[],['8486'],"['IWC', 'WCPFC', 'ACAP', 'PICES']",['61'],['61'],['8486'],[],[],[],38,42,8.564615,8.846011,ee55181f0-0ea5-43bc-c1ba-ef61ed07bd2a,ZHELINYU12279-37-68%,122790037,,gear,,,,,581.7875,86.29888336762126,0.08009396765138316,39.002344929564906
2023-12-23T07:43:30.000Z,2024-01-09T02:12:55.000Z,ec29305eeca80e612665643a6c43d8fd,loitering,"[122.747498, 31.235437, 122.750347, 31.2525]",31.244,122.7489,[],['8486'],"['IWC', 'WCPFC', 'ACAP', 'PICES']",['61'],['61'],['8486'],[],[],[],42,43,4.389222,5.058783,2ce8919b8-8646-5743-b49f-90d0973daa10,ZHELINYU21599-4975%,215990049,MLT,gear,,,,,402.49027777777775,44.99444436411869,0.0603618464680771,43.009326727085245
2023-12-23T07:44:29.000Z,2024-01-09T06:11:58.000Z,9f9d2bb15d233c61c216ae78d76c748d,loitering,"[122.89378, 31.154522, 122.901428, 31.172828]",31.1637,122.8976,[],['8486'],"['ACAP', 'IWC', 'PICES', 'WCPFC']",['61'],['61'],['8486'],[],[],[],37,40,6.6613679999999995,7.611385,78c0cd482-2d7e-14b9-63f8-10770d6bfb3c,NET119-ZSY0920799%,92070119,,gear,,,,,406.4580555555556,41.44536091613033,0.0550578449423393,40.209777469342406
2023-12-23T07:50:23.000Z,2024-01-05T19:02:46.000Z,6f1175c588d5b2529617f3a58a00ded0,loitering,"[124.051907, 33.712138, 124.03436, 33.710753]",33.7114,124.0431,[],['8327'],"['WCPFC', 'PICES', 'ACAP', 'IWC']",['61'],['61'],[],[],[],[],103,105,106.626641,108.35493799999999,539bc0c64-47b4-b316-88ff-3e1fe2e04afb,,86090025,,gear,,,,,323.20638888888885,9.536086460974452,0.015931228280005646,102.92316627477719
2023-12-23T07:51:35.000Z,2024-01-06T23:04:04.000Z,810d0ebabe84a6d726027101d46f33ef,loitering,"[120.121047, 25.024717, 120.613772, 25.597497]",25.3111,120.3674,[],['8486'],"['WCPFC', 'ACAP', 'IWC', 'APFIC']",['61'],['61'],[],[],[],[],48,72,48.302406000000005,65.717758,27b932a8d-d174-4f6d-e9f9-6a4306683494,TIELONG61779-55%,413177911,CHN,gear,,,,,351.2080555555556,144.83755570878586,0.22267719194864916,51.535267921618264
2023-12-23T07:52:53.000Z,2024-01-10T23:20:26.000Z,69b1ca4b9640f9cf4dd7bd361eba3576,loitering,"[122.867178, 31.208063, 122.866953, 31.2083]",31.2082,122.8671,[],['8486'],"['WCPFC', 'ACAP', 'PICES', 'IWC']",['61'],['61'],['8486'],[],[],[],42,42,6.511796,6.511796,70ecb2b24-4657-3aed-473a-603a4706054b,SHENG01453-48,801245048,,other,,,,,447.4591666666666,37.70771151668467,0.04550255507749414,41.998848097180385
2023-12-23T07:57:06.000Z,2024-01-08T07:41:24.000Z,c85e622cefc3d7f06c3c64827e0d5061,loitering,"[124.084867, 33.590737, 124.051493, 33.590888]",33.5908,124.0682,[],['8327'],"['IWC', 'ACAP', 'WCPFC', 'PICES']",['61'],['61'],[],[],[],[],107,110,109.657758,112.11659399999999,9a6cf7b07-7f76-ce52-1094-b0475d59a551,,66160003,,gear,,,,,383.73833333333334,12.108598557110819,0.017037964683989028,107.82087061765834
2023-12-23T07:57:57.000Z,2024-01-05T18:17:58.000Z,8bbce483d6f88e10aabb06406c31be84,loitering,"[124.05848, 33.716013, 124.022187, 33.718768]",33.7174,124.0403,[],['8327'],"['IWC', 'WCPFC', 'PICES', 'ACAP']",['61'],['61'],[],[],[],[],102,106,105.366227,108.834992,a280b2c9c-c189-c346-8131-55436129d50c,,86090035,,gear,,,,,322.3336111111111,42.79952678394791,0.07169558145679061,105.72215516427954
2023-12-23T07:59:32.000Z,2024-01-01T03:50:53.000Z,8f91ca0adc51185766034dbfc4ab05fa,loitering,"[72.31047666666667, 18.507028333333334, 72.33725666666666, 18.50849]",18.5078,72.3239,[],['8480'],"['ACAP', 'IWC', 'IOTC']","['51', '51.4']",['51'],[],[],[],[],61,58,3.866638,6.705697,02e7a25fc-c2f5-ac19-e24f-eadf58b01d3b,SUMAYLA ONE,419000346,IND,other,,,,,211.85583333333332,15.551708734496367,0.039636628382759255,58.00238915218849
2023-12-23T08:02:51.000Z,2024-01-01T23:29:06.000Z,0a236a477cba395eba2b0a14123806dc,loitering,"[122.890912, 31.151615, 122.89601, 31.150868]",31.1512,122.8935,[],['8486'],"['PICES', 'IWC', 'ACAP', 'WCPFC']",['61'],['61'],['8486'],[],[],[],37,38,6.6613679999999995,7.612992,c569ccc88-842d-eb2c-dfa3-cd86c9666c62,NET112-ZSY0920799%,92070112,,gear,,,,,231.43750000000003,46.41286467500414,0.10828384358255813,37.935601367210296
2023-12-23T08:03:07.000Z,2024-01-05T15:51:26.000Z,8b39771cff306d77f83db1e42ec3cfdb,loitering,"[124.085443, 33.586027, 124.051287, 33.59078]",33.5884,124.0684,[],['8327'],"['WCPFC', 'IWC', 'PICES', 'ACAP']",['61'],['61'],[],[],[],[],106,110,108.841484,112.11659399999999,cd1493ce9-9c52-9913-61f4-9f924a5e0628,JIAOZHONG-02-99%,223700077,,gear,,,,,319.80527777777775,42.48795152109896,0.07173633483514849,107.49259922624587
2023-12-23T08:03:44.000Z,2024-01-02T00:12:38.000Z,57e4ac8b50817e22bbd58cc0467cb77e,loitering,"[122.74049, 31.250943, 122.734517, 31.1649]",31.2079,122.7375,[],['8486'],"['IWC', 'PICES', 'ACAP', 'WCPFC']",['61'],['61'],['8486'],[],[],[],43,33,4.389025999999999,0.0,f537d6d38-8a8f-a5bd-ebe7-b153898fe5ab,NET-ZSY05528-57-99%,55280057,,gear,,,,,232.1483333333333,43.09755087129961,0.10024114957492998,41.28343495747831
2023-12-23T08:04:58.000Z,2024-01-01T01:29:20.000Z,57b2f373b7e7477f67f368c776b0046f,loitering,"[123.206195, 30.171847, 123.203837, 30.170492]",30.1712,123.205,[],['8486'],"['PICES', 'WCPFC', 'IWC', 'ACAP']",['61'],['61'],[],[],[],[],40,39,25.955699,24.994379000000002,0d48c0dd7-7639-2d74-a2d5-3dfcee0dce1b,21638-12-79%,216380012,ARM,gear,,,,,209.40611111111113,17.566316266719028,0.04529501039650703,39.64351718491004
2023-12-23T08:05:05.000Z,2024-01-09T17:44:44.000Z,2e9632c7ceaed5603eec7f56e0443418,loitering,"[124.06322, 33.714895, 124.045053, 33.706183]",33.7105,124.0541,[],['8327'],"['IWC', 'WCPFC', 'PICES', 'ACAP']",['61'],['61'],[],[],[],[],103,103,105.763992,106.626641,a69b44103-39a5-e624-1df4-277a13cfcb5c,,86090019,,gear,chn-zhoushan,CHN,ZHOUSHAN,668a2e18f48a14d7e50ddf85c0b91148,417.66083333333336,19.481989102137018,0.025186543053592077,104.74329176584722
2023-12-23T08:07:38.000Z,2024-01-01T00:20:41.000Z,b39c6da69422b130aa1ee4f889c2e0f5,loitering,"[124.017223, 33.588293, 124.016625, 33.580422]",33.5844,124.0169,[],['8327'],"['PICES', 'WCPFC', 'IWC', 'ACAP']",['61'],['61'],[],[],[],[],112,112,114.589688,115.095648,13d6380ed-da09-9d2f-b377-002a3332108c,ZHEDAIYU02601-50-97%,26010050,,gear,,,,,208.21750000000003,8.217580580404345,0.021310113426272807,112.09128325516178
2023-12-23T08:10:15.000Z,2024-01-02T02:27:05.000Z,d3d099233be4f13a0f123e9669d81fff,loitering,"[122.893138, 31.159835, 122.895382, 31.16452]",31.1622,122.8943,[],['8486'],"['WCPFC', 'PICES', 'IWC', 'ACAP']",['61'],['61'],['8486'],[],[],[],38,39,6.752496,7.692576,096612b28-86d8-26d3-26cf-0a0fd2a3e599,NET4-ZSY09207-49%,92070004,,gear,,,,,234.28055555555548,53.519323984047645,0.12334836338854817,39.506129467462955
2023-12-23T08:11:02.000Z,2024-01-05T14:52:34.000Z,af0aca4d04b857199714d2dc9a9854a7,loitering,"[124.063793, 33.714252, 124.017573, 33.703195]",33.7087,124.0407,[],['8327'],"['IWC', 'WCPFC', 'ACAP', 'PICES']",['61'],['61'],[],[],[],[],103,106,105.763992,109.615984,cc05c5ea6-621e-298e-cdad-f3e4f609ac5f,,86090009,,gear,chn-qushan,CHN,QUSHAN,1e2cbaa5ef43da07d0f11b072b007ece,318.69222222222226,45.542293899338254,0.07716181858614896,104.45151741809336
2023-12-23T08:12:49.000Z,2024-01-01T11:14:26.000Z,3d243a27b7b20e31bdd9b0d874747c76,loitering,"[123.912885, 33.606583, 123.951562, 33.60893]",33.6078,123.9322,[],['8327'],"['PICES', 'ACAP', 'IWC', 'WCPFC']",['61'],['61'],[],[],[],[],120,117,122.851422,119.471453,a5546c853-3edb-16a1-1179-179d50876266,ZHEDAIYU01178-82A99%,96117882,,gear,,,,,219.02694444444447,9.92336296311736,0.024463599027446846,117.18866537075962
2023-12-23T08:14:21.000Z,2024-01-16T07:45:21.000Z,0d37ff62f201230ef57dbe8b815f5323,loitering,"[124.096583, 33.53018, 124.059572, 33.53381]",33.532,124.0781,[],['8327'],"['PICES', 'IWC', 'WCPFC', 'ACAP']",['61'],['61'],[],[],[],[],109,112,111.369484,114.54473399999999,7b42b91ad-da5c-2cc2-bf84-529445ca7051,MFJY-09168-6-72%,233101139,GBR,gear,,,,,575.5166666666667,19.258377428829764,0.01806844617801067,112.32025259686351
2023-12-23T08:15:52.000Z,2024-01-01T01:10:20.000Z,3495ce16ff52f5005439fff8e15c5a42,loitering,"[123.98373, 33.5417, 123.983453, 33.541063]",33.5414,123.9836,[],['8327'],"['PICES', 'WCPFC', 'IWC', 'ACAP']",['61'],['61'],[],[],[],[],118,118,120.451148,120.451148,8e6ce57fc-c61f-bea6-988b-dadb272706a0,ZHESHENGYU05259-5,259220905,NOR,gear,,,,,208.90777777777777,7.714713804074766,0.019939957475662094,117.99532521537334
2023-12-23T08:16:09.000Z,2024-01-01T11:10:08.000Z,b325b9796aa9cda698d9d7e2ec61b211,loitering,"[123.965637, 33.6341, 123.975568, 33.638452]",33.6363,123.9706,[],['8327'],"['WCPFC', 'PICES', 'IWC', 'ACAP']",['61'],['61'],[],[],[],[],114,113,116.870883,115.57606200000001,b2d7fa626-6e62-7105-4264-e92efd9b2a9a,ZHEDAIYU02686-94-97%,104000072,,gear,,,,,218.89972222222224,34.37527539779885,0.08479299851674894,113.67618602451084
2023-12-23T08:17:22.000Z,2024-01-02T09:45:56.000Z,b4a0bbbb2d0971a3f934650c2a16effd,loitering,"[124.098833, 33.583145, 124.057717, 33.587987]",33.5856,124.0783,[],['8327'],"['WCPFC', 'PICES', 'IWC', 'ACAP']",['61'],['61'],[],[],[],[],106,109,108.562711,111.295352,e7a3479db-bf61-24a2-cdbe-a807f8368882,JIAOZHONG-08-86%,223700092,,gear,,,,,241.4761111111111,42.89199951851954,0.09590939181220971,109.26355001675375
2023-12-23T08:19:36.000Z,2024-01-01T01:23:15.000Z,ac757060d80d86fadd2b68a2a5e3d67c,loitering,"[123.967393, 33.515958, 123.96784, 33.515582]",33.5158,123.9676,[],['8327'],"['ACAP', 'WCPFC', 'PICES', 'IWC']",['61'],['61'],[],[],[],[],120,120,122.333844,122.333844,150b5b722-261d-ff4f-93b2-c9d1a54fac34,,602264084,,gear,chn-qushan,CHN,QUSHAN,2536769bc7bd2cec366b9d8daef89008,209.06083333333333,4.9825303183961225,0.012868747823045437,119.99999999999997
2023-12-23T08:20:29.000Z,2024-01-01T00:01:34.000Z,f027fb76f6737ccd6ba9c46031cf1f3d,loitering,"[123.950725, 33.596807, 123.93334, 33.588948]",33.5929,123.942,[],['8327'],"['IWC', 'ACAP', 'WCPFC', 'PICES']",['61'],['61'],[],[],[],[],117,119,119.936875,122.085852,4803b1431-199a-86d0-7210-7d0365f4d0ae,LU LAN YU05596-6-78%,596230906,,gear,,,,,207.68472222222223,4.985829349126924,0.01296259276621093,118.9889870463376
2023-12-23T08:20:34.000Z,2024-01-03T00:56:24.000Z,0fde8c8deeceea0b4bce7a2a57d973ea,loitering,"[-40.101166666666664, -22.605216666666667, -40.0945, -22.63405]",-22.6196,-40.0978,[],['8464'],"['ACAP', 'ICCAT', 'IWC']","['41', '41.2', '41.2.1']",['41'],[],[],[],[],114,116,2.223899,1.0263390000000001,9e7047bfe-eb3d-175d-46d6-6e012dd814bd,DEBORAH KAY,710003080,BRA,other,,,,,256.59722222222223,40.4877465090769,0.08519824959458777,116.37304773773994
2023-12-23T08:20:45.000Z,2024-01-01T09:51:19.000Z,24aabd47867966c4777cafb8650f8280,loitering,"[122.86026, 31.17606, 122.867883, 31.178098]",31.1771,122.8641,[],['8486'],"['PICES', 'ACAP', 'IWC', 'WCPFC']",['61'],['61'],['8486'],[],[],[],39,39,3.9646179999999998,4.885099,7d6a73885-5a73-32c7-13d9-5be7d2bde617,NET52-ZSY05186-99%,51860052,,gear,,,,,217.50944444444443,46.03830654556493,0.11428789633641533,38.88838810397435
2023-12-23T08:21:39.000Z,2024-01-01T00:14:06.000Z,030cdb019b6495c8d2128370ff2809e5,loitering,"[123.985375, 33.539113, 123.986047, 33.537162]",33.5381,123.9857,[],['8327'],"['WCPFC', 'IWC', 'PICES', 'ACAP']",['61'],['61'],[],[],[],[],117,117,119.636719,119.636719,19ebc02cf-fe25-3e81-b41e-593f61061145,666666-16-79%,666666016,SOM,gear,,,,,207.87416666666667,30.324518658758524,0.07876847048326525,117.4337692546692
2023-12-23T08:23:10.000Z,2024-01-01T01:34:42.000Z,3a92696e53c13a7d18ba9dc8e3a984b1,loitering,"[123.84704, 33.55175, 123.849333, 33.55089]",33.5513,123.8482,[],['8327'],"['PICES', 'WCPFC', 'ACAP', 'IWC']",['61'],['61'],[],[],[],[],128,128,130.687945,130.687945,299e88211-1a1e-3819-e730-150dfcb3438d,SUSHEYU03358-31_7.7V,890335831,,gear,,,,,209.19222222222226,20.356100556673248,0.05254217805348671,127.61885335727709
2023-12-23T08:29:07.000Z,2024-01-07T20:50:26.000Z,a9ae26b672187a6c1d42a27e77023090,loitering,"[122.923903, 31.204112, 122.979508, 30.811455]",31.0078,122.9517,[],['8486'],"['IWC', 'PICES', 'WCPFC', 'ACAP']",['61'],['61'],['8486'],[],[],[],44,17,10.080665000000002,17.153525000000002,3c174e1ab-b832-e270-bd73-8333a4c318c9,NET162-ZSY0146999%,14690162,,gear,,,,,372.3552777777778,92.81352313959249,0.13458999042797795,42.90446710843849
2023-12-23T08:29:22.000Z,2024-01-01T00:21:11.000Z,a8bed7a59dc36ecc40b06b75ea135890,loitering,"[124.016252, 33.578788, 124.018225, 33.570797]",33.5748,124.0172,[],['8327'],"['PICES', 'WCPFC', 'ACAP', 'IWC']",['61'],['61'],[],[],[],[],112,113,115.095648,115.610094,8177c7c5c-cded-a10a-d2e8-f97f632e5508,ZHEDAIYU02601-51-91%,26010051,,gear,,,,,207.8636111111111,5.155686661525313,0.013392666828483243,112.99997861845841
2023-12-23T08:30:04.000Z,2024-01-02T01:04:47.000Z,366a42f25275213d9d8fba67ccaa114c,loitering,"[124.054908, 33.69797, 124.058695, 33.6899]",33.6939,124.0568,[],['8327'],"['IWC', 'WCPFC', 'ACAP', 'PICES']",['61'],['61'],[],[],[],[],104,104,107.031375,106.589875,d782ad707-7276-3917-41b7-5a167e7a51fd,ZSY09225-6999%,690009225,,gear,,,,,232.57861111111112,37.90508773880086,0.08800082652645036,103.41135157794173
2023-12-23T08:32:56.000Z,2024-01-01T00:19:50.000Z,8744ba522a4fcfb9eb17049a516448c9,loitering,"[123.950793, 33.596822, 123.952345, 33.58383]",33.5903,123.9516,[],['8327'],"['PICES', 'WCPFC', 'ACAP', 'IWC']",['61'],['61'],[],[],[],[],117,118,119.936875,120.893023,806c06cd6-6911-4137-3976-2260c790e5ac,LURONGYU57776-22 7V8,577760022,VUT,gear,,,,,207.78166666666667,32.72139511374271,0.08503223693249282,117.63958708396338
2023-12-23T08:38:51.000Z,2024-01-04T17:18:43.000Z,e0ee5c45501d06ce23509c433f6ebbe1,loitering,"[-38.397623, -16.953908, -38.44685, -17.120378]",-17.0371,-38.4222,[],['8464'],"['IWC', 'ICCAT', 'ACAP']","['41.1', '41', '41.1.3']",['41'],[],[],[],[],77,76,250.52401600000002,246.005062,9a55a766c-ca31-3eff-326e-e374f0476ec4,REOBOTE - B6,999724579,,gear,,,,,296.66444444444437,263.92619395339966,0.4803701512063076,70.66088308538444
2023-12-23T08:39:02.000Z,2024-01-01T01:46:29.000Z,a661a196c6a277f6fd963780348d4ab2,loitering,"[123.205908, 30.179257, 123.203337, 30.178765]",30.179,123.2046,[],['8486'],"['PICES', 'IWC', 'WCPFC', 'ACAP']",['61'],['61'],[],[],[],[],39,39,25.978191,25.017834,1861ec470-03f8-244b-761a-a23b82dbea6e,ZHEDAIYU94839-24-71%,222902711,,gear,,,,,209.1241666666666,18.40940378884271,0.04753292257797017,39.00000000000001
2023-12-23T08:43:46.000Z,2024-01-02T01:17:54.000Z,4ce7031eb5b27cf618f9ec633872a1c4,loitering,"[124.055488, 33.700202, 124.053075, 33.691212]",33.6957,124.0543,[],['8327'],"['PICES', 'ACAP', 'IWC', 'WCPFC']",['61'],['61'],[],[],[],[],103,104,106.171914,107.446094,59a6a8792-2a15-cfde-d04e-6bf7e06e5549,ZHEDAIYU02604-A10,220300899,DNK,gear,,,,,232.5688888888889,5.045784328695428,0.011714832495721363,103.16110017679044
2023-12-23T08:47:49.000Z,2024-01-01T01:45:08.000Z,33fcdf3c476d85cc892caaf938f3fc0f,loitering,"[123.897102, 33.505137, 123.898218, 33.477978]",33.4916,123.8977,[],['8327'],"['ACAP', 'WCPFC', 'PICES', 'IWC']",['61'],['61'],[],[],[],[],126,128,128.562133,130.170852,c4a088552-2fa0-cd9b-2bd2-92f982655739,ZHEDAIYU02132-1A-94%,21320201,,gear,,,,,208.9552777777778,15.268631636137503,0.039455340008973556,127.9175659268341
2023-12-23T08:48:55.000Z,2024-01-01T01:51:25.000Z,3cecfeff1ac8bbc08827fdbbee8b1aa4,loitering,"[123.828453, 33.552797, 123.848573, 33.572293]",33.5625,123.8385,[],['8327'],"['WCPFC', 'IWC', 'ACAP', 'PICES']",['61'],['61'],[],[],[],[],130,127,132.362688,129.744922,c8f0cdf41-1772-62e1-1c39-4b8d0a8c6e73,SUSHEYU03373-56_8.0V,33730056,,gear,,,,,209.04166666666669,26.47061336377349,0.06837387017300614,126.88937843569575
2023-12-23T08:50:19.000Z,2024-01-01T01:43:32.000Z,611240eabb6bb96a5851881c7a9ba8ef,loitering,"[123.205767, 30.166117, 123.20538, 30.165467]",30.1658,123.2056,[],['8486'],"['ACAP', 'IWC', 'WCPFC', 'PICES']",['61'],['61'],[],[],[],[],40,40,25.955699,25.955699,a05197080-0e76-c14e-2874-579b82f691e6,,304667035,ATG,gear,,,,,208.88694444444442,11.361327998548367,0.029368165470675237,40.05782489381946
2023-12-23T08:50:49.000Z,2024-01-01T11:40:40.000Z,d2666f862612893a4d9a82a080b8df01,loitering,"[123.88376, 33.469113, 123.867553, 33.469113]",33.4691,123.8757,[],['8327'],"['ACAP', 'PICES', 'WCPFC', 'IWC']",['61'],['61'],[],[],[],[],130,131,132.33293799999998,133.140906,55ddffb69-920b-301e-7549-5348ae08dafd,,62588544,,gear,,,,,218.83083333333337,4.3361227263607915,0.010699218803188871,130.15258588846953
2023-12-23T08:52:01.000Z,2024-01-02T20:57:11.000Z,6af3bf36468f243efdc62c4b7a609b06,loitering,"[117.97062666666666, 38.69311666666667, 118.01097333333334, 38.676703333333336]",38.6849,117.9908,[],['8486'],"['ACAP', 'PICES', 'IWC', 'WCPFC']",['61'],['61'],[],[],[],[],35,38,2.8209969999999998,6.1390150000000006,982432f33-3ba7-9d38-e2ec-b21b64102560,HUANGPUZHENGLI001,413293090,CHN,other,,,,,252.08611111111108,27.193246744884995,0.058246678181643294,38.312208677240974
2023-12-23T08:52:55.000Z,2024-01-01T01:39:50.000Z,a47a8ebd5d1f869af0d1f28756250b8f,loitering,"[123.89614, 33.507308, 123.898673, 33.50681]",33.5071,123.8974,[],['8327'],"['PICES', 'IWC', 'ACAP', 'WCPFC']",['61'],['61'],[],[],[],[],126,126,128.562133,128.562133,c58ae0401-12c5-bdee-aa83-d4dae103bbd9,ZHEDAIYU02132-506,21320506,,gear,chn-gouqiisland,CHN,GOUQI ISLAND,c5ee4836be6603fcd8407e0fd2d1e0ab,208.78194444444443,8.870131922482082,0.022940145000749573,126.0
2023-12-23T08:53:09.000Z,2024-01-01T10:40:52.000Z,8c350649a93e8988b0dbddd147f4690e,loitering,"[122.85898, 31.172557, 122.867605, 31.17156]",31.1721,122.8633,[],['8486'],"['WCPFC', 'IWC', 'ACAP', 'PICES']",['61'],['61'],['8486'],[],[],[],38,38,3.805692,4.757116,5fa7b5d29-92fb-632b-b0b4-b3eb5690f35b,,66552217,,gear,,,,,217.7952777777778,48.44689047424869,0.12010925298635633,38.42172124081014
2023-12-23T08:53:48.000Z,2024-01-01T01:03:37.000Z,24e50890f3e1fbdb2d2df5a5859dd02b,loitering,"[123.964213, 33.511973, 123.968693, 33.510783]",33.5114,123.9665,[],['8327'],"['PICES', 'IWC', 'ACAP', 'WCPFC']",['61'],['61'],[],[],[],[],121,120,123.685992,122.87881200000001,7a7c814ce-e583-f21d-ca18-36dc85489f7e,,1226414,,gear,,,,,208.16361111111115,27.538295320576204,0.07143174464811322,120.27892002143915
2023-12-23T08:57:53.000Z,2024-01-01T13:25:04.000Z,8a15dac0995d226b7ed144d3c371400c,loitering,"[123.109747, 33.481342, 123.11016, 33.481348]",33.4813,123.11,[],['8486'],"['PICES', 'ACAP', 'IWC', 'WCPFC']",['61'],['61'],[],[],[],[],194,194,172.625734,172.625734,51deeb3b3-3114-ebef-41a6-39828af3ac19,,60680004,,gear,,,,,220.45305555555552,4.389920302252078,0.010752254387474654,194.00000000000006
2023-12-23T08:59:14.000Z,2024-01-05T12:59:23.000Z,5cf3c3aa2fae57edb0c7c2975606f734,loitering,"[4.795188333333333, 55.71752333333333, 4.801565, 55.73021]",55.7239,4.7984,[],['5674'],"['NEAFC', 'ACAP', 'NASCO', 'NAMMCO', 'IWC', 'ICCAT', 'ICES']","['27.4', '27.4.b', '27']",['27'],[],[],[],[],206,207,0.0,1.111949,5f24d0fd3-39c1-2617-c821-25b97fd708f9,ESVAGT CANTANA,219670000,DNK,other,,,,,316.0025000000002,287.2591846340087,0.4908427974407694,206.91098998736308
2023-12-23T09:01:12.000Z,2024-01-01T01:40:07.000Z,2794e5c1f80121a6b9cc99db67b3ac21,loitering,"[123.898633, 33.507283, 123.897943, 33.460147]",33.4837,123.8983,[],['8327'],"['IWC', 'PICES', 'WCPFC', 'ACAP']",['61'],['61'],[],[],[],[],126,129,128.562133,131.279484,bf00e2ab3-3a88-f682-814b-2468714ea7c8,ZHE DAI YU 02132-70,132000710,,other,,,,,208.6486111111111,28.05630254559093,0.07260624146324463,128.52790617186906
2023-12-23T09:01:22.000Z,2024-01-01T03:36:57.000Z,adc7f27575135e6b5f1eedb6422e4cc7,loitering,"[124.533323, 32.954622, 124.545257, 32.952975]",32.9538,124.5393,[],['8327'],"['WCPFC', 'PICES', 'IWC', 'ACAP']",['61'],['61'],[],[],[],[],134,133,134.37175,133.614656,49f42ef46-6212-7140-92a0-1c9296d82088,MFJY01979-26-76%,231903166,FRO,gear,,,,,210.59305555555554,7.789326791495365,0.019971693673908095,133.58684819081185
2023-12-23T09:02:14.000Z,2024-01-01T10:52:09.000Z,c7146712bf974665eedc588e43f1b0a4,loitering,"[124.106613, 33.471778, 123.98626, 33.465555]",33.4687,124.0464,[],['8327'],"['WCPFC', 'PICES', 'ACAP', 'IWC']",['61'],['61'],[],[],[],[],112,121,114.23805499999999,123.553078,a9c9aaf37-79c2-ea39-e244-728865310b06,,62850009,,gear,chn-zoushan,CHN,ZOUSHAN,3c6a909af61b6e42fe830ad79b97fa8c,217.83194444444445,15.372140322803343,0.038104107146188664,112.41735313981138
2023-12-23T09:02:24.000Z,2024-01-04T04:32:23.000Z,39086258316593777c37e098dfb011d8,loitering,"[123.315028, 37.04372, 123.256362, 37.044442]",37.0441,123.2857,[],['8486'],"['PICES', 'WCPFC', 'IWC', 'ACAP']",['61'],['61'],[],[],[],[],65,60,61.080637,56.345895,c7444837c-cffd-ee3e-b3c8-59d5cd41d0cc,LURONGYU51998-15493%,519980154,,gear,,,,,283.49972222222226,19.136753005662225,0.036448077975044756,64.002784955326
2023-12-23T09:03:58.000Z,2024-01-05T16:05:38.000Z,8768bd22ae914737dd277484c23ced66,loitering,"[124.085557, 33.530883, 124.030492, 33.528958]",33.5299,124.058,[],['8327'],"['IWC', 'PICES', 'WCPFC', 'ACAP']",['61'],['61'],[],[],[],[],110,115,112.160305,116.946273,f6323a592-2498-4cfd-779c-208dc6036cf3,SANDEMARINE-46%,223402076,,gear,,,,,319.02777777777777,11.103751144059434,0.018793178499617754,112.4755268301952
2023-12-23T09:04:32.000Z,2024-01-02T00:49:31.000Z,263581b3d08058c0f8181b9b82fcacbd,loitering,"[124.53963, 32.9696, 124.540678, 32.969102]",32.9694,124.5402,[],['8327'],"['ACAP', 'IWC', 'PICES', 'WCPFC']",['61'],['61'],[],[],[],[],131,131,131.96095300000002,131.96095300000002,c98135ac4-4839-31ff-04c2-c934dbbb7674,MFJY09255-29-50%,233100219,GBR,gear,,,,,231.74972222222223,6.4672724953067,0.015068185412081922,131.00000000000003
2023-12-23T09:04:51.000Z,2024-01-02T01:03:41.000Z,527082c60351fb7fc4d9e0b16dcf264f,loitering,"[124.522755, 32.967557, 124.529635, 32.963927]",32.9657,124.5262,[],['8327'],"['WCPFC', 'ACAP', 'PICES', 'IWC']",['61'],['61'],[],[],[],[],132,133,132.74025,133.359047,f4263cedb-b98f-06fb-e587-ae5b73c79ba4,MFJY09255-19-94%,233100487,GBR,gear,,,,,231.98055555555555,48.36422508276915,0.1125723331197521,132.04109781342478
2023-12-23T09:05:21.000Z,2024-01-01T13:46:40.000Z,d44654a2e50fb1562b403d772825cc06,loitering,"[123.106413, 33.477397, 123.109293, 33.476387]",33.4769,123.1079,[],['8486'],"['PICES', 'IWC', 'WCPFC', 'ACAP']",['61'],['61'],[],[],[],[],194,194,172.625734,172.625734,9656189b5-5217-7289-bf05-66082c378139,SUQIYU03411-17_8.0V,90341117,,gear,,,,,220.68861111111107,29.691443792982817,0.07264578357590248,194.02136430579327
2023-12-23T09:06:28.000Z,2024-01-01T00:07:01.000Z,a30f3db1053b7786161b85ec94bef099,loitering,"[123.964897, 33.614827, 123.970078, 33.60144]",33.6081,123.9675,[],['8327'],"['PICES', 'ACAP', 'IWC', 'WCPFC']",['61'],['61'],[],[],[],[],116,115,118.629391,118.260398,6db383e4e-eec5-c3d5-28ca-89e92f50fadd,FUDINGYU08612-5  8V1,45526286,,gear,,,,,207.00916666666672,28.68870455031692,0.07483079833473456,115.12399655448839
2023-12-23T09:08:34.000Z,2024-01-16T14:14:49.000Z,6be81fe040832b6dd2b5c042dcfbe0da,loitering,"[122.904505, 31.157263, 122.904477, 31.193243]",31.1753,122.9045,[],['8486'],"['ACAP', 'WCPFC', 'PICES', 'IWC']",['61'],['61'],['8486'],[],[],[],39,42,7.692576,7.928851,6ed337395-581f-c386-936d-e16fee797e1a,ZHELINYU12279-56-99%,122790056,,gear,,,,,581.1041666666666,87.72444174128724,0.08151276804513816,39.89356277094392
2023-12-23T09:08:47.000Z,2024-01-01T09:35:49.000Z,008d769731c2bf8633a33ac4a9bec5cf,loitering,"[122.893733, 31.17618, 122.899562, 31.196717]",31.1864,122.8966,[],['8486'],"['PICES', 'ACAP', 'WCPFC', 'IWC']",['61'],['61'],['8486'],[],[],[],40,43,6.751802,8.309194,23ecce4a9-93c5-f674-71e0-f11396380129,NET6-ZSY09207-55%,92070006,,gear,,,,,216.45055555555564,54.2163112856141,0.13524782166441185,41.97933056753722
2023-12-23T09:09:11.000Z,2024-01-02T00:27:13.000Z,5b7586650d86604ffe32e4c0c9a63b21,loitering,"[124.528008, 32.969563, 124.529225, 32.968592]",32.9691,124.5286,[],['8327'],"['PICES', 'ACAP', 'IWC', 'WCPFC']",['61'],['61'],[],[],[],[],132,132,132.347938,132.347938,23fed4493-3cd8-afbc-577c-2513ef9f3fb1,MFJY09255-26-67%,233101336,GBR,gear,,,,,231.30055555555555,8.361569372358236,0.019519565179286453,132.00000000000003
2023-12-23T09:10:15.000Z,2024-01-01T21:36:25.000Z,e215611c3eaadf1fe361ab3aade3787b,loitering,"[-31.432165, -23.97106, -31.176193, -23.931037]",-23.951,-31.3042,[],[],"['IWC', 'ACAP', 'ICCAT']","['41.2.4', '41.2', '41']",['41'],[],['63203'],[],[],439,423,873.933375,899.142,a8cd68797-7a88-7106-37ad-7bab3e451d95,,994008004,,gear,,,,,228.43611111111113,157.2090480011614,0.37159665615098825,424.5296324876293
2023-12-23T09:12:03.000Z,2024-01-04T04:41:29.000Z,784c688ff14e4e19b960d5929286a57b,loitering,"[123.306153, 37.055295, 123.259935, 37.058373]",37.0568,123.283,[],['8486'],"['PICES', 'WCPFC', 'IWC', 'ACAP']",['61'],['61'],[],[],[],[],63,59,59.32732,55.321402,e1da91e6a-abaf-805d-24b7-0169c6c25b06,LURONGYU51998-17396%,519980173,,gear,,,,,283.49055555555555,16.668833771382307,0.031748677422047615,62.744181036669985
2023-12-23T09:13:24.000Z,2024-01-02T00:12:41.000Z,5559ab8998530f3ea250784cdc028dcd,loitering,"[122.859692, 31.156105, 122.86417, 31.158712]",31.1574,122.8619,[],['8486'],"['ACAP', 'IWC', 'PICES', 'WCPFC']",['61'],['61'],['8486'],[],[],[],37,37,3.965004,3.965004,92c8a86fd-d1eb-12f0-1a1d-53bb8c4f4ce2,ZPY62255-1582%,150062255,,gear,,,,,230.98805555555555,55.615883605933654,0.13000747878932153,37.383683032105516
2023-12-23T09:13:44.000Z,2024-01-02T00:08:36.000Z,fe6171205151339388f43367caf1172b,loitering,"[124.04394, 33.698182, 124.0505, 33.693468]",33.6958,124.0472,[],['8327'],"['PICES', 'IWC', 'ACAP', 'WCPFC']",['61'],['61'],[],[],[],[],105,104,107.891891,107.446094,b55ef51f0-0f9e-cc42-5cfb-22c824775833,,102604008,,gear,,,,,230.91444444444443,36.36946265307747,0.08504421992658284,104.09320531757766
2023-12-23T09:15:31.000Z,2024-01-01T03:53:00.000Z,5b9fcd16aae085e491ea29af821cc9ce,loitering,"[122.84384, 31.162623, 122.84673, 31.158938]",31.1608,122.8453,[],['8486'],"['PICES', 'IWC', 'ACAP', 'WCPFC']",['61'],['61'],['8486'],[],[],[],36,37,2.204005,3.063355,9f021de4b-b9f7-1025-4ed1-7498209b99f9,NET-ZSY08288-26-71%,82880026,,gear,,,,,210.6247222222222,44.42863794085241,0.11389710130572366,37.17389239481572
2023-12-23T09:15:57.000Z,2024-01-01T08:40:35.000Z,58db5c332ea08d686f6171ee83ae8fc9,loitering,"[122.845087, 31.163085, 122.84722, 31.15928]",31.1612,122.8462,[],['8486'],"['IWC', 'WCPFC', 'PICES', 'ACAP']",['61'],['61'],['8486'],[],[],[],37,37,3.063355,3.063355,de1da9221-170d-1bb9-aa52-4e18e65d4054,NET-ZSY08288-03-99%,82880003,,gear,,,,,215.41055555555556,32.67685161745314,0.08190911676009524,37.30221692866429
2023-12-23T09:16:26.000Z,2024-01-01T22:24:27.000Z,fba469b986335438006f63f1a640cffe,loitering,"[122.88898, 31.161533, 122.897962, 31.158015]",31.1598,122.8935,[],['8486'],"['IWC', 'WCPFC', 'PICES', 'ACAP']",['61'],['61'],['8486'],[],[],[],38,39,6.752496,7.692576,fb2201132-2528-c7d3-8437-cdb5ffed1c44,NET111-ZSY0920799%,92070111,,gear,,,,,229.13361111111112,53.556163711772754,0.12620590590324765,38.44192284697453
2023-12-23T09:19:51.000Z,2024-01-08T22:09:50.000Z,1843f0ce2f92ac244481e293ccd32320,loitering,"[122.933662, 33.448577, 122.933832, 33.448252]",33.4484,122.9337,[],['8486'],"['ACAP', 'IWC', 'PICES', 'WCPFC']",['61'],['61'],[],[],[],[],188,188,156.910375,156.910375,3eb479211-1c94-9745-897a-0815e0fa51e3,SUQIYU02388-112-62%,238800112,HRV,gear,,,,,396.8330555555556,24.912748422886104,0.03389790193986242,187.99999999999997
2023-12-23T09:23:34.000Z,2024-01-13T08:59:34.000Z,cc009a64209dd00d3e81aee3bd58613d,loitering,"[123.32928, 37.348485, 123.317673, 37.489405]",37.4189,123.3235,[],['8486'],"['WCPFC', 'ACAP', 'PICES', 'IWC']",['61'],['61'],[],[],[],[],57,56,55.687977,56.348227,fcfa2a93a-ab5f-2b30-cca8-389506a379f5,LURONGYU51998-92-99%,519980092,,gear,,,,,503.6,42.35431326736028,0.0454120325742776,55.908714785695224
2023-12-23T09:24:57.000Z,2024-01-01T10:56:39.000Z,7c9782bca630fe58553724b71af73ae6,loitering,"[124.100765, 33.480177, 123.973795, 33.467965]",33.4741,124.0373,[],['8327'],"['IWC', 'ACAP', 'PICES', 'WCPFC']",['61'],['61'],[],[],[],[],112,123,114.377781,125.133773,aff1270ac-c32b-ebce-9812-090b9241a89b,MINFUDINYU08616-4,233101908,GBR,gear,,,,,217.52833333333334,25.079586169901443,0.06225346819322704,114.95594168107145
2023-12-23T09:25:01.000Z,2024-01-01T03:29:57.000Z,451e9485f5437dadfd1c454dc18883ef,loitering,"[124.543905, 32.963147, 124.531802, 32.962647]",32.9629,124.5379,[],['8327'],"['PICES', 'ACAP', 'WCPFC', 'IWC']",['61'],['61'],[],[],[],[],132,133,132.974953,133.359047,0fbfdae91-17db-8a1d-57d3-58c7f65d61ae,MFJY08615-13-70%,233101453,GBR,gear,,,,,210.0822222222222,43.61696910781706,0.11210505566230972,131.43179249978513
2023-12-23T09:26:10.000Z,2024-01-01T21:47:00.000Z,fbb5510df3da5b2e7d2b94bcfda2428e,loitering,"[122.902577, 31.149122, 122.911932, 31.148063]",31.1486,122.9073,[],['8486'],"['WCPFC', 'IWC', 'ACAP', 'PICES']",['61'],['61'],['8486'],[],[],[],38,38,7.612992,8.564615,070cc8262-2cb2-805e-5b95-1a4ecb60a0b6,ZHELINYU12279-39-78%,122790039,,gear,,,,,228.34722222222223,49.05639293383595,0.11600024234953982,37.61551972345798
2023-12-23T09:26:20.000Z,2024-01-01T20:49:47.000Z,976a5502543d6061c16ba5979c95e331,loitering,"[122.845375, 31.167583, 122.849993, 31.170647]",31.1691,122.8477,[],['8486'],"['IWC', 'PICES', 'WCPFC', 'ACAP']",['61'],['61'],['8486'],[],[],[],38,38,2.85427,2.85427,8f97220bf-f3a3-327c-91a2-70d05f240af8,NET-ZSY08288-59-99%,82880059,,gear,,,,,227.39083333333335,37.992151463784126,0.09021524904972231,37.983644843754476
2023-12-23T09:26:31.000Z,2024-01-01T08:15:57.000Z,40044d9d9f87a51f4c0270955fcfed5c,loitering,"[122.890573, 31.175858, 122.90346, 31.19502]",31.1854,122.897,[],['8486'],"['IWC', 'WCPFC', 'ACAP', 'PICES']",['61'],['61'],['8486'],[],[],[],40,43,6.751802,8.309194,de4c1acdb-b1c3-767a-b575-7fb0509e02f2,,788696543,,gear,,,,,214.82388888888894,56.728349825050564,0.14258590418077396,42.39494615658078
2023-12-23T09:31:41.000Z,2024-01-01T05:04:51.000Z,242abf1877e548a044b38f832d287114,loitering,"[122.738442, 31.243637, 122.739392, 31.237967]",31.2408,122.7389,[],['8486'],"['IWC', 'PICES', 'ACAP', 'WCPFC']",['61'],['61'],['8486'],[],[],[],42,42,3.616939,3.616939,5b4371221-101d-dc90-bae0-7c040699451a,NET-ZSY05528-59-99%,55280059,,gear,chn-shanghai,CHN,SHANGHAI,904680414c3fede265b40f15105d5d65,211.55277777777772,41.69325570449359,0.10641579520883639,41.8683316335667
2023-12-23T09:31:50.000Z,2024-01-01T06:29:12.000Z,45658bb2daf2ba46ed6a653fdff1acca,loitering,"[122.738388, 31.243712, 122.740298, 31.228072]",31.2359,122.7393,[],['8486'],"['PICES', 'ACAP', 'IWC', 'WCPFC']",['61'],['61'],['8486'],[],[],[],42,41,3.616939,2.9262129999999997,4b2066f0f-f53c-4104-a9e6-dcb9cb506598,NET-ZSY05528-54-99%,55280054,,gear,,,,,212.95611111111117,49.286561030462764,0.12496759923197888,41.46618730187263
2023-12-23T09:33:50.000Z,2024-01-02T10:55:11.000Z,45e0710f9f1e385b5d4eb09cc4c5c8ae,loitering,"[122.891615, 31.172637, 122.895317, 31.170967]",31.1718,122.8935,[],['8486'],"['PICES', 'ACAP', 'WCPFC', 'IWC']",['61'],['61'],['8486'],[],[],[],39,40,6.659962,7.611385,a2e670abf-fa4d-8e2c-df21-f309d0a154db,NET115-ZSY0920799%,92070115,,gear,,,,,241.35583333333335,36.712768263831975,0.08213312570064026,39.48737778280922
2023-12-23T09:35:20.000Z,2024-01-09T08:36:38.000Z,8bf65b89c66b81d88967e9427d8bd2a9,loitering,"[122.949513, 31.217232, 122.950207, 31.215988]",31.2166,122.9499,[],['8486'],"['IWC', 'ACAP', 'WCPFC', 'PICES']",['61'],['61'],[],[],[],[],47,47,13.557646,13.557646,941cb57e5-5a32-b880-ff92-bccf3d470391,ZHESHENG01429-48-79%,14290048,,gear,,,,,407.0216666666667,22.768872055275732,0.03020528974278773,46.98173063854811
2023-12-23T09:35:52.000Z,2024-01-01T10:31:43.000Z,b0470c397609bd07a690e9208e429545,loitering,"[76.35077, -10.343878, 75.72612, -10.628885]",-10.4864,76.0384,[],[],"['SIOFA', 'ACAP', 'IOTC', 'IWC']","['51.7', '51']",['51'],[],['63203'],[],[],537,506,549.91,520.4503119999999,2cb73d8a7-715a-6614-6d3f-92ccab62203f,IMULA 0772CHW NET 5,994171542,,gear,,,,,216.93083333333334,260.9310126259951,0.6494764867449948,524.6549225247275
2023-12-23T09:35:59.000Z,2024-01-01T23:12:35.000Z,ba717189aa913a2870f3c9d41ec5b35c,loitering,"[122.858235, 31.163233, 122.866873, 31.164593]",31.1639,122.8626,[],['8486'],"['PICES', 'IWC', 'WCPFC', 'ACAP']",['61'],['61'],['8486'],[],[],[],37,37,3.965004,4.885587999999999,9b90380aa-a5b5-cb6f-be37-3f4f7d8e0db4,,66552218,,gear,,,,,229.60999999999999,51.75206995763203,0.12170150370863628,37.67781852443809
2023-12-23T09:43:40.000Z,2024-01-02T08:32:46.000Z,88971354bf2aef9bf1098df55cd86aef,loitering,"[124.027807, 33.388813, 124.035508, 33.397162]",33.393,124.0317,[],['8327'],"['ACAP', 'WCPFC', 'PICES', 'IWC']",['61'],['61'],[],[],[],[],124,122,125.44242200000001,124.037609,64f4c8288-8e4a-debb-df9c-29cce68618dc,QIONGCYU20999-1153%,96039257,,gear,,,,,238.81833333333333,35.95298870345747,0.08128798398363596,123.19551085090177
2023-12-23T09:43:51.000Z,2024-01-01T07:13:23.000Z,1cee3ffdf6f0b2a55e76d77111e728a8,loitering,"[123.085547, 33.490373, 123.08392, 33.513557]",33.502,123.0847,[],['8486'],"['PICES', 'ACAP', 'WCPFC', 'IWC']",['61'],['61'],[],[],[],[],195,195,171.67918799999998,172.146891,900cd5519-922f-d4b5-0faa-ad7858380cf7,SUQIYU03406-01_8.3V,34067301,,gear,,,,,213.49222222222224,8.514916553150682,0.021535618843040453,195.9805666506513
2023-12-23T09:47:23.000Z,2024-01-07T20:36:55.000Z,b750f99228de98db6f2a98fd7077041f,loitering,"[122.95728, 31.208607, 123.022687, 30.833538]",31.0211,122.99,[],['8486'],"['IWC', 'WCPFC', 'PICES', 'ACAP']",['61'],['61'],['8486'],[],[],[],46,22,14.040237999999999,15.216978999999998,3beafe9f8-84b6-b583-de29-fad5e2ddd8b1,NET-ZSY01429-113-99%,901429113,,gear,,,,,370.8255555555556,80.34481379356393,0.11698958763838128,44.65489533681434
2023-12-23T09:48:31.000Z,2024-01-01T01:37:15.000Z,b9fadb7383f45e6ab44b9af1821c91ea,loitering,"[124.028267, 33.356818, 124.016453, 33.37051]",33.3637,124.0224,[],['8327'],"['PICES', 'WCPFC', 'ACAP', 'IWC']",['61'],['61'],[],[],[],[],126,126,127.436836,127.509359,b85e3aa3c-cbc8-6217-6efa-862dfe1ae05f,SUQIYU03108-72-74%,31080072,,gear,,,,,207.8122222222222,8.340472151495398,0.021670980821412722,125.99661095039781
2023-12-23T09:52:05.000Z,2024-01-08T07:49:36.000Z,758b30bb4a2727be12a8f1f84f9ff597,loitering,"[123.96978, 33.481867, 123.962228, 33.729605]",33.6057,123.966,[],['8327'],"['PICES', 'IWC', 'ACAP', 'WCPFC']",['61'],['61'],[],[],[],[],122,110,124.558977,113.705625,41d18ef56-6af4-efbe-8d5e-330f9cc4868e,LU 106-0899%,96001068,,gear,,,,,381.9586111111111,38.44272122807743,0.05434465480453294,109.32772771656444
2023-12-23T09:52:13.000Z,2024-01-08T05:22:17.000Z,926ea3d4081d5eb44a092ebe2ac8218f,loitering,"[122.93378, 31.148508, 122.933813, 31.195538]",31.172,122.9338,[],['8486'],"['IWC', 'PICES', 'ACAP', 'WCPFC']",['61'],['61'],[],[],[],[],39,44,10.467863,10.982854,a8eed7e9a-ada1-cd33-e436-ce2d43a2b0e6,NET-ZSY01419-132-99%,14190132,,gear,,,,,379.50111111111113,55.279036890499576,0.0786513956971423,43.402430964905655
2023-12-23T09:52:31.000Z,2024-01-01T00:12:37.000Z,56cfbdd9f652d337c05e9ff2603950e8,loitering,"[123.965855, 33.541325, 123.983327, 33.586873]",33.5641,123.9746,[],['8327'],"['PICES', 'ACAP', 'IWC', 'WCPFC']",['61'],['61'],[],[],[],[],119,115,121.267156,117.907781,b69e1bb37-75fa-3447-d5c1-12d3f7f21781,03916-5-83%,100391605,,gear,,,,,206.335,12.364012806514177,0.03235530972879552,115.29306746560282
2023-12-23T09:52:59.000Z,2024-01-01T01:52:55.000Z,9e7942a8f0eb9170b88a334c33b134d5,loitering,"[123.931228, 33.542385, 123.792343, 33.4819]",33.5121,123.8618,[],['8327'],"['IWC', 'ACAP', 'WCPFC', 'PICES']",['61'],['61'],[],[],[],[],122,137,124.546273,139.14025,951db2127-7a11-c626-5d1a-fe26241b1bd6,ZHESHENGYU05259-20,259211220,NOR,gear,chn-zhoushan,CHN,ZHOUSHAN,ee2c0ae2fb94cf103f3a6685c54a6b16,207.99888888888893,43.10363126849387,0.11189530425570172,133.3029253357739
2023-12-23T09:54:28.000Z,2024-01-09T02:54:41.000Z,5863a95f77b4d449e6e3c8db2e751306,loitering,"[122.751872, 31.24394, 122.754943, 31.243743]",31.2438,122.7534,[],['8486'],"['IWC', 'WCPFC', 'ACAP', 'PICES']",['61'],['61'],['8486'],[],[],[],42,42,4.389222,4.389222,58c6874ba-a0e7-aca3-9f55-842c710200ba,ZHELINYU21599-4199%,215990041,MLT,gear,chn-shanghai,CHN,SHANGHAI,8ecfd3c5b42c2c359dd317eb57db6b54,401.00361111111107,47.56269662447158,0.06404381636844668,42.10960481492568
2023-12-23T09:55:25.000Z,2024-01-07T06:03:01.000Z,e1c42672bd5fd895505d0532b5a27a91,loitering,"[122.867712, 31.224653, 122.86816, 31.22352]",31.2241,122.8679,[],['8486'],"['WCPFC', 'IWC', 'PICES', 'ACAP']",['61'],['61'],[],[],[],[],43,43,7.316350000000001,7.316350000000001,772228719-9c85-34cd-e533-d21b6c5f49f6,SHENG01453-45,801245045,,other,chn-zhoushan,CHN,ZHOUSHAN,61363af6f12b6e5b0b10e53bd766c9b8,356.12666666666667,16.685003880965414,0.02529768816679204,43.184085553833505
2023-12-23T09:56:15.000Z,2024-01-01T05:26:15.000Z,12c305550a7f63ab050a86bc39e12f63,loitering,"[122.89312, 31.166313, 122.89216, 31.20734]",31.1868,122.8926,[],['8486'],"['PICES', 'WCPFC', 'IWC', 'ACAP']",['61'],['61'],['8486'],[],[],[],39,43,6.659962,8.00745,c0c0b3d7f-fe20-b746-f393-e1ab36b5ee09,NET107-ZSY0920799%,92070107,,gear,,,,,211.5,48.21087982883176,0.12308176153269038,42.81060152856499
2023-12-23T09:58:20.000Z,2024-01-02T13:59:10.000Z,44d857e881c8f7134b1282be5619a619,loitering,"[-40.02173166666667, -22.384488333333334, -40.03038333333333, -22.371821666666666]",-22.3782,-40.0261,[],['8464'],"['ACAP', 'ICCAT', 'IWC']","['41.2', '41.2.1', '41']",['41'],[],[],[],[],109,107,0.0,0.0,ce0bd704b-b7b8-c57d-c4c4-4d387a36b647,CBO TERRA BRASILIS,710033210,BRA,other,,,,,244.01388888888894,41.676043926872865,0.0922212402003125,107.98218501449519
2023-12-23T10:00:18.000Z,2024-01-08T04:07:28.000Z,6708604205d412051092721f663b355d,loitering,"[122.932533, 31.148548, 122.934112, 31.215338]",31.1819,122.9333,[],['8486'],"['IWC', 'ACAP', 'WCPFC', 'PICES']",['61'],['61'],[],[],[],[],39,46,10.467863,11.848327,c946f29f3-38ad-7612-3782-46742a9e66f8,NET-ZSY01419-125-99%,14190125,,gear,,,,,378.1194444444444,46.74619040814346,0.06675383643282141,42.18450552125123
2023-12-23T10:03:46.000Z,2024-01-01T13:27:40.000Z,df6d3d406ed3b953b30afd700c84215f,loitering,"[122.933002, 31.148473, 122.933375, 31.221317]",31.1849,122.9332,[],['8486'],"['ACAP', 'WCPFC', 'IWC', 'PICES']",['61'],['61'],[],[],[],[],39,46,10.467863,11.848327,cf8e3cfee-eb55-8205-0048-62cef2e60d71,NET169-ZSY0141999%,14190169,,gear,chn-shanghai,CHN,SHANGHAI,08e1ee4c3a5152a9edd1cd3b9391bc05,219.39833333333337,36.22061858546138,0.0891418322712632,45.79833544871619
2023-12-23T10:04:18.000Z,2024-01-01T19:25:00.000Z,c33fb358e0d5a9851b844d9b6162f84b,loitering,"[122.844927, 31.178818, 122.846868, 31.180778]",31.1798,122.8459,[],['8486'],"['IWC', 'ACAP', 'WCPFC', 'PICES']",['61'],['61'],['8486'],[],[],[],38,39,2.2038320000000002,3.063074,e9261a18f-fae4-0ebd-c7d9-e21d9c636dc4,NET-ZSY08288-69-99%,82880069,,gear,chn-shanghai,CHN,SHANGHAI,7bae05b40566fc73577b41d56dcd22a9,225.34499999999997,38.78493899201813,0.09293390880807366,38.953982345244604
2023-12-23T10:04:33.000Z,2024-01-01T02:37:28.000Z,02b799b824238cd60704be793b35d3c5,loitering,"[124.20284, 32.916808, 124.198547, 32.912222]",32.9145,124.2007,[],['8327'],"['IWC', 'PICES', 'WCPFC', 'ACAP']",['61'],['61'],[],[],[],[],152,153,152.401203,153.322016,3e671b46a-a0c8-b2f7-e2bb-6f79704ab955,,48050081,,gear,,,,,208.54861111111111,5.461808433911145,0.01414126235293373,152.00186611938886
2023-12-23T10:12:44.000Z,2024-01-01T08:04:46.000Z,81235dafe78dd888676c96ce7b9d1525,loitering,"[122.738207, 31.235633, 122.742953, 31.219983]",31.2278,122.7406,[],['8486'],"['WCPFC', 'ACAP', 'IWC', 'PICES']",['61'],['61'],['8486'],[],[],[],42,40,3.616939,2.2031370000000003,4f9794d68-84d5-986b-fe72-7c5ff924c0c3,NET-ZSY05528-51-99%,55280051,,gear,,,,,213.8672222222223,49.14663784408848,0.12408194764561133,40.99465475310148
2023-12-23T10:15:18.000Z,2024-01-01T19:33:54.000Z,c0b5f5086de2eea44a358cb7365bfcaf,loitering,"[122.8437, 31.180165, 122.847167, 31.182512]",31.1813,122.8454,[],['8486'],"['WCPFC', 'PICES', 'IWC', 'ACAP']",['61'],['61'],['8486'],[],[],[],38,39,2.2038320000000002,3.063074,f67877474-4b96-34af-dd7d-0757ba64dc48,NET-ZSY08288-77-88%,82880077,,gear,,,,,225.31,56.365290363275854,0.13507976570240168,38.44889339373589
2023-12-23T10:15:20.000Z,2024-01-01T09:14:25.000Z,14f0a5529eb107ea018beb2b4864b583,loitering,"[122.89313, 31.166605, 122.900255, 31.179165]",31.1729,122.8967,[],['8486'],"['IWC', 'WCPFC', 'ACAP', 'PICES']",['61'],['61'],['8486'],[],[],[],39,41,6.659962,7.691781,d1280e455-5bcb-8a74-5263-1268455d365f,NET-ZSY05822-111-99%,905822111,,gear,,,,,214.98472222222225,39.693998025086394,0.09969566241013562,40.966987318220276
2023-12-23T10:19:26.000Z,2024-01-01T20:10:49.000Z,b9127d7b9775e0435c614f38f60f973a,loitering,"[122.845877, 31.17517, 122.848543, 31.176233]",31.1757,122.8472,[],['8486'],"['IWC', 'PICES', 'WCPFC', 'ACAP']",['61'],['61'],['8486'],[],[],[],39,39,3.063074,3.063074,a34e89c0e-efcf-4240-2738-cae0407e748e,NET-ZSY08288-11-99%,82880011,,gear,,,,,225.85638888888883,33.86572543903508,0.08096307987889802,38.363274933600465
2023-12-23T10:22:25.000Z,2024-01-01T13:45:05.000Z,601cfb688f92a73a27659a6c26007780,loitering,"[122.845215, 31.183815, 122.849227, 31.181947]",31.1829,122.8472,[],['8486'],"['ACAP', 'WCPFC', 'PICES', 'IWC']",['61'],['61'],['8486'],[],[],[],39,39,3.063074,3.063074,1c7be431f-f48b-d4bc-770a-f523a08b1646,NET-ZSY08288-21-99%,82880021,,gear,,,,,219.3777777777778,29.28955765238764,0.07209069252509025,39.31676601154763
2023-12-23T10:28:39.000Z,2024-01-02T00:27:51.000Z,3106ebb84b41da4f874402a3a896620c,loitering,"[124.01619, 33.374872, 124.017428, 33.390663]",33.3828,124.0168,[],['8327'],"['IWC', 'PICES', 'ACAP', 'WCPFC']",['61'],['61'],[],[],[],[],126,124,127.509359,126.193641,7820b9a13-313a-6d25-4fba-da4ad832b556,SUQIYU03108-75-75%,31080075,,gear,,,,,229.9866666666667,14.35795534996078,0.033709239701974716,124.03680076565621
2023-12-23T10:42:20.000Z,2024-01-06T07:59:14.000Z,7bf7d8c12dba6d0190900c899908d14a,loitering,"[122.30373333333333, 31.125586666666667, 122.30234666666666, 31.124163333333332]",31.1249,122.303,[],['8486'],"['IWC', 'PICES', 'WCPFC', 'ACAP']",['61'],['61'],[],[],[],[],41,40,6.662772,6.663475,9b4241bad-d8d1-8c42-0a98-606c18103b52,DONGLEIFENJIN,413381030,CHN,other,chn-shanghai,CHN,SHANGHAI,68f6ebc555652fd41435bb762b0a9c2b,333.28166666666664,17.955273034308558,0.02908972440562287,40.413813230232215
2023-12-23T10:44:35.000Z,2024-01-01T15:52:15.000Z,e26b61f55d50e70092ebd25f13e17579,loitering,"[124.164273, 33.117053, 124.155547, 33.11534]",33.1162,124.1599,[],['8327'],"['IWC', 'PICES', 'WCPFC', 'ACAP']",['61'],['61'],[],[],[],[],136,136,136.993141,136.993141,44e323c15-570d-3b9b-563c-72845edf8743,,62593106,,gear,,,,,221.12777777777782,8.945593656767175,0.02184363359711388,136.0
2023-12-23T10:48:58.000Z,2024-01-10T21:23:48.000Z,929fb2a24a8994b5f86de29824ae90ba,loitering,"[-91.875, 28.716666666666665, -91.86833333333334, 28.73]",28.7233,-91.8717,[],['8456'],"['IWC', 'ACAP', 'NAMMCO', 'ICCAT']",['31'],['31'],[],[],[],[],83,81,17.602460999999998,16.145854,88b63410f-fd73-3140-b9b9-0b308fab7b6d,MIAMI,368197760,USA,other,usa-fourchon,USA,,6b92640cea1719698e9951a602cdad18,442.5805555555556,9.81244519908007,0.01197137216552357,81.99988897421497
2023-12-23T10:53:43.000Z,2024-01-01T02:34:16.000Z,26fbd6f77b81586e2eb8ddb72df3fcbb,loitering,"[124.14498, 32.22847, 124.402353, 31.985743]",32.1071,124.2737,[],['8486'],"['ACAP', 'WCPFC', 'PICES', 'IWC']",['61'],['61'],[],[],[],[],204,203,171.715891,175.253422,654e3da77-7539-759f-0804-cd72b719123e,,12207007,,gear,,,,,207.67583333333334,238.0279899550704,0.6188723575883771,202.837733608995
2023-12-23T10:55:00.000Z,2024-01-01T11:46:48.000Z,dc74a872d2e36af068a0a4d794824362,loitering,"[122.848138, 31.194153, 122.850762, 31.191703]",31.1929,122.8495,[],['8486'],"['ACAP', 'PICES', 'IWC', 'WCPFC']",['61'],['61'],['8486'],[],[],[],40,40,3.6181289999999997,3.6181289999999997,49e198adb-bdbf-6224-5de1-d452a626fe90,NET-ZSY08288-02-89%,82880002,,gear,,,,,216.86333333333334,36.953092901502785,0.09200759581717133,40.35769073887364
2023-12-23T10:56:38.000Z,2024-01-16T06:59:03.000Z,29287667a22abf5a6252c03d5afa1175,loitering,"[49.457166666666666, 29.233833333333333, 49.464166666666664, 29.231833333333334]",29.2328,49.4607,[],['8469'],"['IWC', 'RECOFI', 'ACAP', 'IOTC']","['51.2', '51']",['51'],[],[],[],[],80,80,10.988013,10.988013,24bcf5e3a-a8eb-2bba-d264-3df3f2c9df91,HORNET,352767000,PAN,other,are-khorfakkan,ARE,KHOR FAKKAN,abb647db0aa2314241252e3f34c10dd5,572.0402777777779,135.50983922628305,0.12790962886331433,80.00096869270865
2023-12-23T10:57:50.000Z,2024-01-01T12:43:43.000Z,88175bd9ca389a73117adcb6857dd55f,loitering,"[122.84832, 31.189282, 122.85072, 31.186623]",31.188,122.8495,[],['8486'],"['PICES', 'WCPFC', 'ACAP', 'IWC']",['61'],['61'],['8486'],[],[],[],40,40,3.6181289999999997,3.6181289999999997,b1f784583-3b65-2e19-b156-e19f3d6856e4,NET-ZSY08288-43-99%,82880043,,gear,,,,,217.7647222222222,35.06207009271996,0.08693788000466883,39.996671195081454
2023-12-23T10:59:13.000Z,2024-01-05T13:28:40.000Z,8852bcd1ec7292956b31ee3f439021ea,loitering,"[-38.451293, -16.780762, -38.521287, -16.889077]",-16.8349,-38.4863,[],['8464'],"['IWC', 'ACAP', 'ICCAT']","['41', '41.1.3', '41.1']",['41'],[],[],[],[],71,64,230.886375,240.880141,dfdb1887e-e211-4a0b-3c52-215344fb7611,REOBOTE - BOIA 5,710789993,BRA,gear,,,,,314.49083333333334,194.31049423013724,0.3336163163496765,68.57817951314607
2023-12-23T11:12:27.000Z,2024-01-01T10:59:00.000Z,360bdfccb2777195bfaab7b7e95d3f34,loitering,"[122.84816000000001, 31.1994, 122.85152, 31.197413]",31.1984,122.8498,[],['8486'],"['WCPFC', 'IWC', 'ACAP', 'PICES']",['61'],['61'],['8486'],[],[],[],41,41,4.3900060000000005,4.3900060000000005,f3b4b729a-a8c4-46d3-0b84-d95a74cea4d7,NET-ZSY08288-40-99%,82880040,,gear,chn-shanghai,CHN,SHANGHAI,a348f22c0ca312833c85ab04a884c10e,215.7758333333334,35.94349782584247,0.08994490203672627,40.99110768844889
2023-12-23T11:27:39.000Z,2024-01-01T00:58:31.000Z,8ce2982cea5e259c8dd119f0ee64ec7a,loitering,"[124.109808, 33.428927, 124.060398, 33.425583]",33.4273,124.0851,[],['8327'],"['WCPFC', 'ACAP', 'IWC', 'PICES']",['61'],['61'],[],[],[],[],115,119,116.824406,120.587633,818c1dccd-dbb7-a314-2127-74743264da45,ZHEFUYU06678-0299%,96066782,,gear,,,,,205.51444444444442,8.648222473511758,0.022721841158146353,115.89870697087366
2023-12-23T11:30:48.000Z,2024-01-02T17:09:59.000Z,f3939e9ac7aa9f6ba296d423a7c5cd0d,loitering,"[-31.194078, 10.080902, -29.989003, 10.0831]",10.082,-30.5915,[],[],"['NAMMCO', 'IWC', 'ACAP', 'ICCAT']","['34.4.2', '34.4', '34']",['34'],[],['63203'],[],[],874,774,902.197188,801.322188,6150372d5-5f10-cb6f-8169-87dd205b7d2a,BUOY-30  100%,168805966,,gear,,,,,245.65305555555554,168.7177656056976,0.3708494697801214,821.7457493625508
2023-12-23T11:31:48.000Z,2024-01-01T08:19:38.000Z,7c705bf34b2bb21256b37f6d560e746c,loitering,"[122.848095, 31.210578, 122.85074, 31.212098]",31.2113,122.8494,[],['8486'],"['WCPFC', 'IWC', 'ACAP', 'PICES']",['61'],['61'],['8486'],[],[],[],42,42,5.284535,5.284535,9d4f9fb65-5691-cc73-6266-bf3c5d2dc3df,NET-ZSY08288-56-92%,82880056,,gear,,,,,212.79722222222222,36.38422145712002,0.09232220096226458,41.99538818887684
2023-12-23T11:33:46.000Z,2024-01-05T17:42:15.000Z,1229d5bcf9b698e50130b61691e53294,loitering,"[-38.435843, -16.878963, -38.441542, -17.05459]",-16.9668,-38.4387,[],['8464'],"['ACAP', 'IWC', 'ICCAT']","['41.1', '41.1.3', '41']",['41'],[],[],[],[],73,75,241.888016,253.157078,5d754c0fd-d912-a888-a9d4-a037cee08ce2,REOBOTE - BOIA 7,710784559,BRA,gear,,,,,318.1413888888889,303.45021899782483,0.515022615668625,71.10707044963063
2023-12-23T11:35:11.000Z,2024-01-01T09:28:50.000Z,246e2a1d7b2ca88cfd0c38ff6009156f,loitering,"[122.848085, 31.205267, 122.851787, 31.205098]",31.2052,122.8499,[],['8486'],"['ACAP', 'WCPFC', 'PICES', 'IWC']",['61'],['61'],['8486'],[],[],[],42,42,5.284535,5.284535,ed799eebe-ef30-3ecc-1629-f8d38f6917c8,NET-ZSY08288-38-99%,82880038,,gear,,,,,213.89416666666673,36.53046355895211,0.09221790682485918,41.48461421025482
2023-12-23T11:36:51.000Z,2024-01-02T09:42:31.000Z,f2400a887c16bf7f5aa93a432c81c5c0,loitering,"[124.045058, 33.611737, 124.0554, 33.617227]",33.6145,124.0502,[],['8327'],"['ACAP', 'PICES', 'WCPFC', 'IWC']",['61'],['61'],[],[],[],[],108,107,111.109211,109.78667999999999,9a95a671e-e32d-598e-44df-38cdd5edc75c,ZHEDAIYU 02386-398V0,102386039,,gear,,,,,238.09444444444446,36.39316605937687,0.08253337308607236,108.3513076375466
2023-12-23T11:44:45.000Z,2024-01-01T11:03:23.000Z,6016d740745e19c0a09eb53bdb017fb0,loitering,"[123.930307, 33.631667, 123.951893, 33.62105]",33.6264,123.9411,[],['8327'],"['WCPFC', 'ACAP', 'PICES', 'IWC']",['61'],['61'],[],[],[],[],117,116,120.266414,119.014602,517c82d6c-c80f-fd1f-03a0-8bdbe4641534,118888-1_8.1V,118888001,,gear,,,,,215.31055555555554,5.636580779072418,0.014135443253280783,116.00139591649274
2023-12-23T11:47:40.000Z,2024-01-02T12:12:29.000Z,fc183b3ede1cfdf15eb681c98b3fb525,loitering,"[-31.252222, 10.080917, -30.045732, 10.086127]",10.0835,-30.649,[],[],"['ICCAT', 'ACAP', 'NAMMCO', 'IWC']","['34', '34.4', '34.4.2']",['34'],[],['63203'],[],[],879,778,907.4370620000001,805.417875,a03b8af68-8e82-17a0-6354-a9a6a64542e8,BUOY-16  100%,168805952,,gear,,,,,240.41361111111107,180.46959755920923,0.40532558272657576,826.1410201203945
2023-12-23T11:48:00.000Z,2024-01-01T11:11:06.000Z,83570416ca982c038c6f91e5465d3437,loitering,"[123.930653, 33.63201, 123.955615, 33.634175]",33.6331,123.9431,[],['8327'],"['ACAP', 'WCPFC', 'PICES', 'IWC']",['61'],['61'],[],[],[],[],117,115,120.266414,117.71807799999999,c20c0f187-7f51-25f6-7d4d-579c5cbda764,LURONGYU57776-15 7V9,577760015,VUT,gear,,,,,215.385,27.786543815324688,0.06965913771899215,115.53904229915572
2023-12-23T11:49:29.000Z,2024-01-01T10:58:23.000Z,bfe9bbf2814697211435ca8f415d3033,loitering,"[123.93068, 33.632033, 123.950353, 33.630982]",33.6315,123.9405,[],['8327'],"['WCPFC', 'PICES', 'IWC', 'ACAP']",['61'],['61'],[],[],[],[],117,116,120.266414,118.56641400000001,2bc08b245-534a-3742-4b43-d12744beb15b,,26207901,,gear,,,,,215.1483333333333,4.46046254864915,0.011194402774996622,116.00000000000003
2023-12-23T11:52:02.000Z,2024-01-01T00:10:17.000Z,9ba8fd60ee6f03196f197c9b08832e63,loitering,"[124.019263, 33.606482, 124.000607, 33.621148]",33.6138,124.0099,[],['8327'],"['ACAP', 'IWC', 'PICES', 'WCPFC']",['61'],['61'],[],[],[],[],111,112,113.60366400000001,114.800594,7d47c154f-f17b-da49-515d-8767b8e36e9a,LULANYU61319-6999%,96131969,,gear,,,,,204.30416666666667,7.4531869751913336,0.01969807606150378,111.99523340185158
2023-12-23T11:55:05.000Z,2024-01-02T19:16:46.000Z,44ce39e6cd40559ccd89bd808c2a097d,loitering,"[-30.966137, 10.074903, -29.7482, 10.066012]",10.0705,-30.3572,[],[],"['ACAP', 'NAMMCO', 'ICCAT', 'IWC']","['34.4.2', '34', '34.4']",['34'],[],['63203'],[],[],856,756,883.8156879999999,782.959375,83de7d76a-a33f-7222-32ee-c2da4fb407e1,BUOY-12  100%,168805948,,gear,,,,,247.36138888888894,153.31889831689523,0.33467463380766316,804.8799971084447
2023-12-23T11:57:21.000Z,2024-01-21T03:50:14.000Z,6e9f3397179e4964d6c9ec3aac02af48,loitering,"[114.69811833333333, 20.850115, 114.698075, 20.850156666666667]",20.8501,114.6981,[],['8486'],"['APFIC', 'WCPFC', 'ACAP', 'IWC']",['61'],['61'],[],[],[],[],132,132,133.736875,133.736875,a3de28831-19a0-83f2-ea9b-39e4879d844c,HYSY111,413021000,CHN,other,,,,,687.8813888888889,11.027236377987247,0.008655898243193249,132.00000000000003
2023-12-23T11:57:25.000Z,2024-01-01T03:58:55.000Z,f59289bad9057aee412973d1bc61ba8c,loitering,"[122.732948, 31.199753, 122.7312, 31.20072]",31.2002,122.7321,[],['8486'],"['ACAP', 'WCPFC', 'IWC', 'PICES']",['61'],['61'],['8486'],[],[],[],37,37,0.0,0.0,28e874c6e-eb06-6213-1106-4886cc2b3cb1,NET-ZSY05327-A11-99%,53270011,,gear,chn-shanghai,CHN,SHANGHAI,b4e01b7c6b6909c78391acda2b38e3ac,208.02500000000012,33.59801767678135,0.0872081635726655,37.33454368275536
2023-12-23T11:57:39.000Z,2024-01-02T19:28:53.000Z,dd64f7c6903fe02321b93a0275983402,loitering,"[-31.0791, 10.074653, -29.865143, 10.078773]",10.0767,-30.4721,[],[],"['ICCAT', 'NAMMCO', 'ACAP', 'IWC']","['34.4.2', '34.4', '34']",['34'],[],['63203'],[],[],865,764,893.313875,791.705875,6deddadf4-41e8-bdae-2045-f804db047d6c,BUOY-29  100%,168805965,,gear,,,,,247.52055555555555,174.97894281284368,0.3817099974635392,812.948877835033
2023-12-23T11:59:05.000Z,2024-01-14T21:58:21.000Z,d38772fadf98a70632daa31ca617a1e3,loitering,"[-46.510373333333334, -24.09845, -45.04866333333333, -25.756105]",-24.9273,-45.7795,[],['8464'],"['ACAP', 'ICCAT', 'IWC']","['41.2.1', '41.2', '41']",['41'],[],[],[],[],6,196,14.210353999999999,58.064402,138fa42c0-0c08-1031-5658-b909e557a5f0,DURABLE,538001648,MHL,other,bra-botafogo,BRA,BOTAFOGO,b00e12446a9b10d1a197eebac6072841,537.9877777777779,194.49062722251531,0.19520245945168369,79.34312806784591
2023-12-23T11:59:56.000Z,2024-01-02T17:48:08.000Z,040680df5b8d203c19c23af583d3d2d3,loitering,"[-31.136615, 10.075193, -29.929633, 10.081408]",10.0783,-30.5331,[],[],"['ACAP', 'ICCAT', 'NAMMCO', 'IWC']","['34.4', '34', '34.4.2']",['34'],[],['63203'],[],[],870,769,897.843375,796.501938,a94c5f806-600c-2a89-2eb4-7efd18ee8bd4,BUOY-24  100%,168805960,,gear,,,,,245.8033333333333,149.43157544580626,0.32825671938163437,817.078539883374
2023-12-23T12:00:44.000Z,2024-01-09T03:24:35.000Z,e63a79449fa6cab6d652a46339680bda,loitering,"[123.95802, 33.817157, 123.974813, 33.792525]",33.8048,123.9664,[],['8327'],"['IWC', 'ACAP', 'WCPFC', 'PICES']",['61'],['61'],[],[],[],[],107,107,110.926375,110.86991400000001,59800bba1-1749-e4fa-ece0-d997e690b0e8,,10679343,,gear,,,,,399.3974999999999,10.107298014961028,0.013664342735577307,106.29185260452233
2023-12-23T12:07:36.000Z,2024-01-01T08:09:10.000Z,e40a02b7f7cac4b631f78bcab613ce66,loitering,"[125.610133, 32.178462, 125.610647, 32.185922]",32.1822,125.6104,[],['8327'],"['IWC', 'WCPFC', 'PICES', 'ACAP']",['61'],['61'],[],[],[],[],126,125,129.243164,128.257281,3d0f3c887-720f-11b4-fc79-009f5736e960,,329906,,gear,,,,,212.02611111111113,6.127959915813928,0.015605783790062144,125.41036605113088
2023-12-23T12:18:19.000Z,2024-01-01T01:08:56.000Z,f2232769b106603f6fa589f4758a44ac,loitering,"[124.01845, 33.54289, 124.000103, 33.578085]",33.5605,124.0093,[],['8327'],"['ACAP', 'PICES', 'IWC', 'WCPFC']",['61'],['61'],[],[],[],[],115,114,117.203164,116.744867,91670c98d-d930-2676-dfee-10ffb7d37118,MINFUDINYU09983-07,232000323,GBR,other,,,,,204.84361111111113,41.07423182616023,0.10826947836426726,113.97476016976498
2023-12-23T12:44:26.000Z,2024-01-01T00:07:25.000Z,f25b9fb96faaa8d8fd6ae3a3d533ef69,loitering,"[123.9837, 33.604947, 123.984078, 33.60639]",33.6057,123.9839,[],['8327'],"['WCPFC', 'PICES', 'ACAP', 'IWC']",['61'],['61'],[],[],[],[],115,114,117.424086,116.94896899999999,f129158a1-1e61-3ee8-a55a-968c846d62db,BUOY 257-802     8V0,43257802,,gear,,,,,203.38305555555556,5.708422835090806,0.015155155076167773,113.97671683447344
2023-12-23T12:47:05.000Z,2024-01-02T11:29:34.000Z,42f0b850efab8ea76462d0f01fd84993,loitering,"[116.18759, 22.487903, 115.505053, 22.350168]",22.419,115.8463,[],['8486'],"['ACAP', 'APFIC', 'WCPFC', 'IWC']",['61'],['61'],['8486'],[],[],[],39,35,43.017172,33.610617,c0508119c-c0d3-b920-2af1-f86cfc1996f1,TIELONG68976-19-33%,236897619,GIB,gear,,,,,238.70805555555552,192.44432546349555,0.43530840456399333,47.40057724140341
2023-12-23T12:51:16.000Z,2024-01-01T08:07:02.000Z,20e79fb8bc385b86ebeadc96388d1554,loitering,"[122.74017, 31.16845, 122.743103, 31.220393]",31.1944,122.7416,[],['8486'],"['ACAP', 'IWC', 'PICES', 'WCPFC']",['61'],['61'],['8486'],[],[],[],34,40,0.0,2.2031370000000003,ede57e89b-b433-c29f-095e-581ed0186d68,NET-ZSY05528-56-99%,55280056,,gear,,,,,211.26277777777779,49.850885665389164,0.12741158265766045,39.364950641847436
2023-12-23T12:51:33.000Z,2024-01-01T01:29:02.000Z,fc84d21a4e5684fe8c6d9c14c5b4f22e,loitering,"[123.968427, 33.51765, 123.950687, 33.523743]",33.5207,123.9596,[],['8327'],"['WCPFC', 'ACAP', 'PICES', 'IWC']",['61'],['61'],[],[],[],[],120,121,122.333844,123.95674199999999,43a24e1bb-ba17-b180-5389-51126304015a,ZHEDAIYU02264-55B51%,96226455,,gear,,,,,204.6247222222222,33.229376652548304,0.08768455640785562,120.76792753924877
2023-12-23T12:59:34.000Z,2024-01-11T17:59:58.000Z,5f0c4cdfb7f0667cece5d508e3717b9b,loitering,"[2.8687216666666666, 52.128173333333336, 2.8302266666666664, 52.12367666666667]",52.1259,2.8495,[],['5668'],"['NAMMCO', 'NASCO', 'ACAP', 'IWC', 'NEAFC', 'ICCAT', 'ICES']","['27', '27.4', '27.4.c']",['27'],[],[],[],[],72,73,7.59126,4.7792330000000005,970d59cdc-c9c8-5a02-4fe2-b3f574d197e6,FLAGSHIP,538009408,MHL,cargo,nld-nld-497,NLD,,f3f2bad91cc9376eaebd332b36cd375b,461.0066666666669,95.89558150268496,0.1123182708573648,73.4725283651794
2023-12-23T13:09:13.000Z,2024-01-17T04:04:32.000Z,c2fe895920e19c58b28c1132515a8d0e,loitering,"[124.098123, 33.414835, 124.182992, 33.279817]",33.3473,124.1406,[],['8327'],"['IWC', 'ACAP', 'PICES', 'WCPFC']",['61'],['61'],[],[],[],[],117,122,118.898656,122.720406,aa3f3947d-dd74-8f11-5007-a1ffbdeb6e16,MINYU64352-56-49%,96052206,,gear,,,,,590.9219444444443,72.2763569066934,0.06604275066727061,119.50732638347469
2023-12-23T13:11:06.000Z,2024-01-04T00:03:57.000Z,289c725c4915e9b76ad2ddd6071a8eb8,loitering,"[139.291943, -8.785, 139.259095, -8.8399]",-8.8124,139.2755,[],['8492'],"['IWC', 'APFIC', 'SEAFDEC', 'ACAP', 'WCPFC']",['71'],['71'],[],[],[],[],61,63,122.89518,127.728734,c3e191ee5-5dec-b121-2ee2-49af40c84c15,994163442         9V,994163442,,gear,,,,,274.8808333333334,110.2682797228549,0.21660334451006694,67.21632757269937
2023-12-23T13:12:27.000Z,2024-01-02T06:05:33.000Z,057f2953aecf0bcc76354d4e76a7cb3b,loitering,"[125.889002, 31.847015, 125.882357, 31.848032]",31.8475,125.8857,[],['8327'],"['IWC', 'WCPFC', 'ACAP', 'PICES']",['61'],['61'],[],[],[],[],151,151,154.945031,155.15192199999998,a812202ce-e6ea-6d91-3c53-daaada3dbdd7,ZHEYU07210-5-87%,96064621,,gear,,,,,232.88500000000002,26.900137993690258,0.06236946357039247,151.5346785615675
2023-12-23T13:14:31.000Z,2024-01-05T23:11:38.000Z,1dc053271a8a1d735b329b033693c40a,loitering,"[124.03528, 33.608285, 123.983592, 33.549692]",33.579,124.0094,[],['8327'],"['PICES', 'WCPFC', 'IWC', 'ACAP']",['61'],['61'],[],[],[],[],109,117,111.93925,119.92617999999999,49fc406ea-aa42-8676-6386-6c4705e3a57e,ZHEDAIYU02601-52-68%,26010052,,gear,,,,,321.95194444444445,15.391006001292485,0.025812791461055428,113.08160048394598
2023-12-23T13:14:57.000Z,2024-01-02T05:50:43.000Z,6a7594b46e814c0a9cba9bfd36c8d85e,loitering,"[125.88455, 31.815038, 125.883763, 31.814957]",31.815,125.8842,[],['8327'],"['ACAP', 'WCPFC', 'IWC', 'PICES']",['61'],['61'],[],[],[],[],154,155,158.40634400000002,159.491891,63bc39df1-1056-4110-24f0-1b615af00527,ZHEYU07210-64-92%,96052229,,gear,,,,,232.59611111111113,1.8927128176763126,0.004393810188872746,154.86507189201444
2023-12-23T13:20:40.000Z,2024-01-04T11:15:22.000Z,a3d8966c452df84762b9406de3a75ecc,loitering,"[121.477767, 34.611457, 120.90972, 34.850998]",34.7312,121.1937,[],['8486'],"['PICES', 'ACAP', 'WCPFC', 'IWC']",['61'],['61'],[],[],[],[],115,83,95.884789,75.24817999999999,da2bf946a-a7d2-2d45-e0d0-2b3ae8f8a560,,55690045,,gear,chn-chn-134,CHN,CHN-134,13a212fe84d9f72ce22871107fcd25b1,285.91166666666663,255.9046747824111,0.48328727468817484,93.85706056456222
2023-12-23T13:26:56.000Z,2024-01-05T11:49:56.000Z,ee63c69ca4a093b21abd60be9d9c38f6,loitering,"[-31.487793, 13.98463, -31.767865, 14.366532]",14.1756,-31.6278,[],[],"['IWC', 'ICCAT', 'ACAP', 'NAMMCO']","['34.4.2', '34.4', '34']",['34'],[],['63203'],[],[],731,747,758.647125,775.744375,29453e6ad-dc72-2cf5-d829-4f25f10bb9e7,SD8008  100%,168805487,,gear,,,,,310.3833333333333,204.04717255608293,0.35496963662426345,727.6486085620581
2023-12-23T13:33:35.000Z,2024-01-03T12:38:23.000Z,f05c5d4b52b8a0c7af6769904b7ebbc7,loitering,"[121.48646, 34.61115, 121.043627, 34.767745]",34.6894,121.265,[],['8486'],"['IWC', 'ACAP', 'WCPFC', 'PICES']",['61'],['61'],[],[],[],[],116,87,96.718938,74.343602,57942230e-e29c-3386-adcb-f2b0b451cb75,,55690046,,gear,,,,,263.0799999999999,225.54508026340994,0.4629185060597364,95.00161324392901
2023-12-23T13:33:39.000Z,2024-01-18T02:19:51.000Z,7e393f09143edd5fd19b6fa3d6555679,loitering,"[122.9512, 31.208525, 122.953312, 31.203677]",31.2061,122.9523,[],['8486'],"['ACAP', 'PICES', 'IWC', 'WCPFC']",['61'],['61'],[],[],[],[],46,45,13.141463,12.808561,fc5348049-910b-25a7-d24b-58ebab9d09aa,NET-ZSY01429-122-93%,901429122,,gear,,,,,612.77,54.06952674999343,0.047644644529415914,45.801449212500245
2023-12-23T13:36:32.000Z,2024-01-01T00:57:36.000Z,28c972525599c15d20a2a8b0b54f1d1b,loitering,"[124.095468, 33.329793, 124.093737, 33.295607]",33.3127,124.0946,[],['8327'],"['PICES', 'ACAP', 'WCPFC', 'IWC']",['61'],['61'],[],[],[],[],123,126,124.460938,127.342773,3c1cd77cb-b384-cb1d-1071-09b14cc9eff4,ZHEDANYU20888-75-78%,922088875,,gear,,,,,203.3511111111111,28.34764290108204,0.0752713007700711,124.18182705191956
2023-12-23T13:43:15.000Z,2024-01-04T06:46:52.000Z,caa5f5ae985320a3246103e68fbbb10f,loitering,"[116.297742, 22.356265, 116.36627, 22.329173]",22.3427,116.332,[],['8486'],"['WCPFC', 'ACAP', 'IWC', 'APFIC']",['61'],['61'],[],[],[],[],56,62,61.040116999999995,65.805414,4e8d95ba6-6424-2bcd-722e-bacf49ebb9de,TIELONG15888-07-81%,412158807,CHN,gear,,,,,281.06027777777774,19.50776375591016,0.037477191168717686,60.06815522257091
2023-12-23T13:45:02.000Z,2024-01-01T12:42:38.000Z,6b268be4466247fc766b693c6e3cb2f7,loitering,"[126.105087, 31.26773, 126.097067, 31.263713]",31.2657,126.1011,[],['8327'],"['ACAP', 'IWC', 'PICES', 'WCPFC']",['61'],['61'],[],[],[],[],212,213,216.11954699999998,217.28851600000002,77ea4c80e-e42b-be32-a48e-c8d781afb343,YUELIANYU15011-8299%,96062992,,gear,,,,,214.96,27.532581172603642,0.06915893431728833,212.30253597182218
2023-12-23T14:02:08.000Z,2024-01-08T05:48:48.000Z,5dbdaf9a4b5d7c34827aa335acf4699b,loitering,"[122.849547, 31.214655, 122.858997, 31.17064]",31.1926,122.8543,[],['8486'],"['PICES', 'IWC', 'WCPFC', 'ACAP']",['61'],['61'],['8486'],[],[],[],42,38,5.284535,3.805692,9bdb971e5-5271-0700-c2af-1df1155fc581,NET-ZSY08288-24-99%,82880024,,gear,,,,,375.7777777777778,52.418093357944485,0.07531979751484168,38.02171126552336
2023-12-23T14:12:28.000Z,2024-01-02T00:59:02.000Z,99b91abf8e20541f1f06ca5d004af712,loitering,"[135.68737, -5.214813, 135.763712, -5.249912]",-5.2324,135.7255,[],['8492'],"['WCPFC', 'ACAP', 'APFIC', 'SEAFDEC', 'IWC']",['71'],['71'],[],[],[],[],79,80,111.552148,105.47175,82123cd7a-a43b-c5af-767b-92c32c5c3af4,AIS BUOY MANGBULU99%,123023860,,gear,,,,,226.77611111111116,281.81482599798795,0.6710046832831893,81.96526651544636
2023-12-23T14:21:22.000Z,2024-01-07T21:22:57.000Z,1a6b52fdc2c96f8143264976a88a9bec,loitering,"[123.19088, 32.52199, 123.186347, 32.520303]",32.5211,123.1886,[],['8486'],"['PICES', 'ACAP', 'IWC', 'WCPFC']",['61'],['61'],[],[],[],[],145,145,130.505875,130.505875,41695b9ef-f0aa-b807-9961-c30c41cea7c5,SUQIYU04498-26_7.6V,980449826,,gear,,,,,367.0263888888889,18.931809486693567,0.027851837479627245,145.0
2023-12-23T14:25:22.000Z,2024-01-01T15:35:30.000Z,130113b3e059ea9426946b53adf15a21,loitering,"[122.934325, 31.125325, 122.931242, 31.126947]",31.1261,122.9328,[],['8486'],"['IWC', 'WCPFC', 'ACAP', 'PICES']",['61'],['61'],['8486'],[],[],[],38,38,10.470071,10.470071,c7086e169-9a20-126f-065b-3709aad99d93,NET172-ZSY0141999%,14190172,,gear,,,,,217.1688888888889,22.907378996152815,0.05695564959417304,37.45664062757972
2023-12-23T14:32:15.000Z,2024-01-09T09:59:44.000Z,d0b8862ec22054595f09924c0095c1dd,loitering,"[122.959423, 31.225013, 122.959402, 31.232833]",31.2289,122.9594,[],['8486'],"['PICES', 'IWC', 'WCPFC', 'ACAP']",['61'],['61'],[],[],[],[],48,48,14.893604,14.893604,0bbc9143b-b124-b086-741b-998ba0b9b36a,NET-ZSY01429-111-74%,901429111,,gear,,,,,403.4580555555555,31.018896161510032,0.04151327204269361,47.40929821348309
2023-12-23T14:38:25.000Z,2024-01-09T00:54:07.000Z,730161e955dd45d062d9d0ead18180ee,loitering,"[122.951925, 31.183802, 122.822068, 31.341693]",31.2627,122.887,[],['8486'],"['WCPFC', 'PICES', 'IWC', 'ACAP']",['61'],['61'],[],[],[],[],43,54,12.417731999999999,15.221396,7841ab023-3bdd-084e-e948-e91af04b95bf,NET-ZSY01429-130-99%,901429130,,gear,,,,,394.26166666666666,87.07222742955653,0.1192488277902572,43.41471749559264
2023-12-23T14:38:44.000Z,2024-01-01T11:32:56.000Z,34fc03628adbdbc4008391ef1ebd972a,loitering,"[123.514495, 32.468735, 123.514517, 32.464157]",32.4664,123.5145,[],['8486'],"['PICES', 'WCPFC', 'IWC', 'ACAP']",['61'],['61'],[],[],[],[],170,170,149.844891,148.99178099999997,859ac2225-52bb-514b-22ca-3f22b4ccde10,HAIMENYU01951-98-99%,101951098,,gear,chn-lusi,CHN,LUSI,7d059aa17d7e14ecd84d842ebac89c6a,212.90333333333334,31.261230436683366,0.07928346538499939,169.79666710509707
2023-12-23T14:40:16.000Z,2024-01-02T05:27:28.000Z,84c863bfa93e442c439d2495d8b43fa4,loitering,"[123.321297, 32.45855, 123.3118, 32.462058]",32.4603,123.3165,[],['8486'],"['IWC', 'ACAP', 'WCPFC', 'PICES']",['61'],['61'],[],[],[],[],153,152,138.214438,137.688484,0996a7b05-5360-66c6-545e-eabe305520ed,HAIMENYU01972-3  8V1,19720003,,gear,,,,,230.78666666666666,7.310087905656659,0.017102945137726245,152.99887906892286
2023-12-23T14:40:28.000Z,2024-01-01T07:20:58.000Z,18b102a4ab1a7ba4d5dff9a6f665001b,loitering,"[123.3576, 32.445653, 123.35396, 32.447987]",32.4468,123.3558,[],['8486'],"['ACAP', 'IWC', 'PICES', 'WCPFC']",['61'],['61'],[],[],[],[],156,155,139.458656,138.91175,7c6ee25c3-3286-9959-6260-69ee7520630a,SUQIYU03485-06_8.1V,34850006,,gear,,,,,208.67499999999998,28.096269902434845,0.07270047722797639,155.42044715081605
2023-12-23T14:42:17.000Z,2024-01-08T02:12:53.000Z,a545450ea253957bd6d7aef4aa4c3823,loitering,"[124.35561, 33.122342, 124.334383, 33.12429]",33.1233,124.345,[],['8327'],"['IWC', 'ACAP', 'PICES', 'WCPFC']",['61'],['61'],[],[],[],[],125,126,125.623164,127.221508,fbbffcb1c-cf4c-537a-9b46-5ee701fbeb04,MINYU09855-42-99%,96064176,,gear,,,,,371.50999999999993,16.820150774741254,0.02444659590851552,124.95576306761777
2023-12-23T14:43:37.000Z,2024-01-01T11:34:41.000Z,a4a91d15e3f44bbca3ab8f313e7cc4ac,loitering,"[123.357183, 32.462513, 123.357802, 32.457597]",32.4601,123.3575,[],['8486'],"['IWC', 'WCPFC', 'ACAP', 'PICES']",['61'],['61'],[],[],[],[],157,157,140.361891,140.361891,eee1333f8-86ce-b8d9-b3d6-a43884f27583,SURUYU03485-70-91%,220348570,DNK,gear,,,,,212.85111111111115,29.99869589390475,0.07610014276250393,156.22943381152166
2023-12-23T14:53:24.000Z,2024-01-01T06:24:36.000Z,44b7fa387c3552cbdd21ecb7296d316c,loitering,"[123.534173, 32.45008, 123.533013, 32.451013]",32.4505,123.5336,[],['8486'],"['PICES', 'IWC', 'ACAP', 'WCPFC']",['61'],['61'],[],[],[],[],171,171,149.363078,149.363078,a65cb7e9a-a3f0-07e2-c9df-a5577e7f38b1,SUHAIMENYU01991-A1,19917301,,other,,,,,207.52,4.975362682678154,0.012945648275692891,171.0
2023-12-23T14:54:18.000Z,2024-01-03T23:54:19.000Z,fccc2f1009c21f3deb67f4acc960506e,loitering,"[122.960405, 31.2414, 123.187583, 30.89752]",31.0695,123.074,[],['8486'],"['ACAP', 'PICES', 'WCPFC', 'IWC']",['61'],['61'],[],[],[],[],49,40,15.423173,18.196602,c35ef7c2d-d5d8-009d-944f-39c1d6c244ff,NET-ZSY01429-128-99%,901429128,,gear,,,,,273.00027777777774,69.04783652014208,0.13656707383754949,48.09950292940721
2023-12-23T14:54:39.000Z,2024-01-01T12:21:02.000Z,d94639105a38cda3f8adecdf2e1c3ec6,loitering,"[123.35256, 32.45107, 123.35228, 32.450447]",32.4508,123.3524,[],['8486'],"['IWC', 'PICES', 'ACAP', 'WCPFC']",['61'],['61'],[],[],[],[],155,155,138.91175,138.91175,f3de155e4-4314-d637-0329-b77907d7a750,SUQIYU03485-04_8.3V,34850004,,gear,,,,,213.4397222222222,4.080488598712794,0.010322762592450048,155.00000000000003
2023-12-23T14:56:02.000Z,2024-01-12T05:38:13.000Z,15bb8fd205bfd275717ac33fee379ce9,loitering,"[122.93921, 31.145188, 122.915573, 31.153272]",31.1492,122.9274,[],['8486'],"['PICES', 'IWC', 'WCPFC', 'ACAP']",['61'],['61'],['8486'],[],[],[],40,39,11.419486999999998,9.516238999999999,2f3237ac3-38cb-e683-5f42-44abd99e8027,NET-ZSY07785-47-99%,77850047,,gear,chn-shanghai,CHN,SHANGHAI,104acee5ed33e2e80f95bfbc7ecbd009,470.7030555555556,56.022495147855466,0.06426499051710434,39.88354561510478
2023-12-23T14:57:39.000Z,2024-01-02T09:37:28.000Z,764292fc902d46a82f6ba48722dff488,loitering,"[124.105632, 33.4952, 124.048767, 33.496655]",33.4959,124.0772,[],['8327'],"['IWC', 'WCPFC', 'ACAP', 'PICES']",['61'],['61'],[],[],[],[],110,115,112.37476600000001,117.06607000000001,38eadf956-6571-77be-26f0-7219279de6d0,FUDINGYU09158-01-99%,91580001,,gear,,,,,234.66361111111112,33.66459565762748,0.07746163699967575,115.21922407229816
2023-12-23T14:58:39.000Z,2024-01-01T01:42:15.000Z,71d3da25cee276edf4912e383c4081b5,loitering,"[123.190602, 30.170338, 123.18896, 30.190058]",30.1802,123.1898,[],['8486'],"['PICES', 'ACAP', 'IWC', 'WCPFC']",['61'],['61'],['8486'],[],[],[],38,37,24.033057,24.133303,8e1e9b203-397e-25f1-0e2c-d85dd16caf06,ZHEDAIYU06828-24-99%,68280024,,gear,,,,,202.7266666666667,36.87767959732432,0.09822266760285897,37.75860586907701
2023-12-23T14:58:47.000Z,2024-01-01T12:59:21.000Z,d0ce179a8ac8dabb2bfdf6b91f945033,loitering,"[108.941587, -13.891125, 108.946133, -13.872113]",-13.8816,108.9439,[],[],"['IWC', 'IOTC', 'SEAFDEC', 'ACAP', 'CCSBT']","['57', '57.2']",['57'],[],['63203'],[],[],512,512,523.755188,522.8737189999999,d071f5b90-02e6-0590-44f5-c40ebcb8a61d,KUS KMJ 20,487952023,,other,,,,,214.00944444444443,48.5730121024602,0.12255220052154772,511.6391588280176
2023-12-23T14:58:56.000Z,2024-01-01T09:13:24.000Z,c642586b499163e82a756c4f62c6183b,loitering,"[122.933973, 31.176632, 122.936127, 31.177418]",31.177,122.9351,[],['8486'],"['PICES', 'ACAP', 'IWC', 'WCPFC']",['61'],['61'],[],[],[],[],42,43,10.52401,11.470498,0b7597e4d-de01-dcfd-f77f-6bcde0abaee7,NET-ZSY07785-59-99%,907785059,,gear,chn-shanghai,CHN,SHANGHAI,dc76b33e2cc034a02497a5439152f223,210.24111111111108,19.731077683502374,0.0506748160643518,41.68707375598539
2023-12-23T14:59:01.000Z,2024-01-03T17:37:04.000Z,93623eb1ea98903d7cf3fc9501fd9732,loitering,"[122.941333, 31.14982, 122.939828, 31.15068]",31.1503,122.9406,[],['8486'],"['IWC', 'ACAP', 'WCPFC', 'PICES']",['61'],['61'],['8486'],[],[],[],40,40,11.419486999999998,11.419486999999998,caf44f785-5386-46af-ed92-d728376023db,NET-ZSY07785-46-99%,77850046,,gear,,,,,266.6341666666667,22.896064652604668,0.046366472969653155,40.00000000000001
2023-12-23T14:59:08.000Z,2024-01-01T11:27:47.000Z,c6171243dc41d5dae0b1ff45ec8b6bad,loitering,"[123.357547, 32.42721, 123.353013, 32.459233]",32.4432,123.3553,[],['8486'],"['ACAP', 'PICES', 'WCPFC', 'IWC']",['61'],['61'],[],[],[],[],155,156,137.661344,139.818578,09cc58bd5-52c6-872b-fb8c-1814126261f6,SUQIYU03485-05_8.1V,34850005,,gear,,,,,212.47750000000002,30.871977744521907,0.07845317466220322,154.70749703908137
2023-12-23T15:00:12.000Z,2024-01-17T22:20:18.000Z,d5a3f8c5721f0e8b469446d455d9a233,loitering,"[122.941312, 31.156063, 122.936543, 31.125327]",31.1407,122.9389,[],['8486'],"['PICES', 'IWC', 'WCPFC', 'ACAP']",['61'],['61'],['8486'],[],[],[],41,38,11.471698,11.421896,e9d05dbf8-893b-0f6e-135e-0ee9bdd06ba7,NET-ZSY07785-41-99%,77850041,,gear,chn-shanghai,CHN,SHANGHAI,cc4f0d66c1a4187161f6d04f7ad5482a,607.3349999999999,62.735273443094655,0.05577537555427258,40.23974975017733
2023-12-23T15:00:16.000Z,2024-01-08T18:36:41.000Z,2a34929a283489fb08560fc841b23657,loitering,"[122.969207, 31.163808, 122.967973, 31.163237]",31.1635,122.9686,[],['8486'],"['PICES', 'ACAP', 'WCPFC', 'IWC']",['61'],['61'],[],[],[],[],43,43,14.31535,14.31535,c452e3142-2b4c-1ee9-9e94-f6177cb3ed57,,10670606,,gear,chn-shanghai,CHN,SHANGHAI,e540f58d2ad0fb0f5e86089f8ecdebd6,387.6069444444444,39.099096486247724,0.054467092138869515,42.97644087251482
2023-12-23T15:01:41.000Z,2024-01-11T05:08:13.000Z,4b62a1dbd4489fbeb1b44c3c6f0d8318,loitering,"[122.941707, 31.16898, 122.941973, 31.174722]",31.1719,122.9418,[],['8486'],"['ACAP', 'IWC', 'PICES', 'WCPFC']",['61'],['61'],[],[],[],[],42,42,11.417076999999999,11.417076999999999,9d2608de5-5156-b1ed-f39e-cb327f14f827,NET-ZSY07785-55-99%,907785055,,gear,,,,,446.1088888888889,22.131032372813273,0.026786737038489487,42.1072226840674
2023-12-23T15:03:15.000Z,2024-01-01T07:38:45.000Z,7725653a58658bab0740cfbdc29c42aa,loitering,"[122.849215, 31.214397, 122.8493, 31.217877]",31.2161,122.8493,[],['8486'],"['ACAP', 'IWC', 'PICES', 'WCPFC']",['61'],['61'],['8486'],[],[],[],42,43,5.284535,6.249267,f51cd0a2a-a7c8-d7eb-4e95-e55d0504869a,NET-ZSY08288-50-99%,82880050,,gear,,,,,208.5916666666667,36.43986897061101,0.09432761855802736,42.518865033460756
2023-12-23T15:05:05.000Z,2024-01-03T04:40:02.000Z,2b0a323c64ca0b45d4b1f2e9051d2201,loitering,"[122.950847, 31.232833, 122.949312, 31.241712]",31.2373,122.9501,[],['8486'],"['WCPFC', 'ACAP', 'PICES', 'IWC']",['61'],['61'],[],[],[],[],48,49,14.04971,14.609988999999999,752c35c01-17f8-f589-6f1c-b53229cc7235,NET-ZSY09282-66-99%,92820066,,gear,,,,,253.58249999999998,16.21637141513894,0.03452974898886631,48.79307445264049
2023-12-23T15:07:14.000Z,2024-01-01T04:33:06.000Z,ae95151d51d8df05625b8cf18acb9c3f,loitering,"[123.534412, 32.45875, 123.532247, 32.459613]",32.4592,123.5333,[],['8486'],"['ACAP', 'IWC', 'WCPFC', 'PICES']",['61'],['61'],[],[],[],[],172,172,150.20571900000002,150.20571900000002,0c613d76b-b15f-0286-f0d9-5e62e70b3f1c,HAIMENYU01991-98 8V1,101991098,,gear,,,,,205.43111111111114,5.754238551237324,0.015124487414018319,172.0
2023-12-23T15:08:38.000Z,2024-01-01T00:24:55.000Z,a70bf8962dfdec3fa1e3c717cc66c81e,loitering,"[124.033022, 33.588122, 124.03244, 33.58728]",33.5877,124.0327,[],['8327'],"['PICES', 'IWC', 'WCPFC', 'ACAP']",['61'],['61'],[],[],[],[],111,111,113.76380499999999,113.76380499999999,713498aa1-17f4-bf42-aab7-b72ab24f289b,ZHEDAIYU02601-58-98%,26010058,,gear,,,,,201.2713888888889,5.2686579860125615,0.014134387109532492,111.00000000000003
2023-12-23T15:12:31.000Z,2024-01-08T16:07:16.000Z,ec0a69627641a7a2b53ebe0ddba1a4d5,loitering,"[123.299467, 32.35796, 123.299103, 32.358655]",32.3583,123.2993,[],['8486'],"['IWC', 'ACAP', 'PICES', 'WCPFC']",['61'],['61'],[],[],[],[],147,147,128.05329700000001,128.05329700000001,03f32c7b7-7e39-a454-500e-8ee0b1b98741,SUQIYU03269-09-68%,32690009,,gear,,,,,384.9125,22.767986888807837,0.03193902360043517,147.0
2023-12-23T15:14:06.000Z,2024-01-08T15:49:01.000Z,1e80b4401452abf4986a01ec9720824c,loitering,"[123.300488, 32.35352, 123.293707, 32.35311]",32.3533,123.2971,[],['8486'],"['PICES', 'WCPFC', 'ACAP', 'IWC']",['61'],['61'],[],[],[],[],147,146,127.15948399999999,126.601016,b237ab68b-b877-739f-eb45-e490b225bddc,SUQIYU03269AI35  7V0,412269035,CHN,gear,,,,,384.58194444444445,22.21459580760468,0.03118950932463209,146.96056706730099
2023-12-23T15:16:05.000Z,2024-01-16T06:20:03.000Z,ff6252f587074d9ca879e008c0a4757d,loitering,"[122.910092, 31.165015, 122.905375, 31.136342]",31.1507,122.9077,[],['8486'],"['WCPFC', 'ACAP', 'PICES', 'IWC']",['61'],['61'],['8486'],[],[],[],40,37,8.562808,8.565520000000001,049517110-0bee-0121-ebc6-3a9ba9d4f376,ZHELINYU12279-18-99%,122790018,,gear,chn-shanghai,CHN,SHANGHAI,d448eb78041a1fde1a0451a935739a17,567.0661111111111,86.67461502913993,0.0825310261976133,37.733700798556306
2023-12-23T15:16:37.000Z,2024-01-01T07:43:07.000Z,74065343811b1a19f96977eb42f239f9,loitering,"[122.853023, 31.213317, 122.849695, 31.219107]",31.2162,122.8514,[],['8486'],"['IWC', 'PICES', 'ACAP', 'WCPFC']",['61'],['61'],['8486'],[],[],[],42,43,5.284535,6.249267,903a95cb9-961b-d381-5b02-054fce127487,NET-ZSY08288-71-99%,82880071,,gear,,,,,208.4416666666667,51.708365872638375,0.13394771014356777,42.35456908483142
2023-12-23T15:17:21.000Z,2024-01-18T13:27:34.000Z,90029f2d73cd5816da79cb17ec9554a0,loitering,"[122.916992, 31.249192, 122.800725, 31.132383]",31.1908,122.8589,[],['8486'],"['WCPFC', 'IWC', 'PICES', 'ACAP']",['61'],['61'],['8486'],[],[],[],48,32,13.022122,0.0,56c8beb53-32c7-9ce7-74a0-e1d81297611f,NET-ZSY01469-128-99%,14690128,,gear,,,,,622.1702777777779,93.93760600290854,0.08152470677766814,41.44358153960249
2023-12-23T15:17:37.000Z,2024-01-10T08:18:43.000Z,4ae33dcf050dd6ca51bac4eb9a957807,loitering,"[123.30049, 32.370733, 123.321493, 32.351868]",32.3613,123.311,[],['8486'],"['PICES', 'ACAP', 'IWC', 'WCPFC']",['61'],['61'],[],[],[],[],148,149,128.950516,128.289977,0d110d1fc-c8d4-75fc-40b2-a5d4053329eb,SUQIYU03269-10-74%,32690010,,gear,,,,,425.01833333333326,28.590043988210883,0.03632170085807956,148.045600396901
2023-12-23T15:19:19.000Z,2024-01-07T22:09:42.000Z,1e599210a17a74be842ed23f4bc3855b,loitering,"[123.19316, 32.363477, 123.18744, 32.376293]",32.3699,123.1903,[],['8486'],"['PICES', 'WCPFC', 'ACAP', 'IWC']",['61'],['61'],[],[],[],[],138,139,122.216852,124.100461,2c9cdad64-4150-74bb-cabf-66d8c124456d,SUQIYU04422*014_7.6V,804422014,,gear,,,,,366.83972222222224,21.852306023388298,0.03216473188085472,138.5627073835418
2023-12-23T15:24:19.000Z,2024-01-01T09:39:53.000Z,fed734fa97d8565e1af75f0e900fd939,loitering,"[123.509733, 32.466137, 123.509717, 32.466653]",32.4664,123.5097,[],['8486'],"['PICES', 'ACAP', 'WCPFC', 'IWC']",['61'],['61'],[],[],[],[],170,170,149.844891,149.844891,f8a292c60-006a-1216-7276-98433ce4b9e7,HAIMENYU01951K8-90%,195100008,,gear,,,,,210.25944444444445,4.544142278778803,0.011669585381910012,170.0
2023-12-23T15:24:21.000Z,2024-01-08T20:03:03.000Z,3bad87432841cfed0ab9eebcb086c56d,loitering,"[123.300437, 32.373675, 123.29735, 32.371877]",32.3728,123.2989,[],['8486'],"['IWC', 'WCPFC', 'PICES', 'ACAP']",['61'],['61'],[],[],[],[],148,148,128.950516,128.950516,7c7a7d0dd-d50e-b3f0-faf0-59cae947e086,SUQIYU03269AI53  7V5,412269053,CHN,gear,,,,,388.64500000000004,21.80158949073865,0.030289638543331665,147.99999999999997
2023-12-23T15:28:18.000Z,2024-01-01T08:55:56.000Z,20a60ffe4bb7020f45a01e0e5889bd97,loitering,"[122.903257, 31.17766, 122.90386, 31.179835]",31.1787,122.9036,[],['8486'],"['IWC', 'PICES', 'ACAP', 'WCPFC']",['61'],['61'],['8486'],[],[],[],41,41,7.691781,7.691781,6f7b36f42-25d6-c108-2e59-3c5cd8b357ca,NET61-ZSY09207   99%,92070061,,gear,,,,,209.46055555555552,38.974370082256286,0.10046987715896626,40.92461296792551
2023-12-23T15:29:45.000Z,2024-01-01T12:10:00.000Z,b79dd62a3873cfc0973c4b65403cec58,loitering,"[123.192453, 32.348507, 123.192267, 32.360047]",32.3543,123.1924,[],['8486'],"['WCPFC', 'PICES', 'IWC', 'ACAP']",['61'],['61'],[],[],[],[],137,138,121.279359,122.216852,41951f030-08d7-982b-6b52-77f800af4772,SUQIYU04422*006_7.5V,804422006,,gear,,,,,212.67083333333332,10.80951550220098,0.02744462579090628,137.88742595322182
2023-12-23T15:32:54.000Z,2024-01-01T10:54:10.000Z,b40671783eb67e50b28dbe7f57a1a6cf,loitering,"[123.586642, 32.456272, 123.585735, 32.447203]",32.4517,123.5862,[],['8486'],"['WCPFC', 'IWC', 'ACAP', 'PICES']",['61'],['61'],[],[],[],[],177,176,153.928953,153.107203,5b153a9c5-5ae1-4764-9978-3b310412bcf0,45080-5-57%,450800005,LBN,gear,,,,,211.35444444444443,10.067417068257646,0.025719687861406014,176.00866369815844
2023-12-23T15:33:53.000Z,2024-01-02T07:19:08.000Z,ad5b90a0dbb77538fad01ebc1760df36,loitering,"[123.615667, 32.345808, 123.615557, 32.37906]",32.3624,123.6156,[],['8486'],"['PICES', 'ACAP', 'WCPFC', 'IWC']",['61'],['61'],[],[],[],[],175,176,147.12475,149.45117199999999,c86263c0a-aa92-6a81-cb6a-946726c70b6c,SUQIYU0318924,41318924,,gear,,,,,231.7541666666667,16.901759024809227,0.03937888110957336,174.7312459710914
2023-12-23T15:33:56.000Z,2024-01-11T16:03:08.000Z,57b13f6974db8a90169164a051954984,loitering,"[122.925173, 31.240938, 122.799658, 31.13888]",31.1899,122.8624,[],['8486'],"['IWC', 'WCPFC', 'ACAP', 'PICES']",['61'],['61'],['8486'],[],[],[],48,33,13.03971,0.0,592e098a7-7272-fdf4-3281-e72b4fdd59db,NET165-ZSY0146917%,14690165,,gear,,,,,456.4866666666667,67.16579922967087,0.07944729364917992,44.9092893263334
2023-12-23T15:34:51.000Z,2024-01-01T12:09:29.000Z,90957e4e28d40d3dfd173dfeaaccf2eb,loitering,"[123.19268, 32.346087, 123.192333, 32.35594]",32.351,123.1925,[],['8486'],"['IWC', 'WCPFC', 'ACAP', 'PICES']",['61'],['61'],[],[],[],[],137,138,121.279359,122.216852,4919fa5da-ad36-9a27-78df-10c90efc2b27,SUQIYU04422*002_7.9V,804422002,,gear,chn-chn-1605,CHN,CHN-1605,8d4f14ae61e595dbe3bd41f1e7f19f9b,212.5772222222222,11.174213793632083,0.02838306333137182,137.89880501859184
2023-12-23T15:36:42.000Z,2024-01-01T11:30:43.000Z,2468c97f41e876b3016045996fa67140,loitering,"[122.933727, 31.256745, 122.935537, 31.255478]",31.2561,122.9346,[],['8486'],"['ACAP', 'WCPFC', 'IWC', 'PICES']",['61'],['61'],[],[],[],[],50,50,14.476764,15.178162,2931c2d47-7194-70a5-f4b4-f552ce713817,NET28-ZSY13255-82%,132550028,,gear,,,,,211.90027777777777,26.900611194125194,0.06854718730769103,49.760653872320184
2023-12-23T15:38:09.000Z,2024-01-16T10:58:30.000Z,73ef9a39a130bda458d9cd4d209f0657,loitering,"[122.907183, 31.172422, 122.909387, 31.180042]",31.1762,122.9083,[],['8486'],"['ACAP', 'IWC', 'PICES', 'WCPFC']",['61'],['61'],['8486'],[],[],[],40,41,8.562808,8.634255999999999,666dc1eec-cc93-afbf-db93-d63aae8f590e,,122790021,,gear,,,,,571.3391666666665,75.49980914353223,0.07135277604807223,39.10133414156903
2023-12-23T15:39:19.000Z,2024-01-08T20:14:02.000Z,992d67165b049fab56bab3818a20017d,loitering,"[123.29951, 32.379542, 123.296528, 32.378405]",32.379,123.298,[],['8486'],"['ACAP', 'WCPFC', 'IWC', 'PICES']",['61'],['61'],[],[],[],[],148,148,129.851062,129.851062,677ab9fde-e7e4-e6a7-f489-35bae4a53021,SUQIYU03269-52-56%,412326952,CHN,fishing,,,,,388.5786111111111,19.081971535911876,0.026515716664646496,147.86677047043588
2023-12-23T15:39:52.000Z,2024-01-02T08:24:15.000Z,8603bd0c5f7f5c21f845c560e94788f0,loitering,"[123.65093, 32.358693, 123.646665, 32.401613]",32.3802,123.6488,[],['8486'],"['WCPFC', 'ACAP', 'IWC', 'PICES']",['61'],['61'],[],[],[],[],178,180,149.933703,153.018406,60f48c338-8409-77e1-d03a-d4d347c4e1cf,SUQIYU03666---59 7V3,99366659,,gear,,,,,232.7397222222222,33.40330642889803,0.0774957639030716,177.92181411786103
2023-12-23T15:42:27.000Z,2024-01-08T00:13:43.000Z,daf9e2a746df431568029c5a00f611e2,loitering,"[123.29885, 32.310363, 123.297027, 32.287398]",32.2989,123.2979,[],['8486'],"['ACAP', 'WCPFC', 'IWC', 'PICES']",['61'],['61'],[],[],[],[],146,145,123.619602,121.871961,fcdb4b5d7-7353-1e16-787e-26171ddc359d,SUQIYU03269-69-64%,412326969,CHN,gear,,,,,368.5211111111111,23.507565330264594,0.03444326376441764,144.63415622835862
2023-12-23T15:44:36.000Z,2024-01-08T00:39:33.000Z,e001f071f11c065af678e4f2246d194e,loitering,"[123.29892, 32.33476, 123.296213, 32.33763]",32.3362,123.2976,[],['8486'],"['WCPFC', 'ACAP', 'PICES', 'IWC']",['61'],['61'],[],[],[],[],146,147,125.382312,126.269125,d6fe8bf4d-d5a2-f833-d53b-47fbe04ea1b1,SUDONGTAIYU08888*51,622888851,EGY,other,,,,,368.9158333333333,20.52626666059061,0.03004288873369661,146.21866383058781
2023-12-23T15:44:42.000Z,2024-01-01T06:59:08.000Z,762d88055c448f2f8bd4d7339a8f7e62,loitering,"[122.901947, 31.19335, 122.901368, 31.205457]",31.1994,122.9017,[],['8486'],"['WCPFC', 'PICES', 'ACAP', 'IWC']",['61'],['61'],[],[],[],[],42,44,7.928851,8.814283999999999,188c48de0-0824-468a-0170-1afc5c6bf17f,NET21-ZSY0920799%,92070021,,gear,chn-shanghai,CHN,SHANGHAI,5bff221537766d214fecb3579c7463a9,207.24055555555555,50.424425549182416,0.1313787813521318,43.522320098022455
2023-12-23T15:45:39.000Z,2024-01-01T07:15:31.000Z,29e5f1deb185fc3634d7b10492501191,loitering,"[122.910538, 31.17038, 122.906833, 31.18634]",31.1784,122.9087,[],['8486'],"['ACAP', 'WCPFC', 'PICES', 'IWC']",['61'],['61'],['8486'],[],[],[],40,42,8.562808,8.846011,d0f2fec4f-f6d8-818f-1d2c-f0333d2a7e36,ZHELINYU12279-43-94%,122790043,,gear,chn-shanghai,CHN,SHANGHAI,7661b924878effb8a9c1f1ceb8ef30e2,207.4977777777778,48.75169067600955,0.12686307941414252,41.3255018059517
2023-12-23T15:47:31.000Z,2024-01-01T07:48:23.000Z,cbc0a823645b424859bf991abf8380e1,loitering,"[122.911498, 31.170213, 122.907973, 31.181607]",31.1759,122.9097,[],['8486'],"['IWC', 'PICES', 'ACAP', 'WCPFC']",['61'],['61'],['8486'],[],[],[],40,41,8.562808,8.634255999999999,9c7ea48d1-17b3-ff7e-5c05-059421bfde89,ZHELINYU12279-8-72%,122790008,,gear,,,,,208.01444444444445,48.50662062341041,0.1259118321720743,40.65257015577189
2023-12-23T15:47:43.000Z,2024-01-02T08:15:02.000Z,767cbfeaebba0c08259a30b1b66d4b4b,loitering,"[106.697758, -14.55933, 106.447412, -14.50684]",-14.5331,106.5726,[],[],"['ACAP', 'CCSBT', 'SEAFDEC', 'IWC', 'IOTC']","['57.2', '57']",['57'],[],['63203'],[],[],456,445,472.645625,461.507875,2d26c4694-47c9-8bff-3a2f-2b05ceaaf5a7,MITRA JAYA V,525200512,IDN,other,idn-cilacap,IDN,CILACAP,3ef2c7f7854cabeae21a2d4966645ed2,232.45527777777778,41.090521679235415,0.09544677561358042,452.85691713296507
2023-12-23T15:48:07.000Z,2024-07-11T07:45:01.000Z,7475736c0e58bc408d0a0e0f26b552bf,loitering,"[120.07834, 38.424765, 120.11526666666667, 38.407228333333336]",38.416,120.0968,[],['8486'],"['IWC', 'WCPFC', 'PICES', 'ACAP']",['61'],['61'],[],[],[],[],57,54,4.238090000000001,2.388537,5a058cd00-040f-bd73-f0e8-024095c895e3,BOHAI7HAO,413236710,CHN,other,,,,,4815.948333333333,232.42262033464922,0.026058870743706164,54.00051670119915
2023-12-23T15:49:44.000Z,2024-01-01T11:40:31.000Z,9c9666212e59ee63f734e6e022e0864d,loitering,"[123.299053, 32.34229, 123.298947, 32.342067]",32.3422,123.299,[],['8486'],"['ACAP', 'IWC', 'PICES', 'WCPFC']",['61'],['61'],[],[],[],[],147,147,126.269125,126.269125,ca13d1e31-1da1-0b7c-2811-75ada31cc685,SUQIYU03269-106_8.4V,3269106,,gear,,,,,211.8463888888889,8.062778567181432,0.02055051381777385,146.80859123543118
2023-12-23T15:50:17.000Z,2024-01-01T07:35:17.000Z,fd0c57512691b88fdbb3e376c68cce99,loitering,"[122.904463, 31.191925, 122.900863, 31.201925]",31.1969,122.9027,[],['8486'],"['ACAP', 'WCPFC', 'PICES', 'IWC']",['61'],['61'],[],[],[],[],42,43,7.928851,8.309194,e33d82769-9ef3-b8c5-ba26-ed8de2c89043,ZSY09207-280%,200009207,,gear,,,,,207.75,51.56030996786132,0.13400885754720904,42.98955872463482
2023-12-23T15:52:01.000Z,2024-01-07T22:03:26.000Z,73406d0eb8e1b441d0ba8ec602634d25,loitering,"[123.298805, 32.359798, 123.294455, 32.360897]",32.3603,123.2966,[],['8486'],"['IWC', 'PICES', 'ACAP', 'WCPFC']",['61'],['61'],[],[],[],[],147,147,128.05329700000001,127.498812,b444aa315-5d22-cddf-f308-ea05ee917a5e,BUOY 012-848     90%,42012848,,gear,,,,,366.19027777777774,16.684527946644558,0.02460175740303226,147.00000000000003
2023-12-23T15:53:18.000Z,2024-01-01T12:58:50.000Z,d3da466959b778e9b77af5caf5d28b77,loitering,"[123.1926, 32.265085, 123.190888, 32.26389]",32.2645,123.1917,[],['8486'],"['IWC', 'ACAP', 'WCPFC', 'PICES']",['61'],['61'],[],[],[],[],134,134,113.892523,112.98445299999999,beaec460d-da5e-134d-5ca8-4149de403a0d,SUQIYU04422-07   8V1,44220007,,gear,,,,,213.0922222222222,12.099497914306287,0.030659055263006708,134.00000000000003
2023-12-23T15:53:37.000Z,2024-01-01T09:42:25.000Z,66369738724b046298a00c7c176dc49f,loitering,"[122.851807, 31.201753, 122.853513, 31.204913]",31.2033,122.8527,[],['8486'],"['IWC', 'ACAP', 'WCPFC', 'PICES']",['61'],['61'],['8486'],[],[],[],41,41,4.3900060000000005,4.3900060000000005,4615764bc-c99d-c206-e298-2e0a80241789,NET-ZSY08288-75-99%,82880075,,gear,,,,,209.8133333333333,49.06634745855773,0.12627275736037127,41.30566384235002
2023-12-23T15:55:04.000Z,2024-01-01T16:53:02.000Z,66dd8ce0d3665ee080afefcf36c5ed0f,loitering,"[48.847905, 29.422625, 48.84484666666667, 29.399155]",29.4109,48.8464,[],['8357'],"['IWC', 'ACAP', 'IOTC', 'RECOFI']","['51.2', '51']",['51'],[],[],[],[],44,43,8.995374,10.65799,046c4f27d-d1ea-9790-f17b-7a8c612a1f63,CREST ARGUS 3,538010098,MHL,other,kwt-shuaiba,KWT,,10bff840cf8b7a99dba1ae2740bdc7c1,216.9661111111112,46.20131700190236,0.11497977871307391,42.540521638265034
2023-12-23T15:55:44.000Z,2024-01-04T02:32:12.000Z,d1a234415ace4f77b0f1977a2ca0c25f,loitering,"[123.19239, 32.26319, 123.191222, 32.26213]",32.2627,123.1918,[],['8486'],"['ACAP', 'IWC', 'WCPFC', 'PICES']",['61'],['61'],[],[],[],[],134,134,112.98445299999999,112.98445299999999,c1de07cf0-0168-c6a3-511d-caabd029ca57,SUQIYU04422-01   7V1,44220001,,gear,,,,,274.60777777777776,14.416068506242157,0.028346080843086575,134.00000000000006
2023-12-23T15:58:42.000Z,2024-01-01T12:24:12.000Z,3ef33785ff1054ac63977b36ba63f118,loitering,"[123.192267, 32.28282, 123.19132, 32.282013]",32.2824,123.1918,[],['8486'],"['IWC', 'WCPFC', 'ACAP', 'PICES']",['61'],['61'],[],[],[],[],135,135,114.80417999999999,114.80417999999999,d0d80e785-56ca-8e2e-054a-802fd62038bb,SUQIYU04422*021_8.2V,804422021,,gear,,,,,212.42500000000004,8.802652607132286,0.022375201429579092,134.99999999999997
2023-12-23T15:59:26.000Z,2024-01-05T01:00:35.000Z,9bc677cd7aaf472fd627372f60c27da8,loitering,"[122.960095, 31.23233, 122.96034, 31.232637]",31.2325,122.9602,[],['8486'],"['ACAP', 'PICES', 'WCPFC', 'IWC']",['61'],['61'],[],[],[],[],48,48,14.893604,14.893604,6e8a43f6d-da61-a536-80fe-a92585b86593,NET-ZSY01429-124-99%,901429124,,gear,chn-shanghai,CHN,SHANGHAI,9c0d97116da812e720228fbb9fe840d7,297.0191666666666,23.275468167384677,0.042312917148208104,48.15302739938018
2023-12-23T15:59:27.000Z,2024-01-05T04:45:30.000Z,4c6dfa7b53a79a72de028d87611e701f,loitering,"[123.299733, 32.276857, 123.29612, 32.236097]",32.2565,123.2979,[],['8486'],"['WCPFC', 'PICES', 'ACAP', 'IWC']",['61'],['61'],[],[],[],[],144,143,121.00401600000001,117.573289,35fa0ea5d-dafd-ff4c-472c-287a12cc539f,SUQIYU03269-100_7.8V,3269100,,gear,,,,,300.76750000000004,18.20063456452617,0.032674928176506114,142.79896175794312
2023-12-23T16:03:00.000Z,2024-01-01T13:22:48.000Z,23d33d165a887254163dde5e55e78ac3,loitering,"[122.856873, 31.178828, 122.852948, 31.160663]",31.1697,122.8549,[],['8486'],"['WCPFC', 'ACAP', 'PICES', 'IWC']",['61'],['61'],['8486'],[],[],[],39,37,3.9646179999999998,3.063355,f78e2ba90-0eb6-0414-ca6e-f5ad1678784b,ZHE60655-3-99%,32060655,,gear,,,,,213.33,51.75564797561298,0.13099805110247817,38.94279724077927
2023-12-23T16:04:34.000Z,2024-01-08T00:32:23.000Z,6dae52f40ebbc533b392ac78f86e33e7,loitering,"[123.29804, 32.327212, 123.295652, 32.330412]",32.3288,123.2968,[],['8486'],"['IWC', 'WCPFC', 'PICES', 'ACAP']",['61'],['61'],[],[],[],[],146,146,125.382312,125.382312,425fde7fe-e6c7-30f3-16b3-4ba352b307cb,SUQIYU03269-76-69%,412326976,CHN,gear,,,,,368.46361111111105,20.54116602126662,0.030101594864823236,145.56983349675033
2023-12-23T16:05:29.000Z,2024-01-08T05:37:33.000Z,5abe28b8bd3de7700fc8cfc9e44495b5,loitering,"[122.849428, 31.192877, 122.859167, 31.16522]",31.179,122.8543,[],['8486'],"['ACAP', 'IWC', 'WCPFC', 'PICES']",['61'],['61'],['8486'],[],[],[],40,38,3.6181289999999997,3.805692,c04a68f63-3dad-8736-c206-a5129147a39f,NET-ZSY08288-61-99%,82880061,,gear,,,,,373.53444444444443,44.46593532778611,0.06427702895771709,37.628519602790625
2023-12-23T16:07:21.000Z,2024-01-10T09:07:06.000Z,5a67a53a652413b59e4e83a7181c27db,loitering,"[123.19248, 32.274957, 123.190347, 32.273797]",32.2744,123.1914,[],['8486'],"['ACAP', 'PICES', 'IWC', 'WCPFC']",['61'],['61'],[],[],[],[],134,134,113.892523,113.892523,8787c3577-7d97-c3cc-f22e-06bb4f8e4633,SUQIYU04422*68_7.8V,44228068,,gear,,,,,424.9958333333333,22.07383536551598,0.02804478691117814,134.54809588304533
2023-12-23T16:07:47.000Z,2024-01-01T06:52:33.000Z,5c096de4986e1f1b401e4622c681a50b,loitering,"[122.845077, 31.171642, 122.84304, 31.208098]",31.1899,122.8441,[],['8486'],"['IWC', 'PICES', 'ACAP', 'WCPFC']",['61'],['61'],['8486'],[],[],[],38,41,2.85427,4.837581,72c3cce6f-fd3c-9a92-86a6-5b01cccc7007,ZHELINYU21217-77-99%,212170077,CYP,gear,chn-shanghai,CHN,SHANGHAI,33ffbd8668196c0114eb8e7c52afdbcf,206.7461111111111,51.85377390333548,0.13542599594008087,38.828516786965054
2023-12-23T16:08:23.000Z,2024-01-04T02:50:38.000Z,e9d861c6e4c391f841a690b2307ccb0c,loitering,"[123.192333, 32.293343, 123.190533, 32.29236]",32.2929,123.1914,[],['8486'],"['PICES', 'WCPFC', 'IWC', 'ACAP']",['61'],['61'],[],[],[],[],135,135,115.71932799999999,115.71932799999999,61f24c0a1-14ee-add4-c776-6eadecd5d6fb,SUQIYU04422*001_8.1V,804422001,,gear,,,,,274.70416666666654,12.736210362560403,0.02503421596750849,135.00000000000009
2023-12-23T16:08:51.000Z,2024-01-01T12:41:18.000Z,9b39a0dfc4c42975f54867d166d584de,loitering,"[123.191867, 32.2768, 123.190987, 32.276017]",32.2764,123.1914,[],['8486'],"['IWC', 'PICES', 'WCPFC', 'ACAP']",['61'],['61'],[],[],[],[],135,135,114.80417999999999,114.80417999999999,434cd2bd8-87ab-8da5-d4f5-022bfa220c5e,SUQIYU04422*61_8.1V,44228061,,gear,,,,,212.54083333333335,8.119966313502243,0.020628652791299676,134.99999999999997
2023-12-23T16:08:51.000Z,2024-01-01T06:28:30.000Z,2f5f67d0f2dfd294bfe65cad509cc8e9,loitering,"[122.907605, 31.181188, 122.905758, 31.190568]",31.1859,122.9067,[],['8486'],"['PICES', 'WCPFC', 'ACAP', 'IWC']",['61'],['61'],['8486'],[],[],[],41,42,8.634255999999999,8.846011,4397feffa-aae9-45df-fd01-7d0c2af1dc8c,ZHELINYU12279-25-86%,122790025,,gear,chn-shanghai,CHN,SHANGHAI,7917f17241536c5a679fbbe66da3b71b,206.32750000000001,50.72802791207322,0.1327546924041428,41.57132057410853
2023-12-23T16:09:12.000Z,2024-01-01T03:28:51.000Z,37f0cbc133ee6cb01f09d3a53fed751c,loitering,"[122.844192, 31.172818, 122.839433, 31.17548]",31.1741,122.8418,[],['8486'],"['WCPFC', 'PICES', 'ACAP', 'IWC']",['61'],['61'],['8486'],[],[],[],37,38,1.902846,2.2038320000000002,ca1803dd2-28ed-4039-be2c-d88cc19220db,ZHELINYU21217-96-99%,212170096,CYP,gear,chn-shanghai,CHN,SHANGHAI,36dcc92f39755e3b9b6ba41110553913,203.3275,50.148677097690296,0.13317489952516068,37.83842693667047
2023-12-23T16:10:33.000Z,2024-01-01T12:28:35.000Z,af587ae9aeb7f98f5d3a649a600106d0,loitering,"[123.192493, 32.280257, 123.191533, 32.279457]",32.2799,123.192,[],['8486'],"['PICES', 'IWC', 'ACAP', 'WCPFC']",['61'],['61'],[],[],[],[],135,135,114.80417999999999,114.80417999999999,6b14ab69c-c4e4-5204-ca1d-92bc211e4db2,18186-6_8.2V,61818606,,gear,,,,,212.30055555555555,8.95411711922219,0.02277354595145272,135.0
2023-12-23T16:11:21.000Z,2024-01-01T03:46:13.000Z,18e64240369a4fff1dbd914841371598,loitering,"[122.843988, 31.173072, 122.839627, 31.18102]",31.177,122.8418,[],['8486'],"['IWC', 'WCPFC', 'ACAP', 'PICES']",['61'],['61'],['8486'],[],[],[],37,38,1.902846,2.2038320000000002,16157276e-e95d-f16e-a106-6a018bfcb48f,ZHELINYU21217-92-99%,212170092,CYP,gear,chn-shanghai,CHN,SHANGHAI,04caeab9f43f32235786a4ff40e7a94b,203.5811111111111,49.14667530634012,0.13035139436096438,38.1482729964382
2023-12-23T16:14:38.000Z,2024-01-20T20:06:24.000Z,1081e7c546d6ca371b64ac9970e2b253,loitering,"[114.63429333333333, 20.090995, 114.634285, 20.091026666666668]",20.091,114.6343,[],['8486'],"['APFIC', 'IWC', 'ACAP', 'WCPFC']",['61'],['61'],[],[],[],[],205,205,216.169891,216.169891,f2ac5dc17-7952-c34c-cfda-5c5cf20bc0d5,PANYU34-1,412477220,CHN,other,,,,,675.8627777777778,48.231720695278426,0.038533037456835215,205.00094234825045
2023-12-23T16:19:44.000Z,2024-01-01T11:46:11.000Z,cd3cf3778684ea90e60678fce2875702,loitering,"[122.851647, 31.190538, 122.85216, 31.190992]",31.1908,122.8519,[],['8486'],"['PICES', 'WCPFC', 'IWC', 'ACAP']",['61'],['61'],['8486'],[],[],[],40,40,3.6181289999999997,3.6181289999999997,83f83af5e-e313-9ba1-fba5-b1154fa69055,NET-ZSY08288-78-99%,82880078,,gear,chn-chn-1278,CHN,CHN-1278,b7a565f610794ba531a413b72be3a23f,211.44083333333336,51.647894503101384,0.13189331304397867,40.20802380765046
2023-12-23T16:25:44.000Z,2024-01-09T10:41:26.000Z,d4bf74b975716f890e47baba220b4293,loitering,"[122.901433, 31.205048, 122.894073, 31.203967]",31.2045,122.8978,[],['8486'],"['WCPFC', 'IWC', 'PICES', 'ACAP']",['61'],['61'],[],[],[],[],44,42,8.814283999999999,7.447746,0495e79d4-4d25-0f11-f589-9a0924b0e5c6,NET65-ZSY09207   90%,92070065,,gear,,,,,402.26166666666666,45.702514488307365,0.06134659520874556,42.623563528218135
2023-12-23T16:30:44.000Z,2024-01-01T12:44:08.000Z,c42539e7fe59555664020f839a51aae0,loitering,"[122.852085, 31.185695, 122.851753, 31.185508]",31.1856,122.8519,[],['8486'],"['ACAP', 'PICES', 'WCPFC', 'IWC']",['61'],['61'],['8486'],[],[],[],40,40,3.6181289999999997,3.6181289999999997,2cf2c5c8e-e293-c4a0-02b2-f2556643d695,NET-ZSY08288-97-99%,82880097,,gear,,,,,212.22333333333333,48.1887847857369,0.12260603858508631,39.69202282758625
2023-12-23T16:32:06.000Z,2024-02-08T22:16:42.000Z,6e120b6289d2e28053cdc8084db2b2fa,loitering,"[115.682285, 20.841991666666665, 115.682285, 20.841943333333333]",20.842,115.6823,[],['8321'],"['ACAP', 'IWC', 'APFIC', 'WCPFC']",['61'],['61'],[],[],[],[],107,107,183.61901600000002,183.61901600000002,4c91bde18-8864-75f8-6d8e-01f231856505,NANHAISHENGLI,636009993,LBR,gear,,,,,1133.743333333333,22.239677210736726,0.010591872660710835,107.00000000000001
2023-12-23T16:35:34.000Z,2024-01-01T21:32:36.000Z,a33c9d80256cd87ca30e3ef125bf75d9,loitering,"[122.858783, 31.180175, 122.860992, 31.182872]",31.1815,122.8599,[],['8486'],"['ACAP', 'WCPFC', 'IWC', 'PICES']",['61'],['61'],['8486'],[],[],[],39,39,3.9646179999999998,3.9646179999999998,c60cb62be-e700-d4af-2065-572aeef51b60,NET-ZSY08288-63-99%,82880063,,gear,,,,,220.95055555555552,34.71765150964209,0.0848426566998273,39.00000000000001
2023-12-23T16:35:45.000Z,2024-01-01T00:07:11.000Z,7802b2b8b8be206280730da372ce50d2,loitering,"[124.017898, 32.331703, 124.681108, 32.041788]",32.1867,124.3495,[],['8486'],"['PICES', 'WCPFC', 'IWC', 'ACAP']",['61'],['61'],[],[],[],[],206,194,171.787188,196.319984,2d01732cb-b6ed-78a4-8d48-6decd52630d2,SUGANYU02789-12-86%,27892312,,gear,,,,,199.5238888888889,409.8065717511478,1.1090293385426335,187.75091032186788
2023-12-23T16:38:06.000Z,2024-01-01T05:40:30.000Z,5de0aa8ce895189c88ff425ed675ffb2,loitering,"[122.844863, 31.181547, 122.84098, 31.193147]",31.1873,122.8429,[],['8486'],"['ACAP', 'IWC', 'WCPFC', 'PICES']",['61'],['61'],['8486'],[],[],[],38,39,2.2038320000000002,2.926736,75c9366d4-4e60-58bc-5f43-77123374ec7c,ZHELINYU21217-98-99%,212170098,CYP,gear,,,,,205.04,48.5002724406472,0.1277216741795922,39.374111876058045
2023-12-23T16:39:39.000Z,2024-01-01T05:39:15.000Z,499e43af06d338b3ba0383fdd8ba4ad8,loitering,"[122.909742, 31.186947, 122.904645, 31.199008]",31.193,122.9072,[],['8486'],"['IWC', 'ACAP', 'PICES', 'WCPFC']",['61'],['61'],[],[],[],[],42,43,8.846011,8.309194,695df19a6-63ae-4d41-379e-46f8b5b1f513,ZHELINYU12279-35,122790035,,gear,chn-shanghai,CHN,SHANGHAI,c65aef5fcba56cadc93bce7c53deb923,204.99333333333334,45.288529065660214,0.11929094956342733,42.471767685374196
2023-12-23T16:40:39.000Z,2024-01-01T05:38:34.000Z,a4f4a265fa799090a2327114a09c623e,loitering,"[122.856873, 31.194147, 122.85106, 31.199543]",31.1968,122.854,[],['8486'],"['ACAP', 'PICES', 'IWC', 'WCPFC']",['61'],['61'],['8486'],[],[],[],40,41,4.407489,4.3900060000000005,8e46a6a1c-ccde-b560-f88a-47c714af96cc,SUQIYU19018-11680%,19018116,,gear,,,,,204.96527777777777,51.54713650461918,0.1357948397704056,40.56941645381887
2023-12-23T16:51:48.000Z,2024-01-03T22:35:26.000Z,ed75934098732a6ce9b4410e8803587b,loitering,"[58.18805166666667, 19.65062, 58.18181333333333, 19.652586666666668]",19.6516,58.1849,['555760583'],['8354'],"['IOTC', 'IWC', 'ACAP', 'RECOFI']","['51', '51.3']",['51'],[],[],[],[],50,49,48.281788999999996,47.23725,edbcdcb9d-d699-0659-8cbf-7d4eef908205,OCEAN FRESH,259758000,NOR,carrier,omn-duqm,OMN,DUQM,40ad42d0a4c9704e8f57a579f7956f50,269.72722222222234,9.416009733578298,0.01884955650810108,50.00088921452444
2023-12-23T16:57:50.000Z,2024-01-13T13:30:37.000Z,2f35bcf07228e9b3988a03b944974342,loitering,"[122.9075, 31.194273, 122.934473, 31.250115]",31.2222,122.921,[],['8486'],"['PICES', 'IWC', 'WCPFC', 'ACAP']",['61'],['61'],[],[],[],[],42,49,8.846011,13.732040000000001,0644250a2-2b25-e26c-436b-b4067a069f3f,ZHELINYU12279-27-99%,122790027,,gear,,,,,500.5463888888888,202.98270247266672,0.21896450282508123,43.14000924804642
2023-12-23T17:01:56.000Z,2024-01-09T12:02:43.000Z,d173f49928c2248a08102c07993cf72e,loitering,"[122.863513, 31.18928, 122.860953, 31.176022]",31.1827,122.8622,[],['8486'],"['PICES', 'ACAP', 'IWC', 'WCPFC']",['61'],['61'],['8486'],[],[],[],40,39,4.407489,3.9646179999999998,689ddf695-5a42-780f-4141-8757a91ee1c5,,66225502,,gear,,,,,403.0130555555556,55.905952835614634,0.07490278334941845,40.985515616808534
2023-12-23T17:02:04.000Z,2024-01-25T03:34:20.000Z,0ec2391dbb55864376fd70267eea8eca,loitering,"[122.8635, 31.189307, 122.862953, 31.16325]",31.1763,122.8632,[],['8486'],"['PICES', 'WCPFC', 'ACAP', 'IWC']",['61'],['61'],['8486'],[],[],[],40,37,4.407489,3.965004,ec7cbe944-40b2-7b1a-abd8-192e6c39d4a7,,66225501,,gear,,,,,778.5377777777778,83.44556677061196,0.057873879446954254,38.86460917264779
2023-12-23T17:09:13.000Z,2024-01-09T08:51:21.000Z,b83bfb5ee3a1c675d8f80861f7561bf0,loitering,"[122.90859, 31.191313, 122.906077, 31.181693]",31.1865,122.9073,[],['8486'],"['WCPFC', 'ACAP', 'PICES', 'IWC']",['61'],['61'],['8486'],[],[],[],42,41,8.846011,8.634255999999999,c93bb9d98-87e5-1e8a-c86b-3be395a153b9,ZHELINYU12279-26-99%,122790026,,gear,,,,,399.7022222222222,55.634542613547914,0.07515657437258658,42.280501219117276
2023-12-23T17:10:49.000Z,2024-01-01T13:21:34.000Z,37769d1c556b959d33e75a2fd28c8738,loitering,"[122.860682, 31.1781, 122.858645, 31.178013]",31.1781,122.8597,[],['8486'],"['PICES', 'WCPFC', 'ACAP', 'IWC']",['61'],['61'],['8486'],[],[],[],39,39,3.9646179999999998,3.9646179999999998,e4d339c75-5b94-2d65-ba14-1acd964e45fb,NET-ZSY08288-91-99%,82880091,,gear,,,,,212.17916666666667,37.9460174415979,0.0965656082240575,39.15175050583166
2023-12-23T17:20:44.000Z,2024-01-01T04:24:27.000Z,05af0df6832167a2bb5b98aaf2218570,loitering,"[122.856182, 31.207768, 122.851283, 31.212793]",31.2103,122.8537,[],['8486'],"['ACAP', 'PICES', 'IWC', 'WCPFC']",['61'],['61'],['8486'],[],[],[],42,42,5.853211,5.284535,3d35c10a9-94d9-6b8d-0e2c-4e8d13d3b5d6,ZHELINYU12058-59-86%,120580059,,gear,,,,,203.06194444444444,43.852297027239445,0.11660651724674723,42.06334428620277
2023-12-23T17:20:57.000Z,2024-01-18T19:46:08.000Z,a804a4bbdc8657c07e473a21c130e7e9,loitering,"[122.862633, 31.188148, 122.86186, 31.212722]",31.2004,122.8622,[],['8486'],"['IWC', 'WCPFC', 'PICES', 'ACAP']",['61'],['61'],['8486'],[],[],[],40,42,4.407489,5.853211,c3d89d6ec-ce32-07de-7704-35580d5e6a97,,66225510,,gear,chn-shanghai,CHN,SHANGHAI,12f702b1da9bc4988845e83cd5dde029,626.419722222222,79.65508641406518,0.06866052314979665,42.00000000000001
2023-12-23T17:39:11.000Z,2024-01-01T03:24:38.000Z,bcdfa82a06989bdf250f835bdcbbb234,loitering,"[122.856103, 31.214063, 122.849862, 31.218483]",31.2163,122.853,[],['8486'],"['PICES', 'WCPFC', 'IWC', 'ACAP']",['61'],['61'],['8486'],[],[],[],42,43,5.853211,6.249267,4863edc45-53b2-8327-6c4d-1c4004eed7e9,ZSY09282-1282%,120009282,,gear,,,,,201.7575,44.95724118937611,0.1203175507468298,42.62020625775083
2023-12-23T17:41:05.000Z,2024-01-18T21:07:01.000Z,b1a3cc5400e30a245a148cb70dd3585e,loitering,"[122.863613, 31.19505, 122.8627, 31.208608]",31.2018,122.8632,[],['8486'],"['ACAP', 'PICES', 'IWC', 'WCPFC']",['61'],['61'],['8486'],[],[],[],41,42,5.060295,5.853211,d98eff910-0b9d-30af-81d1-72cff718fe53,,66225503,,gear,,,,,627.4322222222222,79.83875165554217,0.06870778326165325,41.687174152997024
2023-12-23T17:45:20.000Z,2024-01-01T08:01:01.000Z,a558de518cf6fc4b8981979d509b021f,loitering,"[124.050538, 32.259045, 124.592788, 32.162978]",32.211,124.3217,[],['8486'],"['ACAP', 'IWC', 'WCPFC', 'PICES']",['61'],['61'],[],[],[],[],202,193,168.004484,194.331875,55ba924f0-0575-d003-195a-ebb2895b2ba4,SUGANYU02789-3-89%,27892303,,gear,,,,,206.26138888888892,419.37274389484304,1.0978456388262665,184.69114330346474
2023-12-23T17:52:04.000Z,2024-01-03T21:00:49.000Z,9b68ba04bd77eea56f725a6410d6363d,loitering,"[125.815215, 30.547125, 126.129523, 28.104017]",29.3256,125.9724,[],['8487'],"['APFIC', 'IWC', 'ACAP', 'WCPFC']",['61'],['61'],[],[],[],[],277,198,256.146,225.972875,c54a79f61-1111-88b0-6604-d5974dc39af0,NET02888---59--62%,28880059,,gear,,,,,267.1458333333333,352.0751885671414,0.7116165392614575,268.715093463132
2023-12-23T17:56:35.000Z,2024-01-03T16:20:06.000Z,6944186dfdc5fc4eac0cbdc91ea7befa,loitering,"[-149.884668, -2.313565, -150.60171, -2.704932]",-2.5092,-150.2432,[],[],"['ACAP', 'WCPFC', 'SPRFMO', 'IWC']",['77'],['77'],[],['63203'],[],[],589,499,970.124875,924.721625,eefd476de-ebd1-e3eb-6c15-5a3ec046ad8d,BUOY-22           9V,994008742,,gear,,,,,262.3919444444446,252.23865439469455,0.5190631054749053,556.7907094610579
2023-12-23T17:58:05.000Z,2024-08-09T09:59:14.000Z,e04a958e788814e4154d8e0348abfb63,loitering,"[11.339961666666667, -7.190428333333333, 11.214878333333333, -7.1824216666666665]",-7.1864,11.2774,[],['8478'],"['ACAP', 'IWC', 'ICCAT']","['47.1.1', '47.1', '47']",['47'],[],[],[],[],147,159,33.930945,44.92664499999999,29e5bede8-8636-fb31-de47-333c0bc6f2e2,DEEPWATER SKYROS,538005021,MHL,other,civ-abidjan,CIV,ABIDJAN,433c3400e454f68662df4968f27350fc,5512.019166666673,62.14932908148285,0.006088141578079649,156.1337980760081
2023-12-23T18:08:46.000Z,2024-01-01T05:30:29.000Z,e948eb5603688c0aa919bc7240973e7c,loitering,"[122.863497, 31.205753, 122.86082999999999, 31.225465]",31.2156,122.8622,[],['8486'],"['IWC', 'ACAP', 'WCPFC', 'PICES']",['61'],['61'],['8486'],[],[],[],42,44,5.853211,7.68021,7d9929fa8-8974-7fde-d2bc-bce6c2f89064,ZPY62255-280%,200062255,,gear,,,,,203.36194444444448,48.01962515006778,0.12749938721330412,43.19580184140565
2023-12-23T18:10:59.000Z,2024-01-01T09:26:28.000Z,da3b03faadff1b725207952891b1bcd0,loitering,"[122.84481, 31.201455, 122.845653, 31.210215]",31.2058,122.8452,[],['8486'],"['IWC', 'WCPFC', 'PICES', 'ACAP']",['61'],['61'],['8486'],[],[],[],40,42,3.840255,5.284535,9373b2762-2a30-c682-d4e4-2f2b332571d4,ZHELINYU21217-71-99%,212170071,CYP,gear,chn-shanghai,CHN,SHANGHAI,f02b56681995a0b3124e8f536ae57c75,207.2580555555556,49.36490967987961,0.1286073960415181,40.87963934946355
2023-12-23T18:14:11.000Z,2024-01-18T17:56:50.000Z,77d7796e16991794936d4e7f704f7016,loitering,"[122.864407, 31.20388, 122.860787, 31.215397]",31.2096,122.8626,[],['8486'],"['ACAP', 'PICES', 'WCPFC', 'IWC']",['61'],['61'],['8486'],[],[],[],41,43,5.060295,6.7369449999999995,d4c742ed3-3f11-5d0a-fe87-845576fab277,,66225506,,gear,,,,,623.7108333333333,75.81216241544628,0.06563184522888227,42.699375913611256
2023-12-23T18:21:25.000Z,2024-01-01T12:40:25.000Z,eac7acb1a223de72772e1db12426f4b4,loitering,"[123.191073, 32.26863, 123.191417, 32.269425]",32.269,123.1912,[],['8486'],"['IWC', 'WCPFC', 'ACAP', 'PICES']",['61'],['61'],[],[],[],[],134,134,113.892523,113.892523,ec8448ce5-52e4-8710-7fca-a7868e76b253,SUQIYU04422-02   7V3,44220002,,gear,,,,,210.31666666666663,7.751370357586144,0.019900492086616994,134.00000000000006
2023-12-23T18:21:50.000Z,2024-01-10T09:11:49.000Z,fde5d1a732425f65ba6edb3d73ba423e,loitering,"[123.190907, 32.24049, 123.19036, 32.240547]",32.2405,123.1906,[],['8486'],"['WCPFC', 'ACAP', 'PICES', 'IWC']",['61'],['61'],[],[],[],[],133,133,111.17943799999999,111.17943799999999,174545de7-70d9-0d80-3f9a-ecf570778ae1,SUQIYU04422*56_8.0V,44228056,,gear,chn-shanghai,CHN,SHANGHAI,4eadaa16042642665f1f00e29b14d8f3,422.8330555555556,21.183229505516177,0.027050933554944482,133.0
2023-12-23T18:22:32.000Z,2024-01-01T12:25:52.000Z,705d9c1987b402edb8f348f24819c34c,loitering,"[123.190787, 32.266513, 123.191427, 32.266747]",32.2666,123.1911,[],['8486'],"['IWC', 'ACAP', 'WCPFC', 'PICES']",['61'],['61'],[],[],[],[],134,134,113.892523,113.892523,8bbd6f6fb-b626-639b-7471-d2fd942d20f6,SUQIYU04422*017_8.1V,804422017,,gear,,,,,210.05555555555557,8.414548281567464,0.021629956801772637,133.99999999999997
2023-12-23T18:23:10.000Z,2024-01-04T01:55:16.000Z,ebdf6f6254712d2cb1c785e3f7807edf,loitering,"[123.191133, 32.25371, 123.19164, 32.25391]",32.2538,123.1914,[],['8486'],"['ACAP', 'PICES', 'WCPFC', 'IWC']",['61'],['61'],[],[],[],[],133,133,112.08006200000001,112.08006200000001,358c7693d-d1be-2d8d-1b69-26afaacd9cc4,SUQIYU04422*023_7.8V,804422023,,gear,,,,,271.535,9.739185626924801,0.019366709777289267,133.51491356762276
2023-12-23T18:25:06.000Z,2024-01-04T02:36:04.000Z,a0d2490e7655c77de7e24e2bf8c89700,loitering,"[123.19072, 32.244887, 123.19068, 32.244837]",32.2449,123.1907,[],['8486'],"['IWC', 'ACAP', 'WCPFC', 'PICES']",['61'],['61'],[],[],[],[],133,133,111.17943799999999,111.17943799999999,226dca1bd-dfba-5985-c100-cb2ce5cd8e6c,SUQIYU04422*037_8.0V,804422037,,gear,,,,,272.18277777777774,9.855743028297782,0.019551845067822617,133.00000000000003
2023-12-23T18:27:08.000Z,2024-01-01T09:22:15.000Z,0b07f7e2a9aed87f018d8486c5efc905,loitering,"[122.844383, 31.206668, 122.843882, 31.220993]",31.2138,122.8441,[],['8486'],"['ACAP', 'WCPFC', 'IWC', 'PICES']",['61'],['61'],['8486'],[],[],[],41,42,4.837581,5.852949,8377f2d67-770e-e3b7-39bf-4e66cb96aee6,ZHELINYU21217-97-99%,212170097,CYP,gear,chn-shanghai,CHN,SHANGHAI,1502e84f92692c84fe3501f27eee6ad5,206.91861111111112,48.380891977250045,0.12625056605635512,41.412014642415365
2023-12-23T18:34:24.000Z,2024-01-01T12:16:05.000Z,578777a7560ad61215f1e1e10aab2abb,loitering,"[123.190533, 32.287617, 123.19196, 32.288157]",32.2879,123.1912,[],['8486'],"['ACAP', 'PICES', 'IWC', 'WCPFC']",['61'],['61'],[],[],[],[],135,135,115.71932799999999,115.71932799999999,38c6d6a38-8b7d-1010-c03f-72d32844d49c,SUQIYU04422*63_8.1V,44228063,,gear,,,,,209.69472222222223,9.879781080008378,0.02544010146879283,135.0
2023-12-23T18:37:00.000Z,2024-01-01T12:15:49.000Z,217239fbf680d8df320b583538ca28b5,loitering,"[123.138003, 33.470582, 123.139475, 33.52702]",33.4988,123.1387,[],['8486'],"['IWC', 'WCPFC', 'ACAP', 'PICES']",['61'],['61'],[],[],[],[],192,189,174.380922,178.001766,26b83cb7c-c301-ec57-96c9-33bf8896764e,SUQIYU03139---03 7V5,31390003,,gear,,,,,209.64694444444444,10.13389924058968,0.026100393950369304,191.93501300652582
2023-12-23T18:40:23.000Z,2024-01-01T12:12:12.000Z,83b5ae06b3a7ff435015d90c63a52d9a,loitering,"[123.190493, 32.290437, 123.191547, 32.29104]",32.2907,123.191,[],['8486'],"['IWC', 'ACAP', 'WCPFC', 'PICES']",['61'],['61'],[],[],[],[],135,135,115.71932799999999,115.71932799999999,a5264a456-62f8-9abe-f986-478daeca9898,SUQIYU04422*62_8.1V,44228062,,gear,,,,,209.5302777777778,7.031963558231112,0.01812127872491324,135.0
2023-12-23T18:46:07.000Z,2024-01-01T12:10:56.000Z,0c25b2ba6c0b06134a27f72ad002f67b,loitering,"[123.190613, 32.30671, 123.191887, 32.325453]",32.3161,123.1913,[],['8486'],"['IWC', 'PICES', 'ACAP', 'WCPFC']",['61'],['61'],[],[],[],[],136,137,117.55982,119.413367,f466a0ade-e0a5-36da-ec36-f382e8515b33,,518568974,COK,gear,,,,,209.41361111111107,9.574817553635569,0.02468792669445784,136.8533281954208
2023-12-23T18:49:34.000Z,2024-01-10T08:45:02.000Z,ecdef1f04539d9d9c857bd0147923ab3,loitering,"[123.190587, 32.33335, 123.190907, 32.344557]",32.339,123.1907,[],['8486'],"['IWC', 'PICES', 'WCPFC', 'ACAP']",['61'],['61'],[],[],[],[],137,137,119.413367,120.344844,17767a3a3-38a4-0322-509a-95907f81612f,SUQIYU04422*008_7.7V,804422008,,gear,,,,,421.9244444444444,26.53194525839573,0.03395419378948058,137.00000000000003
2023-12-23T18:51:42.000Z,2024-01-03T11:54:15.000Z,d40104ca21c710195fb93ada2420af4e,loitering,"[123.55807, 30.548847, 123.546092, 30.547393]",30.5481,123.5521,[],['8486'],"['PICES', 'WCPFC', 'ACAP', 'IWC']",['61'],['61'],[],[],[],[],61,60,43.544004,42.684129,83608a518-8a03-0f3a-d3c3-9cfc5496ef7c,QGWNYU33305-3-80%,305333053,ATG,gear,chn-zhoushan,CHN,ZHOUSHAN,0b1612cca274618ef13dd16d6467bacb,257.0425,264.17277827628317,0.5549350357161926,70.23964492648587
2023-12-23T18:53:11.000Z,2024-01-05T05:18:27.000Z,2e93e50e06cf829833c071b048f62006,loitering,"[123.297895, 32.261732, 123.296272, 32.228313]",32.245,123.2971,[],['8486'],"['PICES', 'IWC', 'WCPFC', 'ACAP']",['61'],['61'],[],[],[],[],144,142,119.28025,116.726328,8b9081627-7ec4-360c-243b-bd57db0924fa,SUQIYU03269-54-79%,412326954,CHN,gear,,,,,298.4211111111111,19.4655521011431,0.035220555445625544,142.03817471921133
2023-12-23T18:59:05.000Z,2024-01-08T06:51:35.000Z,4aaed0216cedcec3136af8cdb4f4d3a9,loitering,"[11.804013333333334, -5.673375, 11.796951666666667, -5.6602966666666665]",-5.6668,11.8005,[],['8478'],"['ICCAT', 'ACAP', 'IWC']","['34', '34.3.6', '34.3']",['34'],[],[],[],[],38,38,1.5686980000000001,1.106528,7d56fd45f-f25d-19ed-1796-e4c4ff3ae60e,NORMAND ENERGY,258728000,NOR,other,,,,,371.8750000000001,31.133624303929434,0.04520554557079975,39.424893168228536
2023-12-23T19:04:46.000Z,2024-01-01T09:59:30.000Z,efe27f858a1a886463ddaa850bc4747c,loitering,"[-20.728152, -1.985618, -21.816492, -1.923592]",-1.9546,-21.2723,[],[],"['IWC', 'ICCAT', 'ACAP']","['41.1', '41', '41.1.4']",['41'],[],['63203'],[],[],958,1054,959.952938,1055.982625,97816b41a-ace0-55bf-9078-0047472db13f,BUOY-04  100%,168804110,,gear,,,,,206.91222222222223,211.74814272114614,0.5525765904664713,1035.557466242624
2023-12-23T19:23:59.000Z,2024-01-01T08:28:42.000Z,94a04041528563c15796a09141ed023d,loitering,"[122.842667, 31.21186, 122.845513, 31.217467]",31.2147,122.8441,[],['8486'],"['ACAP', 'WCPFC', 'IWC', 'PICES']",['61'],['61'],['8486'],[],[],[],41,43,4.837581,6.249267,ed2f0135a-afc3-c4fc-e436-61776c58a841,ZHELINYU21217-93-99%,212170093,CYP,gear,chn-shanghai,CHN,SHANGHAI,a5f14af64e903814833faf930488830f,205.0786111111111,46.244916070193064,0.12175944103605638,41.726416044520334
2023-12-23T19:24:56.000Z,2024-01-01T03:16:50.000Z,ef64f2601fc7ec6eccbd0a049952ef6d,loitering,"[124.512825, 32.994065, 124.511703, 32.994723]",32.9944,124.5123,[],['8327'],"['WCPFC', 'ACAP', 'IWC', 'PICES']",['61'],['61'],[],[],[],[],130,130,131.132547,131.132547,31d39bfc4-4824-2fc8-ad57-3b3d572bd9ad,MFJY01976-11-99%,233101806,GBR,gear,,,,,199.86499999999998,5.47100181532934,0.014780500097093996,129.47838205682848
2023-12-23T19:28:12.000Z,2024-01-04T02:20:33.000Z,b9ac4f4717d58469ae25546c6b077151,loitering,"[123.190333, 32.376257, 123.190973, 32.243043]",32.3097,123.1907,[],['8486'],"['PICES', 'WCPFC', 'ACAP', 'IWC']",['61'],['61'],[],[],[],[],139,133,124.100461,111.17943799999999,e6e269023-35b7-e86c-30d4-221fc1fbb4f5,SUQIYU04422*022_8.0V,804422022,,gear,,,,,270.8725,25.35166833391316,0.050535974659108765,133.89809605897582
2023-12-23T19:31:51.000Z,2024-01-10T08:51:38.000Z,afa0a02c4a5d3f066e74e3597e93838b,loitering,"[123.1896, 32.302403, 123.191227, 32.32312]",32.3128,123.1904,[],['8486'],"['WCPFC', 'PICES', 'IWC', 'ACAP']",['61'],['61'],[],[],[],[],135,136,116.637906,118.485,4de0dc073-3978-b34b-a713-bdae712eea21,SUQIYU04422*67_8.0V,44228067,,gear,,,,,421.32972222222224,25.38586218481023,0.03253335398694713,136.55773072394553
2023-12-23T19:54:20.000Z,2024-01-05T10:15:47.000Z,54bfc36d74b00906a187fcc690d473da,loitering,"[122.872332, 29.353182, 122.886192, 27.80644]",28.5798,122.8793,[],['8486'],"['ACAP', 'IWC', 'WCPFC', 'APFIC']",['61'],['61'],[],[],[],[],65,116,45.319438000000005,115.963992,32655e155-5206-b1e8-ba06-2458e333d850,ZHELINYU21887-4--69%,232188704,GBR,gear,,,,,302.3575000000001,323.16550479366066,0.5771162050074506,83.65552808506428
2023-12-23T19:54:32.000Z,2024-01-01T08:35:04.000Z,dc4aebda60a94c5475f47ded506d4945,loitering,"[125.548487, 32.186435, 125.54946, 32.187707]",32.1871,125.549,[],['8327'],"['IWC', 'WCPFC', 'PICES', 'ACAP']",['61'],['61'],[],[],[],[],128,128,130.972656,130.972656,b910ec638-8f68-0a2b-2d5f-805c2e8f770c,,1139156,,gear,,,,,204.67555555555552,3.7044987836283743,0.009772878427930568,128.00000000000006
2023-12-23T19:59:45.000Z,2024-01-01T08:49:23.000Z,9347996ff4ad81f045380e664d1c14e9,loitering,"[122.841407, 31.217013, 122.846473, 31.223748]",31.2204,122.8439,[],['8486'],"['ACAP', 'PICES', 'WCPFC', 'IWC']",['61'],['61'],['8486'],[],[],[],42,43,5.852949,6.249267,926ee9788-868e-330b-3909-a0d0ded318cb,ZHELINYU21217-73-99%,212170073,CYP,gear,chn-shanghai,CHN,SHANGHAI,84c6707207a4cd717f07495e6a8604d4,204.8272222222222,47.862979998224986,0.12617435028078472,42.3776345875241
2023-12-23T20:03:59.000Z,2024-01-01T17:53:36.000Z,81fb750e0b73f178df1e09e8fa42c70c,loitering,"[125.3662, 32.218158, 125.366233, 32.219527]",32.2188,125.3662,[],['8327'],"['IWC', 'ACAP', 'WCPFC', 'PICES']",['61'],['61'],[],[],[],[],135,135,137.462562,137.462562,b6e106ea5-51fa-99c8-e74c-d96a16625556,,62592910,,gear,,,,,213.82694444444445,2.2729084956703884,0.005739559198482605,135.00000000000003
2023-12-23T20:13:27.000Z,2024-01-02T23:55:59.000Z,15b89cb38e69369812a0f55b5669787c,loitering,"[122.606633, 31.333773, 122.607113, 31.3339]",31.3338,122.6069,[],['8486'],"['PICES', 'WCPFC', 'IWC', 'ACAP']",['61'],['61'],['8486'],[],[],[],52,52,2.223899,2.223899,641119e77-79cc-ecd0-cadb-296b6e3ed429,ZLY21979-1439%,921979014,,gear,,,,,243.70888888888896,15.818324038803764,0.035046779471032734,52.4475768289114
2023-12-23T20:19:40.000Z,2024-01-03T00:14:25.000Z,1b78baab4e09e5b45654ab0920b1ebcc,loitering,"[123.25888, 27.463588, 123.252255, 27.135833]",27.2997,123.2556,[],['48954'],"['WCPFC', 'ACAP', 'IWC', 'APFIC']",['61'],['61'],[],[],[],[],169,140,164.420297,170.771328,37c92b6ec-ce1e-0ca3-d6df-49ca2dc9aba8,11786-10-80%,141178610,,gear,,,,,243.9125,267.5113571506037,0.5921983387286113,156.19857328074247
2023-12-23T20:22:18.000Z,2024-01-16T09:56:08.000Z,e753a7456281b49bad56dd6c26388ed8,loitering,"[125.463802, 32.168023, 125.464847, 32.177222]",32.1726,125.4643,[],['8327'],"['IWC', 'WCPFC', 'ACAP', 'PICES']",['61'],['61'],[],[],[],[],134,133,137.253484,136.315688,95ee4c050-03c5-f2b7-ad24-86f3510bdf29,ZHEDAIYU02417-01-92%,2417001,,gear,,,,,565.5638888888889,80.98094470070254,0.07731436341758118,131.4233005168297
2023-12-23T20:26:53.000Z,2024-01-01T13:40:33.000Z,fe6fd611bd96c082eb960d18fde228b9,loitering,"[123.16378, 33.480438, 123.162587, 33.433465]",33.457,123.1632,[],['8486'],"['WCPFC', 'PICES', 'IWC', 'ACAP']",['61'],['61'],[],[],[],[],190,192,176.54334400000002,173.667,705269f1b-b123-18f2-2c84-5ca54b7cff68,ZHE DAI YU 04614-3,100461403,,gear,,,,,209.22777777777782,27.47803250300924,0.07091291009808345,191.21214890051846
2023-12-23T20:29:17.000Z,2024-01-17T08:56:34.000Z,4527490511627117c99e7787d647953c,loitering,"[122.94017, 31.136992, 122.943167, 31.136072]",31.1365,122.9417,[],['8486'],"['PICES', 'IWC', 'WCPFC', 'ACAP']",['61'],['61'],['8486'],[],[],[],39,39,11.420691000000001,11.420691000000001,96c98dc93-3fbb-c8d1-75b6-5d19cea9feed,NET-ZSY07785-68-99%,907785068,,gear,,,,,588.4547222222221,73.06531144671526,0.06704358130270333,38.226490821950804
2023-12-23T20:39:08.000Z,2024-01-14T03:17:36.000Z,54ee56d35cdad61ac38304514cc4a801,loitering,"[124.001993, 33.859697, 124.008105, 33.940092]",33.8999,124.005,[],['8327'],"['ACAP', 'WCPFC', 'IWC', 'PICES']",['61'],['61'],[],[],[],[],102,100,106.34307000000001,103.97443,c3ca93d87-7c29-cd44-ae97-f9242b99e156,JICAOYU04658-03-99%,46580003,,gear,,,,,510.6411111111112,26.547338509317232,0.028071410095747103,101.53155766552521
2023-12-23T20:40:03.000Z,2024-01-01T10:03:56.000Z,0c36e408328cde8f98d2b1afc8305dcd,loitering,"[125.339267, 32.245643, 125.35234, 32.248748]",32.2472,125.3458,[],['8327'],"['ACAP', 'IWC', 'WCPFC', 'PICES']",['61'],['61'],[],[],[],[],134,133,136.529188,135.948,60b0e2e57-7761-f6c9-5fb6-c3e4e6448e41,,66018004,,gear,,,,,205.39805555555557,25.4457096509821,0.0668924737755879,133.75734001267466
2023-12-23T20:44:22.000Z,2024-01-01T07:32:05.000Z,a81053f04fb5b35d3cc473f3ccda14a5,loitering,"[124.54764, 31.654798, 124.643942, 32.145858]",31.9003,124.5958,[],['8486'],"['ACAP', 'WCPFC', 'IWC', 'PICES']",['61'],['61'],[],[],[],[],193,190,167.24393799999999,191.30184400000002,616986140-0330-42b7-4978-6fc31955cc08,SUGANYU02822-04-41%,96282204,,gear,,,,,202.79527777777776,339.29699478146705,0.9034023017295814,194.0102413274411
2023-12-23T20:45:11.000Z,2024-01-11T09:37:05.000Z,48206f5a7d18ccf3d651dea9a781864c,loitering,"[122.94002, 31.136973, 122.915445, 31.146975]",31.142,122.9277,[],['8486'],"['WCPFC', 'ACAP', 'IWC', 'PICES']",['61'],['61'],['8486'],[],[],[],39,39,11.420691000000001,9.516238999999999,16c14a02a-acb7-c1ee-6d6c-b8ae098af669,NET-ZSY07785-67-99%,907785067,,gear,chn-shanghai,CHN,SHANGHAI,0ab91b9fb511b757b317f36adc278814,444.86499999999995,37.93045824930146,0.04603825652704437,39.689365821310325
2023-12-23T21:04:19.000Z,2024-01-01T09:23:21.000Z,004e6d322cba28eb84cc4aa65c4b64d4,loitering,"[124.045947, 33.699248, 124.044422, 33.702447]",33.7008,124.0452,[],['8327'],"['PICES', 'ACAP', 'WCPFC', 'IWC']",['61'],['61'],[],[],[],[],104,105,107.031375,107.891891,062f0d263-3813-7843-9635-51ccda2c2256,ZHEDAIYU02604-A17,222500008,,gear,,,,,204.31722222222223,5.139062428768542,0.013581193457980872,104.82632907224462
2023-12-23T21:19:26.000Z,2024-01-01T00:14:40.000Z,2e3f65cbeaeb2b83e33ed2e7032b40b5,loitering,"[123.999287, 33.614505, 124.002727, 33.616460000000004]",33.6155,124.001,[],['8327'],"['WCPFC', 'IWC', 'ACAP', 'PICES']",['61'],['61'],[],[],[],[],113,112,115.273641,114.800594,3a87b565e-eacc-e6f3-9171-7f7e2acb79ef,,10668437,,gear,,,,,194.92055555555555,31.727385079771835,0.08788922943942502,111.54607795328171
2023-12-23T21:22:22.000Z,2024-01-01T01:39:05.000Z,5fab954bb46d8a0c29548d9ada327e31,loitering,"[123.99691, 33.570208, 123.998465, 33.569675]",33.5699,123.9977,[],['8327'],"['ACAP', 'PICES', 'WCPFC', 'IWC']",['61'],['61'],[],[],[],[],115,115,117.252266,117.252266,a13c515bb-b672-ddd8-2450-083223b29779,MINFUDINYU09983-06,232702232,GBR,gear,,,,,196.27861111111113,37.79753816093628,0.10397993835569558,114.496145784059
2023-12-23T21:22:29.000Z,2024-01-01T00:14:39.000Z,f9b2a240e73083c56066e96c0762a841,loitering,"[124.00047, 33.59045, 124.000873, 33.59093]",33.5907,124.0007,[],['8327'],"['ACAP', 'PICES', 'WCPFC', 'IWC']",['61'],['61'],[],[],[],[],114,114,116.245898,116.245898,914a3cf5b-b99a-6cc9-4b55-518c7fbc214a,ZHEDAIYU02435-103,223500114,,gear,,,,,194.8694444444444,4.870282654253734,0.013494892754550956,114.00000000000001
2023-12-23T21:23:33.000Z,2024-01-01T00:27:30.000Z,e74a0b982ccb5dddec4effa7b6176779,loitering,"[123.998227, 33.585737, 124.00228, 33.585957]",33.5858,124.0003,[],['8327'],"['IWC', 'WCPFC', 'PICES', 'ACAP']",['61'],['61'],[],[],[],[],114,114,116.245898,116.245898,a78a5e6ce-e0ef-627b-3a7e-3bbc68a9fd0a,,61500125,,gear,chn-zhoushan,CHN,ZHOUSHAN,925bcfd43e9c4de993249048307a2e5e,195.06583333333336,30.584419315960652,0.08465995816487047,113.22627367604385
2023-12-23T21:23:56.000Z,2024-01-02T15:34:42.000Z,78bfdbc5d2a97e3c38c2961ceab5c660,loitering,"[124.058247, 33.630008, 124.0335, 33.632247]",33.6311,124.0459,[],['8327'],"['IWC', 'ACAP', 'WCPFC', 'PICES']",['61'],['61'],[],[],[],[],107,109,109.301789,111.813102,fe9051172-22eb-bd7d-0dc8-8c34f83e686b,,10670997,,gear,,,,,234.1794444444444,7.457619443547302,0.01719532799166047,107.6881293070134
2023-12-23T21:25:17.000Z,2024-01-01T00:48:43.000Z,57cc2c75e6ed200ac8aa13e231aa143c,loitering,"[123.966393, 33.569458, 123.96676, 33.569205]",33.5693,123.9666,[],['8327'],"['PICES', 'IWC', 'WCPFC', 'ACAP']",['61'],['61'],[],[],[],[],117,117,119.72675,119.72675,deedf2180-082b-3eda-1676-08258fa4370f,,33560072,,gear,,,,,195.39055555555552,4.123649154923855,0.011395598983454922,117.00000000000003
2023-12-23T21:25:42.000Z,2024-01-01T00:26:34.000Z,f43d0aaa0f57a14e8bad29d58cab25cf,loitering,"[123.99727, 33.561447, 124.001788, 33.560935]",33.5612,123.9995,[],['8327'],"['IWC', 'PICES', 'ACAP', 'WCPFC']",['61'],['61'],[],[],[],[],115,115,117.767969,117.767969,192847930-04fe-77f3-86a9-670275e40630,MINFUDINYU09983-09,232001000,GBR,gear,,,,,195.01444444444445,35.71037901680337,0.09887504568718523,114.9375345326779
2023-12-23T21:27:12.000Z,2024-01-01T00:17:46.000Z,4216f3495cd769f5abf924b4db0d3fbc,loitering,"[123.96666, 33.578463, 123.9668, 33.578713]",33.5786,123.9667,[],['8327'],"['ACAP', 'PICES', 'WCPFC', 'IWC']",['61'],['61'],[],[],[],[],117,117,119.229609,119.229609,46077737a-a62a-ea28-d213-791c57dfaa6f,,21870081,,gear,,,,,194.84277777777777,3.772261984767759,0.010453856931848004,117.00000000000004
2023-12-23T21:28:00.000Z,2024-01-04T11:08:43.000Z,ed394f4b560503cefdeeac38e5c4d188,loitering,"[123.199007, 29.78342, 123.06158, 29.615257]",29.6993,123.1303,[],['8486'],"['ACAP', 'WCPFC', 'APFIC', 'IWC']",['61'],['61'],[],[],[],[],57,63,50.077871,42.074715,410b011ff-f804-0b10-58f0-a7c2efac2416,,109793046,,gear,chn-zhoushan,CHN,ZHOUSHAN,ce64a23028f54c3d5d6b885b9f73488b,277.67861111111114,175.45780234478943,0.34118448560501213,55.8529404216493
2023-12-23T21:30:10.000Z,2024-01-01T00:21:15.000Z,d2f1ae8733d91fe3334a613cc170a5fb,loitering,"[124.030047, 33.582508, 124.03424, 33.58251]",33.5825,124.0321,[],['8327'],"['PICES', 'ACAP', 'WCPFC', 'IWC']",['61'],['61'],[],[],[],[],112,112,114.273312,114.273312,e618d1bd1-19eb-1188-38ca-9c8ef4b560d5,ZHE DAI YU 02601-06,26026016,,gear,chn-zhoushananchorage,CHN,ZHOUSHAN ANCHORAGE,3118c0a1e255d06585327c0397ff7be5,194.85138888888886,31.27478041340812,0.08666620524030803,111.00406147952182
2023-12-23T21:37:20.000Z,2024-01-02T08:49:44.000Z,03b66dde4425d36308e999f8520dbdbb,loitering,"[124.061783, 33.578948, 124.066307, 33.589915]",33.5844,124.064,[],['8327'],"['IWC', 'PICES', 'WCPFC', 'ACAP']",['61'],['61'],[],[],[],[],109,108,111.81583599999999,110.475734,2656380f0-0df9-d97e-b936-61e4dd1fa1e9,JIAOZHONG-03-99%,223700008,,gear,,,,,227.20666666666665,37.76538417816383,0.08974946211431016,108.49029952011915
2023-12-23T21:38:07.000Z,2024-01-05T21:32:31.000Z,e0d8c7e16a38acc01ad667813366b72f,loitering,"[124.01638, 33.551625, 123.966918, 33.549458]",33.5505,123.9916,[],['8327'],"['WCPFC', 'ACAP', 'IWC', 'PICES']",['61'],['61'],[],[],[],[],114,118,116.663961,120.745633,614621697-7e78-451e-b440-ca91e0be4646,ZHEDAIYU02601-53-91%,26010053,,gear,,,,,311.90666666666664,11.264406561410597,0.01950036215873855,115.49086907298796
2023-12-23T21:38:52.000Z,2024-01-01T10:08:13.000Z,b72114eb4f222bd003ecc9425c970dc6,loitering,"[123.996993, 33.553307, 124.007447, 33.566985]",33.5601,124.0022,[],['8327'],"['IWC', 'WCPFC', 'PICES', 'ACAP']",['61'],['61'],[],[],[],[],116,114,118.291875,116.430406,5e0180c85-5fe0-4f94-405f-453e89ac8dff,ZHEDAIYU02435-1-69%,221000421,,gear,,,,,204.48916666666668,25.405299488533878,0.06708308575106625,115.13506158102678
2023-12-23T21:39:13.000Z,2024-01-01T01:27:18.000Z,84b6b0cf022b6e91d19589fb3334bef1,loitering,"[123.966313, 33.526072, 123.966973, 33.52588]",33.526,123.9666,[],['8327'],"['WCPFC', 'IWC', 'ACAP', 'PICES']",['61'],['61'],[],[],[],[],119,119,121.796594,121.796594,977076202-2a89-2a21-2ae4-d09a27369421,,602264088,,gear,,,,,195.80138888888885,4.5612919869640995,0.012578565733805698,119.0
2023-12-23T21:40:21.000Z,2024-01-02T00:25:26.000Z,3756309c6bb092379e7d61c781e866ea,loitering,"[124.064067, 33.583288, 124.064227, 33.583323]",33.5833,124.0641,[],['8327'],"['ACAP', 'PICES', 'IWC', 'WCPFC']",['61'],['61'],[],[],[],[],109,109,111.81583599999999,111.81583599999999,793c6712a-abde-874e-1600-219b2217ad46,,66160061,,gear,,,,,218.7513888888889,5.337504801678898,0.013174874206663842,108.85414026666605
2023-12-23T21:40:24.000Z,2024-01-02T01:23:32.000Z,64e9759280b5e7c597cc5a73a93ff516,loitering,"[124.06176, 33.591085, 124.061967, 33.591247]",33.5912,124.0619,[],['8327'],"['ACAP', 'IWC', 'WCPFC', 'PICES']",['61'],['61'],[],[],[],[],109,109,111.295352,111.295352,e343f4cd8-8f58-ddbd-83a8-4a8e6aff2843,,66160065,,other,,,,,219.71888888888887,4.203429187318602,0.010329881964243897,109.0
2023-12-23T21:42:23.000Z,2024-01-02T00:35:56.000Z,6fe4899abd5a3a61a318367dc1701f07,loitering,"[124.059952, 33.586522, 124.063533, 33.58651]",33.5865,124.0617,[],['8327'],"['WCPFC', 'IWC', 'PICES', 'ACAP']",['61'],['61'],[],[],[],[],109,109,111.295352,111.295352,3112f7db3-322a-613b-86a8-bd6602d125b7,ZHE ZHONG 06616-50,26661650,,gear,,,,,218.89249999999998,33.40579296171021,0.08240430889367499,108.06342070249605
2023-12-23T21:49:29.000Z,2024-01-01T01:23:38.000Z,47aa24e3b7559fbd978a5d6b8f3c8e1b,loitering,"[123.969148, 33.511593, 123.976258, 33.492693]",33.5021,123.9727,[],['8327'],"['PICES', 'WCPFC', 'ACAP', 'IWC']",['61'],['61'],[],[],[],[],120,121,122.87881200000001,123.19305499999999,239205163-35c7-389a-03ae-a6497a774704,ZHEDAIYU0226425-69%,602264025,,gear,,,,,195.56916666666666,25.76208638081028,0.07112784724517353,120.71900985613173
2023-12-23T21:49:32.000Z,2024-01-02T01:52:00.000Z,c0d02bb94e453b9eca90fe423f9dc4d2,loitering,"[174.119238, -29.937683, 174.103712, -29.956148]",-29.9469,174.1115,[],[],"['WCPFC', 'ACAP', 'SPRFMO', 'IWC']",['81'],['81'],[],['63203'],[],[],502,499,546.7065620000001,544.272,3fc011909-9f11-f73e-7ff7-5a0d793933bb,SD-1081 (UNCREWED),338431587,USA,other,,,,,220.04111111111112,305.6341693473873,0.7499928003196092,490.95596312796175
2023-12-23T21:51:08.000Z,2024-01-01T01:24:40.000Z,4568e732fc85131dc43a1ad59cb5713b,loitering,"[123.967473, 33.506937, 123.966693, 33.498905]",33.5029,123.9671,[],['8327'],"['WCPFC', 'ACAP', 'IWC', 'PICES']",['61'],['61'],[],[],[],[],120,121,122.87881200000001,123.431398,2ee3e3935-5560-620e-35e5-dcd0f3406279,,602264089,,gear,,,,,195.5588888888889,4.876243758551389,0.013463775580328165,121.0
2023-12-23T21:54:45.000Z,2024-01-01T00:06:18.000Z,fbcc05bab7f69105a4c13a0bd6ca7d0c,loitering,"[123.933108, 33.529282, 123.934905, 33.527403]",33.5283,123.934,[],['8327'],"['ACAP', 'IWC', 'WCPFC', 'PICES']",['61'],['61'],[],[],[],[],123,123,125.062203,125.062203,a466da6fd-db33-ccf4-ff18-e8a394d5ff5e,ZHEDAIYU02256-23-73%,223000011,,gear,,,,,194.19250000000002,3.7237148062787098,0.010353876405005347,122.94746487409726
2023-12-23T21:55:12.000Z,2024-01-01T01:50:27.000Z,69da55402a15a54a33c6df6520297f87,loitering,"[123.948933, 33.51734, 123.950647, 33.515695]",33.5165,123.9498,[],['8327'],"['PICES', 'IWC', 'ACAP', 'WCPFC']",['61'],['61'],[],[],[],[],121,121,123.95674199999999,123.95674199999999,1add88e0b-bf56-ca0f-03d9-5ae35207891d,,602264083,,gear,chn-qushan,CHN,QUSHAN,d84f1e94cee6a7e608c3b47e99f04f70,195.9208333333333,4.306470781475407,0.011868611202692921,121.00000000000003
2023-12-23T21:55:54.000Z,2024-01-01T01:33:38.000Z,8ca53b1bd6f6dfb62b67704e92d0bd5c,loitering,"[123.962757, 33.52243, 123.966685, 33.520863]",33.5216,123.9647,[],['8327'],"['PICES', 'WCPFC', 'IWC', 'ACAP']",['61'],['61'],[],[],[],[],121,120,123.1445,122.333844,d35e08c43-3ad5-4755-00ed-a6f1e699a7c7,ZHEDAIYU0226423-56%,602264023,,gear,,,,,195.6288888888889,27.727668683119735,0.07653135196162253,119.71470734021199
2023-12-23T22:00:29.000Z,2024-01-01T01:43:24.000Z,33893ddff5f9459c7726fb55f7a769e3,loitering,"[123.967013, 33.506085, 123.976273, 33.497825]",33.502,123.9716,[],['8327'],"['PICES', 'ACAP', 'IWC', 'WCPFC']",['61'],['61'],[],[],[],[],120,120,122.87881200000001,122.62941400000001,f6b83329a-afef-678a-79ad-7505839bff58,,602264085,,gear,,,,,195.71527777777777,5.149461218988369,0.014206793924801512,120.0032081067351
2023-12-23T22:00:51.000Z,2024-01-05T21:11:42.000Z,c35a1fb41e45d9042308ccf2a5754968,loitering,"[124.016767, 33.458007, 124.017453, 33.447742]",33.4529,124.0171,[],['8327'],"['WCPFC', 'PICES', 'IWC', 'ACAP']",['61'],['61'],[],[],[],[],120,120,121.796617,122.404133,9ecb4a05c-c3bb-6eb5-6fd7-9c1f0cc075d0,,36520004,,gear,,,,,311.18083333333334,6.269137157176863,0.01087812261299744,120.0
2023-12-23T22:01:33.000Z,2024-01-01T01:28:38.000Z,a4d20d69f678c0a894cbf3e41b49cd89,loitering,"[123.964447, 33.505758, 123.966673, 33.49358]",33.4997,123.9656,[],['8327'],"['PICES', 'WCPFC', 'IWC', 'ACAP']",['61'],['61'],[],[],[],[],121,122,123.685992,123.991477,8e0ca0165-5947-fd83-d682-6a1acd465a7b,,22640111,,gear,,,,,195.45138888888886,26.126606558166188,0.07217773709611502,121.52435560654466
2023-12-23T22:04:51.000Z,2024-01-01T01:05:45.000Z,b68b7d475948c1430ee7479331940478,loitering,"[124.0167, 33.441115, 124.017347, 33.440823]",33.441,124.017,[],['8327'],"['IWC', 'PICES', 'WCPFC', 'ACAP']",['61'],['61'],[],[],[],[],121,121,123.01870299999999,123.01870299999999,d2c49c9f6-61f0-59ed-e4c9-3af50b1e865b,,36520001,,gear,,,,,195.01500000000001,3.4161817227225972,0.009458711191575828,120.99999999999997
2023-12-23T22:09:09.000Z,2024-01-01T01:51:54.000Z,9f17c3da5724fe045e429d91bdd675b4,loitering,"[123.898613, 33.48297, 123.89931, 33.483042]",33.483,123.899,[],['8327'],"['IWC', 'WCPFC', 'PICES', 'ACAP']",['61'],['61'],[],[],[],[],128,128,130.170852,130.170852,967631c2a-ada6-962b-4b9a-70c2ed82429c,ZHEDAIYU02132-605,21320605,,gear,,,,,195.7125,3.9661381140127534,0.010942291668167532,128.0
2023-12-23T22:12:01.000Z,2024-01-01T01:28:16.000Z,fa569d728cc6106c429eebd93aa11b07,loitering,"[123.944617, 33.513857, 123.95103, 33.510392]",33.5121,123.9478,[],['8327'],"['ACAP', 'WCPFC', 'IWC', 'PICES']",['61'],['61'],[],[],[],[],123,122,125.30518000000001,124.494789,2d7fdce0d-d487-0a3e-eb08-f35cbd08c720,ZHEDAIYU0226424-75%,602264024,,gear,,,,,195.27083333333331,27.858086494984484,0.07703230983066195,121.42221613843115
2023-12-23T22:15:23.000Z,2024-01-01T01:02:40.000Z,8291b29e2fbc23d3ebc5bc3af9f055f0,loitering,"[124.00886, 33.45897, 124.017247, 33.43311]",33.446,124.0131,[],['8327'],"['PICES', 'IWC', 'ACAP', 'WCPFC']",['61'],['61'],[],[],[],[],120,122,122.576531,123.640211,271e495a9-9c7f-583b-f767-50b953041cac,,36520005,,gear,,,,,194.7880555555555,6.971168245014311,0.01932423274719946,121.99723555472114
2023-12-23T22:16:58.000Z,2024-01-01T01:06:28.000Z,acc91ea76567a628a03d5a39bcbe88cb,loitering,"[124.010027, 33.456228, 124.017077, 33.428115]",33.4422,124.0136,[],['8327'],"['PICES', 'WCPFC', 'IWC', 'ACAP']",['61'],['61'],[],[],[],[],120,122,122.576531,123.640211,73ed44845-5239-89e8-b522-570bc9513462,SUQIYU03650-0208%,365002,,gear,,,,,194.82499999999996,29.242189130246107,0.08104462450309455,121.6327647258771
2023-12-23T22:19:35.000Z,2024-01-01T15:54:10.000Z,f530b974f78e7b2c25f76edc4c1fa4c7,loitering,"[124.011658, 33.388338, 124.010575, 33.389595]",33.389,124.0111,[],['8327'],"['ACAP', 'PICES', 'IWC', 'WCPFC']",['61'],['61'],[],[],[],[],125,125,126.947148,126.947148,563aeb89c-ce36-2d4d-1ae5-6511b9bd8f8f,ZHE DAI YU 03235-63,100323563,,gear,,,,,209.57638888888889,32.443574473526354,0.08358827470154849,124.30176194889563
2023-12-23T22:36:02.000Z,2024-01-10T07:06:18.000Z,98e95ee973e20dd359e27e19273d4ddd,loitering,"[123.186627, 32.522277, 123.192533, 32.6167]",32.5695,123.1896,[],['8486'],"['ACAP', 'IWC', 'PICES', 'WCPFC']",['61'],['61'],[],[],[],[],145,150,130.505875,134.5475,2dc79e7e6-6a04-452f-dad6-18e492a5cb86,SUQIYU04498*30_7.7V,44980030,,gear,,,,,416.50444444444446,30.61396347774912,0.03968797471682338,145.68911844479032
2023-12-23T22:42:27.000Z,2024-01-03T20:29:43.000Z,00f901a4635c763fa47575bb99da6d4e,loitering,"[122.704552, 31.346042, 122.705227, 31.449437]",31.3977,122.7049,[],['8486'],"['WCPFC', 'PICES', 'IWC', 'ACAP']",['61'],['61'],[],[],[],[],54,65,9.636208,18.233453,351fbb3f5-5f24-8724-38f2-de4506216a1a,LIN21398--4-52%,343213984,LCA,gear,,,,,261.78777777777776,22.1455574170818,0.04567686274423052,64.90767297165974
2023-12-23T22:53:09.000Z,2024-01-02T13:58:30.000Z,d197e2ce407282163dd06b7fb8466d98,loitering,"[115.28286833333334, 21.123123333333332, 115.28259166666666, 21.123585]",21.1234,115.2827,[],['8486'],"['APFIC', 'ACAP', 'IWC', 'WCPFC']",['61'],['61'],[],[],[],[],145,145,132.68259400000002,132.68259400000002,db8f350cd-da9a-6021-c47c-b20252e26a37,NANHAI FENJIN,412464450,CHN,other,chn-xinhui,CHN,XINHUI,227f57e7f9dce473b5453e928679528f,231.08916666666667,1.4954905227691115,0.003494323398714371,145.00000000000009
2023-12-23T22:59:33.000Z,2024-01-01T02:59:02.000Z,377e4620e61e6d079ef062fef54e6f58,loitering,"[11.527286666666667, -7.420156666666666, 11.526925, -7.43326]",-7.4267,11.5271,[],['8478'],"['IWC', 'ACAP', 'ICCAT']","['47', '47.1.1', '47.1']",['47'],[],[],[],[],141,142,1.111949,0.0,fed32908c-c941-f09c-4757-7a6ba4bf5a17,MAERSK INVOLVER,219721000,DNK,other,,,,,195.99138888888905,17.641122188788195,0.04860133907122854,142.0192666804124
2023-12-23T23:07:05.000Z,2024-01-17T18:52:13.000Z,17218be4a1413e7ec0635523589492d5,loitering,"[119.906408, 34.96613, 119.906358, 34.966018]",34.9661,119.9064,[],['8486'],"['ACAP', 'PICES', 'IWC', 'WCPFC']",['61'],['61'],[],[],[],[],45,45,4.806489,4.806489,1789a0084-49bf-e0eb-934e-3f3183df435b,YU.WANG.QU-38-08,100000542,,gear,,,,,595.7522222222224,20.95868632455931,0.018995791958991537,44.96440651107737
2023-12-23T23:08:22.000Z,2024-01-02T07:21:43.000Z,4236125ae6f084cb0a94d5c3a19210fb,loitering,"[123.61472, 32.355402, 123.615888, 32.379543]",32.3675,123.6153,[],['8486'],"['PICES', 'WCPFC', 'IWC', 'ACAP']",['61'],['61'],[],[],[],[],175,176,147.222516,149.45117199999999,f1c9436c3-3b9e-6c31-79e5-37f848835dac,SUQIYU0318922,41318922,,gear,,,,,224.22250000000005,9.253916324354512,0.022284628339908793,175.29454705449763
2023-12-23T23:10:24.000Z,2024-01-07T11:23:07.000Z,07ac96fbd42e63f1242a29a9575e6a73,loitering,"[123.188447, 32.299378, 123.189727, 32.30045]",32.2999,123.1891,[],['8486'],"['IWC', 'PICES', 'ACAP', 'WCPFC']",['61'],['61'],[],[],[],[],135,135,116.637906,116.637906,c87b61838-83d5-b055-e5aa-dbb5c0302955,SUQIYU19018-12257%,190182122,,gear,,,,,348.21194444444444,18.191306358860135,0.028208451171556615,135.0007616675904
2023-12-23T23:24:04.000Z,2024-01-01T04:56:34.000Z,4db4d33e8845764c1889441d0c7f66ef,loitering,"[124.364635, 33.121812, 124.35753, 33.128302]",33.1251,124.3611,[],['8327'],"['WCPFC', 'PICES', 'IWC', 'ACAP']",['61'],['61'],[],[],[],[],125,124,125.623164,124.707078,278b7dd81-125f-0cab-45bc-023b287b57e6,MINYU09855-14-43%,96064213,,gear,,,,,197.54166666666666,38.46027665611671,0.10512662160688241,124.19197633886891
2023-12-23T23:26:42.000Z,2024-01-01T05:02:52.000Z,8e75d7d8a289ae3c6574d38db5be72f4,loitering,"[123.106653, 33.14384, 123.104547, 33.14506]",33.1445,123.1056,[],['8486'],"['WCPFC', 'IWC', 'ACAP', 'PICES']",['61'],['61'],[],[],[],[],179,179,155.44589100000002,154.98071900000002,f2933a5f4-4f0e-942d-fc00-5ba1cc87b612,SUQIYU03359-40_8.0V,209335940,CYP,gear,,,,,197.60277777777776,21.491628862389945,0.058726660384517536,179.15728515858694
2023-12-23T23:29:11.000Z,2024-01-01T05:40:19.000Z,e4f42c34d150145c5a23fe34b983a007,loitering,"[123.109223, 33.14335, 123.109902, 33.143988]",33.1437,123.1096,[],['8486'],"['IWC', 'WCPFC', 'PICES', 'ACAP']",['61'],['61'],[],[],[],[],179,179,155.44589100000002,155.44589100000002,cb6ff75ae-ea42-67ed-d7a2-5aa5902b3ffc,SUQIYU03359---37 8V3,99335937,,gear,,,,,198.18555555555557,3.1498877927199755,0.008581873381405498,178.99999999999997
2023-12-23T23:37:25.000Z,2024-01-06T11:13:35.000Z,eb8520f980dca049e388993d465bef41,loitering,"[119.804785, 35.053945, 119.804483, 35.054308]",35.0541,119.8046,[],['8486'],"['WCPFC', 'PICES', 'IWC', 'ACAP']",['61'],['61'],[],[],[],[],40,40,3.5216030000000003,3.5216030000000003,bc7905b3c-c69c-ec19-addd-e79ef79c593c,,220308147,DNK,gear,chn-lanshan,CHN,LANSHAN,9ba9befdb67ffc19b0184fd7cc44bfb7,323.60277777777753,31.3401365058021,0.05229349402915113,40.06078710263481
2023-12-23T23:40:12.000Z,2024-01-01T11:30:57.000Z,25a0c8142f0cb0bd2648ad2d567694cf,loitering,"[123.188507, 32.303723, 123.192307, 32.301513]",32.3026,123.1904,[],['8486'],"['IWC', 'WCPFC', 'PICES', 'ACAP']",['61'],['61'],[],[],[],[],135,135,116.637906,116.637906,1a3ef4b33-3fb0-3cf8-88e9-2731f2aa902a,SUQIYU04422*027_8.3V,804422027,,gear,,,,,203.8458333333333,8.138575810358901,0.021557857265875606,135.00000000000006
2023-12-23T23:47:35.000Z,2024-01-01T01:38:03.000Z,53db68e560773628676712838099404e,loitering,"[124.262833, 33.152808, 124.266952, 33.14393]",33.1484,124.2649,[],['8327'],"['ACAP', 'IWC', 'PICES', 'WCPFC']",['61'],['61'],[],[],[],[],128,128,128.480773,128.77671899999999,5080fa101-11b0-e206-0fda-475aada6853f,13119-15-69%,131190015,,gear,,,,,193.84111111111113,42.444300860170316,0.11823131267666828,127.1163825745197
2023-12-23T23:54:07.000Z,2024-01-07T16:59:12.000Z,2403337776d73399e268b8d37c58bafc,loitering,"[49.32266166666667, 29.35581, 49.327196666666666, 29.345533333333332]",29.3507,49.3249,[],['8469'],"['IWC', 'ACAP', 'RECOFI', 'IOTC']","['51.2', '51']",['51'],[],[],[],[],75,76,17.762888999999998,16.627771,796191f59-979f-e40f-29cd-428dfee085b7,CASINOVA,636012164,LBR,other,are-fujairah,ARE,FUJAIRAH,b3ff2db4041cae5555255e1e5230bc78,353.0847222222223,32.08895216275298,0.04907221113106895,75.71555664212573
2023-12-23T23:59:36.000Z,2024-01-01T08:59:54.000Z,8c844a99c624a15efb98d8401d5141e8,loitering,"[1.9593333333333334, 61.076618333333336, 1.9613450000000001, 61.100836666666666]",61.0887,1.9603,[],['5686'],"['ICCAT', 'IWC', 'ACAP', 'NASCO', 'NEAFC', 'NAMMCO', 'ICES']","['27.4', '27.4.a', '27']",['27'],[],[],[],[],142,142,12.562183999999998,12.359860000000001,d2e4c64cd-d990-a806-2a52-f36bb043d24d,SJOBORG,231065000,FRO,other,nor-nor-535,NOR,,f08148fad1f24d507b4aa22f56fd638a,201.00500000000008,143.55567783451923,0.3856315261881378,140.69171987904753
2023-12-24T00:00:34.000Z,2024-01-10T08:45:52.000Z,a52fb73d2f29a141f68f9acad9c018a9,loitering,"[123.18896, 32.305637, 123.19068, 32.306783]",32.3062,123.1898,[],['8486'],"['WCPFC', 'ACAP', 'PICES', 'IWC']",['61'],['61'],[],[],[],[],136,136,117.55982,117.55982,07af6fe4f-f92d-016f-20f0-7d4064663b9f,SUQIYU04422*58_8.0V,44228058,,gear,,,,,416.755,21.47289266123603,0.027820744759652245,136.00000000000003
2023-12-24T00:05:39.000Z,2024-01-01T04:05:26.000Z,384675ae65ca8653ce097f72bcca5247,loitering,"[123.135993, 33.154248, 123.130388, 33.168097]",33.1612,123.1332,[],['8486'],"['PICES', 'IWC', 'WCPFC', 'ACAP']",['61'],['61'],[],[],[],[],182,183,158.451922,158.397109,da4f8fd39-9fb5-9253-8672-6f6ac7a62cdb,SUHAI ANYU167-29  *6,15142074,,gear,,,,,195.9963888888889,24.797389679568596,0.06831513244367159,183.27641288614626
2023-12-24T00:06:49.000Z,2024-01-01T05:18:47.000Z,99df5a45ae139cb71c8a0170fdfd8aa3,loitering,"[123.136477, 33.15501, 123.137085, 33.161993]",33.1585,123.1368,[],['8486'],"['ACAP', 'PICES', 'WCPFC', 'IWC']",['61'],['61'],[],[],[],[],182,182,158.85328099999998,158.85328099999998,e93510fb3-3cb8-d98f-a741-c1126952899e,SUHAI ANYU167-25  *9,16021257,,gear,,,,,197.19944444444442,6.125186582518035,0.01677152882952506,182.00000000000003
2023-12-24T00:07:08.000Z,2024-01-02T06:09:05.000Z,b0ce93bb51367bb662a954f787b7d79e,loitering,"[123.124153, 37.318008, 123.124, 37.317768]",37.3179,123.1241,[],['8486'],"['PICES', 'ACAP', 'WCPFC', 'IWC']",['61'],['61'],[],[],[],[],39,39,37.282309,37.282309,65f42807b-bada-b8c0-fbc2-474e98d97264,,62574674,,gear,,,,,222.0325,6.855580144671371,0.016671960819930776,39.00116224226433
2023-12-24T00:15:25.000Z,2024-01-01T03:34:07.000Z,0c9d53e38d8dce9a2d78499f91cb7b5c,loitering,"[123.055625, 33.143907, 123.044218, 33.134385]",33.1391,123.0499,[],['8486'],"['WCPFC', 'PICES', 'ACAP', 'IWC']",['61'],['61'],[],[],[],[],176,173,151.108547,148.967906,069286896-629b-2c01-ee5a-f1dc10c01ca4,SUQIYU03136-80-54%,412313680,CHN,gear,,,,,195.31166666666664,22.29417532621912,0.06163426819439054,175.2804290264151
2023-12-24T00:15:56.000Z,2024-01-01T01:17:46.000Z,8fa2faed4f538a799dc968db00416668,loitering,"[124.244, 33.20298, 124.245045, 33.2013]",33.2021,124.2445,[],['8327'],"['WCPFC', 'ACAP', 'IWC', 'PICES']",['61'],['61'],[],[],[],[],125,124,125.393172,124.786688,a6fab85e1-1642-a821-b73b-e636034e0260,MINLIANYU69966-1699%,699660016,,gear,,,,,193.03055555555554,6.663905367877882,0.018640681163740347,124.42412094260791
2023-12-24T00:20:43.000Z,2024-01-10T08:36:44.000Z,681276a70bc23fc8e435f02c44d6a833,loitering,"[123.189867, 32.306243, 123.191107, 32.314843]",32.3105,123.1905,[],['8486'],"['ACAP', 'IWC', 'PICES', 'WCPFC']",['61'],['61'],[],[],[],[],136,136,117.55982,117.55982,ed9ca9bed-dded-a574-0295-5c513af4e961,SUQIYU04422*52_8.0V,44228052,,gear,,,,,416.2669444444444,25.055458656815297,0.03250045564753366,136.00000000000003
2023-12-24T00:43:12.000Z,2024-01-02T08:58:03.000Z,4bb18af885e17c72cc71328a3ed1e4f9,loitering,"[125.092237, 31.122782, 125.608008, 31.154635]",31.1387,125.3501,[],['8486'],"['ACAP', 'WCPFC', 'IWC', 'PICES']",['61'],['61'],[],[],[],[],219,233,189.802219,236.8465,7602112b9-9a00-ac99-0ad6-3fd94458bf58,42032-1%-99%,934203201,,gear,chn-zhoushan,CHN,ZHOUSHAN,f49fc7390e688aaa177d2894cb6bf0c8,224.24750000000003,272.2878624274837,0.6556313172549788,226.5455293909954
2023-12-24T00:43:12.000Z,2024-01-02T00:39:08.000Z,dd7393bf989f8968854bb03fd4b21ee1,loitering,"[136.595527, -8.33747, 136.53888, -8.30544]",-8.3215,136.5672,[],['8492'],"['IWC', 'SEAFDEC', 'ACAP', 'APFIC', 'WCPFC']",['71'],['71'],[],[],[],[],111,118,166.39426600000002,171.168547,faf456656-6c7e-674e-6879-31b7789acbca,IGP19,525401219,IDN,fishing,,,,,215.9322222222222,55.82930499949365,0.13960590391024505,111.2041018029717
2023-12-24T00:45:02.000Z,2024-01-08T02:01:18.000Z,bc2bc9fd9fe508939748790344faf0e0,loitering,"[123.331797, 37.376935, 124.34481, 36.494962]",36.9359,123.8383,[],['8486'],"['WCPFC', 'ACAP', 'IWC', 'PICES']",['61'],['61'],[],[],[],[],56,111,55.680531,152.18040599999998,e4f4f4387-724b-67a5-bc5d-6e195b4f3b5c,LURONGYU51998-11998%,519980119,,gear,,,,,361.27111111111117,214.38196167135445,0.3204158737924389,83.59221927105224
2023-12-24T00:52:26.000Z,2024-01-02T10:19:36.000Z,b80fd690ba64375f11230ab1a4e717a5,loitering,"[125.055175, 31.041713, 125.641548, 31.147727]",31.0947,125.3484,[],['8486'],"['IWC', 'WCPFC', 'PICES', 'ACAP']",['61'],['61'],[],[],[],[],214,232,185.281875,236.144438,798912048-8104-50d4-670c-afacd7157d01,ZHELINGYU12339-12,12339012,,other,,,,,225.45277777777775,285.3537343079163,0.6834189037268247,234.1733490747133
2023-12-24T00:52:57.000Z,2024-01-02T01:31:47.000Z,1be24fd6ac379e876bd8f7710f4037d2,loitering,"[123.031913, 33.541373, 122.9953, 33.425925]",33.4836,123.0136,[],['8486'],"['PICES', 'IWC', 'WCPFC', 'ACAP']",['61'],['61'],[],[],[],[],198,191,170.276453,161.03835899999999,fef9f96ac-cddf-c098-1f27-1260dcd9d443,,60335687,,gear,,,,,216.6472222222222,36.60732446489053,0.09123760599549147,197.899729303966
2023-12-24T00:54:21.000Z,2024-01-01T08:26:56.000Z,a76169199912a5452d8ac6aa7b937437,loitering,"[123.109548, 33.462165, 123.109877, 33.462325]",33.4622,123.1097,[],['8486'],"['WCPFC', 'PICES', 'ACAP', 'IWC']",['61'],['61'],[],[],[],[],195,195,171.432156,171.432156,9a18ebe01-17e5-9ef1-ad00-b9488d0e7cc6,SUQIYU19036-10,1903610,,gear,,,,,199.54305555555555,4.4956883168955075,0.012165181525188666,195.00000000000003
2023-12-24T00:56:39.000Z,2024-01-01T02:22:36.000Z,8722f8b5a2cd641d27d0cc92d576bbda,loitering,"[123.0544, 33.694907, 123.056267, 33.68636]",33.6906,123.0553,[],['8486'],"['PICES', 'IWC', 'WCPFC', 'ACAP']",['61'],['61'],[],[],[],[],192,191,182.011859,182.722141,d8efcc82d-d69a-3036-e8d2-32e3133504b2,SUQIYU01238-32_8.1V,911123832,,gear,,,,,193.43249999999998,24.906184757186494,0.06952432454612377,191.28151881970746
2023-12-24T01:01:47.000Z,2024-01-02T06:59:31.000Z,845a9915cbe69574c19873b9bf136ca5,loitering,"[123.557887, 32.349747, 123.55209, 32.404105]",32.3769,123.555,[],['8486'],"['WCPFC', 'PICES', 'IWC', 'ACAP']",['61'],['61'],[],[],[],[],170,171,143.10790599999999,146.47473399999998,39ae409d8-8b88-ac46-5f34-8fd42bf3a40c,SQYU02223-21-87%,223700990,,gear,,,,,221.96222222222218,11.633655045117653,0.028300632097561406,170.173195523212
2023-12-24T01:02:33.000Z,2024-01-01T19:45:51.000Z,91ea65b20de13cb320a3217486f1f5fc,loitering,"[123.18634, 30.195063, 123.187687, 30.154383]",30.1747,123.187,[],['8486'],"['ACAP', 'PICES', 'IWC', 'WCPFC']",['61'],['61'],['8486'],[],[],[],37,39,24.25984,24.138158,361fcff42-2107-9465-1c45-88b0e134e2e0,,68280062,,gear,,,,,210.72166666666666,45.19271334848943,0.11580258179023432,37.07267416052033
2023-12-24T01:06:36.000Z,2024-01-02T07:26:16.000Z,50ac189abdc3bb18c782c34f0053eac1,loitering,"[123.615662, 32.382938, 123.616607, 32.380378]",32.3817,123.6161,[],['8486'],"['WCPFC', 'PICES', 'ACAP', 'IWC']",['61'],['61'],[],[],[],[],176,176,149.45117199999999,149.45117199999999,d5adf0eb6-6a85-8464-8326-962ad8d9fd47,SUQIYU0318921,41318921,,gear,,,,,222.3277777777778,12.496699383065328,0.030350134023160797,175.99823083014726
2023-12-24T01:10:51.000Z,2024-01-02T02:11:51.000Z,27aff30a337c64fcc91c220cb7144c5a,loitering,"[123.081302, 33.48909, 123.085098, 33.514338]",33.5017,123.0832,[],['8486'],"['ACAP', 'IWC', 'WCPFC', 'PICES']",['61'],['61'],[],[],[],[],196,195,170.90603099999998,172.914312,7b4a21d3b-be49-9551-6958-f8589661e8cf,SUQIYU04813-98,99481398,,gear,chn-lusi,CHN,LUSI,103b56eb654beb4a43db02450fd1f856,217.01666666666665,30.604299334884523,0.07614622367344923,194.57390965135355
2023-12-24T01:11:59.000Z,2024-01-02T05:52:35.000Z,17751795b8668a885510f9d4d0e8acd6,loitering,"[123.586188, 32.438792, 123.56545, 32.445945]",32.4424,123.5758,[],['8486'],"['PICES', 'ACAP', 'IWC', 'WCPFC']",['61'],['61'],[],[],[],[],176,175,152.289156,151.845984,fa953e1bc-c601-a8d1-e275-4b686270a34b,LING69322--15-79%,356932215,PAN,gear,,,,,220.67666666666668,6.696052872066176,0.016384057993918864,175.47138068751266
2023-12-24T01:12:05.000Z,2024-01-13T03:54:54.000Z,c7495bce3f51682a08d7b79b09977061,loitering,"[122.68725, 31.478207, 122.693923, 31.341495]",31.4099,122.6906,[],['8486'],"['WCPFC', 'PICES', 'ACAP', 'IWC']",['61'],['61'],[],[],[],[],68,52,18.331932000000002,8.298866,e2b20dcf0-09cc-3b8c-9ecd-3876a0372d1f,ZHELINYU21998-6--51%,232199806,GBR,gear,,,,,482.7136111111111,28.725184322692655,0.03213159593709366,66.61087871341371
2023-12-24T01:26:13.000Z,2024-01-09T23:16:42.000Z,3ce3881ec48213ee1aa4aabc196d1a13,loitering,"[123.31169, 37.412383, 123.302708, 37.405477]",37.4089,123.3072,[],['8486'],"['PICES', 'ACAP', 'WCPFC', 'IWC']",['61'],['61'],[],[],[],[],55,54,54.074602,53.19418,dd45af1aa-a7e3-2f6c-ef42-6eac581bcb77,LURONGYU51998-19999%,519980199,,gear,,,,,405.84138888888884,34.25243297774413,0.045571582218066085,54.16845991388036
2023-12-24T01:28:57.000Z,2024-01-08T03:39:49.000Z,9180f414e3a696ef14d39b0a5937f4c1,loitering,"[122.883765, 31.1512, 122.889227, 31.155787]",31.1535,122.8865,[],['8486'],"['IWC', 'WCPFC', 'PICES', 'ACAP']",['61'],['61'],['8486'],[],[],[],37,38,5.709744,6.752496,7d3061dea-af57-96b4-b594-a450c1bca2d6,NET72-ZSY0921099%,92100072,,gear,,,,,362.1811111111111,40.313556945206905,0.06010136552203098,37.39329132769537
2023-12-24T01:31:41.000Z,2024-01-01T02:24:59.000Z,b2cc19758e5f9e5b9831894c47d60978,loitering,"[123.207893, 30.19027, 123.20098, 30.187192]",30.1887,123.2044,[],['8486'],"['ACAP', 'IWC', 'PICES', 'WCPFC']",['61'],['61'],[],[],[],[],39,38,26.048174,25.090594,a8448b977-794a-a90f-f978-022467ce3609,,304667040,ATG,gear,,,,,192.88833333333332,29.281672396143335,0.08196886744589314,38.60743766267822
2023-12-24T01:32:50.000Z,2024-01-01T13:36:54.000Z,92b203c38f0e030ebf69f85112342ca2,loitering,"[122.847775, 31.171538, 122.847605, 31.1648]",31.1682,122.8477,[],['8486'],"['WCPFC', 'ACAP', 'IWC', 'PICES']",['61'],['61'],['8486'],[],[],[],38,37,2.85427,3.063355,ae9c9c028-8331-e0d3-ee92-786d0cd78e2f,NET-ZSY08288-72-99%,82880072,,gear,,,,,204.0677777777778,36.90211917123477,0.09764182530639542,37.41094798065235
2023-12-24T01:33:25.000Z,2024-01-03T15:27:36.000Z,d3acab3dbb73c316c4cdf67a8384e2f1,loitering,"[75.489028, -3.581527, 76.911488, -3.317202]",-3.4494,76.2003,[],[],"['IOTC', 'SIOFA', 'ACAP', 'IWC']","['51', '51.4']",['51'],[],['63203'],[],[],407,507,532.127625,594.4800620000001,60355c054-47bb-9fc8-ea16-42f6d9135392,IMULA-0728CHW-NET-01,200101834,,gear,,,,,253.90305555555557,225.39256496293197,0.4793256569275199,471.10912795710436
2023-12-24T01:41:06.000Z,2024-01-02T09:51:26.000Z,2705a24ae4738ac296fd0d371b7e4613,loitering,"[125.09279, 31.147437, 125.59992, 31.18209]",31.1648,125.3464,[],['8486'],"['WCPFC', 'PICES', 'IWC', 'ACAP']",['61'],['61'],[],[],[],[],220,230,190.54428099999998,233.863609,08b7135cf-f239-22dd-3fe0-94f121d055e7,42032-2%-55%,934203202,,gear,,,,,224.1722222222222,266.6562333705307,0.642286747059878,227.10397631640996
2023-12-24T01:45:37.000Z,2024-01-14T02:54:51.000Z,13f1fb797a95136f46e0ede483b1c0d1,loitering,"[124.078613, 33.41465, 124.190282, 33.285912]",33.3503,124.1344,[],['8327'],"['IWC', 'PICES', 'ACAP', 'WCPFC']",['61'],['61'],[],[],[],[],119,120,120.385375,121.278125,cdce5ae77-73fc-802a-4d30-37889975a174,MINYU09852-10-99%,96041978,,gear,,,,,505.1538888888888,35.601403260046574,0.03805418571579317,119.99923358061785
2023-12-24T01:46:21.000Z,2024-01-05T12:56:32.000Z,a3f97038814907709e886ce50393f132,loitering,"[-20.885853, -2.227517, -22.544898, -2.313643]",-2.2706,-21.7154,[],[],"['ICCAT', 'IWC', 'ACAP']","['41.1.4', '41.1', '41']",['41'],[],['63203'],[],[],953,1093,954.990312,1093.544875,48972b4ef-f4e4-8764-c484-a5fc9e25e519,BUOY-24  100%,168804676,,gear,,,,,299.16972222222216,228.08632188548546,0.4116618498772398,1037.0824087325784
2023-12-24T01:48:24.000Z,2024-01-01T03:07:55.000Z,3857e4e41d074fa49322166947a90ec5,loitering,"[123.208587, 30.182673, 123.202347, 30.18193]",30.1823,123.2055,[],['8486'],"['IWC', 'PICES', 'WCPFC', 'ACAP']",['61'],['61'],[],[],[],[],39,39,25.978191,25.017834,5fbc26976-61b5-cf87-9553-4d376a38030c,ZHEDAIYU04667-81-99%,906310581,,gear,chn-yangshan,CHN,YANGSHAN,a9b4aa82ddf1fdcfbe04f799352456b4,193.32527777777779,39.94458789821014,0.1115650899085528,39.187452256602505
2023-12-24T01:53:20.000Z,2024-01-05T14:59:24.000Z,2cb70f41698d898112e559c305879aad,loitering,"[100.643985, 3.198535, 100.65292333333333, 3.21022]",3.2044,100.6485,[],['8483'],"['APFIC', 'IWC', 'SEAFDEC', 'ACAP', 'IOTC']","['57', '57.1']",['57'],['8483'],[],[],[],36,37,60.691038999999996,59.146352,977286295-5867-e6ca-abb4-14e7dbc75be9,TITAN,613702404,CMR,other,chn-chn-134,CHN,CHN-134,96b29298e7d62e2eaa8b25b213d10242,301.1011111111109,37.10214492573131,0.06653431301373106,37.43245468417259
2023-12-24T01:53:55.000Z,2024-01-04T23:06:52.000Z,dc3864bd76d34f1cac572cef00364c0a,loitering,"[124.044885, 33.524323, 124.08518, 33.516858]",33.5206,124.065,[],['8327'],"['PICES', 'WCPFC', 'IWC', 'ACAP']",['61'],['61'],[],[],[],[],114,111,116.706539,112.742328,3008f4440-04e3-68a8-4a19-1dff6af6a84e,MFJY-09118-6-30%,233402379,GBR,gear,,,,,285.21583333333336,10.951397588528744,0.020732655568822554,112.5228436891401
2023-12-24T01:54:42.000Z,2024-01-01T08:46:29.000Z,054d43ed9d952a93bcb2e5ef84922b20,loitering,"[122.741045, 31.229663, 122.744512, 31.21506]",31.2224,122.7428,[],['8486'],"['PICES', 'ACAP', 'WCPFC', 'IWC']",['61'],['61'],['8486'],[],[],[],41,40,2.9262129999999997,2.2031370000000003,603e5b21d-d142-66c3-9cb8-33f8b08e10aa,NET-ZSY05528-14-99%,55280014,,gear,,,,,198.86305555555552,51.409896757725,0.13958914310021256,39.45577006299416
2023-12-24T01:55:35.000Z,2024-01-02T00:40:52.000Z,dbdd7e2434632757a7e9022e63aad0d9,loitering,"[124.087253, 33.585423, 124.08752, 33.583963]",33.5847,124.0874,[],['8327'],"['ACAP', 'WCPFC', 'IWC', 'PICES']",['61'],['61'],[],[],[],[],106,107,108.841484,109.373359,3231f353e-efba-ae2e-998c-b1aa04cffab7,,26026012,,gear,,,,,214.75472222222223,3.1765082206794815,0.007986679907388035,106.77364145013395
2023-12-24T01:58:57.000Z,2024-01-01T01:45:46.000Z,3d0ecd397b070b356e0698d0e7896afd,loitering,"[123.22485, 30.159585, 123.217162, 30.155768]",30.1577,123.221,[],['8486'],"['IWC', 'WCPFC', 'PICES', 'ACAP']",['61'],['61'],[],[],[],[],41,41,26.941344,26.941344,3361a9db3-347e-ba97-735a-e98b6941077c,ZHEDAIYU04322-4-99%,322220204,,gear,,,,,191.7802777777778,25.691084905624848,0.07233317337784241,41.618855662221755
2023-12-24T02:01:32.000Z,2024-02-28T09:08:13.000Z,644db4cfbd61bc43775be39c950d669a,loitering,"[119.898313, 34.965665, 119.799567, 34.91751]",34.9416,119.8489,[],['8486'],"['IWC', 'ACAP', 'PICES', 'WCPFC']",['61'],['61'],[],[],[],[],44,33,4.540127999999999,1.111949,40545a241-1e2e-cb10-3887-95bf2c442400,,40810043,,gear,,,,,1591.111388888889,122.16582397819397,0.04145798230560377,43.743281629523295
2023-12-24T02:05:07.000Z,2024-01-01T00:53:22.000Z,1d8f9ca1cf5431cf13757f3b93986a52,loitering,"[123.193953, 30.155382, 123.189893, 30.192095]",30.1737,123.1919,[],['8486'],"['IWC', 'ACAP', 'PICES', 'WCPFC']",['61'],['61'],[],[],[],[],39,37,24.059984,24.133303,33c65241f-f1ae-cbaa-dc43-ceffe54c7e0c,,68280061,,gear,,,,,190.80416666666667,28.14283021299956,0.07964140881973263,39.151221546136405
2023-12-24T02:11:16.000Z,2024-01-02T00:48:13.000Z,90bc09d1932714bd4e66a6858ff54dbb,loitering,"[124.071507, 33.614123, 124.072147, 33.602363]",33.6082,124.0718,[],['8327'],"['ACAP', 'PICES', 'WCPFC', 'IWC']",['61'],['61'],[],[],[],[],107,107,109.453625,109.960242,677f55162-259b-1944-6d3a-391722d786fe,12360-10_7.7V,41236010,,gear,,,,,214.61583333333334,31.990962904765183,0.08048678329663919,106.73839006929889
2023-12-24T02:12:26.000Z,2024-01-01T10:15:48.000Z,9e62453edb8594482ad05728d7e2364f,loitering,"[124.071893, 33.60102, 124.072667, 33.600782]",33.6009,124.0723,[],['8327'],"['ACAP', 'WCPFC', 'PICES', 'IWC']",['61'],['61'],[],[],[],[],107,107,109.960242,109.960242,1328b74d2-2acd-6cf0-2c11-dfcb9557a054,,10116615,,gear,,,,,200.0561111111111,3.9513182188064913,0.010664713729630324,107.0
2023-12-24T02:16:23.000Z,2024-01-11T12:13:22.000Z,adc4093b3a6cc2cbab062289eaa41678,loitering,"[101.21771666666666, 9.109028333333333, 101.22141166666667, 9.110743333333334]",9.1099,101.2196,[],['8332'],"['ACAP', 'IWC', 'WCPFC', 'APFIC', 'SEAFDEC']",['71'],['71'],[],[],[],[],92,92,149.40307800000002,149.40307800000002,3c4ec12c5-5838-d65b-5a81-2a78aee5e198,ERAWAN 2,311070500,BHS,gear,,,,,441.9497222222223,15.836455587294038,0.019348359116479284,91.99999999999997
2023-12-24T02:20:05.000Z,2024-01-05T15:30:43.000Z,fc5e7936ff5c826e3ed669f1d5318f63,loitering,"[-20.758742, -2.233762, -22.427752, -2.312452]",-2.2731,-21.5932,[],[],"['ACAP', 'IWC', 'ICCAT']","['41.1', '41', '41.1.4']",['41'],[],['63203'],[],[],943,1083,944.2428120000001,1083.556625,a6d16cdfe-e4ab-51ba-900c-7b37dc2806d1,BUOY-23  100%,168805300,,gear,,,,,301.1772222222222,226.42732507385804,0.4059436293349591,1026.4903747916599
2023-12-24T02:20:22.000Z,2024-01-09T22:51:39.000Z,237cbcc2c51b63be8b07130710a776b4,loitering,"[123.312458, 37.541632, 123.352373, 37.545672]",37.5437,123.3324,[],['8486'],"['WCPFC', 'ACAP', 'PICES', 'IWC']",['61'],['61'],[],[],[],[],56,60,57.06632,60.762582,5f473c203-329b-9f66-3c1d-5ea82fcca110,LIAODAHUA15020-2599%,150200025,,gear,,,,,404.5213888888889,25.547508406301635,0.03410091865158173,58.80259675786945
2023-12-24T02:31:17.000Z,2024-01-01T01:36:36.000Z,2629dd9839844f0a3e54277249502134,loitering,"[123.93339, 33.534882, 123.934363, 33.522505]",33.5287,123.9339,[],['8327'],"['WCPFC', 'PICES', 'ACAP', 'IWC']",['61'],['61'],[],[],[],[],123,123,125.062203,125.585859,0c73b3365-5b9d-2fc7-4461-add466ec3491,ZHE DAI YU 02256-78,26225678,,gear,,,,,191.08861111111116,19.721380346564402,0.05572646862493344,122.49336470522177
2023-12-24T02:36:29.000Z,2024-01-12T17:23:56.000Z,5aa77c80deb3a1b5c717e82157621626,loitering,"[122.694493, 31.475895, 122.694537, 31.476543]",31.4762,122.6945,[],['8486'],"['ACAP', 'PICES', 'IWC', 'WCPFC']",['61'],['61'],[],[],[],[],68,68,18.331932000000002,18.331932000000002,d2ad46285-53f7-4ea4-62fc-b7b7e535c1ea,ZHELINYU21998-61-,232199861,GBR,other,chn-shanghai,CHN,SHANGHAI,4e084c89e76f2c4d66143856d8863f51,470.79083333333347,16.07493212558934,0.01843657172516656,67.98592164552707
2023-12-24T02:36:38.000Z,2024-01-01T02:13:17.000Z,a2eae55f04e1593eb7fbec459f2bc956,loitering,"[123.81752, 33.502635, 123.813347, 33.511033]",33.5068,123.8154,[],['8327'],"['ACAP', 'PICES', 'IWC', 'WCPFC']",['61'],['61'],[],[],[],[],133,133,135.64789100000002,135.9725,23941f104-446e-aa50-4c03-6818504caceb,,602695056,,gear,,,,,191.61083333333335,4.645746998805066,0.013091653825099334,133.00000000000003
2023-12-24T02:36:53.000Z,2024-01-08T19:17:41.000Z,752d2bb8dad21c731f79829b9e16dd4d,loitering,"[122.94049, 31.131827, 122.9397, 31.137455]",31.1346,122.9401,[],['8486'],"['ACAP', 'WCPFC', 'PICES', 'IWC']",['61'],['61'],['8486'],[],[],[],38,39,11.421896,11.420691000000001,2338dbc62-2afb-e659-ed8a-1ddd47946176,NET-ZSY07785-65-99%,907785065,,gear,chn-shanghai,CHN,SHANGHAI,f0ecb4960d30fbd27c5dc94d792d58f2,376.68,24.58176774230757,0.03523705196301214,39.00000000000001
2023-12-24T02:39:39.000Z,2024-01-06T22:30:02.000Z,57706a7bd0ab88187448c5401098af6d,loitering,"[94.80166666666666, 15.128333333333334, 94.76433333333334, 15.124928333333333]",15.1266,94.783,[],['8482'],"['ACAP', 'IWC', 'IOTC', 'BOBP-IGO', 'SEAFDEC', 'APFIC']","['57', '57.1']",['57'],[],[],[],[],67,70,228.75554699999998,232.457438,0c4da756d-d7fc-87a9-a31f-f1f83158d45b,HAI DUONG 22,574004120,VNM,other,mmr-yangon,MMR,,71ba9b8663a98c6a15f54f62762525c3,331.83972222222235,101.78489776887453,0.16562046180398057,68.28037640694583
2023-12-24T02:43:34.000Z,2024-01-01T00:13:16.000Z,17952330ccd3cfd171decc446f156bcd,loitering,"[123.917812, 33.520052, 123.951618, 33.528743]",33.5244,123.9347,[],['8327'],"['PICES', 'WCPFC', 'IWC', 'ACAP']",['61'],['61'],[],[],[],[],124,121,126.40267999999999,123.42635899999999,469e420e4-4d96-5115-485d-a0a7dd1e6e31,ZHE DAI YU 02256-84,26225684,,other,,,,,189.49500000000003,21.106585690043218,0.06014219130351751,123.66587460889951
2023-12-24T02:47:34.000Z,2024-01-05T14:40:57.000Z,9ff47c9cd151d9cbae49ff208515b684,loitering,"[124.012427, 33.866758, 123.989625, 33.78409]",33.8254,124.001,[],['8327'],"['IWC', 'ACAP', 'PICES', 'WCPFC']",['61'],['61'],[],[],[],[],101,106,105.21618799999999,109.395289,3a6ffedef-fde3-3d03-734a-63a9dfd47fbb,JICAOYU04658-2080%,96465820,,gear,,,,,299.88972222222225,42.77148288254911,0.07701081919442673,103.2203707252115
2023-12-24T02:48:42.000Z,2024-01-01T02:12:25.000Z,ac7a2c52dab81d0435c88e332dd58622,loitering,"[123.816747, 33.509642, 123.830673, 33.52965]",33.5196,123.8237,[],['8327'],"['PICES', 'ACAP', 'WCPFC', 'IWC']",['61'],['61'],[],[],[],[],132,131,135.143906,133.32465599999998,d583c73ac-cd74-d42e-56d0-280cb0855e2d,,602695052,,gear,,,,,191.39527777777772,7.936959859080904,0.022391437889296262,130.93502558431356
2023-12-24T02:50:01.000Z,2024-01-01T00:36:25.000Z,994307fadda9e43c574f7518fc19bd78,loitering,"[123.933622, 33.518825, 123.936678, 33.517785]",33.5183,123.9352,[],['8327'],"['PICES', 'ACAP', 'WCPFC', 'IWC']",['61'],['61'],[],[],[],[],123,122,125.585859,124.770539,c0a3071d1-1cff-9f7a-b53f-effb61d02bdd,ZHEDAIYU02256-22-70%,224000002,ESP,gear,,,,,189.77333333333334,2.5688852931112662,0.007309178096568425,122.64511663578408
2023-12-24T02:50:47.000Z,2024-01-04T22:26:06.000Z,d1c600e5c20d1eeaa762ae02e99cda56,loitering,"[122.86353, 37.680192, 123.477002, 37.928922]",37.8046,123.1703,[],['8486'],"['WCPFC', 'PICES', 'IWC', 'ACAP']",['61'],['61'],[],[],[],[],33,90,32.634838,91.782586,14d7547eb-b81a-1434-9771-bf37ab4dcdff,35007-03-99%,903500703,,gear,,,,,283.5886111111111,109.60880308835482,0.20869674107965985,44.06326137302947
2023-12-24T02:53:25.000Z,2024-01-01T01:40:25.000Z,86f5d74edc37d0f8890b2890251b1c5a,loitering,"[123.899205, 33.466777, 123.8985, 33.464945]",33.4659,123.8989,[],['8327'],"['WCPFC', 'IWC', 'PICES', 'ACAP']",['61'],['61'],[],[],[],[],128,129,130.721617,131.279484,457e51f5b-bd03-00e0-085a-18156b3442c5,ZHEDAIYU02132-406,21320406,,gear,,,,,190.78333333333336,5.071590146635683,0.014353662640071357,128.16752127021505
2023-12-24T02:58:30.000Z,2024-01-02T19:30:01.000Z,8010574c10f1583dd08a0afe072eff87,loitering,"[54.026583333333335, 26.027025, 54.05614833333333, 26.007066666666667]",26.017,54.0414,[],['8469'],"['IOTC', 'IWC', 'ACAP', 'RECOFI']","['51', '51.2']",['51'],[],[],[],[],42,39,27.151303,24.544546999999998,ef9285815-53df-9310-7b32-1674617c7cff,ADAMARIS,341019000,KNA,bunker,are-sharjah,ARE,SHARJAH,e3da7173932fdee3c05f56c8fc6d9767,232.52527777777772,3.949939187808432,0.009172321212026813,39.002904586874074
2023-12-24T03:01:39.000Z,2024-01-01T10:13:17.000Z,e459e980e9472401ad0b1185e0571169,loitering,"[124.023132, 33.726268, 124.028038, 33.726292]",33.7263,124.0256,[],['8327'],"['WCPFC', 'IWC', 'ACAP', 'PICES']",['61'],['61'],[],[],[],[],105,104,108.459484,107.58798399999999,b814939b3-33b0-e5d0-ccb8-762ed6a0f561,NET07722-29,930772229,,gear,,,,,199.19388888888884,5.8283899787019156,0.015799073153035897,104.15582857873117
2023-12-24T03:04:35.000Z,2024-01-01T01:35:46.000Z,08bdb701771c761d47ceb34228d877d1,loitering,"[123.916735, 33.479663, 123.9166, 33.478393]",33.479,123.9167,[],['8327'],"['WCPFC', 'IWC', 'ACAP', 'PICES']",['61'],['61'],[],[],[],[],126,126,128.559234,128.559234,e592c940d-df0a-cfc1-ee81-6fd384820ea8,ZHEDAIYU02132-603,21320603,,other,,,,,190.5197222222222,3.6361373164937834,0.010305269498818584,126.0
2023-12-24T03:14:01.000Z,2024-01-01T01:34:04.000Z,b4688406b0190d9fd1db97b46af1e568,loitering,"[123.9174, 33.504877, 123.91653, 33.503447]",33.5042,123.917,[],['8327'],"['ACAP', 'IWC', 'PICES', 'WCPFC']",['61'],['61'],[],[],[],[],125,125,127.466117,127.466117,6656736b8-8bfe-cd25-8c78-8746e7d77d87,ZHEDAIYU02256-36-63%,220500130,DNK,gear,,,,,190.33416666666665,3.539377864747331,0.01004082026648349,124.9958224063128
2023-12-24T03:18:41.000Z,2024-01-03T15:10:48.000Z,43334adc5c1d8aa9082a201bbdf4e929,loitering,"[123.982333, 33.930825, 123.99548, 33.92691]",33.9289,123.9889,[],['8327'],"['IWC', 'ACAP', 'PICES', 'WCPFC']",['61'],['61'],[],[],[],[],103,101,106.860711,105.031516,c2163d82a-acce-835f-55ac-d8fad2bccb41,,21690040,,gear,,,,,251.8686111111111,5.2041383698673584,0.011156649915757983,102.18494530407514
2023-12-24T03:20:08.000Z,2024-01-05T06:34:19.000Z,98046081a5cce3157bf1a1b461ae72f9,loitering,"[82.75219, -7.081718, 83.108592, -7.315738]",-7.1987,82.9304,[],[],"['IWC', 'ACAP', 'IOTC', 'SEAFDEC']","['57.2', '57']",['57'],[],['63203'],[],[],1134,1173,1140.941,1180.1055,e6e935eb1-1d17-1ba2-9e40-ed6f5d3cbc23,IMULA 0718CHW NET11,979321075,,gear,,,,,291.2363888888889,267.90191686627554,0.4966943286951802,1158.2724361565938
2023-12-24T03:22:43.000Z,2024-01-01T01:44:48.000Z,20447fb822c111a166133a79aeb8a342,loitering,"[123.900618, 33.492233, 123.899047, 33.519715]",33.506,123.8998,[],['8327'],"['ACAP', 'PICES', 'WCPFC', 'IWC']",['61'],['61'],[],[],[],[],127,125,129.627289,128.040711,02eeb2f9c-cadb-9c8d-fb1a-3ad14e442b17,ZHEDAIYU02132-2A-79%,21320202,,gear,,,,,190.36805555555557,6.7014647322708845,0.019007923702053345,125.0101053610128
2023-12-24T03:27:58.000Z,2024-01-02T14:49:49.000Z,706735d3072c6f77fe85c5b35e648d24,loitering,"[124.037577, 33.695483, 124.0278, 33.692697]",33.6941,124.0327,[],['8327'],"['IWC', 'WCPFC', 'ACAP', 'PICES']",['61'],['61'],[],[],[],[],105,106,107.891891,109.16180499999999,591e0fdfb-b1eb-76cd-9ae5-5a06b0f4f8dd,MINZHAOYU60548-0164%,96605481,,gear,,,,,227.36416666666668,5.080483007547226,0.012065407689278157,106.77335442158707
2023-12-24T03:32:48.000Z,2024-01-06T03:23:11.000Z,eedd4d022cc368bd8a800d125a9e8710,loitering,"[122.879627, 31.16414, 122.978147, 30.85286]",31.0085,122.9289,[],['8486'],"['WCPFC', 'PICES', 'IWC', 'ACAP']",['61'],['61'],['8486'],[],[],[],38,19,5.816122999999999,18.217125,ca89403e3-3060-7fff-d3d0-671ef0550ce1,27080-1_8.2V,270800001,CZE,gear,,,,,311.83972222222224,55.966054001973724,0.09690635755313233,38.002155960564345
2023-12-24T03:33:19.000Z,2024-01-02T10:21:48.000Z,8ce018532e84b7225878b0743d94b091,loitering,"[76.857473, -16.869377, 76.814585, -17.13564]",-17.0025,76.836,[],[],"['IOTC', 'SIOFA', 'ACAP', 'IWC']","['51.7', '51']",['51'],[],['63203'],[],[],1149,1174,1169.720875,1194.832875,a3ba69b14-4d45-22fb-b1d8-5151d0c6c8f5,994164305         9V,994164305,,gear,,,,,222.80805555555554,88.9418702538575,0.21554322996042652,1161.381397884685
2023-12-24T03:34:54.000Z,2024-01-01T01:35:35.000Z,ba811f2991b26e99a2d4c919ed5df445,loitering,"[123.918432, 33.509695, 123.916272, 33.498493]",33.5041,123.9174,[],['8327'],"['ACAP', 'IWC', 'PICES', 'WCPFC']",['61'],['61'],[],[],[],[],124,125,126.930648,127.466117,04c585dae-e0db-b0e8-a5b9-19358ebd15aa,ZHEDAIYU02256-2581%,96225625,,gear,,,,,190.0113888888889,16.19030658952162,0.04600811690376225,124.93503151509488
2023-12-24T03:37:10.000Z,2024-01-04T14:54:45.000Z,9df1d1d1af68ba3707c8e1323f388356,loitering,"[77.075807, -16.850517, 77.06018, -16.938517]",-16.8945,77.068,[],[],"['SIOFA', 'ACAP', 'IWC', 'IOTC']","['51.7', '51']",['51'],[],['63203'],[],[],1158,1165,1177.791625,1185.863625,8678f2eaf-f3bd-2b94-8249-3564332b0d6a,994140994         9V,994140994,,gear,,,,,275.2930555555556,203.5475299079295,0.39923591017795973,1168.6107265621883
2023-12-24T03:38:29.000Z,2024-01-01T00:37:30.000Z,f989f5cd6f50e0d6ea1e801608f863fc,loitering,"[125.78848, 32.000238, 125.77946, 31.993524999999998]",31.9969,125.784,[],['8327'],"['PICES', 'WCPFC', 'IWC', 'ACAP']",['61'],['61'],[],[],[],[],138,139,141.276578,142.62304699999999,eea513d99-9cf7-51ad-c7be-acc4fe32401c,,62592654,,gear,chn-chn-132,CHN,CHN-132,7acc0e4bf62d5722f9ace98e92f7eb73,188.98361111111112,34.59651702845155,0.09884785583021329,139.359979133353
2023-12-24T03:40:46.000Z,2024-01-01T01:28:38.000Z,a20eded8ecb9163f94ae4db04b1f817a,loitering,"[123.90464, 33.495157, 123.915813, 33.469965]",33.4826,123.9102,[],['8327'],"['ACAP', 'WCPFC', 'PICES', 'IWC']",['61'],['61'],[],[],[],[],127,127,129.091016,129.11668799999998,abbb070af-f3eb-8238-eee6-5e4292b53cf9,ZHEDAIYU02132-604,21320604,,gear,,,,,189.79777777777778,6.593812926128367,0.018758776798461364,127.10429001285713
2023-12-24T03:44:08.000Z,2024-01-01T01:47:49.000Z,2a2827803f2022a467c95fb3ac79bf32,loitering,"[123.901998, 33.496387, 123.914577, 33.465227]",33.4808,123.9083,[],['8327'],"['PICES', 'IWC', 'ACAP', 'WCPFC']",['61'],['61'],[],[],[],[],127,128,129.091016,129.91833599999998,fee7966ea-a903-bf56-9276-6d8475f5697b,ZHEDAIYU02132-507,21320507,,other,,,,,190.0613888888889,36.226786048508394,0.1029188501072273,127.30551476999595
2023-12-24T03:44:52.000Z,2024-01-01T06:46:46.000Z,56b99aec3d0f3e154d3afd7db2052a27,loitering,"[122.87042, 31.212913, 122.868223, 31.216295]",31.2146,122.8693,[],['8486'],"['WCPFC', 'IWC', 'PICES', 'ACAP']",['61'],['61'],['8486'],[],[],[],42,43,6.511796,7.316350000000001,77fabf834-43f3-d514-b757-a5451fd3f3d1,SHENG01453-35,701453035,ARG,gear,,,,,195.03166666666667,44.40149137170865,0.12292817755954857,42.45626105002799
2023-12-24T03:46:52.000Z,2024-01-05T09:22:09.000Z,a348d4a1343ba75fc87f8434486587dd,loitering,"[76.922165, -16.868915, 76.721203, -17.111697]",-16.9903,76.8217,[],[],"['IWC', 'SIOFA', 'IOTC', 'ACAP']","['51', '51.7']",['51'],[],['63203'],[],[],1152,1167,1172.42725,1187.908375,ea68dfb35-5669-7349-0b3b-45025f9d36d6,994140998         9V,994140998,,gear,,,,,293.5880555555555,170.3534260205897,0.31330801655996765,1164.3163781102648
2023-12-24T03:50:35.000Z,2024-01-07T22:45:20.000Z,849b3a7dfcfaba81fa6b0f79c0213e0a,loitering,"[123.1045, 37.532157, 123.102205, 37.541335]",37.5367,123.1034,[],['8486'],"['WCPFC', 'IWC', 'PICES', 'ACAP']",['61'],['61'],[],[],[],[],38,39,39.539145,40.049711,234b86f9e-ea85-886b-8859-bfa91a0044b5,LIAOWAYU55103-06 90%,815510306,,gear,,,,,354.9125,22.246366696783795,0.03384517888239845,38.907453565496546
2023-12-24T03:50:40.000Z,2024-01-01T10:27:13.000Z,29b15b9eb0f8b33d72253d9414a744cb,loitering,"[123.97014, 33.521542, 123.950113, 33.497998]",33.5098,123.9601,[],['8327'],"['ACAP', 'PICES', 'IWC', 'WCPFC']",['61'],['61'],[],[],[],[],120,123,122.333844,125.040414,a8d4ae8d5-5592-1bea-e0f2-0a87c0a734b6,,602264087,,gear,,,,,198.60916666666665,12.068346742675056,0.03281009653047291,122.71658072115989
2023-12-24T03:53:53.000Z,2024-01-01T02:25:00.000Z,097620422dbe5229f5842d78f58757b5,loitering,"[122.75911, 31.243118, 122.75093, 31.241662]",31.2424,122.755,[],['8486'],"['IWC', 'WCPFC', 'ACAP', 'PICES']",['61'],['61'],['8486'],[],[],[],42,42,4.548312,4.389222,c4953a31b-b752-50ca-2207-83fe5cd0258c,,215990030,MLT,gear,,,,,190.518611111111,45.02800270727695,0.12761575504892492,42.40372978020332
2023-12-24T03:55:19.000Z,2024-01-01T01:39:46.000Z,5a01f5baa912a42ca01ba361c5a14421,loitering,"[123.969827, 33.521373, 123.949127, 33.483372]",33.5024,123.9595,[],['8327'],"['IWC', 'ACAP', 'PICES', 'WCPFC']",['61'],['61'],[],[],[],[],120,124,122.333844,126.153977,ba2f6d59e-e13c-9b7f-540f-234f68b3f67f,,22640113,,gear,,,,,189.74083333333334,8.317465174503395,0.02366950660846587,124.02259344013846
2023-12-24T03:56:05.000Z,2024-01-02T07:39:03.000Z,0757c8e99f66b10521b1740ee0110088,loitering,"[-20.518275, -2.229592, -21.735647, -2.2717]",-2.2506,-21.127,[],[],"['IWC', 'ACAP', 'ICCAT']","['41', '41.1.4', '41.1']",['41'],[],['63203'],[],[],923,1023,924.661625,1024.718375,3d150f41c-c611-b90a-cf8a-81716c17576c,BUOY-20  100%,168804146,,gear,,,,,219.7161111111111,210.05029290707378,0.5162028589960166,987.4029518282168
2023-12-24T03:56:14.000Z,2024-02-07T05:56:35.000Z,59ea1565a6fb7aace7fe32e0b3ea63b2,loitering,"[120.80254666666667, 39.88077, 120.69557333333333, 39.798053333333336]",39.8394,120.7491,[],['8486'],"['ACAP', 'WCPFC', 'PICES', 'IWC']",['61'],['61'],[],[],[],[],47,49,3.746875,5.245341000000001,c43031a27-7e02-71c8-5b47-edc0c73c590e,BHZLH,412301080,CHN,other,,,,,1082.0058333333334,27.57087224809074,0.013758779841050018,43.01992286983052
2023-12-24T03:56:18.000Z,2024-01-01T10:18:08.000Z,111f222594474e97dd0689723348994b,loitering,"[124.004097, 33.664397, 123.998823, 33.602033]",33.6332,124.0015,[],['8327'],"['PICES', 'ACAP', 'IWC', 'WCPFC']",['61'],['61'],[],[],[],[],110,113,112.998,115.75544500000001,4c92068c5-551a-66dd-ac86-5ae158d6f778,ZXY49277-10-47%,492770010,,gear,,,,,198.36388888888888,10.93268726722827,0.02975934230297461,112.98467816144405
2023-12-24T03:56:26.000Z,2024-01-01T01:37:45.000Z,d0907704a036838bd6e774d6a10e5bf6,loitering,"[123.152387, 34.004307, 123.225507, 33.987652]",33.996,123.1889,[],['8327'],"['PICES', 'WCPFC', 'IWC', 'ACAP']",['61'],['61'],[],[],[],[],178,171,182.553938,175.23434400000002,819a1a6e7-740a-13d0-c536-1123e971ad80,,60551108,,other,,,,,189.6886111111111,212.34136921805998,0.6044388553049996,183.493889324634
2023-12-24T03:58:45.000Z,2024-01-07T22:42:48.000Z,d3d939eae7776dff3667e98b23bc874f,loitering,"[124.067168, 33.648842, 124.010818, 33.649707]",33.6493,124.039,[],['8327'],"['PICES', 'IWC', 'ACAP', 'WCPFC']",['61'],['61'],[],[],[],[],105,110,107.51832,112.586062,7dbde2079-9b2a-b73a-f363-615cd6dcbb4d,MINFUDINGYU08692-7,233101418,GBR,gear,,,,,354.73416666666657,12.129254413486104,0.018462482773928417,108.28619141291368
2023-12-24T03:58:51.000Z,2024-01-01T11:10:16.000Z,859a87495f483310896e9c5654cad0aa,loitering,"[123.969947, 33.520475, 123.956273, 33.499658]",33.5101,123.9631,[],['8327'],"['ACAP', 'WCPFC', 'IWC', 'PICES']",['61'],['61'],[],[],[],[],120,122,122.333844,124.23507000000001,30924c3ea-a6c4-93d6-8d03-3dd914e0005d,,22640114,,other,,,,,199.1902777777778,31.073840744257584,0.08423368804214501,122.8649147599559
2023-12-24T04:01:57.000Z,2024-01-04T10:58:53.000Z,7e3e179920812759b3cccbdbc5862fb2,loitering,"[123.196057, 29.763, 123.03353, 29.610228]",29.6866,123.1148,[],['8486'],"['WCPFC', 'APFIC', 'IWC', 'ACAP']",['61'],['61'],[],[],[],[],58,63,52.016805,39.617608999999995,650999933-3c3f-f892-0647-28ad7c9005f1,ZHEDAIYU04421-35-93%,44210035,,gear,,,,,270.9488888888889,116.71092696125312,0.23258578143199365,54.68480619056988
2023-12-24T04:05:39.000Z,2024-01-01T01:23:55.000Z,550dfc66dd0efae27dc0b3d23183b724,loitering,"[123.97179, 33.517662, 123.948892, 33.478098]",33.4979,123.9603,[],['8327'],"['IWC', 'PICES', 'WCPFC', 'ACAP']",['61'],['61'],[],[],[],[],120,124,122.333844,126.153977,60384d8b2-2911-8f63-fdcf-645a901a8697,ZHEDAIYU0226421-60%,602264021,,gear,,,,,189.30444444444444,29.931715539013837,0.08537482303610133,123.77150189566892
2023-12-24T04:14:53.000Z,2024-01-01T09:56:51.000Z,b64741db8359a16bb4a3bb985d0df79c,loitering,"[123.984847, 33.935573, 123.813087, 33.617637]",33.7766,123.899,[],['8327'],"['IWC', 'WCPFC', 'PICES', 'ACAP']",['61'],['61'],[],[],[],[],102,128,106.721383,130.958844,2a2de3a99-908d-09b8-3163-27a2793b08fc,,21690044,,gear,chn-zhoushan,CHN,ZHOUSHAN,42f2062445faf10895a9cc7202de771c,197.69944444444448,63.887085424936146,0.1744884338197777,104.50793916980341
2023-12-24T04:20:03.000Z,2024-01-01T09:02:12.000Z,32ed27713da6dce3fce48450323e9e2c,loitering,"[122.866908, 31.18742, 122.867307, 31.191587]",31.1895,122.8671,[],['8486'],"['IWC', 'PICES', 'WCPFC', 'ACAP']",['61'],['61'],['8486'],[],[],[],40,40,5.250818000000001,5.250818000000001,1e4bace42-225a-cdee-5ee2-6ab872e5c9e8,ZHEPUYU62255-6-67%,962255006,,gear,,,,,196.70249999999993,50.829627287253516,0.13952950811947606,40.06639335285121
2023-12-24T04:20:38.000Z,2024-01-01T07:14:06.000Z,97da229e4cbc9bfcb339a81859c6fbca,loitering,"[122.870133, 31.205373, 122.868042, 31.212327]",31.2089,122.8691,[],['8486'],"['WCPFC', 'IWC', 'ACAP', 'PICES']",['61'],['61'],['8486'],[],[],[],42,42,6.511796,6.511796,8e5d38937-7ca2-f948-08ce-1277f4b7197f,NET-ZSY01453-24-99%,14530024,,gear,,,,,194.89111111111114,40.3030153008375,0.11166177455399937,41.778710983135674
2023-12-24T04:22:40.000Z,2024-01-01T01:49:11.000Z,38ca4c9fa8debd1bebfb752f8408ad58,loitering,"[125.739563, 32.134357, 125.727025, 32.132987]",32.1337,125.7333,[],['8327'],"['ACAP', 'PICES', 'IWC', 'WCPFC']",['61'],['61'],[],[],[],[],126,126,129.230258,129.578922,943791b4e-e9aa-4f56-facb-f74e1c4b7a8a,SHENG05567-12-60%,305567012,ATG,gear,,,,,189.44194444444446,21.973651698587854,0.06263038930588254,125.9184809781338
2023-12-24T04:23:04.000Z,2024-01-01T10:05:18.000Z,f2f8d98f21df0e3bfa58fa6c58ecb29d,loitering,"[123.087933, 33.162327, 123.0882, 33.16222]",33.1623,123.0881,[],['8486'],"['ACAP', 'WCPFC', 'PICES', 'IWC']",['61'],['61'],[],[],[],[],179,179,154.527953,154.527953,b8de82da9-993f-ea7a-4947-cd13fbead0e9,SUQIYU03390-03_8.1V,33907303,,gear,,,,,197.70388888888888,21.653106952330305,0.059137645094255196,178.38701309520434
2023-12-24T04:23:31.000Z,2024-01-02T17:34:16.000Z,a9fe2ca5f1e79f4d8ca7f1abc26084c4,loitering,"[-38.389048, -17.137317, -38.453353, -17.017555]",-17.0774,-38.4212,[],['8464'],"['IWC', 'ICCAT', 'ACAP']","['41', '41.1.3', '41.1']",['41'],[],[],[],[],82,73,247.65175,255.44375,a0f21c21b-bbaa-3aee-507b-a30ef059df88,OAHU - B3,710368573,BRA,gear,,,,,229.17916666666667,216.8677751825567,0.5109505910301378,78.51253758367625
2023-12-24T04:27:12.000Z,2024-01-01T10:06:29.000Z,edbf466318faf2029ab63d48054da257,loitering,"[123.13522, 33.147282, 123.144788, 33.136952]",33.1421,123.14,[],['8486'],"['PICES', 'IWC', 'WCPFC', 'ACAP']",['61'],['61'],[],[],[],[],182,181,158.451922,158.057359,8ec998d64-4197-f21f-4066-205c7a0586c5,SUGANYU02806-02-47%,96046267,,gear,,,,,197.6547222222222,36.86358464209884,0.10070461815168974,180.60350685003917
2023-12-24T04:27:42.000Z,2024-01-01T10:02:15.000Z,af7dde49477d775f70b3b18e37d7998e,loitering,"[123.111305, 33.108192, 123.111363, 33.10802]",33.1081,123.1113,[],['8486'],"['ACAP', 'IWC', 'PICES', 'WCPFC']",['61'],['61'],[],[],[],[],177,177,154.283297,154.283297,4c3b762ce-e79f-5078-0fd2-3b8783229aca,SUQIYU04727A-11-99%,211127011,DEU,gear,,,,,197.57583333333338,2.9294210314786944,0.008005841551808566,176.99999999999997
2023-12-24T04:29:25.000Z,2024-01-01T01:35:01.000Z,2e75f6a5fcedc71454c69111aa7d4f72,loitering,"[123.195828, 30.1527, 123.19248, 30.195393]",30.174,123.1942,[],['8486'],"['PICES', 'IWC', 'ACAP', 'WCPFC']",['61'],['61'],[],[],[],[],40,37,25.095646000000002,24.25984,494da1afb-b613-a2b7-8191-003db9ac94d3,06828-105-99%,906828105,,gear,,,,,189.0933333333333,34.160662481842934,0.09754591445648944,39.18486720031321
2023-12-24T04:30:15.000Z,2024-01-01T01:32:32.000Z,bee5c1832e5ffa251e9c3f55ea33bc7d,loitering,"[124.0356, 33.551743, 123.998352, 33.543298]",33.5475,124.017,[],['8327'],"['WCPFC', 'ACAP', 'PICES', 'IWC']",['61'],['61'],[],[],[],[],113,116,115.04269500000001,118.823883,fc651d2e3-340c-d908-ea7a-6e4ecf72311c,MINFUDINYU09983-01,232001044,GBR,other,gbr-thamesport,GBR,THAMESPORT,106b5d61d9b72f42bac12de537642415,189.03805555555556,41.46967574316437,0.11845145935731313,116.00692936212481
2023-12-24T04:32:56.000Z,2024-01-02T07:22:58.000Z,e2bab1e5dbb08a648b47b9da7316abc4,loitering,"[123.621057, 32.355332, 123.615802, 32.379698]",32.3675,123.6184,[],['8486'],"['PICES', 'ACAP', 'WCPFC', 'IWC']",['61'],['61'],[],[],[],[],176,176,147.895938,149.45117199999999,8b2637b91-106f-d7a0-5f40-ac31ee048a80,SUQIYU0318920,41318920,,gear,,,,,218.83388888888888,17.237405013138915,0.042532050945235156,175.05446141743275
2023-12-24T04:37:05.000Z,2024-01-01T15:59:44.000Z,3e9c89f888c6cf0148a27a65d160ab0f,loitering,"[122.951637, 31.142917, 122.94402, 31.147687]",31.1453,122.9478,[],['8486'],"['PICES', 'ACAP', 'WCPFC', 'IWC']",['61'],['61'],['8486'],[],[],[],40,40,12.372416,11.419486999999998,a447ec551-1153-8527-8d5a-6ee0c1eb1704,NET-ZSY07785-58-99%,907785058,,gear,chn-shanghai,CHN,SHANGHAI,c707bc4df39033b3e18681e73e821d8f,203.3775,30.744402009296948,0.08162480624994262,39.95968226509353
2023-12-24T04:42:02.000Z,2024-01-01T10:09:26.000Z,d245d36a6a258116addcf11a5b241b03,loitering,"[123.135207, 33.147365, 123.139967, 33.142532]",33.1449,123.1376,[],['8486'],"['PICES', 'ACAP', 'WCPFC', 'IWC']",['61'],['61'],[],[],[],[],182,181,158.451922,158.057359,38eaf8ebe-e5a3-f8de-0030-d7978c1d672d,,30167103,,gear,,,,,197.45666666666665,6.185490259013487,0.016914584878015962,181.001633269747
2023-12-24T04:49:03.000Z,2024-01-07T01:52:59.000Z,4b49d7115782db7a6155a838d1424d09,loitering,"[124.098357, 33.339472, 124.068053, 33.350347]",33.3449,124.0832,[],['8327'],"['WCPFC', 'ACAP', 'IWC', 'PICES']",['61'],['61'],[],[],[],[],122,124,123.744359,125.19520299999999,12eb0c71c-c507-e468-3c21-23df2c10df4c,YUELIANYU15012-5-47%,876897328,,gear,,,,,333.0655555555556,28.69331293545326,0.04651681710929077,123.30973921852626
2023-12-24T04:50:54.000Z,2024-01-02T02:06:53.000Z,863e9e9929291a0badfcca69813cf92a,loitering,"[122.898548, 31.147068, 122.891583, 31.146793]",31.1469,122.8951,[],['8486'],"['PICES', 'WCPFC', 'IWC', 'ACAP']",['61'],['61'],['8486'],[],[],[],38,37,7.612992,6.6613679999999995,a6171ded2-2b80-76e5-4e79-2c8a8c9816ac,ZSY01285-9199%,910001285,,gear,,,,,213.2663888888889,51.0251422438813,0.12918759887773,37.49217685134443
2023-12-24T04:58:19.000Z,2024-01-01T20:57:49.000Z,5de54d9fea28b4bf9f22d38e00f9645b,loitering,"[122.967627, 31.1724, 122.966793, 31.157847]",31.1651,122.9672,[],['8486'],"['PICES', 'ACAP', 'WCPFC', 'IWC']",['61'],['61'],[],[],[],[],43,43,14.271346,14.31535,df8d4c7f1-1643-bf60-a928-583be631b4d9,NET-ZSY01429-115-99%,901429115,,gear,chn-shanghai,CHN,SHANGHAI,0db5d33b612628bff6e42dd420bc3ad9,207.99166666666667,49.836854423999235,0.12937897484228147,42.20939112991734
2023-12-24T04:58:53.000Z,2024-01-04T14:44:14.000Z,474b0d38fb5e32523ec74d5465fe1902,loitering,"[77.056353, -16.789463, 77.039868, -16.885763]",-16.8376,77.0481,[],[],"['ACAP', 'IOTC', 'SIOFA', 'IWC']","['51', '51.7']",['51'],[],['63203'],[],[],1151,1160,1170.8635,1179.93175,f3b647d46-6522-d9ff-2dbb-064dae74b64e,994140007         9V,994140007,,gear,,,,,273.7558333333333,195.0257538487036,0.3846693652422217,1163.3935686348098
2023-12-24T05:00:55.000Z,2024-01-01T12:41:52.000Z,0eb28ea0aae160d678a12b5409cd395e,loitering,"[122.929312, 31.201162, 122.927135, 31.199227]",31.2002,122.9282,[],['8486'],"['WCPFC', 'IWC', 'ACAP', 'PICES']",['61'],['61'],[],[],[],[],44,44,10.982854,10.982854,a39ade151-11dc-e6b7-8a9f-948f6dea6b1c,NET160-ZSY0146999%,14690160,,gear,,,,,199.68249999999998,45.52959871804628,0.12311552883411456,44.43130520595714
2023-12-24T05:02:35.000Z,2024-01-01T10:07:10.000Z,65ad02541a8d7373aa74ad96cc910c48,loitering,"[123.088933, 33.134453, 123.088747, 33.171243]",33.1528,123.0888,[],['8486'],"['PICES', 'WCPFC', 'ACAP', 'IWC']",['61'],['61'],[],[],[],[],177,180,153.30942199999998,154.947969,d7253ca84-45e7-84d4-5440-6ab4026681a5,SUQIYU03390-01_8.0V,33907301,,gear,,,,,197.0763888888889,24.610967648381937,0.06742999248309119,179.12817705248474
2023-12-24T05:02:48.000Z,2024-01-01T05:41:56.000Z,e208de9d740d0f90ac1dadba8af658a8,loitering,"[123.08859, 33.134632, 123.082143, 33.180537]",33.1576,123.0854,[],['8486'],"['PICES', 'ACAP', 'WCPFC', 'IWC']",['61'],['61'],[],[],[],[],177,180,153.30942199999998,154.517062,c16d784e6-683d-b0c7-e609-521806bbb42c,SUGANYU02989-5   7V4,29890905,,gear,,,,,192.6522222222222,19.906810702096628,0.055793895080554226,177.52319117830694
2023-12-24T05:03:48.000Z,2024-01-01T04:54:50.000Z,0522c591a310e67a5f5b18fbb123c6da,loitering,"[123.624778, 37.28397, 123.618837, 37.285877]",37.2849,123.6218,[],['8486'],"['WCPFC', 'IWC', 'PICES', 'ACAP']",['61'],['61'],[],[],[],[],83,83,81.397719,81.386898,e25505b88-8da3-4016-fece-37f53d460ae8,LIAODANYU25820-0363%,258200003,NOR,gear,,,,,191.85055555555553,20.71265782838011,0.05829506450840419,82.95074577665287
2023-12-24T05:04:33.000Z,2024-02-11T14:08:46.000Z,9802a7f3472decdb002f760bd9271456,loitering,"[122.844647, 37.749858, 122.876247, 37.860945]",37.8054,122.8604,[],['8486'],"['WCPFC', 'ACAP', 'PICES', 'IWC']",['61'],['61'],[],[],[],[],39,51,38.14527,50.624129,71939963e-e55e-b972-f30d-f00ccbf5e6cb,,10666585,,gear,,,,,1185.0702777777783,57.89355220286984,0.026378197119901498,50.78812006620898
2023-12-24T05:05:06.000Z,2024-01-01T10:08:04.000Z,7b6ec5b248863cb172895c37d03da2f9,loitering,"[123.137567, 33.144805, 123.139773, 33.13438]",33.1396,123.1387,[],['8486'],"['ACAP', 'IWC', 'PICES', 'WCPFC']",['61'],['61'],[],[],[],[],181,180,158.057359,157.669641,2003dc270-05f3-31f4-a3c6-7d8d1edba372,,30167101,,gear,,,,,197.04944444444448,6.541801340991155,0.01792590763644519,180.00316946802488
2023-12-24T05:06:31.000Z,2024-01-04T19:49:55.000Z,9e6ae2dd585baebf8f68697b1266b198,loitering,"[125.685393, 32.148967, 125.691093, 32.144167]",32.1466,125.6882,[],['8327'],"['IWC', 'ACAP', 'PICES', 'WCPFC']",['61'],['61'],[],[],[],[],126,127,128.993664,130.01165600000002,fa6dff494-42dc-c15a-5c7d-d42835dc062b,,609982017,BDI,gear,,,,,278.7233333333334,3.840094652513204,0.007439223723184687,126.46896007682022
2023-12-24T05:07:25.000Z,2024-01-01T04:48:22.000Z,bf4f84c90f0930b9123e9e9e8638463b,loitering,"[122.87186, 31.163023, 122.865365, 31.168912]",31.166,122.8686,[],['8486'],"['ACAP', 'PICES', 'WCPFC', 'IWC']",['61'],['61'],['8486'],[],[],[],37,38,4.885587999999999,4.757116,1806f8976-655d-7816-32ac-8327aa2b72f2,NET-ZSY01453-20-99%,14530020,,gear,chn-shanghai,CHN,SHANGHAI,50addc3d5c143248fd29a25239c0d1c4,191.68250000000006,43.50568858343855,0.12255261977308118,37.53125545261795
2023-12-24T05:07:34.000Z,2024-01-01T05:33:10.000Z,1112d9e12b0eb61c832a20dcfeb0e87d,loitering,"[-146.431735, -10.521738, -145.893697, -10.429112]",-10.4754,-146.1627,[],[],"['WCPFC', 'SPRFMO', 'ACAP', 'IATTC', 'IWC']",['77'],['77'],[],['63203'],[],[],419,431,440.148219,448.373188,e839a724c-c13c-a718-8a76-f616835b11ba,HW02              9V,994110562,,gear,,,,,192.42666666666656,144.36991448792017,0.405107664610277,416.6554339897246
2023-12-24T05:13:35.000Z,2024-01-01T02:49:01.000Z,c4b017ac0676bbcc928a1e85d8723d04,loitering,"[125.70006, 32.183785, 125.699353, 32.183692]",32.1837,125.6997,[],['8327'],"['WCPFC', 'ACAP', 'IWC', 'PICES']",['61'],['61'],[],[],[],[],122,122,125.56281200000001,125.56281200000001,7e4860983-32b9-4098-a0f0-38f7c490bc4c,,10995722,,gear,,,,,189.5905555555555,3.920893053797478,0.011166763417178031,122.00000000000006
2023-12-24T05:15:54.000Z,2024-01-01T16:04:40.000Z,aa0515742927dea1c9f544b43cf572af,loitering,"[122.967637, 31.15728, 122.965322, 31.174987]",31.1661,122.9665,[],['8486'],"['IWC', 'WCPFC', 'PICES', 'ACAP']",['61'],['61'],[],[],[],[],43,43,14.31535,14.271346,6d869813f-f0e8-18a9-febd-32747e9814e3,SHENG01429-5471%,901429054,,gear,,,,,202.81277777777777,45.46220061475987,0.12103588733893993,42.50949910019707
2023-12-24T05:23:26.000Z,2024-01-05T03:49:36.000Z,472146bcce3f36a43087778066dca046,loitering,"[123.926592, 36.948673, 123.927712, 36.953122]",36.9509,123.9272,[],['8327'],"['PICES', 'IWC', 'WCPFC', 'ACAP']",['61'],['61'],[],[],[],[],115,115,115.070078,115.070078,38d962918-8bca-742a-5e63-2dcde833afe4,LIAODAYU25139-22-69%,251390122,ISL,gear,,,,,286.4361111111112,14.41408810632125,0.0271718007496593,114.98918108578198
2023-12-24T05:25:49.000Z,2024-01-14T14:55:57.000Z,b5fe1eac7693703adc42fc16606fd0e6,loitering,"[122.870677, 31.184725, 122.86641, 31.188338]",31.1865,122.8685,[],['8486'],"['PICES', 'ACAP', 'IWC', 'WCPFC']",['61'],['61'],['8486'],[],[],[],39,40,4.885099,5.250818000000001,fb4139e5b-be1d-cc03-0b2b-866b63415773,NET-ZSY01453-21-99%,14530021,,gear,chn-shanghai,CHN,SHANGHAI,c752ea07bc8f51e67cd8350fd91930be,513.5022222222223,55.014796070036866,0.05784904552154063,39.776110225877204
2023-12-24T05:27:29.000Z,2024-01-03T03:50:44.000Z,d4a02b0477435ad65e8ec08af79b4d83,loitering,"[123.636927, 37.51646, 123.462858, 37.599973]",37.5582,123.5499,[],['8486'],"['ACAP', 'WCPFC', 'IWC', 'PICES']",['61'],['61'],[],[],[],[],85,71,84.644086,71.769383,15985579f-f536-a56c-8998-654e1adc1a76,75226-18-99%,752260018,,gear,,,,,238.38749999999993,34.22718683979986,0.07752588704231617,75.43542234833045
2023-12-24T05:30:06.000Z,2024-01-20T08:26:22.000Z,384b99f15ec7bf949900690e85d28399,loitering,"[123.851775, 36.984157, 123.921428, 36.940533]",36.9623,123.8866,[],['8486'],"['ACAP', 'IWC', 'PICES', 'WCPFC']",['61'],['61'],[],[],[],[],112,116,107.267859,114.598797,449faa8e1-193b-373b-550c-0edcde85875c,LIAOZHONG25139-1599%,251390015,ISL,gear,chn-rongcheng,CHN,RONGCHENG,6d4b647afd70776c07b4bf69cd9b98cc,650.9377777777779,43.970885842048396,0.03647411438531432,114.40933715261939
2023-12-24T05:30:58.000Z,2024-01-01T15:13:30.000Z,f7f5a841202220c2bd8e0e85906e9e47,loitering,"[122.970868, 31.16976, 122.962997, 31.175463]",31.1726,122.9669,[],['8486'],"['ACAP', 'WCPFC', 'IWC', 'PICES']",['61'],['61'],[],[],[],[],43,44,14.271346,13.365555,4b6d4eaaf-f534-f16a-947d-885af539b2b8,NET-ZSY01429-116-99%,901429116,,gear,chn-shanghai,CHN,SHANGHAI,db8d38fb18a84f7197867ae176181d55,201.70888888888888,40.948898604475076,0.10961656929102673,43.36383701064505
2023-12-24T05:53:17.000Z,2024-01-12T03:06:28.000Z,ead643df48e045ea99ed12cb9af42f1b,loitering,"[123.433887, 37.296272, 123.429792, 37.301508]",37.2989,123.4318,[],['8486'],"['PICES', 'IWC', 'ACAP', 'WCPFC']",['61'],['61'],[],[],[],[],66,66,64.584113,64.584113,5c23fc89c-c9a8-41f5-01d0-efea28c0c4bf,LURONGYU50881-27-99%,558810027,,gear,,,,,453.21972222222223,26.95988976964449,0.03211946697764896,66.10186223331907
2023-12-24T06:01:59.000Z,2024-01-08T00:35:54.000Z,09856d4e190abba6df6275fe6c55caca,loitering,"[120.02265, 24.907153, 120.018255, 24.89456]",24.9009,120.0205,[],['8486'],"['IWC', 'APFIC', 'WCPFC', 'ACAP']",['61'],['61'],[],[],[],[],50,52,47.88548,49.512242,f820033c4-428d-8ae0-03cd-8849f7a15821,TIELONG68913-40  90%,689130040,,gear,,,,,354.56527777777774,17.431990310119282,0.026546654045527862,50.45876069432434
2023-12-24T06:07:38.000Z,2024-01-01T03:17:40.000Z,5de19d9ba9e5770ccfb6db21e7c7ca03,loitering,"[122.871307, 31.157148, 122.863978, 31.162387]",31.1598,122.8676,[],['8486'],"['PICES', 'WCPFC', 'ACAP', 'IWC']",['61'],['61'],['8486'],[],[],[],37,37,4.885587999999999,3.965004,52491955e-ea86-fc87-378a-df420d64658d,NET-ZSY01453-29-94%,14530029,,gear,,,,,189.16722222222222,46.16226630756623,0.13176505666729188,37.04445874874395
2023-12-24T06:13:27.000Z,2024-01-06T18:10:28.000Z,49090da7951e82cf2405cc5534001ad4,loitering,"[139.026748, -10.6945, 139.864778, -9.9408]",-10.3176,139.4458,[],['8492'],"['SEAFDEC', 'ACAP', 'IWC', 'WCPFC', 'APFIC']",['71'],['71'],[],[],[],[],251,149,286.703375,172.084969,1d66c2010-0851-6da8-82bd-321bb4349a76,994071777         3V,994071777,,gear,,,,,323.9502777777777,345.1508745778965,0.5752937278691621,197.5874898919933
2023-12-24T06:14:11.000Z,2024-01-01T15:11:34.000Z,ccedd50dc3412bae01a53c90dcedf69d,loitering,"[122.884, 31.154667, 122.882293, 31.156215]",31.1554,122.8831,[],['8486'],"['ACAP', 'PICES', 'WCPFC', 'IWC']",['61'],['61'],['8486'],[],[],[],37,38,5.709744,5.816122999999999,7767cfa9c-ca6a-8baa-b1eb-e554c887a2c4,NET-ZSY09210-26-99%,92100026,,gear,chn-shanghai,CHN,SHANGHAI,83dc869e22e4f0c73194a695ac455d23,200.95638888888888,10.530636498926443,0.028295138332020874,37.50761611486116
2023-12-24T06:28:23.000Z,2024-01-01T16:52:36.000Z,61c506d3c127e58da9cc0c88d3a47613,loitering,"[123.6472, 32.348843, 123.645787, 32.34997]",32.3494,123.6465,[],['8486'],"['ACAP', 'WCPFC', 'IWC', 'PICES']",['61'],['61'],[],[],[],[],178,178,149.17328099999997,149.17328099999997,4c4c24724-4334-7a46-bee2-5adec4b955ec,SUQIYU03160-51_8.0V,31600051,,gear,,,,,202.4036111111111,5.00803108773307,0.013360040578795748,178.0
2023-12-24T06:30:43.000Z,2024-01-01T10:43:55.000Z,81e9fd1c189d35db031f2c476aa8be61,loitering,"[123.61675, 32.328025, 123.617098, 32.354825]",32.3414,123.6169,[],['8486'],"['WCPFC', 'IWC', 'PICES', 'ACAP']",['61'],['61'],[],[],[],[],175,175,145.595609,147.12475,06fca427b-b42e-0da4-6c77-afa3f5001600,SUQIYU0318918,41318918,,gear,,,,,196.22,7.612954264458603,0.020949273516928376,174.99323233421154
2023-12-24T06:41:25.000Z,2024-01-01T19:56:49.000Z,f4dff40c96ee02074c5d83e708b64171,loitering,"[122.970442, 31.160588, 122.967307, 31.161388]",31.161,122.9689,[],['8486'],"['ACAP', 'PICES', 'WCPFC', 'IWC']",['61'],['61'],[],[],[],[],43,43,14.31535,14.31535,0613bf4be-ea0a-d4d2-526d-c02ceb4f2bb5,NET-ZSY01429-125-99%,901429125,,gear,,,,,205.2566666666667,49.181673538908214,0.12937937492572787,42.927168309175876
2023-12-24T06:42:25.000Z,2024-01-01T01:43:23.000Z,d2ef0511f92efeb884185fde6f19fc47,loitering,"[122.870473, 31.226473, 122.867467, 31.228392]",31.2274,122.869,[],['8486'],"['IWC', 'ACAP', 'WCPFC', 'PICES']",['61'],['61'],[],[],[],[],45,45,8.193127,8.193127,30fc646ee-e475-2f21-4850-1ac2fc8593e1,NET-ZSY01453-16-99%,14530016,,gear,,,,,187.0161111111111,44.16279689880372,0.12750774520690825,44.84573154457604
2023-12-24T06:50:29.000Z,2024-01-01T10:57:33.000Z,93744dcda0b887559f285c2ee0cab17b,loitering,"[125.843013, 31.309318, 125.844562, 31.349103]",31.3292,125.8438,[],['8327'],"['PICES', 'IWC', 'WCPFC', 'ACAP']",['61'],['61'],[],[],[],[],211,206,214.75835899999998,210.382781,6405c21f0-025f-42a1-1993-7851b1c4be6d,ZHEDAIYU03322-203,33220203,,gear,chn-zoushan,CHN,ZOUSHAN,073c76dc28155d8c9329389f6aff2524,196.11777777777777,7.581638215959655,0.02087397268332293,210.49421628257144
2023-12-24T06:56:09.000Z,2024-01-04T17:41:29.000Z,bf90fc19b1bd15010ec6bdc1a5111bb5,loitering,"[76.793893, -16.793607, 76.785932, -16.874642]",-16.8341,76.7899,[],[],"['IWC', 'SIOFA', 'ACAP', 'IOTC']","['51', '51.7']",['51'],[],['63203'],[],[],1138,1146,1158.518125,1166.6015,1e1812dd4-4e94-4c5b-d577-44a150e9960f,994140003         9V,994140003,,gear,,,,,274.7555555555556,183.20722039876676,0.36004362094335846,1153.0458397043717
2023-12-24T06:58:19.000Z,2024-01-01T04:59:14.000Z,3d76a8ff3bb3deb7bcd5bb98174041ac,loitering,"[-39.93224166666667, -22.130961666666668, -39.92194666666666, -22.139923333333332]",-22.1354,-39.9271,[],['8464'],"['ICCAT', 'IWC', 'ACAP']","['41.2.1', '41', '41.2']",['41'],[],[],[],[],110,112,0.0,1.515693,766966a11-12f5-5120-d7e3-d64c9f0ef2db,PAULO CUNHA,710005127,BRA,seismic_vessel,,,,,190.0152777777778,5.844201460005009,0.016607171675879974,111.99833096483505
2023-12-24T06:58:43.000Z,2024-01-04T18:59:21.000Z,b05ed12bb44e55d84f4529e033ea9804,loitering,"[115.389785, -19.925865, 115.35537333333333, -19.95041833333333]",-19.9381,115.3726,[],['8323'],"['IWC', 'FFA', 'ACAP', 'IOTC', 'CCSBT']","['57', '57.5', '57.5.1']",['57'],[],[],[],[],49,48,1.0453540000000001,3.052251,af31e8485-5838-7540-a58a-5d2a7ae201d6,DP2 SEAMASTER,503556000,AUS,other,,,,,276.0105555555557,75.87439694370661,0.1484323552604432,49.414557118756896
2023-12-24T06:59:15.000Z,2024-01-07T21:59:54.000Z,4ed29b223cf468e96b6826ebd70aa654,loitering,"[31.665115, 31.958043333333332, 31.664473333333333, 31.952841666666668]",31.9554,31.6648,[],['8490'],"['IWC', 'ACAP', 'ICCAT', 'GFCM']","['37.3.2', '37.3', '37']",['37'],[],[],[],[],50,49,30.923727,31.487801,707df39f4-4d64-d181-0ba4-56a3e0ce5186,DIAS,636017280,LBR,cargo,egy-portsaid,EGY,PORT SAID,34767ec661977c21909129755fe95c67,351.0108333333333,16.913873615965382,0.02601845944469169,49.99935625527233
2023-12-24T06:59:17.000Z,2024-05-26T06:59:02.000Z,748a2563a0154f8ef24a101ef86c63b0,loitering,"[53.52516, 24.85396, 53.52464333333333, 24.85321]",24.8536,53.5249,[],['8360'],"['IOTC', 'IWC', 'RECOFI', 'ACAP']","['51', '51.2']",['51'],['8360'],[],[],[],46,45,2.01799,1.008995,2aa8b68ae-e4b0-854b-2058-cced45e100a1,RIG AL HAIL,470851000,ARE,other,,,,,3695.9958333333334,215.56014874302386,0.031491693745431294,45.00017808667208
2023-12-24T06:59:32.000Z,2024-01-04T04:57:33.000Z,42b69a3e3604a4e57a479f5758add13e,loitering,"[-10.74009, -5.641297, -10.39843, -5.564188]",-5.6027,-10.5693,[],[],"['IWC', 'ACAP', 'ICCAT']","['34', '34.4', '34.4.1']",['34'],[],['63203'],[],[],469,506,477.978938,514.698969,1f8eee976-62b5-43b0-6232-7ca968a4bfb8,BUOY-11  100%,168803407,,gear,,,,,261.96694444444444,141.07543518403253,0.2907795912558339,482.38567787545
2023-12-24T07:02:29.000Z,2024-01-01T07:30:30.000Z,acae0c724d134d74249c385a3f346796,loitering,"[122.743103, 31.218303, 122.741173, 31.224873]",31.2216,122.7421,[],['8486'],"['ACAP', 'WCPFC', 'IWC', 'PICES']",['61'],['61'],['8486'],[],[],[],40,40,2.2031370000000003,2.2031370000000003,302880058-8dd3-6bfc-471e-081a890698c2,NET-ZSY05528-16-78%,55280016,,gear,,,,,192.46694444444444,50.10583976344225,0.14056953598565794,40.06465711505028
2023-12-24T07:14:25.000Z,2024-01-01T11:22:05.000Z,f59762ed1b03cf064335863ca5222185,loitering,"[123.646652, 32.340025, 123.646902, 32.340543]",32.3403,123.6468,[],['8486'],"['PICES', 'ACAP', 'WCPFC', 'IWC']",['61'],['61'],[],[],[],[],178,178,148.41728099999997,148.41728099999997,8be29389d-d4ff-9c68-cc18-561816957531,SUQIYU03666---00,79366600,,gear,,,,,196.1277777777778,5.757716150599885,0.01585149254791364,177.8523955718469
2023-12-24T07:15:24.000Z,2024-01-01T11:26:42.000Z,f541b7789e8444f664274c1b112b8426,loitering,"[123.648993, 32.336792, 123.651725, 32.338682]",32.3377,123.6504,[],['8486'],"['ACAP', 'WCPFC', 'IWC', 'PICES']",['61'],['61'],[],[],[],[],178,178,148.41728099999997,148.41728099999997,23914ea5b-b839-f758-5f3e-59d9c51c3500,SUQIYU03305---17,72330517,,gear,,,,,196.18833333333336,22.811826569266472,0.06278355468976646,177.6849815967653
2023-12-24T07:20:56.000Z,2024-01-01T10:32:24.000Z,e5bb85584a4d2e19c3b103d87ad0c16c,loitering,"[125.842728, 31.350025, 125.843283, 31.350295]",31.3502,125.843,[],['8327'],"['IWC', 'ACAP', 'WCPFC', 'PICES']",['61'],['61'],[],[],[],[],206,206,210.382781,210.382781,a7ec1f412-225c-affd-3c00-71cf4b97aefb,ZHEDAIYU03322-202,33220202,,other,,,,,195.19111111111113,3.360982269128124,0.009297478928109245,206.0
2023-12-24T07:22:16.000Z,2024-01-02T03:51:25.000Z,df24f88c124cfda758f451df09e913c8,loitering,"[139.171668, -10.646425, 139.197503, -10.535102]",-10.5908,139.1846,[],['8492'],"['APFIC', 'SEAFDEC', 'ACAP', 'IWC', 'WCPFC']",['71'],['71'],[],[],[],[],252,241,275.289062,262.986031,f745e4e44-4b89-f222-4b02-1b269579e761,AISBBUOY_SAKURI_C99%,123059151,,gear,,,,,212.4858333333333,169.23299571945793,0.43004517512735196,244.5992387747094
2023-12-24T07:23:45.000Z,2024-01-01T11:32:29.000Z,8e487cb8790b4f9f5d3d60f5f723132e,loitering,"[123.61876, 32.332667, 123.622, 32.334587]",32.3336,123.6204,[],['8486'],"['WCPFC', 'ACAP', 'IWC', 'PICES']",['61'],['61'],[],[],[],[],175,175,145.595609,145.595609,9c34c5059-99d8-f1c9-a71a-2d936790b18d,SUQIYU03189-07_8.1V,31897307,,gear,,,,,196.14555555555555,27.66191952547848,0.07614876412632424,174.62602254640538
2023-12-24T07:24:05.000Z,2024-01-02T00:33:31.000Z,d6e74e03e03609fae580d52fca5ab486,loitering,"[122.889187, 31.157718, 122.889052, 31.157582]",31.1577,122.8891,[],['8486'],"['IWC', 'PICES', 'WCPFC', 'ACAP']",['61'],['61'],['8486'],[],[],[],38,38,6.752496,6.752496,e2fe8fcde-efd6-5f89-0697-dfc01345b330,NET09210-55-99%,909210055,,gear,chn-shanghai,CHN,SHANGHAI,584d0896d2659c36e7871cecdc725e00,209.15722222222223,48.79961711542509,0.12598027927294106,38.31096952549739
2023-12-24T07:34:47.000Z,2024-01-01T01:55:16.000Z,33a1ba73a0cdeccae3c482034f76ff89,loitering,"[123.19258, 30.180467, 123.174787, 30.169225]",30.1748,123.1837,[],['8486'],"['IWC', 'PICES', 'WCPFC', 'ACAP']",['61'],['61'],['8486'],[],[],[],38,37,24.057548999999998,22.110412,fc3fba0c3-34fd-6ffb-3975-ae89441ba766,,68280064,,gear,,,,,186.3413888888889,29.13807725350492,0.08443268104022694,37.858012496722196
2023-12-24T07:40:31.000Z,2024-01-01T01:50:54.000Z,a4c6a3b57d411501c47a756a17d9bb58,loitering,"[58.72874, -2.296052, 59.963342, -3.63204]",-2.964,59.346,[],[],"['IOTC', 'ACAP', 'IWC', 'SIOFA']","['51', '51.5']",['51'],[],['63203'],[],[],379,458,393.801094,464.874156,6f438ae2c-c88b-b9e5-e371-a3e4a9ab38fa,994230002         8V,994230002,,gear,,,,,186.17305555555558,285.0076430100004,0.8266062745809487,402.22384787715106
2023-12-24T07:48:36.000Z,2024-01-07T14:56:14.000Z,ccc749a05596ba59c58129e8f1081617,loitering,"[107.77918, -14.125875, 107.811612, -14.130543]",-14.1282,107.7954,[],[],"['SEAFDEC', 'ACAP', 'CCSBT', 'IOTC', 'IWC']","['57.2', '57']",['57'],[],['63203'],[],[],457,458,470.959969,472.554562,f5cbe0c22-2a71-6b36-d9b5-0ad400158998,AIS BUOY-3311  100%,525343311,IDN,gear,,,,,343.1272222222222,33.10885207653907,0.05210122886070049,459.75381186783306
2023-12-24T07:57:00.000Z,2024-01-05T02:59:49.000Z,a3314694f7c5eb985de40288583e0578,loitering,"[104.68473333333333, 1.7261333333333333, 104.68275833333334, 1.7261316666666666]",1.7261,104.6837,[],['8483'],"['WCPFC', 'APFIC', 'SEAFDEC', 'ACAP', 'IWC']",['71'],['71'],[],[],[],[],48,48,21.238943,21.238943,eb6f90cc3-3bd6-a781-9dc5-dc65043f26dc,JADEAR,352001512,PAN,other,mys-telokramunia,MYS,TELOK RAMUNIA,5931a564a1724e636a97529274a5f467,283.04694444444465,38.665441771340234,0.07376044416955035,48.02378865682868
2023-12-24T07:57:11.000Z,2024-01-04T18:01:22.000Z,bf86fd2ec6051d07f7e12f6d66038274,loitering,"[-20.83193, -1.94368, -22.106662, -1.95299]",-1.9483,-21.4693,[],[],"['ACAP', 'ICCAT', 'IWC']","['41.1.4', '41.1', '41']",['41'],[],['63203'],[],[],970,1078,971.8469379999999,1079.02725,f77cdbbf3-3dcb-1bdd-8c82-77a47671f96b,BUOY-08  100%,168804114,,gear,,,,,274.0697222222222,223.53022485166386,0.44038671878092334,1038.8243415508264
2023-12-24T07:58:55.000Z,2024-01-01T19:59:15.000Z,3d0fbeb3b849f796eaba1fe2b967687f,loitering,"[122.958453, 31.156787, 122.967273, 31.161187]",31.159,122.9629,[],['8486'],"['IWC', 'PICES', 'WCPFC', 'ACAP']",['61'],['61'],[],[],[],[],42,43,13.366956,14.31535,eaed680be-e09d-e882-e43d-3cb9d64f43c4,ZHESHENG01429-36-99%,14290036,,gear,,,,,204.0055555555556,41.18672768157098,0.10901200098781723,42.21011405290558
2023-12-24T07:59:50.000Z,2024-01-02T00:57:57.000Z,a479dd50db40df63128016f8110d0d61,loitering,"[56.90565, 25.714716666666668, 56.91981666666667, 25.721333333333334]",25.718,56.9127,[],['8469'],"['ACAP', 'IWC', 'RECOFI', 'IOTC']","['51.3', '51']",['51'],[],[],[],[],40,39,25.442687999999997,26.638488000000002,0f8884ae6-6941-b5a9-41e9-d9ddf420efcb,HANSIKA,352002323,PAN,other,qat-doha,QAT,,44760d70215f9a7dd457b7c241b6c6c1,208.96861111111107,11.581986783457033,0.029926851348677872,39.19990993629163
2023-12-24T08:04:19.000Z,2024-01-01T10:51:23.000Z,f8ddf836e5483b554ae60d6685002c22,loitering,"[122.940522, 31.136868, 122.944405, 31.153987]",31.1454,122.9425,[],['8486'],"['PICES', 'ACAP', 'WCPFC', 'IWC']",['61'],['61'],['8486'],[],[],[],39,40,11.420691000000001,11.419486999999998,83ac13563-38e1-29c3-69e0-66511f79d9b6,ZHESHENG07785-20-99%,77850020,,gear,chn-shanghai,CHN,SHANGHAI,38233c8a9c444d98341fb0dd69e72a5e,194.78444444444443,31.407378783126227,0.08706356352545808,40.412268301049316
2023-12-24T08:08:46.000Z,2024-01-08T04:37:51.000Z,822a684adf41ca1c9bd33cbc8927308f,loitering,"[122.887903, 31.184467, 122.888713, 31.2048]",31.1946,122.8883,[],['8486'],"['WCPFC', 'IWC', 'ACAP', 'PICES']",['61'],['61'],['8486'],[],[],[],40,42,6.751802,7.447746,37df1fe38-8306-aecd-0b79-12cb9e1fa62d,NET-ZSY09210-41-99%,92100041,,gear,,,,,356.48472222222216,45.34910116839235,0.06868893442005951,41.29961716181557
2023-12-24T08:09:05.000Z,2024-01-01T14:08:22.000Z,e3487ef493a479cfa96573e4c4afb13f,loitering,"[122.887153, 31.163483, 122.883435, 31.166153]",31.1648,122.8853,[],['8486'],"['WCPFC', 'PICES', 'ACAP', 'IWC']",['61'],['61'],['8486'],[],[],[],38,39,6.752496,5.708539,6562b0e4a-afad-a9fe-ac5d-1b75ff865bed,NET1-ZSY09210-88%,92100001,,gear,,,,,197.98805555555555,46.103441526534134,0.12573418555540086,38.64147864591627
2023-12-24T08:09:17.000Z,2024-01-23T18:03:23.000Z,eb496701647152a6a20648fd6cdb1911,loitering,"[100.27155666666667, 10.501703333333333, 100.27178166666667, 10.505133333333333]",10.5034,100.2717,[],['8332'],"['IWC', 'APFIC', 'ACAP', 'SEAFDEC', 'WCPFC']",['71'],['71'],[],[],[],[],63,63,108.335109,107.538102,99a5a6cf5-5079-1193-fd30-1719cda894ac,SUKSAN SALAMANDER,308424000,BHS,other,,,,,729.9016666666668,12.777458387738085,0.009452335708232265,63.0
2023-12-24T08:09:23.000Z,2024-01-08T03:43:18.000Z,71a219241c136deb46e0431d89cf0bfb,loitering,"[122.88783, 31.185078, 122.884532, 31.150698]",31.1679,122.8862,[],['8486'],"['WCPFC', 'ACAP', 'IWC', 'PICES']",['61'],['61'],['8486'],[],[],[],41,37,7.020787,5.709744,06623c544-4d00-db2d-347e-0dbfa95457e3,NET5-ZSY09210-74%,92100005,,gear,,,,,355.5652777777778,56.67787001158541,0.08607027578565024,39.57544945461558
2023-12-24T08:09:31.000Z,2024-01-10T08:51:50.000Z,8bccdf70a6b443e5f5fe5e57fe20bdb1,loitering,"[123.189987, 32.311013, 123.190427, 32.311023]",32.311,123.1902,[],['8486'],"['ACAP', 'IWC', 'WCPFC', 'PICES']",['61'],['61'],[],[],[],[],136,136,117.55982,117.55982,b5a853ed1-1ac9-0967-9fa5-408e66919f04,SUQIYU04422*57_8.0V,44228057,,gear,,,,,408.7052777777778,20.97936465571637,0.027716673343748346,136.0
2023-12-24T08:13:48.000Z,2024-01-10T10:10:39.000Z,f9788576a1fa1cd2afe951797c03f796,loitering,"[122.600073, 31.479112, 122.5997, 31.47892]",31.479,122.5999,[],['8486'],"['WCPFC', 'IWC', 'PICES', 'ACAP']",['61'],['61'],[],[],[],[],67,67,10.835062,10.835062,530f39422-2d08-c01c-58a6-8a0fe5447dda,ZLY21979-1138%,921979011,,other,,,,,409.9475,17.434704177304745,0.022963884733468606,67.0
2023-12-24T08:15:49.000Z,2024-01-01T14:40:06.000Z,32311284c3b231a6d42daee3e35b1624,loitering,"[122.941887, 31.128867, 122.936095, 31.134432]",31.1316,122.939,[],['8486'],"['PICES', 'ACAP', 'IWC', 'WCPFC']",['61'],['61'],['8486'],[],[],[],38,38,11.421896,11.421896,65cdb6d4f-fb77-521c-1c13-13c48c865f99,NET-ZSY07785-64-99%,907785064,,gear,chn-shanghai,CHN,SHANGHAI,68f90bbe19579cac92fb74da6943d6ac,198.40472222222223,34.484926904139876,0.09385044211653386,38.40374489379077
2023-12-24T08:16:18.000Z,2024-01-01T07:44:40.000Z,1f6fb1e8f361aef541dd1f0d0f269bc4,loitering,"[122.913013, 31.156927, 122.91472, 31.162335]",31.1596,122.9139,[],['8486'],"['WCPFC', 'PICES', 'ACAP', 'IWC']",['61'],['61'],['8486'],[],[],[],39,39,8.635152,8.635152,081c0a871-1dda-7357-203d-ef93c92972d9,NET179-ZSY0146999%,14690179,,gear,chn-shanghai,CHN,SHANGHAI,5f798317d87d13035fa20d921d90dc6f,191.4727777777778,22.96609142008431,0.06476480602089986,39.252298623525874
2023-12-24T08:19:44.000Z,2024-01-26T23:42:05.000Z,8d9ca4b72e8afaa87918a6f729ac0ddb,loitering,"[122.887423, 31.167863, 122.887722, 31.214458]",31.1912,122.8876,[],['8486'],"['WCPFC', 'PICES', 'ACAP', 'IWC']",['61'],['61'],['8486'],[],[],[],39,43,6.659962,8.00745,3b4786865-5e3e-4edd-705e-dccc8df279ce,NET-ZSY09210-45-99%,92100045,,gear,chn-ningbo,CHN,NINGBO,8f082cc89b6963d0aab344cc17cf11b8,807.3725000000001,117.09557775558034,0.07831150288584796,37.237747814851986
2023-12-24T08:21:43.000Z,2024-01-01T09:15:21.000Z,12f41768fa6ff492536a489121d70add,loitering,"[122.912468, 31.141362, 122.928073, 31.162858]",31.1521,122.9203,[],['8486'],"['WCPFC', 'ACAP', 'IWC', 'PICES']",['61'],['61'],['8486'],[],[],[],37,40,8.565520000000001,10.525108,c9677430f-ff34-3aab-4f90-5cd928b48aaf,NET167-ZSY0146999%,14690167,,gear,chn-shanghai,CHN,SHANGHAI,47fb45ffc89b2a22bf7c6b1d08889bf6,192.89388888888885,41.911883702135036,0.11732153299915375,37.96858622786495
2023-12-24T08:21:47.000Z,2024-01-01T08:57:40.000Z,2e256b9c9dd234e80cf793a16ed43984,loitering,"[122.887562, 31.19004, 122.891253, 31.200495]",31.1953,122.8894,[],['8486'],"['ACAP', 'PICES', 'IWC', 'WCPFC']",['61'],['61'],['8486'],[],[],[],41,42,7.020787,7.447746,f279abb43-3a2c-f9ac-e922-287e496a6f2d,NET-ZSY09210-23-99%,92100023,,other,,,,,192.59805555555553,46.981868301009314,0.13171565701956547,41.08978968510317
2023-12-24T08:22:27.000Z,2024-01-10T08:54:08.000Z,c381d32d02aa5567b11e9f545f1721df,loitering,"[123.6024, 37.538575, 123.537482, 37.511252999999996]",37.5249,123.5699,[],['8486'],"['PICES', 'IWC', 'WCPFC', 'ACAP']",['61'],['61'],[],[],[],[],81,76,81.660633,75.77763300000001,c2a086a51-15d3-597d-6bd3-d1a5054444b4,75226-61-99%,752260061,,gear,,,,,408.5280555555555,36.050837340933576,0.047648856982517744,79.26482942495907
2023-12-24T08:22:53.000Z,2024-01-01T12:28:48.000Z,aac3d20eb9aaa278db1bcf5d72d72e70,loitering,"[123.296863, 32.278515, 123.298493, 32.278698]",32.2786,123.2977,[],['8486'],"['PICES', 'WCPFC', 'ACAP', 'IWC']",['61'],['61'],[],[],[],[],144,144,121.00401600000001,121.00401600000001,4dc7c9c7d-da61-9085-2d61-6645f5ca7765,SUQIYU03269AI32  7V8,412269032,CHN,gear,,,,,196.09861111111113,7.7958898617978205,0.021465954021898336,143.98124932764526
2023-12-24T08:29:02.000Z,2024-01-01T11:47:35.000Z,8aceec237799c1e81f11a8821a84ef49,loitering,"[122.922068, 31.159952, 122.92737, 31.193533]",31.1767,122.9247,[],['8486'],"['PICES', 'ACAP', 'WCPFC', 'IWC']",['61'],['61'],[],[],[],[],40,43,9.579488,10.698248,8e4a4ba0c-cf32-684d-3eb6-3de9929c1113,NET173-ZSY0146995%,14690173,,gear,,,,,195.30916666666664,40.365950068152344,0.11159675574496616,40.42039285188392
2023-12-24T08:29:46.000Z,2024-01-01T10:21:20.000Z,26e633c5cd057c408d11469360a54f06,loitering,"[122.91889, 31.16785, 122.9293, 31.171882]",31.1699,122.9241,[],['8486'],"['IWC', 'WCPFC', 'PICES', 'ACAP']",['61'],['61'],['8486'],[],[],[],41,41,9.51423,10.465654,8c4b920d1-1e4a-47b0-5fe2-dba1b984df04,NET170-ZSY0146999%,14690170,,gear,chn-shanghai,CHN,SHANGHAI,f8e68809c601cc0f47ec70433c75136b,193.85944444444442,39.1529224622576,0.10905265368553603,41.38928103497137
2023-12-24T08:35:54.000Z,2024-01-01T09:29:50.000Z,3937f266911b3f6069e54113e4e37c43,loitering,"[122.911295, 31.156122, 122.927775, 31.162557]",31.1593,122.9195,[],['8486'],"['WCPFC', 'ACAP', 'IWC', 'PICES']",['61'],['61'],['8486'],[],[],[],39,40,8.635152,10.525108,752e6b885-5f25-268c-3e23-0aabcd729b68,NET175-ZSY0146999%,14690175,,gear,chn-shanghai,CHN,SHANGHAI,d0c4b153b34d6938947a7a0aa85341d6,192.89888888888885,40.144396829193546,0.11237099556874637,39.45049098178252
2023-12-24T08:36:11.000Z,2024-01-10T09:10:35.000Z,d018a37978a2c4802d30b176bdb76d66,loitering,"[123.296907, 32.230978, 123.295947, 32.316522]",32.2738,123.2964,[],['8486'],"['IWC', 'ACAP', 'WCPFC', 'PICES']",['61'],['61'],[],[],[],[],142,146,116.726328,124.49910899999999,0df701697-77c2-1fde-d8d1-3f1330e54c67,SUQIYU03269-08-76%,32690008,,gear,,,,,408.5733333333333,31.597817334368717,0.04175861479957147,142.65130333467258
2023-12-24T08:38:12.000Z,2024-01-10T08:57:31.000Z,5a8563880c008eb5de815e4270302a63,loitering,"[123.29516, 32.247393, 123.297427, 32.30231]",32.2749,123.2963,[],['8486'],"['WCPFC', 'PICES', 'IWC', 'ACAP']",['61'],['61'],[],[],[],[],143,145,118.424625,122.743852,c9befc71e-e41a-de9e-a7d5-975d87503443,SUQIYU03269-105_7.8V,3269105,,gear,,,,,408.32194444444457,26.45353216533832,0.034981623844742106,143.0060943609871
2023-12-24T08:45:51.000Z,2024-01-01T10:06:34.000Z,7ed29d763ca32bbda769da15db7175ec,loitering,"[123.138733, 33.116237, 123.13976, 33.1174]",33.1168,123.1392,[],['8486'],"['ACAP', 'WCPFC', 'PICES', 'IWC']",['61'],['61'],[],[],[],[],180,180,157.288828,157.288828,45e78f9fc-cb16-fc7e-4043-34ff188e0cf8,SUHAI ANYU167-05_7.9,10016705,,gear,,,,,193.3452777777778,3.5249864981597874,0.009844256160000741,179.99999999999997
2023-12-24T08:45:56.000Z,2024-01-01T04:21:20.000Z,49653be2ded5d2cae23bd96e719a317f,loitering,"[123.110227, 33.078437, 123.109093, 33.152427]",33.1154,123.1097,[],['8486'],"['WCPFC', 'IWC', 'PICES', 'ACAP']",['61'],['61'],[],[],[],[],174,180,153.1845,155.84735899999998,e7c5945b9-9dea-ff78-d9d8-c93e2e31ec79,SUQIYU03368-001_8.0V,213336801,GEO,gear,,,,,187.59,11.815136211001281,0.034008546195885815,175.49249096513535
2023-12-24T08:46:18.000Z,2024-01-01T13:19:14.000Z,0e200274caebbf15e31daddcf7632e36,loitering,"[122.942165, 31.126135, 122.941365, 31.146535]",31.1363,122.9418,[],['8486'],"['WCPFC', 'PICES', 'IWC', 'ACAP']",['61'],['61'],['8486'],[],[],[],38,40,11.421896,11.419486999999998,ee21bdfc0-0bb5-3ced-bb52-a99dc78229cb,NET-ZSY07785-69-99%,907785069,,gear,chn-shanghai,CHN,SHANGHAI,ce9fea145e304f5b6a78b23b63cd97ac,196.5488888888889,30.391542171643934,0.08349128838050814,39.95647990201956
2023-12-24T08:47:28.000Z,2024-01-02T02:49:17.000Z,2a773a778da762f6bdfbc70cedc001fb,loitering,"[123.13844, 33.107283, 123.1376, 33.1074]",33.1073,123.138,[],['8486'],"['ACAP', 'IWC', 'PICES', 'WCPFC']",['61'],['61'],[],[],[],[],179,179,156.915,156.915,07543ff64-492a-023b-f73f-3df1f9fc7fc2,01123-15_8.2V,11230015,,gear,,,,,210.03027777777777,3.943063852829936,0.010137034413907389,179.0
2023-12-24T08:48:55.000Z,2024-01-05T03:49:46.000Z,3cc7b56bfcbc26d3f1fa3d00d5bbc6ef,loitering,"[123.18897, 30.17566, 123.171455, 30.194183]",30.1849,123.1802,[],['8486'],"['PICES', 'ACAP', 'WCPFC', 'IWC']",['61'],['61'],['8486'],[],[],[],38,36,24.057548999999998,22.21974,1623692a6-6abc-b493-e594-237abf9a2f1a,06828-104-99%,906828104,,gear,chn-qushan,CHN,QUSHAN,d79e9903e48e1e744619b6c5f0ed2857,283.0141666666667,44.699712962862286,0.08528164653765442,37.69862016667512
2023-12-24T08:52:58.000Z,2024-01-01T10:07:26.000Z,8946596613f82451ed955b95d2c01da4,loitering,"[123.138445, 33.111492, 123.144457, 33.119808]",33.1157,123.1415,[],['8486'],"['ACAP', 'PICES', 'WCPFC', 'IWC']",['61'],['61'],[],[],[],[],179,180,156.915,157.288828,8a69b5878-80cf-86a7-cb4c-9ec1e21a582a,SUHAI ANYU167-24  *9,16021393,,gear,,,,,193.24111111111108,22.437721023695943,0.06269576929631682,179.13659446313213
2023-12-24T08:53:53.000Z,2024-01-01T03:50:11.000Z,f666b2559c97a27117b11bc718e14c19,loitering,"[123.139313, 33.097303, 123.138257, 33.097872]",33.0976,123.1388,[],['8486'],"['ACAP', 'PICES', 'IWC', 'WCPFC']",['61'],['61'],[],[],[],[],178,178,156.54814100000002,156.54814100000002,c88c9d52f-f60c-ad6b-0902-a1884e475aad,SUHAI ANYU167-22  *9,16021446,,gear,,,,,186.93833333333333,3.2949398445660365,0.009517176891046648,178.0
2023-12-24T08:55:46.000Z,2024-01-01T02:45:34.000Z,876c57c8cf5f31ab66fea6ac3a28c5ae,loitering,"[123.380093, 32.52242, 123.3538, 32.534307]",32.5284,123.3669,[],['8486'],"['WCPFC', 'PICES', 'ACAP', 'IWC']",['61'],['61'],[],[],[],[],161,159,146.89945300000002,145.101188,48ca3d97a-a90c-00ae-35c4-178ae74751d6,BAOHUA696,412352794,CHN,other,chn-lusi,CHN,LUSI,c527c506adc3c837f4879e90e22f60e1,185.83000000000004,107.04549806883998,0.31103667309679084,161.02169418019704
2023-12-24T08:57:28.000Z,2024-01-01T08:52:33.000Z,d8eadb3e704f5f825196563f04ef3f31,loitering,"[123.14001, 33.09525, 123.158507, 33.125513]",33.1104,123.1493,[],['8486'],"['PICES', 'IWC', 'WCPFC', 'ACAP']",['61'],['61'],[],[],[],[],178,182,156.54814100000002,159.418625,7923dc8df-f18c-f494-0aa4-bfb1395e557e,SUQIYU03189-01-82%,96318901,,gear,,,,,191.91805555555553,27.37396892296747,0.0770159989103431,177.76698959891237
2023-12-24T08:59:13.000Z,2024-01-02T17:12:55.000Z,db485c137d5e55be6ddaed6db463f9cb,loitering,"[15.561968333333333, 37.646881666666665, 16.507291666666667, 36.93561]",37.2912,16.0346,[],['5682'],"['ACAP', 'GFCM', 'IWC', 'ICCAT']","['37', '37.2.2', '37.2']",['37'],[],[],[],[],31,105,31.730129,109.035703,f5e0d9b1d-d3ac-dc2f-ddcb-021913c20f4f,BORKUM,305860000,ATG,cargo,ita-crotone,ITA,CROTONE,1a6a172feba1a17605cba1dcb1dfee0a,224.2283333333334,236.32102095663743,0.569076802954454,56.42780110721252
2023-12-24T08:59:51.000Z,2024-01-09T11:53:35.000Z,18259871a5d32409633339c9c499d8d0,loitering,"[49.651255, 28.513655, 49.671191666666665, 28.51354]",28.5136,49.6612,[],['8356'],"['IWC', 'ACAP', 'IOTC', 'RECOFI']","['51', '51.2']",['51'],[],[],[],[],89,88,0.0,0.0,a09fd5eb1-1b05-a5b2-4edd-9e479c17b270,ZAMIL-L.B.5,352002423,PAN,other,,,,,386.89555555555575,10.08618376611083,0.014076417956251731,88.25440610873818
2023-12-24T09:01:16.000Z,2024-01-14T13:23:30.000Z,0bd50cdd74a62b7d3913994df1e2dfe6,loitering,"[122.888287, 31.201628, 122.886218, 31.142507]",31.1721,122.8873,[],['8486'],"['PICES', 'IWC', 'WCPFC', 'ACAP']",['61'],['61'],['8486'],[],[],[],42,36,7.447746,6.66207,b45e67f5f-fae8-e34e-3ef5-aee337cc81e6,ZHESHENG07785-15-90%,77850015,,gear,,,,,508.37055555555554,79.53667428863982,0.08447847330469505,38.76773745088442
2023-12-24T09:11:45.000Z,2024-01-10T11:51:21.000Z,60c82c162d2e8a8c3874a0ad87ccdc46,loitering,"[122.751167, 31.380588, 122.750538, 31.381597]",31.3811,122.7509,[],['8486'],"['PICES', 'ACAP', 'WCPFC', 'IWC']",['61'],['61'],[],[],[],[],57,57,14.509656000000001,14.509656000000001,1372f1f7d-d038-8cea-c15c-508ef80e2db8,01558--04--51%,960155804,,gear,,,,,410.65999999999997,18.473024680464132,0.024289279103448354,57.00000000000001
2023-12-24T09:11:47.000Z,2024-01-05T04:11:18.000Z,6ef575d5493f62e4b5580c5d26c07f79,loitering,"[123.188725, 30.170632, 123.171317, 30.192513]",30.1816,123.18,[],['8486'],"['ACAP', 'WCPFC', 'IWC', 'PICES']",['61'],['61'],['8486'],[],[],[],38,36,24.033057,22.21974,ebada6644-43ee-b9b3-84c6-8d3d9b01fa5c,06828-101-99%,906828101,,gear,chn-shanghai,CHN,SHANGHAI,03c1169502d5d9bbb1015db9ade72cf2,282.9919444444444,33.438428692668424,0.0638014877240434,37.64229556361451
2023-12-24T09:11:50.000Z,2024-01-04T03:32:14.000Z,9d201d19e244ea6237748b7ac80476af,loitering,"[123.21744, 36.814407, 123.19377, 36.810913]",36.8127,123.2056,[],['8486'],"['ACAP', 'WCPFC', 'PICES', 'IWC']",['61'],['61'],[],[],[],[],63,60,61.506046999999995,58.839926,9b3e43d67-7eb2-d283-b8f9-54774798fb92,LIAOWAYU55071-75-99%,550710075,,gear,,,,,258.34000000000003,9.80552453169244,0.020494540846711037,61.151397123303965
2023-12-24T09:15:11.000Z,2024-01-05T20:58:59.000Z,34cff0bb1ba2f735b7781aa160f5def3,loitering,"[122.600085, 31.334093, 122.598667, 31.335978]",31.335,122.5994,[],['8486'],"['ACAP', 'IWC', 'WCPFC', 'PICES']",['61'],['61'],['8486'],[],[],[],52,53,2.4182759999999996,3.4684459999999997,4af6e9010-01c0-33ae-f47f-a66231e3197a,ZLY21979-868%,921979008,,gear,,,,,299.72999999999996,19.496645794050654,0.03512276562594358,52.5699364382415
2023-12-24T09:15:23.000Z,2024-01-06T00:48:39.000Z,0e5bf6fa96b61a653957aa8788a3488c,loitering,"[123.301535, 37.448943, 123.303135, 37.441953]",37.4454,123.3023,[],['8486'],"['WCPFC', 'ACAP', 'IWC', 'PICES']",['61'],['61'],[],[],[],[],54,54,53.735176,53.565828,f10b00d2a-a37d-9b16-9dde-f3135c6c9dcd,LURONGYU51998-12899%,519980128,,gear,,,,,303.5544444444444,18.393472070195333,0.0327179541108398,54.00000000000001
2023-12-24T09:21:15.000Z,2024-01-01T04:28:10.000Z,1a848dc63e6b6efc3c678be0885c35d5,loitering,"[78.216308, -10.916052, 77.777662, -10.745318]",-10.8307,77.997,[],[],"['IWC', 'IOTC', 'SIOFA', 'ACAP']","['51', '51.7']",['51'],[],['63203'],[],[],742,691,754.776375,704.049125,d0984245b-b657-5013-d044-cc4fdf35ef3d,BUOY-03  84%,168804174,,gear,,,,,187.11527777777778,212.47581398684093,0.6131394651175451,713.9983427631807
2023-12-24T09:33:08.000Z,2024-01-06T15:10:10.000Z,0a725e0af7770095d9be6d3ccffee1c2,loitering,"[-20.511553, -2.337232, -22.052638, -2.421542]",-2.3794,-21.2821,[],[],"['ICCAT', 'ACAP', 'IWC']","['41.1.4', '41', '41.1']",['41'],[],['63203'],[],[],914,1041,915.50025,1042.147438,2867b6d7f-fcd0-bc8e-07c4-1dc5a91f04ba,BUOY-05  100%,168804131,,gear,,,,,317.6172222222222,299.4076028172878,0.5090000190054319,999.0580382786907
2023-12-24T09:44:44.000Z,2024-01-18T13:02:25.000Z,6f85238ece3cc1b1f83a0486cdf1c480,loitering,"[122.887695, 31.20922, 122.89174, 31.134902]",31.1721,122.8897,[],['8486'],"['ACAP', 'IWC', 'WCPFC', 'PICES']",['61'],['61'],['8486'],[],[],[],43,35,8.00745,6.662772,16e25ab26-6ff1-97c4-7390-5d92e1f66fb4,,92100086,,gear,,,,,603.2947222222222,112.08213610198128,0.10031500310692747,38.87929008969476
2023-12-24T09:45:55.000Z,2024-01-07T22:35:01.000Z,39b5f2bba008310094209d8e8c96f11c,loitering,"[123.359317, 36.961343, 123.348767, 36.95626]",36.9588,123.354,[],['8486'],"['ACAP', 'WCPFC', 'PICES', 'IWC']",['61'],['61'],[],[],[],[],71,70,68.48680499999999,67.73079700000001,f9f28d423-3e12-bf1d-ba3a-c83b3bd69040,LIAOWAYU55071-58-97%,550710058,,gear,,,,,348.8183333333333,22.023025358217797,0.034090760830176994,70.063499861313
2023-12-24T09:51:02.000Z,2024-01-01T03:50:59.000Z,f7433bd7531b1fefb5cd1920112149ba,loitering,"[-34.578663, -17.270432, -34.559182, -17.585182]",-17.4278,-34.5689,[],[],"['IWC', 'ICCAT', 'ACAP']","['41.1', '41', '41.1.4']",['41'],[],['63203'],[],[],443,440,550.265625,565.245625,2eeb22d12-2f91-7d95-5111-3e5d00daf0ee,H-0002JJ          9V,995001202,,gear,,,,,185.99916666666667,152.1290000017975,0.441631486989922,441.9657414363285
2023-12-24T09:55:21.000Z,2024-01-07T02:53:13.000Z,c7ddd068ccdf8bc13ab84829c63fa449,loitering,"[123.37441, 37.734058, 123.38144, 37.743058]",37.7386,123.3779,[],['8486'],"['WCPFC', 'PICES', 'ACAP', 'IWC']",['61'],['61'],[],[],[],[],69,71,71.35211699999999,72.703625,80874bd60-044f-ceb0-9898-853ba37715e0,51097-13-79%,510970013,FSM,gear,,,,,328.96444444444444,28.832178258263163,0.04732466098361744,70.74563629405235
2023-12-24T09:55:38.000Z,2024-01-02T16:59:35.000Z,f6fe0cc17e9c406157096fa4dcf8d961,loitering,"[-20.644115, -2.3368700000000002, -21.88313, -2.20504]",-2.271,-21.2636,[],[],"['IWC', 'ICCAT', 'ACAP']","['41.1.4', '41', '41.1']",['41'],[],['63203'],[],[],924,1040,926.14975,1041.092438,f83e9ed8a-a94d-f039-5805-90af290e90d5,BUOY-07  100%,168804133,,gear,,,,,223.06583333333333,190.46011943607877,0.4610308792688276,996.659751548417
2023-12-24T09:58:37.000Z,2024-01-12T12:35:25.000Z,d5c37a80baeb472cd631277d521eaabd,loitering,"[122.601258, 31.480228, 122.603837, 31.336213]",31.4082,122.6025,[],['8486'],"['PICES', 'WCPFC', 'IWC', 'ACAP']",['61'],['61'],['8486'],[],[],[],67,53,10.835062,3.4684459999999997,c7ed0ec91-1333-8100-0a55-a03379a1ef07,ZHELINYU21893-19-,242189319,MAR,other,,,,,458.6133333333334,29.361925720868992,0.03456980075200199,66.83615090394217
2023-12-24T09:59:26.000Z,2024-01-01T12:59:56.000Z,021ac0fbaf9a50dd3899ea6bc3f13645,loitering,"[13.524875, -29.647025, 13.53964, -29.6399]",-29.6435,13.5323,[],['8395'],"['ICCAT', 'ACAP', 'IWC', 'CCSBT']","['47', '47.1.5', '47.1']",['47'],[],[],[],[],282,280,310.098656,307.903406,fbc1ae746-6d5d-011a-e2ab-dbfd80ddeddb,BOURBON CLEAR,311000264,BHS,other,nam-walvisbay,NAM,WALVIS BAY,8b0ceab278012d5e3966c6b7db3b0375,195.00833333333352,45.57023426197702,0.1261790078620174,281.1753667825256
2023-12-24T10:01:21.000Z,2024-01-03T18:39:51.000Z,a4a70fb9fbb8b61fa2a7446c263f36b0,loitering,"[123.30176, 37.018813, 123.265353, 36.9969]",37.0079,123.2836,[],['8486'],"['WCPFC', 'IWC', 'ACAP', 'PICES']",['61'],['61'],[],[],[],[],64,62,60.527867,59.347461,e1afe5cee-e260-6962-8dbf-fa588511f229,LURONGYU51998-15699%,519980156,,gear,,,,,248.64166666666665,15.226994462606815,0.033067342921609455,62.2621501893824
2023-12-24T10:06:26.000Z,2024-01-09T08:46:03.000Z,50d7e505489b93f7880e22f929273abf,loitering,"[122.842068, 31.16829, 122.84352, 31.194015]",31.1812,122.8428,[],['8486'],"['WCPFC', 'IWC', 'ACAP', 'PICES']",['61'],['61'],['8486'],[],[],[],37,39,1.902846,2.926736,b24dc56a3-3781-698d-7eb8-2dd969dbcfd8,ZHELINYU21217-47-99%,212170047,CYP,gear,,,,,382.6602777777777,38.61273948495571,0.054484911540970155,39.295806945009204
2023-12-24T10:26:40.000Z,2024-01-04T00:52:32.000Z,0f9e9886aba81f31604903206ac52711,loitering,"[123.41422, 36.92096, 123.426547, 36.916290000000004]",36.9186,123.4204,[],['8486'],"['IWC', 'PICES', 'WCPFC', 'ACAP']",['61'],['61'],[],[],[],[],76,78,74.61451600000001,76.117328,00452a0cc-c9c3-fc33-a9f4-074ab1da1da9,,66788901,,gear,,,,,254.43111111111108,7.520889070531432,0.015960922404240904,76.00114521821065
2023-12-24T10:28:26.000Z,2024-01-01T17:29:31.000Z,8b3d620b4137d76046d07bf07f37cd79,loitering,"[125.502313, 32.16155, 125.504927, 32.164027]",32.1628,125.5036,[],['8327'],"['PICES', 'WCPFC', 'ACAP', 'IWC']",['61'],['61'],[],[],[],[],133,133,136.227906,136.227906,68710193b-bfcb-ea5b-694e-2a33ee368bc3,,62592798,,gear,,,,,199.01805555555558,3.190758126585003,0.008656860573890363,133.0
2023-12-24T10:29:18.000Z,2024-02-02T11:18:08.000Z,e06f2b689707ce1799e38282a802827e,loitering,"[49.619643, 28.557235, 49.620708, 28.555062]",28.5561,49.6202,[],['8356'],"['RECOFI', 'IWC', 'IOTC', 'ACAP']","['51', '51.2']",['51'],[],[],[],[],94,94,3.678567,3.678567,5cb7779d0-0ec0-d0b8-042c-680d78cca35d,ARABDRILL 60,403714110,SAU,other,sau-abusafahfield,SAU,,994a2bf3c8d90185f5ad55a04cea85dd,960.8138888888889,0.40784933991754047,0.00022920258378869972,94.00000000000001
2023-12-24T10:35:54.000Z,2024-01-02T20:49:10.000Z,d54f5e38c4e22899f6058f148a96c1b5,loitering,"[120.693985, 35.139625, 120.70101833333334, 35.136735]",35.1382,120.6975,[],['8486'],"['ACAP', 'PICES', 'WCPFC', 'IWC']",['61'],['61'],[],[],[],[],83,83,57.693602,58.597223,e65ff15e5-5fe7-8474-8b19-f32bdcd4e865,WESTERN LONDON,548899000,PHL,cargo,vnm-sonduong,VNM,,ef7a82eacfc69ba9fb3cbd1dcf2feb19,226.22111111111113,22.29819958328602,0.053222550763156885,83.0
2023-12-24T10:39:52.000Z,2024-01-24T19:29:13.000Z,664dee2479b392eab0da9df061918f10,loitering,"[-18.893398, -5.767973, -18.833422, -5.314175]",-5.5411,-18.8634,[],[],"['ACAP', 'ICCAT', 'IWC']","['34', '34.4.1', '34.4']",['34'],[],['63203'],[],[],548,566,547.8486879999999,566.405312,f28bd24a7-734b-67fd-53f7-fcf6a6c58f6d,994060025         9V,994060025,,gear,,,,,752.8224999999999,338.21192869018853,0.24258019905907346,568.8633417080171
2023-12-24T10:41:54.000Z,2024-01-01T01:50:23.000Z,448fd29bc1c46559bcc15764c9c0c0db,loitering,"[123.218347, 30.152575, 123.216895, 30.150002]",30.1513,123.2176,[],['8486'],"['ACAP', 'PICES', 'IWC', 'WCPFC']",['61'],['61'],[],[],[],[],42,42,27.011457,27.011457,34f716497-7178-b706-fb50-9f9b3db3108e,04836-81-99%,902193681,,gear,,,,,183.14138888888888,17.481197451230884,0.05153991434493067,42.0
2023-12-24T10:44:50.000Z,2024-01-01T10:56:33.000Z,75de6004798e1386e84c4ddb900940c9,loitering,"[-11.560057, -5.64113, -11.360563, -5.720902]",-5.681,-11.4603,[],[],"['ICCAT', 'IWC', 'ACAP']","['34', '34.4.1', '34.4']",['34'],[],['63203'],[],[],396,408,404.09171899999996,416.203562,6e68f1fac-c7d8-d50f-d0ca-ffe59a6656db,FKS BOUY-02  100%,168803854,,gear,,,,,192.1952777777778,107.39857362023778,0.3017274470954397,409.59384850926574
2023-12-24T10:52:28.000Z,2024-01-06T10:38:53.000Z,a87e2759de7b209d31b271e638568022,loitering,"[-20.716862, -2.339973, -22.348243, -2.428723]",-2.3843,-21.5326,[],[],"['ACAP', 'IWC', 'ICCAT']","['41.1.4', '41', '41.1']",['41'],[],['63203'],[],[],931,1068,932.753125,1068.60075,8f2840a3f-f5cc-c932-cad1-503c1fa790f2,BUOY-29  100%,168806296,,gear,,,,,311.773611111111,261.69155329590757,0.45322031619495723,1025.681332086314
2023-12-24T10:52:59.000Z,2024-01-01T05:50:14.000Z,4e5e8c7d5526f1c4da53d7b287a7467f,loitering,"[-9.30539, -9.284185, -9.300753, -9.728573]",-9.5064,-9.3031,[],[],"['ACAP', 'ICCAT', 'IWC']","['47.A', '47', '47.A.0']",['47'],[],['63203'],[],[],569,584,580.7350620000001,596.4334379999999,5022c6dba-af39-d0ba-257d-4c0bad9c7768,HH21A1316        99%,111101316,,gear,,,,,186.95416666666677,91.67148284844194,0.2647635071709601,579.4476241953737
2023-12-24T10:53:32.000Z,2024-01-04T08:44:31.000Z,61074f690711fc7cdbc674a30cce635a,loitering,"[122.635622, 31.475183, 122.636143, 31.475283]",31.4752,122.6359,[],['8486'],"['IWC', 'ACAP', 'PICES', 'WCPFC']",['61'],['61'],[],[],[],[],68,68,14.02086,14.02086,cb374b351-16fb-b529-bbd8-7a8101a3b6f0,LIN21398--14-41%,242139814,MAR,gear,,,,,261.8497222222222,7.807132934541377,0.016098984210154373,67.40158611480977
2023-12-24T10:59:11.000Z,2024-01-09T04:54:38.000Z,1cff7e0d916516e1cd00174b3bca08a9,loitering,"[49.398986666666666, 28.311235, 49.39492333333333, 28.307496666666665]",28.3094,49.397,[],['8356'],"['IOTC', 'ACAP', 'IWC', 'RECOFI']","['51', '51.2']",['51'],[],[],[],[],69,68,3.684088,4.503578999999999,af9497d84-4275-9b96-bea5-05a51a3edd1f,OML INTERVENTION 1,355345000,PAN,other,,,,,377.9241666666668,2.379442720388881,0.003399613993037855,68.9994409773962
2023-12-24T11:05:30.000Z,2024-01-01T18:02:20.000Z,70453f8c5ec24b4ecdba99a43aa9b71a,loitering,"[125.277907, 32.306603, 125.243933, 32.318498]",32.3126,125.2609,[],['8327'],"['WCPFC', 'ACAP', 'PICES', 'IWC']",['61'],['61'],[],[],[],[],133,135,135.062141,136.791594,04b162092-2e74-451b-3569-ce26338ad753,LURONGYU56581,412320557,CHN,other,chn-diashan,CHN,DIASHAN,84f7c73046abf57312e6317faa5a49dd,198.94722222222225,61.13663163610437,0.16592913348349156,134.64026181189686
2023-12-24T11:09:07.000Z,2024-01-03T00:47:19.000Z,15edb30ef8b6a756fb35db6b4916e87c,loitering,"[69.998507, -10.43478, 69.786973, -10.48194]",-10.4584,69.8927,[],[],"['IWC', 'ACAP', 'IOTC', 'SIOFA']","['51', '51.7']",['51'],[],['63203'],[],[],424,443,436.85143800000003,455.39693800000003,539a5ab9c-ce69-1534-dbda-8932ead6ef2b,IMULA 0157PTM NET 2,964170091,,gear,,,,,229.63666666666668,149.49906075223484,0.35152502488021536,415.89485135973496
2023-12-24T11:12:34.000Z,2024-01-09T11:55:30.000Z,401a296a07ac4e0484a764685b0ab7c5,loitering,"[123.43889, 37.312407, 123.475637, 37.28521]",37.2988,123.4573,[],['8486'],"['WCPFC', 'IWC', 'PICES', 'ACAP']",['61'],['61'],[],[],[],[],67,71,65.492539,69.002016,94442f0a8-8ceb-932a-d81f-5bf2dbbad21b,LURONGYU50881-58-50%,508810058,BRN,gear,,,,,384.7155555555556,21.317862560490692,0.029920092282332392,66.88504362545847
2023-12-24T11:13:02.000Z,2024-01-06T07:21:25.000Z,7559ea958e48db0c5572665b975c0f23,loitering,"[-20.849465, -2.34062, -22.386357, -2.419597]",-2.3801,-21.6179,[],[],"['ACAP', 'ICCAT', 'IWC']","['41', '41.1', '41.1.4']",['41'],[],['63203'],[],[],942,1072,943.5624379999999,1072.878125,93a526130-064b-a352-ec0e-78c9bc3be870,BUOY-23  100%,168804675,,gear,,,,,308.1397222222222,219.96325456543562,0.38544415811219546,1033.2189947831193
2023-12-24T11:14:31.000Z,2024-01-03T00:08:31.000Z,199842cc4333eb401fe2939f314b6bce,loitering,"[122.595407, 31.363002, 122.598735, 31.334502]",31.3488,122.5971,[],['8486'],"['PICES', 'ACAP', 'WCPFC', 'IWC']",['61'],['61'],['8486'],[],[],[],55,52,5.640286,2.4182759999999996,b31e1c025-5c91-6571-df0b-656bdae9c314,ZLY21979-17-56%,921979017,,gear,,,,,228.90000000000003,19.557457908808576,0.046134479930800075,52.590261941274385
2023-12-24T11:16:04.000Z,2024-01-12T02:23:31.000Z,95985bad1b2143ec15ff834bd1864e71,loitering,"[123.441387, 37.163188, 123.43922, 37.30201]",37.2326,123.4403,[],['8486'],"['IWC', 'WCPFC', 'PICES', 'ACAP']",['61'],['61'],[],[],[],[],72,67,66.869117,65.468559,6a0997480-010e-3367-3163-03b2cd4ef752,LURONGYU50881-66-67%,508810066,BRN,gear,,,,,447.1241666666666,43.64674295855449,0.05270874975255873,66.99052591358883
2023-12-24T11:20:47.000Z,2024-01-04T10:47:15.000Z,98f0c6da5eff9762d50282a8867f5d78,loitering,"[123.305428, 37.495712, 123.309535, 37.485988]",37.4908,123.3075,[],['8486'],"['PICES', 'IWC', 'WCPFC', 'ACAP']",['61'],['61'],[],[],[],[],55,55,55.765094,55.490746,362f4658d-dc34-4d5c-f347-82487270e7fc,LURONGYU51998-14067%,519980140,,gear,,,,,263.4411111111111,13.897469931941957,0.02848467123799993,54.71012604687461
2023-12-24T11:25:56.000Z,2024-01-02T17:15:02.000Z,244ec4592458b8386c9926451d805515,loitering,"[-18.766902, -5.768238, -19.00302, -5.5141480000000005]",-5.6412,-18.885,[],[],"['ICCAT', 'ACAP', 'IWC']","['34.4', '34', '34.4.1']",['34'],[],['63203'],[],[],536,572,535.9469379999999,571.835125,8163bc796-697a-de99-8dd0-acf6b504fdc4,994060024         9V,994060024,,gear,,,,,221.81833333333336,145.48786433757533,0.3541508990208975,557.0730900893267
2023-12-24T11:27:18.000Z,2024-01-04T22:38:26.000Z,6360d39c7dca58c145da81483af91466,loitering,"[-20.458825, -2.342883, -21.858612, -2.184307]",-2.2636,-21.1587,[],[],"['ACAP', 'IWC', 'ICCAT']","['41', '41.1', '41.1.4']",['41'],[],['63203'],[],[],910,1040,911.431625,1041.3865,a0181cba1-1fbb-f547-d44e-ade214910642,BUOY-04  100%,168804130,,gear,,,,,275.1855555555556,232.39823374409985,0.4560014320805686,989.9620863917478
2023-12-24T11:27:46.000Z,2024-01-11T03:19:17.000Z,80145c451214f1cd44e6e653bbbb41a6,loitering,"[123.434815, 37.180282, 123.439787, 37.268983]",37.2246,123.4373,[],['8486'],"['IWC', 'PICES', 'ACAP', 'WCPFC']",['61'],['61'],[],[],[],[],70,68,65.579844,65.485961,f643ae2e6-66a9-6028-7b49-ee8e994c208b,LURONGYU50881-45-99%,508810045,BRN,gear,,,,,423.85861111111103,50.03892507946964,0.06374497845742266,67.96200205460285
2023-12-24T11:28:20.000Z,2024-01-02T10:26:54.000Z,d3ec015a1e22136602a2acd42843f484,loitering,"[-10.861223, -5.720595, -10.646907, -5.636748]",-5.6787,-10.7541,[],[],"['IWC', 'ICCAT', 'ACAP']","['34.4.1', '34.4', '34']",['34'],[],['63203'],[],[],453,478,462.003031,486.43134399999997,f33f3ce2b-beee-c189-a23e-fa9bdf319df7,,111111722,,gear,,,,,214.9761111111111,127.59761158396354,0.32048769569495195,464.7510953175533
2023-12-24T11:33:46.000Z,2024-01-08T23:53:39.000Z,8b61c18effaec48b067c0e815d221dbf,loitering,"[-9.36551, -9.282782, -9.490895, -9.984493]",-9.6336,-9.4282,[],[],"['ACAP', 'IWC', 'ICCAT']","['47.A.0', '47', '47.A']",['47'],[],['63203'],[],[],563,575,574.368812,586.9265,04c4f0ac3-3390-33eb-8c91-c36ec69a9d9d,,111112793,,gear,,,,,372.33138888888874,187.82757419088006,0.27238846787428866,566.347221394764
2023-12-24T11:34:24.000Z,2024-01-09T00:10:00.000Z,7434968074ee1630eaeddc020a264e61,loitering,"[-9.42669, -9.282608, -9.687432, -9.938725]",-9.6107,-9.5571,[],[],"['ACAP', 'IWC', 'ICCAT']","['47', '47.A.0', '47.A']",['47'],[],['63203'],[],[],556,553,568.007875,565.011125,9b6d5d927-7bd5-f5f0-f240-46d24ab5c866,LQ21010,111112191,,gear,,,,,372.59333333333325,185.3041512422841,0.26854006290645654,559.1811725946446
2023-12-24T11:48:06.000Z,2024-01-18T01:34:14.000Z,c5462ae539325fbe125aa2d6e038a953,loitering,"[123.431797, 37.227543, 123.507402, 37.341165]",37.2844,123.4696,[],['8486'],"['IWC', 'PICES', 'ACAP', 'WCPFC']",['61'],['61'],[],[],[],[],68,73,64.847633,71.61214100000001,2ab6296d0-0ae2-3fc0-ff44-2484b8d9d3cf,LURONGYU50881-44-99%,508810044,BRN,gear,,,,,589.7688888888888,49.69321523986248,0.04549610900111165,70.66378472522867
2023-12-24T11:51:29.000Z,2024-02-12T03:39:43.000Z,85b7c4e11ce74ec0def01ab8fe3797fc,loitering,"[123.43537, 37.259073, 123.428255, 37.283708]",37.2714,123.4318,[],['8486'],"['WCPFC', 'PICES', 'IWC', 'ACAP']",['61'],['61'],[],[],[],[],68,67,65.518625,64.587418,55c7427bb-b8da-e43f-4896-5dcee7582384,LURONGYU50881-51-99%,508810051,BRN,gear,,,,,1191.8038888888887,77.0368048888235,0.03490217417816247,68.23743990641788
2023-12-24T11:59:29.000Z,2024-01-05T11:50:57.000Z,a273382a90734b9b5009bb6bbdd33db4,loitering,"[122.945657, 29.420215, 122.908402, 29.432195]",29.4262,122.927,[],['8486'],"['IWC', 'WCPFC', 'APFIC', 'ACAP']",['61'],['61'],[],[],[],[],70,67,43.90125,40.431699,8e655adc0-031c-5693-b1d3-362eab64d9d8,ZHE12568-4-62%,690125684,,gear,,,,,287.85777777777776,197.346208970306,0.3701773458835401,69.755247346549
2023-12-24T12:03:36.000Z,2024-01-21T23:46:24.000Z,f5c9beade7b7b2dc37a4a3077cee60b0,loitering,"[123.44144, 37.178623, 123.436085, 37.324858]",37.2517,123.4388,[],['8486'],"['IWC', 'ACAP', 'WCPFC', 'PICES']",['61'],['61'],[],[],[],[],71,67,66.45253100000001,65.509285,0a1c005fb-b80a-f9fb-67a9-df9f136eaf32,LURONGYU50881-63-99%,508810063,BRN,gear,,,,,683.7133333333334,65.70126983802545,0.05188702035656586,66.8136675332766
2023-12-24T12:06:47.000Z,2024-01-11T00:35:16.000Z,e404833eb9d10ee5070733b379729700,loitering,"[-31.741398, 10.440498, -32.975625, 10.01614]",10.2283,-32.3585,[],[],"['ICCAT', 'NAMMCO', 'IWC', 'ACAP']","['34', '34.4.2', '34.4']",['34'],[],['63203'],[],[],900,1040,928.3600620000001,1068.034375,46e2a8340-0e26-cf99-514f-d62d07b9f90e,KM88-3 92%,91800355,,other,,,,,420.4747222222221,402.97924079132116,0.5174898066802179,978.4855785850096
2023-12-24T12:09:18.000Z,2024-01-02T01:47:45.000Z,8ee988c1413a07b4b6216a1df5879d45,loitering,"[104.028445, 7.144103333333334, 104.04814166666667, 7.153973333333333]",7.149,104.0383,[],['8484'],"['IWC', 'SEAFDEC', 'APFIC', 'WCPFC', 'ACAP']",['71'],['71'],[],[],[],[],167,165,219.690047,222.103875,0c1e7ae1f-f8e1-c41d-243d-7cc6b3ab8dbb,TC AQUILA,574003190,VNM,other,vnm-hochiminh,VNM,,0ae0766da9e0cb92275d53fb1e4a7c7f,205.64083333333332,32.06186568684049,0.08418572434508291,164.96813300890256
2023-12-24T12:20:33.000Z,2024-01-01T10:34:16.000Z,1f0cad73b9e1a9723b64f173bcd8f6a2,loitering,"[123.558253, 32.409243000000004, 123.559837, 32.408415]",32.4088,123.559,[],['8486'],"['WCPFC', 'PICES', 'ACAP', 'IWC']",['61'],['61'],[],[],[],[],172,172,147.928406,147.928406,820bddd0d-db7c-9c38-5087-ba53b8c3cded,SURUYU03268-21    *9,14131954,,gear,,,,,190.2286111111111,4.409167375823763,0.012515256817811049,172.0
2023-12-24T12:22:58.000Z,2024-01-05T09:25:00.000Z,a6fd8151edba935fd621a8baf3186089,loitering,"[-20.871533, -6.186047, -20.705372, -6.1935649999999995]",-6.1898,-20.7885,[],[],"['ACAP', 'IWC', 'ICCAT']","['41.1', '41', '41.1.4']",['41'],[],['63203'],[],[],737,720,736.9995,719.963375,064cb4616-6e69-2c9c-2df0-67526cf6518f,994127027         9V,994127027,,gear,,,,,285.0338888888889,241.51160887612107,0.4575099362203689,728.3705526199705
2023-12-24T12:26:52.000Z,2024-01-02T12:15:11.000Z,eca3e711a04eb47cb001245f003919b1,loitering,"[123.440735, 37.194925, 123.496682, 37.247353]",37.2211,123.4687,[],['8486'],"['IWC', 'WCPFC', 'ACAP', 'PICES']",['61'],['61'],[],[],[],[],71,74,66.27125,70.873344,25c9a3004-44b4-cefa-a6c4-fcff100e6e6b,LURONGYU50881-53-99%,508810053,BRN,gear,,,,,215.8052777777778,18.41882821799488,0.04608493226115484,71.14923047543971
2023-12-24T12:41:22.000Z,2024-01-18T00:41:06.000Z,402cd2cb7f22dcf6b2c86dc66be92ef5,loitering,"[123.445087, 37.210135, 123.508213, 37.360538]",37.2853,123.4767,[],['8486'],"['WCPFC', 'PICES', 'IWC', 'ACAP']",['61'],['61'],[],[],[],[],71,72,66.8425,71.589203,91e7e66e5-594b-2644-5919-50984cd79942,LURONGYU50881-65-99%,508810065,BRN,gear,,,,,587.9955555555555,56.683117189450876,0.05205215324902279,70.42940048666297
2023-12-24T12:45:11.000Z,2024-01-01T17:47:06.000Z,b65da268a9d26167edfe5e4cc3cfa2be,loitering,"[122.848907, 29.48202, 122.83968, 29.461207]",29.4716,122.8443,[],['8486'],"['ACAP', 'WCPFC', 'IWC', 'APFIC']",['61'],['61'],[],[],[],[],59,59,32.418346,33.53475,8a77433c6-6824-4718-a486-cbb11bba4604,12358-10-99%,123580010,,gear,chn-shipu,CHN,SHIPU,59f7f600461a3a5b506d732f65e35984,197.03194444444443,166.3090640194852,0.4557621904756395,59.084251008492366
2023-12-24T12:46:09.000Z,2024-01-01T18:59:49.000Z,d6fd7240cb291adb358a821163761ec9,loitering,"[122.978243, 29.423967, 122.895608, 29.296112]",29.36,122.9369,[],['8486'],"['ACAP', 'WCPFC', 'APFIC', 'IWC']",['61'],['61'],[],[],[],[],73,69,45.993,51.585660000000004,111cc5173-3d6c-c891-154f-dc8131c24e7a,LIN12225-11-71%,781222511,,gear,,,,,198.22777777777776,134.0232046655539,0.36506861950110275,67.01439346041701
2023-12-24T12:46:29.000Z,2024-01-01T07:48:14.000Z,e015e34ffbc5cfdb65920661dc20471c,loitering,"[122.978898, 29.424057, 122.918043, 29.284192]",29.3541,122.9485,[],['8486'],"['IWC', 'ACAP', 'APFIC', 'WCPFC']",['61'],['61'],[],[],[],[],73,71,45.993,54.487711000000004,95573bf73-3dd2-3385-2095-e4ff57d33718,LIN12225-19-70%,541222519,,gear,,,,,187.02916666666667,208.2175040758031,0.6011279413155687,67.74967708144008
2023-12-24T12:47:11.000Z,2024-01-02T02:34:53.000Z,482ceb871756162b51a2194664bfd6b6,loitering,"[-31.605772, 10.319562, -32.049213, 10.39933]",10.3594,-31.8275,[],[],"['ACAP', 'ICCAT', 'NAMMCO', 'IWC']","['34.4', '34.4.2', '34']",['34'],[],['63203'],[],[],896,931,923.929938,959.291375,6582f49a3-37ca-fde9-365f-fff85f8a1d72,88K004  100%,168803109,,gear,,,,,205.79500000000002,146.39272574603535,0.38409945937947787,928.9370988933277
2023-12-24T12:47:16.000Z,2024-01-01T08:10:24.000Z,96b6f985e872de1a6f08ed99a0caed14,loitering,"[122.934173, 29.424653, 122.942247, 29.34582]",29.3852,122.9382,[],['8486'],"['WCPFC', 'ACAP', 'APFIC', 'IWC']",['61'],['61'],[],[],[],[],69,71,42.55957,49.135214999999995,f5a11d19b-b03b-6a7e-bc0b-c0efe709e374,LIN21927--11-70%,532192711,,gear,,,,,187.38555555555558,171.86775593307436,0.49524182285874135,68.03320319547787
2023-12-24T12:54:26.000Z,2024-01-05T11:47:18.000Z,8047a6408f25f9a9f40afd2a2fd50b77,loitering,"[122.94739, 29.419855, 122.9099, 29.428587]",29.4242,122.9286,[],['8486'],"['WCPFC', 'ACAP', 'APFIC', 'IWC']",['61'],['61'],[],[],[],[],70,67,43.90125,40.431699,376e08e84-4bb0-5b29-f7ee-770e8beed70c,LIN12568-3-62%,323125683,CUB,gear,chn-shipu,CHN,SHIPU,94b744003e71dd3eaff8df27fc2222d4,286.8811111111111,195.4612056830736,0.3678897066853505,69.54082454149149
2023-12-24T12:58:18.000Z,2024-01-01T10:59:15.000Z,1b490707c68c05d028f05c8b5103f48e,loitering,"[-9.606978, -9.28176, -9.781905, -9.894092]",-9.5879,-9.6944,[],[],"['IWC', 'ICCAT', 'ACAP']","['47.A.0', '47', '47.A']",['47'],[],['63203'],[],[],537,542,548.95825,553.7645620000001,1eada36d2-2dd6-e0b1-b783-f19f083c38a0,HH21A1309        99%,111101309,,gear,,,,,190.01583333333335,150.09039107295746,0.426503025413708,550.485442023087
2023-12-24T12:59:22.000Z,2024-01-01T08:59:26.000Z,73e7d7332b8a089ca39fcd2b0531d6f9,loitering,"[121.04446666666666, 35.543866666666666, 121.04288333333334, 35.54488333333333]",35.5444,121.0437,[],['8486'],"['IWC', 'WCPFC', 'PICES', 'ACAP']",['61'],['61'],[],[],[],[],42,42,20.579121,20.579121,81076b5dc-c858-bc45-a6fd-cf41ef4ba85e,MAGLEBY MAERSK,219018986,DNK,cargo,chn-ningbo,CHN,NINGBO,0c937df335a68f8122c0ec8bca9c9865,188.00111111111124,14.74486955688396,0.04234864669816373,41.80107133732803
2023-12-24T13:40:27.000Z,2024-01-07T15:26:12.000Z,7f774cba84aa0a3d33b1c81f2ffb11fc,loitering,"[120.813967, 25.705877, 120.817107, 25.707597]",25.7067,120.8155,[],['8486'],"['APFIC', 'WCPFC', 'IWC', 'ACAP']",['61'],['61'],[],[],[],[],76,75,64.688805,65.327141,7e7eb3262-223a-af68-c9ce-aaf649f6d65d,,163158602,,gear,twn-yeliu,TWN,YELIU,b1b6a2294399623626fa27d020b92575,337.76249999999993,17.438050055152843,0.02787696611163535,75.75556215117182
2023-12-24T13:41:39.000Z,2024-01-06T00:04:53.000Z,ddade5e2022385a0d9b40b5aa8a3b293,loitering,"[122.81728, 37.965072, 122.838357, 37.968272]",37.9667,122.8278,[],['8486'],"['IWC', 'WCPFC', 'ACAP', 'PICES']",['61'],['61'],[],[],[],[],62,62,60.188542999999996,60.700629,13a94da43-37a4-1f0f-6c52-1b4863d58537,35007-01-71%,903500701,,gear,,,,,298.38722222222225,15.906531918013213,0.028784208869776475,61.83259642344926
2023-12-24T13:49:05.000Z,2024-02-10T15:40:02.000Z,03d4a5465e268c08c096f1bfa1d436b1,loitering,"[31.539868333333335, 33.519065, 31.534563333333335, 33.518115]",33.5186,31.5372,[],['8376'],"['GFCM', 'ACAP', 'IWC', 'ICCAT']","['37', '37.3.2', '37.3']",['37'],[],[],[],[],158,159,158.483562,158.950516,4b1423811-1fa4-ce46-1d5e-e4f574946d9d,TRANSOCEAN BARENTS,538004907,MHL,other,esp-cartagena,ESP,CARTAGENA,82e9cb617755afd97f8586d7576f4d58,1153.8491666666669,1.013029128321758,0.0004740584694586635,158.00180091348756
2023-12-24T13:59:38.000Z,2024-01-02T10:56:24.000Z,91d4a1c16e4e80edc964336a240d7481,loitering,"[-55.466211666666666, -35.224333333333334, -55.48128333333333, -35.214171666666665]",-35.2193,-55.4737,[],['8467'],"['ICCAT', 'ACAP', 'CCSBT', 'CTMFM', 'IWC']","['41.2.3', '41.2', '41']",['41'],[],[],[],[],40,39,1.8168,1.111949,477b2c3c8-8eea-8889-7e79-81141da70a3d,STRATEGIC TENACITY,563005600,SGP,cargo,,,,,212.94611111111115,40.80891562729518,0.10347712630033035,39.419481428536244
2023-12-24T14:26:58.000Z,2024-01-03T10:50:57.000Z,055b8d19782ff2c361ec9c7411a28955,loitering,"[123.666163, 39.274445, 123.68409, 39.273738]",39.2741,123.6751,[],['8486'],"['PICES', 'WCPFC', 'IWC', 'ACAP']",['61'],['61'],[],[],[],[],47,47,47.094883,47.807879,40c20b452-20d8-adee-fdc4-546e86b4f499,6688-13-48%,151668813,,gear,,,,,236.39972222222224,15.425410416124816,0.035232931840985145,47.00058831395826
2023-12-24T14:35:04.000Z,2024-01-08T00:18:03.000Z,ada183aa65072984c4c8dd620bacac07,loitering,"[122.636138, 37.422527, 123.377087, 37.685685]",37.5541,123.0066,[],['8486'],"['WCPFC', 'ACAP', 'PICES', 'IWC']",['61'],['61'],[],[],[],[],1,68,0.0,69.72566400000001,1e974b2a3-3bfe-fe19-d428-909cb7143840,51097-886%,124515187,,gear,,,,,345.71638888888896,89.98794840512655,0.14054758909907245,67.24891998556055
2023-12-24T14:37:14.000Z,2024-01-04T01:16:56.000Z,aab35c9124bec37b51863f62a00185c5,loitering,"[122.562927, 31.475165, 122.563472, 31.474065]",31.4746,122.5632,[],['8486'],"['ACAP', 'WCPFC', 'PICES', 'IWC']",['61'],['61'],[],[],[],[],64,64,7.956229,7.223376,4d30afd25-5cbf-9a6e-bc7f-38752d56768b,LIN21398--1-58%,201213981,ALB,gear,,,,,250.6616666666667,6.24510847447016,0.01345275029066733,64.0
2023-12-24T14:41:42.000Z,2024-01-01T04:40:36.000Z,2acf9e243a0c9cdb328a58b5c0274128,loitering,"[122.667562, 37.389597, 123.465738, 37.552442]",37.471,123.0667,[],['8486'],"['ACAP', 'WCPFC', 'PICES', 'IWC']",['61'],['61'],[],[],[],[],0,70,0.0,70.849039,a24ec675c-ccd2-79c5-c76d-0b7ef44a7270,75226-99%,752260110,,gear,,,,,181.98166666666668,83.45463677267944,0.2476177943126201,66.65947843723853
2023-12-24T14:47:28.000Z,2024-01-10T10:14:39.000Z,f0e45bafa13369b8954767ae143f252b,loitering,"[122.596422, 31.480977, 122.596615, 31.477962]",31.4795,122.5965,[],['8486'],"['ACAP', 'WCPFC', 'PICES', 'IWC']",['61'],['61'],[],[],[],[],67,67,10.835062,10.835062,c6521ab91-1f42-91a1-d150-49a46ffde804,SAN33666-20-43%,503366620,AUS,gear,,,,,403.4530555555556,10.785786311688573,0.01443503431048848,66.99999999999999
2023-12-24T14:49:30.000Z,2024-01-05T10:45:26.000Z,c4f7c43bd36bc1eb910510be44b1d62f,loitering,"[122.852817, 29.431557, 122.846742, 29.56324]",29.4974,122.8498,[],['8486'],"['IWC', 'ACAP', 'WCPFC', 'APFIC']",['61'],['61'],[],[],[],[],61,53,36.798078000000004,26.353342,946b5aa98-82b1-7975-d3cb-21eccb5fc15e,12899-2-99%,389128992,,gear,chn-shipu,CHN,SHIPU,0e94589c36321cf356205ac71c873a45,283.9322222222222,178.66457977212923,0.3397682539497577,60.71045990901769
2023-12-24T14:58:56.000Z,2024-01-03T04:14:53.000Z,8e77772438b5ddc6d814316faff311ed,loitering,"[123.66686, 39.341003, 123.6857, 39.33319]",39.3371,123.6763,[],['8486'],"['WCPFC', 'IWC', 'ACAP', 'PICES']",['61'],['61'],[],[],[],[],45,46,43.488156000000004,43.2095,eb1099888-80b0-ed19-4080-fad29b08c281,6688-15-99%,151668815,,gear,,,,,229.2658333333334,15.28600982797312,0.03600093779479485,44.66015552775885
2023-12-24T15:09:05.000Z,2024-01-01T11:44:13.000Z,c01c93fb743663dca3a85a35ffbe9ee1,loitering,"[125.701093, 31.513737, 125.675533, 31.483043]",31.4984,125.6883,[],['8327'],"['PICES', 'WCPFC', 'ACAP', 'IWC']",['61'],['61'],[],[],[],[],192,196,195.96207800000002,199.679609,a897e4752-2599-51f5-3397-678707cd1f0a,,21690032,,other,chn-zhoushan,CHN,ZHOUSHAN,d7e259a0ab038541ca34a3b0b19dd147,188.58555555555554,6.429222744979491,0.01840810422546538,192.1964754090754
2023-12-24T15:11:41.000Z,2024-01-01T13:42:16.000Z,0fc8b4139e236eda60a0762024811e80,loitering,"[125.65138, 31.607075000000002, 125.64958, 31.606957]",31.607,125.6505,[],['8327'],"['IWC', 'WCPFC', 'ACAP', 'PICES']",['61'],['61'],[],[],[],[],183,183,186.613641,186.613641,23df20909-95f6-113f-5b98-3562949b4831,,111067446,,gear,,,,,190.50972222222225,3.5862052107793447,0.010164289147878465,182.99999999999994
2023-12-24T15:21:28.000Z,2024-01-03T16:15:04.000Z,d5c30a82f12235990e133857f552004f,loitering,"[122.686363, 31.467425, 122.682423, 31.47718]",31.4723,122.6844,[],['8486'],"['WCPFC', 'PICES', 'IWC', 'ACAP']",['61'],['61'],[],[],[],[],67,68,17.958009999999998,17.451801,ddd0aca45-507b-e511-8257-ff57c70f14cb,GUANYUN60299-1---7V8,602990001,,gear,,,,,240.89333333333335,36.95111694080157,0.08282506913491662,67.24322530090329
2023-12-24T15:22:48.000Z,2024-01-02T04:25:39.000Z,94a7b0ed6e8002fb9b974f20861cc757,loitering,"[125.767273, 31.518733, 125.767913, 31.520703]",31.5197,125.7676,[],['8327'],"['IWC', 'ACAP', 'PICES', 'WCPFC']",['61'],['61'],[],[],[],[],189,189,193.250594,193.250594,681976fc8-8126-d5d9-0c2a-1d4b7ceaf985,,406785028,,gear,,,,,205.04749999999996,2.6099290728066515,0.006872792691443886,189.00000000000003
2023-12-24T15:23:50.000Z,2024-01-01T11:48:37.000Z,40e66f7ba7f1a8bf0fded8fc221dd6b2,loitering,"[125.689393, 31.569262, 125.686253, 31.564668]",31.567,125.6878,[],['8327'],"['ACAP', 'IWC', 'PICES', 'WCPFC']",['61'],['61'],[],[],[],[],186,187,189.787875,190.857328,b246cdc29-9f3c-2afe-3f25-2c5930502a86,,39070004,,gear,,,,,188.4130555555556,17.460154851460548,0.050037559093970084,186.11326259151548
2023-12-24T15:23:57.000Z,2024-01-01T12:58:20.000Z,fef93b8b8b181ad826b1d956cc0d2f75,loitering,"[125.785128, 31.55976, 125.783512, 31.559638]",31.5597,125.7843,[],['8327'],"['WCPFC', 'IWC', 'ACAP', 'PICES']",['61'],['61'],[],[],[],[],184,185,188.486859,188.70421900000002,f75a2f1a1-10db-e986-e90e-29488a4a1aef,ZHEDAIYU06785-13,67850013,,gear,,,,,189.5730555555555,4.174930496752046,0.01189136356466766,184.81286962707534
2023-12-24T15:28:07.000Z,2024-01-01T12:28:07.000Z,12ec010d2e04fe387108415cb4180d13,loitering,"[125.752917, 31.529327, 125.750998, 31.527668]",31.5285,125.752,[],['8327'],"['PICES', 'ACAP', 'IWC', 'WCPFC']",['61'],['61'],[],[],[],[],189,189,192.618141,192.618141,38f8f10b1-16cc-a14e-c5bb-24c6dd4cc371,ZHEDAIYU06222-33  *3,15142097,,gear,,,,,188.99999999999997,8.234291028912402,0.023524663823786676,189.00000000000003
2023-12-24T15:32:59.000Z,2024-01-02T04:37:31.000Z,0912e5185ad5c69db9e0fdcebb9d3c46,loitering,"[125.754178, 31.579542, 125.748322, 31.582267]",31.5809,125.7513,[],['8327'],"['ACAP', 'WCPFC', 'PICES', 'IWC']",['61'],['61'],[],[],[],[],183,183,187.22779699999998,187.22779699999998,45ccdb0d7-7cfa-daae-e078-cc191535d938,ZHE DAI YU 06222=7V9,680627124,,gear,,,,,205.07555555555558,11.770347183285567,0.0309909146579356,182.99999999999994
2023-12-24T15:56:24.000Z,2024-01-01T02:54:52.000Z,be872f97fbc85eb27b6a457094d4cc3c,loitering,"[120.85948, 25.759962, 120.840443, 25.754739999999998]",25.7574,120.85,[],['8486'],"['WCPFC', 'ACAP', 'APFIC', 'IWC']",['61'],['61'],[],[],[],[],77,77,63.978352,63.353254,50108be84-4661-6115-5c5f-7ecf29ea0c65,TIELONG61868-17-99%,412186817,CHN,gear,,,,,178.97444444444443,8.05686701942146,0.02430715834977799,76.57515123080762
2023-12-24T15:58:01.000Z,2024-01-02T00:59:13.000Z,0536462ec51b34248f365e3c48889ba4,loitering,"[-112.983735, -19.177138, -112.363628, -19.357147]",-19.2671,-112.6737,[],[],"['IWC', 'SPRFMO', 'ACAP', 'IATTC']","['87', '87.2.6', '87.2']",['87'],[],['63203'],[],[],946,904,953.642812,911.738438,87dc76ed7-7908-1185-2ef5-74849472004e,PINGTAIRONG313-0 69%,590606042,,gear,,,,,201.02,172.632353382241,0.4637051721486107,928.1054669367381
2023-12-24T16:06:17.000Z,2024-01-21T12:39:13.000Z,3dbe590869a59f80d43d571d472e31fa,loitering,"[-88.648915, 28.209945, -88.45890666666666, 28.26715]",28.2385,-88.5539,[],['8456'],"['ICCAT', 'IWC', 'NAMMCO', 'ACAP']",['31'],['31'],[],[],[],[],100,105,4.074345,9.368549999999999,88651babf-f1c6-297e-6d2c-240bd1c18c63,Q4000,369550000,USA,other,usa-usa-105,USA,,a249b7fac427126e763086f9c6640300,668.5488888888888,67.52335422971368,0.05453556967102254,106.95894501188845
2023-12-24T16:33:00.000Z,2024-01-01T10:12:24.000Z,706a03946060be20481ddb2606a2a2a1,loitering,"[123.064127, 33.168738, 123.065033, 33.169833]",33.1693,123.0646,[],['8486'],"['IWC', 'WCPFC', 'PICES', 'ACAP']",['61'],['61'],[],[],[],[],178,179,152.369922,153.22840599999998,31cc4c083-388f-9626-a054-4831afcf9f62,SUQIYU03312-5899%,33127358,,gear,,,,,185.65666666666667,23.208104083066775,0.06749756914175159,177.15558521295512
2023-12-24T16:52:17.000Z,2024-01-03T09:16:20.000Z,5e3ba2e76eddb1f419124537a55464f4,loitering,"[120.256287, 34.716367, 120.256522, 34.716615]",34.7165,120.2564,[],['8486'],"['PICES', 'IWC', 'WCPFC', 'ACAP']",['61'],['61'],['8486'],[],[],[],39,39,27.340982,27.340982,5b7bfe2f4-419f-d513-759d-a9a1608d929a,SUSHEYU04506-18-99%,45060018,,gear,,,,,232.4008333333334,3.819809208164472,0.008874890594273082,38.99999999999999
2023-12-24T16:54:32.000Z,2024-01-02T05:40:52.000Z,6735a75cc9057d6df2f8573c40e66a46,loitering,"[-112.822082, -19.15424, -112.725655, -19.336437]",-19.2453,-112.7739,[],[],"['IWC', 'IATTC', 'SPRFMO', 'ACAP']","['87', '87.2', '87.2.6']",['87'],[],['63203'],[],[],943,919,950.4610620000001,927.342438,91fec2164-41bd-6133-2e2b-2d90c1613083,PTR313-05 54%,421234585,,gear,,,,,204.7722222222223,134.02543642489246,0.35340704636788234,935.0099640808847
2023-12-24T16:55:58.000Z,2024-01-01T12:53:18.000Z,88c2efa162c8dc7dbe39abca6ec52e5f,loitering,"[122.936393, 31.221348, 122.935947, 31.2202]",31.2208,122.9362,[],['8486'],"['PICES', 'WCPFC', 'ACAP', 'IWC']",['61'],['61'],[],[],[],[],46,46,12.696125,12.696125,8b9ffba1e-eac5-8b32-5a95-ba6791546989,NET170-ZSY0141999%,14190170,,gear,chn-shanghai,CHN,SHANGHAI,b320f0bab8294cd00f92ea64becbbd78,187.95555555555555,40.97063713887543,0.11770002860337182,46.50402246271813
2023-12-24T16:57:02.000Z,2024-01-11T09:17:03.000Z,86da21708210a66a0a05f49e9ae1e525,loitering,"[-40.06091166666667, -22.443476666666665, -40.068455, -22.447251666666666]",-22.4454,-40.0647,[],['8464'],"['ICCAT', 'ACAP', 'IWC']","['41.2.1', '41', '41.2']",['41'],[],[],[],[],108,107,1.027752,0.0,1611f61d8-80ad-d879-7ee0-9648cba66dd8,NORMAND TURQUESA,710002990,BRA,other,bra-camposbasin,BRA,CAMPOS BASIN,e402212cef5c0ccbfaa70367630eb4ae,424.33361111111134,39.29777327852702,0.05000570185057764,106.77775209754905
2023-12-24T16:58:39.000Z,2024-01-01T06:54:42.000Z,5741e199836ebf232286defe8509437e,loitering,"[-149.63349, -2.176015, -149.93158, -1.879025]",-2.0275,-149.7825,[],[],"['SPRFMO', 'IATTC', 'IWC', 'ACAP']",['77'],['77'],[],['63203'],[],[],620,600,987.646875,942.719062,02f84bc3d-d9d9-8c1f-c99d-4b48f655eac0,BUOY-07           9V,994008727,,gear,,,,,181.93416666666644,138.96377252604975,0.4124262956434656,598.370099525363
2023-12-24T17:10:45.000Z,2024-01-09T09:55:11.000Z,b67bb4f8ab7b255ddb1bdf8a50bf63c3,loitering,"[122.94144, 31.149415, 122.932213, 31.177522]",31.1635,122.9368,[],['8486'],"['PICES', 'ACAP', 'WCPFC', 'IWC']",['61'],['61'],['8486'],[],[],[],40,42,11.419486999999998,10.52401,508812704-4b9b-49c9-57a1-0033546eb16f,NET-ZSY07785-57-99%,907785057,,gear,chn-shanghai,CHN,SHANGHAI,28ba5c9417c0a77f259f4e42baa67825,376.7405555555556,39.38409083037851,0.05644655845565087,41.83715624944795
2023-12-24T17:24:51.000Z,2024-01-01T11:43:18.000Z,763e308eb47325841898f358b45ddcb3,loitering,"[122.93616, 31.211513, 122.936907, 31.25404]",31.2328,122.9365,[],['8486'],"['ACAP', 'WCPFC', 'IWC', 'PICES']",['61'],['61'],[],[],[],[],45,49,12.250611000000001,14.46966,15eadb5b7-7e5a-d766-99e4-3a0988abcadd,NET173-ZSY0141979%,14190173,,gear,,,,,186.3075,30.257642547684174,0.08769276572415732,49.22481496766024
2023-12-24T17:26:55.000Z,2024-01-17T03:23:40.000Z,c6726a696eecfc546c0677da16493a0d,loitering,"[122.941993, 31.148343, 122.933833, 31.16124]",31.1548,122.9379,[],['8486'],"['WCPFC', 'PICES', 'IWC', 'ACAP']",['61'],['61'],['8486'],[],[],[],40,40,11.419486999999998,10.525108,56da1c500-070a-bfa5-a664-fdc8923828c2,NET-ZSY07785-34-33%,77850034,,gear,,,,,561.9458333333333,62.11702901522987,0.05968637978553084,41.101074852449806
2023-12-24T17:32:05.000Z,2024-01-13T11:55:56.000Z,2bf6628076919f53e5cc156667d6b070,loitering,"[77.520052, -6.254092, 74.295838, -5.69517]",-5.9746,75.9079,[],[],"['IWC', 'SIOFA', 'IOTC', 'ACAP']","['51.4', '51']",['51'],[],['63203'],[],[],568,219,575.962375,273.599531,ca46a86ca-ad70-f6b7-411c-30654a65d876,IMULA 0458 CHW,417045832,LKA,fishing,lka-negombo,LKA,NEGOMBO,d610f6dc78d8283513622ceb9d84ee94,474.3975000000001,617.3678641496871,0.7026849392809876,336.1002087566577
2023-12-24T17:34:35.000Z,2024-01-01T14:49:58.000Z,87d621e09d57197771f1c47f51b37a2c,loitering,"[122.934953, 31.212943, 122.930762, 31.216437]",31.2147,122.9329,[],['8486'],"['PICES', 'WCPFC', 'IWC', 'ACAP']",['61'],['61'],[],[],[],[],45,46,11.369544,11.848327,0f85bd60c-c35d-9aeb-09e9-b0d203e66ad6,NET166-ZSY0141999%,14190166,,gear,,,,,189.25638888888886,24.26463452977643,0.06922806978744302,45.43378034364088
2023-12-24T17:50:14.000Z,2024-01-01T01:03:41.000Z,5df59f928c55664927bab197a26ae868,loitering,"[123.893327, 34.730358, 123.374487, 34.826677]",34.7785,123.6339,[],['8327'],"['ACAP', 'IWC', 'WCPFC', 'PICES']",['61'],['61'],[],[],[],[],118,166,118.965688,167.102641,6d2fbfb7e-ec6a-2552-fd10-e201ae11e9c5,,789737688,,gear,,,,,175.22416666666666,74.06537696773563,0.228233952856056,133.0381972402101
2023-12-24T17:57:08.000Z,2024-01-02T01:23:59.000Z,62f273b91abac3d9c143115884bbd17c,loitering,"[123.110977, 33.533422, 123.110067, 33.511788]",33.5226,123.1105,[],['8486'],"['IWC', 'PICES', 'ACAP', 'WCPFC']",['61'],['61'],[],[],[],[],192,193,175.697359,174.453953,ce2260edb-b365-740d-d5c1-404d4804a6f7,SUQIYU03411-22,90341122,,gear,,,,,199.4475,6.1766180896872935,0.01672172857455896,192.05849600120828
2023-12-24T17:59:28.000Z,2024-01-03T11:58:06.000Z,9464dccaef4adaf674839bf7c5d45e5f,loitering,"[-55.63623833333333, -35.12855166666667, -55.643056666666666, -35.128721666666664]",-35.1286,-55.6396,[],['8467'],"['ACAP', 'ICCAT', 'IWC', 'CTMFM', 'CCSBT']","['41.2', '41.2.3', '41']",['41'],[],[],[],[],39,39,0.0,0.0,cf0846d8b-b2d2-3adf-2fa7-ad90aa325ee6,AL REEM,538008476,MHL,other,,,,,233.97722222222217,14.568499671938312,0.03362019789488062,39.00000000000001
2023-12-24T18:06:36.000Z,2024-01-01T08:57:59.000Z,bfc9ddf46aeaf9a836dd4b2f87896aa5,loitering,"[125.449802, 32.179407, 125.451285, 32.180175]",32.1798,125.4505,[],['8327'],"['IWC', 'WCPFC', 'ACAP', 'PICES']",['61'],['61'],[],[],[],[],134,134,136.825391,136.825391,9a55f3fdb-bc35-af8f-1a9b-20de950c5df2,33088+64_65%,403308864,SAU,gear,,,,,182.8563888888889,4.751889413271799,0.014031858736554345,134.0
2023-12-24T18:14:32.000Z,2024-01-01T10:46:40.000Z,a3e1ee74cb1f277883b18ed8bf7036fa,loitering,"[122.93921, 31.161027, 122.941108, 31.160618]",31.1608,122.9402,[],['8486'],"['PICES', 'IWC', 'WCPFC', 'ACAP']",['61'],['61'],['8486'],[],[],[],41,41,11.471698,11.471698,8203e410a-a63d-c8c9-8191-d17ee9dcff57,NET-ZSY07785-48-99%,77850048,,gear,chn-shanghai,CHN,SHANGHAI,7f12873cf43c683430e50ed2054e2f66,184.53555555555556,13.839857968839997,0.040495856999689675,41.00165708535606
2023-12-24T18:17:14.000Z,2024-01-03T08:25:34.000Z,29a3e2764237518d8fc8dfba3c0f7a8a,loitering,"[122.924767, 31.206987, 122.925802, 31.250218]",31.2286,122.9253,[],['8486'],"['WCPFC', 'IWC', 'ACAP', 'PICES']",['61'],['61'],[],[],[],[],45,49,10.500726,13.732040000000001,dbd7bea3e-e3d7-f231-036b-0349dcb3b155,NET140-ZSY0146999%,14690140,,gear,,,,,230.13888888888889,49.15188787180929,0.11532121488554574,46.05123185038648
2023-12-24T18:20:11.000Z,2024-01-07T20:57:41.000Z,77d78710fffe4a0159fe41cc0e94968d,loitering,"[122.92082, 31.15541, 122.985428, 30.762167]",30.9588,122.9531,[],['8486'],"['IWC', 'ACAP', 'WCPFC', 'PICES']",['61'],['61'],['8486'],[],[],[],40,16,9.579488,14.505732,60effaf9a-a116-3ce8-49d9-6291eb372461,NET171-ZSY0141999%,14190171,,gear,,,,,338.625,110.87810625275273,0.17680144060674916,41.9985773942269
2023-12-24T18:21:04.000Z,2024-01-01T07:38:13.000Z,56e59479fe5964c7d1567461ee3fa7b1,loitering,"[123.99986, 34.060138, 123.990933, 34.077348]",34.0687,123.9954,[],['8327'],"['IWC', 'WCPFC', 'PICES', 'ACAP']",['61'],['61'],[],[],[],[],99,100,104.106703,105.062586,5b920ed90-0eba-beaf-53e3-65b47219c9aa,,22770007,,gear,,,,,181.28583333333336,29.344239968898275,0.08740132486971673,99.66215395090265
2023-12-24T18:21:11.000Z,2024-01-01T09:33:00.000Z,ceeb263872520a98bf5adf6a20b03380,loitering,"[123.994975, 34.082032, 124.008445, 34.025575]",34.0538,124.0017,[],['8327'],"['WCPFC', 'ACAP', 'IWC', 'PICES']",['61'],['61'],[],[],[],[],100,99,105.062586,103.22174199999999,e6aa3e871-1a8b-4e62-a540-0ce1398cefe9,ZHEDAIYU04277-100,676785337,COD,gear,chn-zoushan,CHN,ZOUSHAN,d67a966e6602c071ba2d9128f67f8f92,183.19694444444443,11.045369854653462,0.03255525149609424,99.1351016411646
2023-12-24T18:21:17.000Z,2024-01-01T07:46:58.000Z,39f2bfc30b67f2fd216b2e07319c1f79,loitering,"[124.009068, 34.06432, 124.004002, 34.068653]",34.0665,124.0065,[],['8327'],"['IWC', 'PICES', 'WCPFC', 'ACAP']",['61'],['61'],[],[],[],[],98,99,103.185523,104.118375,efd3db802-2ce2-34b4-2ade-f767af0312b9,NET25ZSY02409-82%,902409025,,gear,,,,,181.42805555555557,6.27859761207882,0.018686037759825438,98.32749972648027
2023-12-24T18:25:59.000Z,2024-01-01T08:52:14.000Z,d10e154170571ce2aabcaae9a616b2ca,loitering,"[124.0081, 34.055622, 124.007763, 34.056857]",34.0562,124.0079,[],['8327'],"['IWC', 'WCPFC', 'PICES', 'ACAP']",['61'],['61'],[],[],[],[],98,98,103.185523,103.185523,7f112da3d-db93-c252-2f24-d40d8482236c,ZHEDAIYU04657-35,46570035,,gear,,,,,182.4375,5.175944287702479,0.015319143994259637,98.00000000000001
2023-12-24T18:28:19.000Z,2024-01-01T10:37:54.000Z,89f5f0a7365b8b8bd9bc8542e4b84e89,loitering,"[124.012483, 34.05189, 124.011077, 34.084917]",34.0684,124.0118,[],['8327'],"['ACAP', 'IWC', 'PICES', 'WCPFC']",['61'],['61'],[],[],[],[],98,98,103.185617,103.221273,7fbaabc4d-d4ef-7666-d0c6-b88b9f33f06b,ZHEDAIYU04277-61A82%,96427761,,gear,,,,,184.15972222222217,36.046244258810944,0.10568768562262293,98.17495060257366
2023-12-24T18:30:03.000Z,2024-01-01T09:55:28.000Z,3f58489a4f63485942409a12b00a4da0,loitering,"[124.009333, 34.079432, 124.00912, 34.080718]",34.0801,124.0092,[],['8327'],"['IWC', 'WCPFC', 'ACAP', 'PICES']",['61'],['61'],[],[],[],[],98,98,103.221273,103.221273,7c57d3ba4-42f8-ba6a-0af5-6e4a11b3ce51,,42770103,,gear,,,,,183.4236111111111,3.647665433497726,0.010737885682308752,98.00000000000003
2023-12-24T18:31:20.000Z,2024-01-01T09:49:44.000Z,7c233d26dad99e2868438cf6f06371c3,loitering,"[124.00684, 34.034997, 124.003547, 34.045103]",34.04,124.0052,[],['8327'],"['IWC', 'ACAP', 'PICES', 'WCPFC']",['61'],['61'],[],[],[],[],99,99,103.22174199999999,104.106914,195e1a2a7-745b-0d3a-acae-e982c52a97b5,ZHEDAIYU277-01_8.2V,27700001,,gear,,,,,183.3066666666667,32.25897165955857,0.09502355553569984,98.79733084051901
2023-12-24T18:33:38.000Z,2024-01-01T09:41:57.000Z,773afc2aa9d68006c7851b0cf7877c70,loitering,"[123.999612, 34.078518, 124.010722, 34.030578]",34.0545,124.0052,[],['8327'],"['ACAP', 'PICES', 'WCPFC', 'IWC']",['61'],['61'],[],[],[],[],99,99,104.14192200000001,103.22174199999999,4c020326b-bb6c-aa63-60d6-1077c5406f2c,SUQIYU02138-61-77%,420213861,,gear,,,,,183.1386111111111,38.83660769617919,0.11450392913578562,99.15726043546942
2023-12-24T18:36:41.000Z,2024-01-01T07:42:20.000Z,2223694ff87fd4f284bf558027ed850d,loitering,"[124.014733, 34.083772, 124.007367, 34.101338]",34.0926,124.0111,[],['8327'],"['IWC', 'ACAP', 'PICES', 'WCPFC']",['61'],['61'],[],[],[],[],98,98,103.221273,103.304891,2c7de63c8-85b1-f73c-940d-15123146f859,,62595212,,gear,,,,,181.09416666666667,31.316370107231023,0.09337400210168836,97.99688495506973
2023-12-24T18:36:57.000Z,2024-01-01T08:18:26.000Z,88f166960618610eacce6c3ef16f7e6e,loitering,"[124.012533, 34.075255, 124.008703, 34.085882]",34.0806,124.0106,[],['8327'],"['IWC', 'WCPFC', 'ACAP', 'PICES']",['61'],['61'],[],[],[],[],98,98,103.221273,103.257102,ecb7824a2-2528-b44a-0127-e2f0dc5a2eb9,SUGANYU02596-112-34%,123003112,,gear,,,,,181.6913888888889,31.721198485532145,0.0942701634941375,98.12644602710746
2023-12-24T18:45:23.000Z,2024-01-01T02:48:28.000Z,05157f5496faf09793c054a7b0675cd2,loitering,"[123.08561, 33.731738, 123.082357, 33.730167]",33.731,123.084,[],['8486'],"['WCPFC', 'ACAP', 'IWC', 'PICES']",['61'],['61'],[],[],[],[],188,189,187.706875,187.001969,7203efef1-12d9-d3bc-87ce-df9c00bcad1e,SUQIYU01369-52-65%,96013177,,gear,,,,,176.05138888888888,13.331000968587922,0.04088672469608779,188.5139034696134
2023-12-24T18:46:19.000Z,2024-01-04T18:27:41.000Z,31dcb76be8481178aa6acdfce1e62b89,loitering,"[122.925833, 31.214272, 122.924107, 31.217543]",31.2159,122.925,[],['8486'],"['WCPFC', 'IWC', 'PICES', 'ACAP']",['61'],['61'],[],[],[],[],45,46,11.369544,11.017421,ddfe8f020-0bad-a586-1806-dc08acab7c1d,NET178-ZSY0146999%,14690178,,gear,chn-shanghai,CHN,SHANGHAI,2ee9f82c9e6ed6402ec9e18aca0121ff,263.68944444444446,29.796484348771664,0.0610142528726474,45.662658021269465
2023-12-24T18:46:49.000Z,2024-01-01T03:49:23.000Z,c74427adc0f918545266765b7880e332,loitering,"[-149.754812, -2.172398, -150.034243, -1.877948]",-2.0252,-149.8945,[],[],"['IWC', 'ACAP', 'IATTC', 'SPRFMO']",['77'],['77'],[],['63203'],[],[],607,590,975.340812,932.821,8b497934f-faab-43dc-9971-21e209df6218,CS 686 BUOY-09    9V,994008349,,gear,,,,,177.0427777777776,127.92754310474686,0.39016190389582633,586.7907922900847
2023-12-24T18:47:03.000Z,2024-01-01T09:43:05.000Z,88e783d46ca636f609f74de40a6d6221,loitering,"[124.00286, 34.038592, 124.002247, 34.040247]",34.0394,124.0026,[],['8327'],"['IWC', 'ACAP', 'PICES', 'WCPFC']",['61'],['61'],[],[],[],[],99,99,104.118984,104.118984,460ac2dc6-6055-05e7-308c-31c4868c07fa,,242903865,MAR,gear,chn-zhoushan,CHN,ZHOUSHAN,a4e49647fda80ece26ee6e1c67e208c1,182.9338888888889,3.3391847506867736,0.009856104492612903,98.99999999999999
2023-12-24T18:47:08.000Z,2024-01-01T09:55:55.000Z,bf48adf75c4595c18a987c26413c9a5b,loitering,"[124.009918, 34.071903, 124.007493, 34.074112]",34.073,124.0087,[],['8327'],"['WCPFC', 'IWC', 'ACAP', 'PICES']",['61'],['61'],[],[],[],[],98,98,103.19741400000001,103.19741400000001,5f6466002-21d1-31ba-8350-421d3d286537,ZHE DAI YU 06282-62,26628262,,gear,,,,,183.1463888888889,5.326840541646816,0.015704725650533786,98.0
2023-12-24T18:47:26.000Z,2024-01-01T09:39:35.000Z,8eb8f5a3c2674ef6f9d8bc5fa201d41b,loitering,"[124.010427, 34.043432, 124.006773, 34.052963]",34.0482,124.0086,[],['8327'],"['WCPFC', 'PICES', 'ACAP', 'IWC']",['61'],['61'],[],[],[],[],98,98,103.19769500000001,103.185617,818ac39b4-46b9-ea73-7fc4-9dbb4adce72c,,4277002,,gear,,,,,182.86916666666667,30.967444859361102,0.09143740764090173,98.46293835025075
2023-12-24T18:48:01.000Z,2024-01-01T08:00:58.000Z,f864c621beb506e8bf6467591841d1c3,loitering,"[124.013068, 34.060393, 124.003983, 34.073423]",34.0669,124.0085,[],['8327'],"['IWC', 'PICES', 'ACAP', 'WCPFC']",['61'],['61'],[],[],[],[],98,99,103.185523,104.118375,20a5ecd70-00f2-788f-f7ff-0f37b5b59307,ZHEDAIYU04277-69A81%,96427769,,gear,,,,,181.21583333333334,30.50718869644788,0.09090024744501489,98.56692160324408
2023-12-24T18:53:26.000Z,2024-01-01T07:45:35.000Z,bf4d8c668de794cad07467bba0393981,loitering,"[122.922335, 31.152335, 122.922005, 31.160218]",31.1563,122.9222,[],['8486'],"['ACAP', 'PICES', 'IWC', 'WCPFC']",['61'],['61'],['8486'],[],[],[],39,40,9.516238999999999,9.579488,2e80ee2ef-f7b8-eca0-31ce-bcb2c3dcbde8,NET158-ZSY0141999%,14190158,,gear,,,,,180.86916666666664,34.53989580363074,0.1031134939886873,39.48607781358373
2023-12-24T18:56:25.000Z,2024-01-01T09:26:44.000Z,c4ef3648f24587ffd57a893240cb5506,loitering,"[124.009553, 34.077453, 124.00912, 34.08273]",34.0801,124.0093,[],['8327'],"['WCPFC', 'IWC', 'PICES', 'ACAP']",['61'],['61'],[],[],[],[],98,98,103.221273,103.221273,9f9f3cedc-c375-6646-b3fa-256ea7909f5f,,4277003,,gear,,,,,182.50527777777776,12.328901320011012,0.03647606374967407,97.99999999999999
2023-12-24T18:57:27.000Z,2024-01-02T03:15:32.000Z,da214c6f982f536181db521cd348e44d,loitering,"[122.798733, 29.585822, 122.850345, 29.132928]",29.3594,122.8245,[],['8486'],"['ACAP', 'APFIC', 'WCPFC', 'IWC']",['61'],['61'],[],[],[],[],47,63,20.482061,63.276617,f635aeb1c-ca4c-4823-da70-59e9ad2950de,88061-3-81%,800388061,,gear,,,,,200.3013888888889,142.65115260786203,0.38454780967167085,60.079722050417644
2023-12-24T18:57:46.000Z,2024-01-05T00:43:17.000Z,d79903918bcd99d32d791bc9a9170629,loitering,"[122.790432, 29.606985, 122.787292, 29.158517]",29.3828,122.7889,[],['8486'],"['IWC', 'WCPFC', 'ACAP', 'APFIC']",['61'],['61'],[],[],[],[],45,60,18.417120999999998,59.639477,c0e53fcc6-6109-f212-cab4-dac279852d4b,88112-1-88%,800188112,,gear,,,,,269.7586111111111,179.97938795382566,0.3602520587097672,62.757971274919825
2023-12-24T18:59:09.000Z,2024-01-11T09:55:31.000Z,83bf487cdffb0e817a9cea40d8eee9a3,loitering,"[54.854081666666666, 25.496078333333333, 54.867715, 25.508876666666666]",25.5025,54.8609,[],['8360'],"['ACAP', 'RECOFI', 'IOTC', 'IWC']","['51.2', '51']",['51'],[],[],[],[],44,42,1.003629,0.0,076f05ecf-fee8-bcec-dd6f-d0021363fce2,MRC BELIZ,256197000,MLT,other,,,,,422.9394444444446,47.61612341856358,0.06079038058938493,42.00058670652006
2023-12-24T18:59:19.000Z,2024-01-03T14:59:02.000Z,f1890148d3cd2b8aaf01603eb9928693,loitering,"[-39.96794833333333, -22.440736666666666, -39.98342, -22.442831666666667]",-22.4418,-39.9757,[],['8464'],"['ACAP', 'ICCAT', 'IWC']","['41', '41.2.1', '41.2']",['41'],[],[],[],[],116,115,1.111949,1.5141930000000001,13faca3af-f8c6-36b4-f442-dcf8c9bd964b,MAERSK LAUNCHER,220580000,DNK,other,,,,,235.99527777777783,32.35442069131147,0.07402686078571738,116.099919008655
2023-12-24T18:59:55.000Z,2024-01-03T03:02:13.000Z,37afd301509882b06343f0f759d5b300,loitering,"[122.82527, 29.587537, 122.90494, 29.15297]",29.3703,122.8651,[],['8486'],"['IWC', 'ACAP', 'WCPFC', 'APFIC']",['61'],['61'],[],[],[],[],50,69,22.87316,66.513164,9fe6decfc-c2d2-4f20-620b-cff6a3a6e706,88006-4-84%,800488006,,gear,,,,,224.03833333333336,148.40992320210648,0.3576840915616471,63.080505604726746
2023-12-24T19:07:44.000Z,2024-01-18T02:18:13.000Z,aa7a2a5423d28904796861e2fc9f5c5c,loitering,"[122.926347, 31.221672, 122.783647, 31.204428]",31.2131,122.855,[],['8486'],"['PICES', 'WCPFC', 'ACAP', 'IWC']",['61'],['61'],['8486'],[],[],[],46,38,11.848327,1.111949,f1405daad-d2e6-90b8-0cb0-25dc7c7a2098,NET177-ZSY0146999%,14690177,,gear,,,,,583.1747222222222,103.08612135665815,0.09544661393464784,43.43328450744638
2023-12-24T19:15:34.000Z,2024-01-01T03:51:54.000Z,ecc9bab80c832a1ced83fd0653d300d9,loitering,"[123.083807, 33.686373, 123.082827, 33.686272]",33.6863,123.0833,[],['8486'],"['WCPFC', 'IWC', 'ACAP', 'PICES']",['61'],['61'],[],[],[],[],190,190,184.14857800000001,184.14857800000001,8e82671d0-04c1-0c6a-b6c8-a9c1eea61ecb,SUQIYU01368-8885%,96013125,,gear,,,,,176.60555555555555,4.029420011407301,0.012319616686438769,190.00000000000003
2023-12-24T19:25:24.000Z,2024-01-01T17:53:43.000Z,90f4f88c8689e13242ccad83170af4cd,loitering,"[122.828887, 29.442822, 122.839295, 29.461215]",29.452,122.8341,[],['8486'],"['ACAP', 'WCPFC', 'IWC', 'APFIC']",['61'],['61'],[],[],[],[],59,59,34.784422,33.53475,007878d9e-e2d7-a7fe-c027-4a70e7d65efd,ZHELINYU12358-06-95%,591235806,,gear,,,,,190.47194444444443,132.20606249715811,0.3747825597709187,58.851658353359994
2023-12-24T19:27:22.000Z,2024-01-01T13:06:27.000Z,42da63fba182dddb4dd425461030697a,loitering,"[123.035287, 33.555898, 123.03346, 33.560725]",33.5583,123.0344,[],['8486'],"['ACAP', 'WCPFC', 'PICES', 'IWC']",['61'],['61'],[],[],[],[],197,198,172.339062,171.594797,17f30727e-e7f3-cce7-8733-5b5ebe6b360e,,60335688,,gear,,,,,185.6513888888889,5.0620427579160605,0.01472267157751458,197.74125248558346
2023-12-24T19:33:15.000Z,2024-01-03T18:42:45.000Z,840db5b2e4e972d69fe693f97019ee01,loitering,"[122.83947, 29.437088, 122.836387, 29.45164]",29.4444,122.8379,[],['8486'],"['APFIC', 'IWC', 'ACAP', 'WCPFC']",['61'],['61'],[],[],[],[],60,60,35.331343999999994,34.426812,6d67d96eb-bce8-5d51-355e-ea6cd9acdd80,LIN12338-7-99%,715123387,,gear,chn-shipu,CHN,SHIPU,413d954607316911b8d62a187c48271e,239.1583333333333,191.89275450441096,0.4332435206600187,59.892905688202234
2023-12-24T19:34:57.000Z,2024-01-08T05:39:44.000Z,e29bcf056e7f1063c98cbd16da46bf7e,loitering,"[122.921215, 31.141637, 122.93505, 31.187978]",31.1648,122.9281,[],['8486'],"['PICES', 'WCPFC', 'IWC', 'ACAP']",['61'],['61'],['8486'],[],[],[],38,44,9.517243,11.630471,fbaf9780e-ea4b-8fb7-ce5b-68b025aa0fda,NET165-ZSY0141999%,14190165,,gear,chn-shanghai,CHN,SHANGHAI,80193f3fc992e5873c0411e254bc36b0,346.07972222222224,42.90456579016398,0.06694010284380993,42.48135117828752
2023-12-24T19:37:16.000Z,2024-01-01T16:12:09.000Z,73e312a75b71e754cda7a083c50db019,loitering,"[122.934112, 31.18298, 122.929567, 31.191458]",31.1872,122.9318,[],['8486'],"['IWC', 'PICES', 'WCPFC', 'ACAP']",['61'],['61'],[],[],[],[],42,43,10.52401,10.698248,6b41f7e33-3903-018a-3616-c9b93f7167fe,NET174-ZSY0141999%,14190174,,gear,chn-shanghai,CHN,SHANGHAI,3ce9cd9f7fa99527d21c447675295af6,188.5813888888889,30.589164929068904,0.08758461167772813,42.88348171195858
2023-12-24T19:38:03.000Z,2024-01-01T13:24:32.000Z,54240d8d7d45ff99c0be15a4fe3dc30b,loitering,"[123.038, 33.55139, 123.03442, 33.556058]",33.5537,123.0362,[],['8486'],"['WCPFC', 'ACAP', 'PICES', 'IWC']",['61'],['61'],[],[],[],[],197,198,171.6805,171.594797,e9ab50fb6-6d10-c471-7bfb-ae0b51f33b9c,,60335693,,gear,,,,,185.7747222222222,32.838860670995196,0.09544660341802631,197.6342463672385
2023-12-24T19:39:08.000Z,2024-01-01T11:49:56.000Z,67cdeb4d52891c4e45dd30b5b08330ac,loitering,"[122.946525, 29.386058, 122.954652, 29.35972]",29.3729,122.9506,[],['8486'],"['WCPFC', 'IWC', 'APFIC', 'ACAP']",['61'],['61'],[],[],[],[],72,72,46.329812,48.86552,765d1e3ae-eb78-a2a8-def0-f3e2dbf9710a,LIN12568-5-63%,345125685,MEX,gear,,,,,184.18,146.0065939226694,0.42804459625335234,69.738879748217
2023-12-24T19:49:04.000Z,2024-01-02T01:17:00.000Z,5ded59a4840126270e534777dc20e35b,loitering,"[123.08472, 33.548763, 123.085707, 33.543857]",33.5463,123.0852,[],['8486'],"['WCPFC', 'IWC', 'PICES', 'ACAP']",['61'],['61'],[],[],[],[],194,193,174.687094,174.803688,f8951dbac-c7e7-0677-c0e2-20f9f26bd55f,SUQIYU03406-08_8.0V,34067308,,gear,,,,,197.46555555555557,3.3331253662586713,0.009114215961455993,193.4819090621852
2023-12-24T19:53:43.000Z,2024-01-03T03:04:46.000Z,b563a4748cac9a237303421ed6df7588,loitering,"[122.819332, 29.55143, 122.904643, 29.153023]",29.3522,122.862,[],['8486'],"['APFIC', 'ACAP', 'WCPFC', 'IWC']",['61'],['61'],[],[],[],[],51,69,24.808881,66.513164,64d9921e3-3916-b280-0521-a422f9cd8263,88006-5-91%,800588006,,gear,,,,,223.18416666666673,143.1707904912227,0.346377807782973,63.158250683260405
2023-12-24T19:54:41.000Z,2024-01-05T01:55:29.000Z,f4646d47498c2bd0bd1abfafefd4be02,loitering,"[122.6062, 31.3002, 122.6085, 31.29995]",31.3001,122.6074,[],['8486'],"['PICES', 'WCPFC', 'IWC', 'ACAP']",['61'],['61'],['8486'],[],[],[],48,48,0.0,0.0,d5900ad00-098e-83c0-36d4-2942404e9815,LIAO YOU 123,413200840,CHN,other,,,,,270.0133333333333,17.107714206921603,0.034211001966335454,47.99999999999999
2023-12-24T19:56:07.000Z,2024-01-03T03:07:27.000Z,4ca585873b6f4191cf3315d26d193981,loitering,"[122.819893, 29.54096, 122.90482, 29.153002]",29.347,122.8624,[],['8486'],"['IWC', 'WCPFC', 'ACAP', 'APFIC']",['61'],['61'],[],[],[],[],52,69,25.570361000000002,66.513164,a91aa3c20-09a6-1d11-ec6a-f8562756135c,88006-11-52%,801188006,,gear,,,,,223.1888888888889,174.96566249948475,0.42329123240882793,62.8389000051373
2023-12-24T19:58:27.000Z,2024-01-03T03:02:01.000Z,8ea4c2a2b2b96fa7db6214ba1b18ae65,loitering,"[122.823913, 29.501357, 122.904873, 29.152978]",29.3272,122.8644,[],['8486'],"['APFIC', 'WCPFC', 'IWC', 'ACAP']",['61'],['61'],[],[],[],[],55,69,28.844811,66.513164,d4f741571-1922-d134-83a4-f8bcf03d7264,88006-9-99%,800988006,,gear,chn-ningbo,CHN,NINGBO,c22514b17652f4de4b87c714b1f7ea6e,223.05944444444444,179.52188409595016,0.43456605448033697,63.40174574493287
2023-12-24T19:58:47.000Z,2024-01-03T03:04:23.000Z,ff46e44b0e30c4839e57638d6e920ee1,loitering,"[122.822847, 29.488367, 122.904713, 29.152992]",29.3207,122.8638,[],['8486'],"['WCPFC', 'APFIC', 'ACAP', 'IWC']",['61'],['61'],[],[],[],[],56,69,29.711113,66.513164,ecdb9ebbf-f694-c522-cb78-aff81e00af68,88006-13-95%,801388006,,gear,,,,,223.0933333333333,190.14504644008,0.4602114726365305,63.42897467528855
2023-12-24T19:59:57.000Z,2024-01-07T20:59:17.000Z,84293986679ae46980734e9040ae42eb,loitering,"[122.63321666666667, 31.211095, 122.63217333333333, 31.213515]",31.2123,122.6327,[],['8486'],"['WCPFC', 'IWC', 'PICES', 'ACAP']",['61'],['61'],['8486'],[],[],[],38,38,0.0,0.0,e4f8485b0-0444-34b4-7a1b-7b99e1f8abd2,YING SHUN,352614000,PAN,cargo,,,,,336.9888888888889,30.999717191521835,0.0496708014853408,38.10208878580834
2023-12-24T20:05:26.000Z,2024-01-01T09:02:27.000Z,2a01a117a7d40142ff711d7c043889f8,loitering,"[-167.256092, -2.659455, -166.965892, -3.103677]",-2.8816,-167.111,[],[],"['ACAP', 'IWC', 'WCPFC', 'SPRFMO']",['77'],['77'],[],['63203'],[],[],401,422,1138.573875,1146.33225,38c376d73-39e7-8c94-ebe6-0aedf52d6c05,994110147         9V,994110147,,gear,kor-busan,KOR,BUSAN,b8326b99405afeb935e749b7997333f8,180.95027777777773,158.83211901852803,0.4739560741468826,425.072268785676
2023-12-24T20:07:09.000Z,2024-01-15T22:16:11.000Z,770f7291c2a78a0923c7d3ed7739cb78,loitering,"[122.687958, 31.452615, 122.616218, 31.47384]",31.4632,122.6521,[],['8486'],"['PICES', 'ACAP', 'WCPFC', 'IWC']",['61'],['61'],[],[],[],[],65,67,17.320977,11.823834999999999,60d04b398-8937-d2a7-f4d3-b4ccfe3f4489,ZHELINYU21998-55-,232199855,GBR,gear,,,,,530.1505555555558,21.79819540391159,0.022201398806543225,65.28721931588362
2023-12-24T20:19:34.000Z,2024-01-01T18:58:32.000Z,3a8d0d5feb66c7056020739d979d4555,loitering,"[122.856837, 29.458917, 122.896023, 29.299098]",29.379,122.8764,[],['8486'],"['ACAP', 'IWC', 'WCPFC', 'APFIC']",['61'],['61'],[],[],[],[],61,69,34.740055,51.585660000000004,f4c517372-2a03-4be2-289e-aec91aadc98e,LIN12225-14-94%,341222514,KNA,gear,,,,,190.64944444444444,169.961365399386,0.48136408600322533,66.97772143140094
2023-12-24T20:40:34.000Z,2024-01-03T01:06:35.000Z,846cdf9aad3b7b2bce4d3587332a6daf,loitering,"[-90.21342333333334, 27.40656, -90.20166666666667, 27.4]",27.4033,-90.2075,[],['8456'],"['NAMMCO', 'ICCAT', 'IWC', 'ACAP']",['31'],['31'],[],[],[],[],183,184,5.9226980000000005,4.866478,41c91297c-c593-8b4d-6a46-50ab52bb17cc,HOS CALEDONIA,367612490,USA,other,usa-usa-6,USA,,4e577ced0d5b11f34e4ff268046bc6a6,220.43361111111108,26.081564460087012,0.06388734505598784,183.97750369120627
2023-12-24T20:48:06.000Z,2024-01-02T15:18:53.000Z,58f65b59e4bb71a66632701a1173b176,loitering,"[120.226232, 35.384262, 120.18257, 35.40933]",35.3968,120.2044,[],['8486'],"['ACAP', 'PICES', 'IWC', 'WCPFC']",['61'],['61'],[],[],[],[],40,34,30.641971,25.35368,050e92d2f-fa79-cf4b-050c-584ee09433ab,LURIKAIYU63313-11,63313011,,gear,,,,,210.51305555555558,8.068653670350804,0.020695744653633354,37.11360090769867
2023-12-24T20:51:53.000Z,2024-01-02T10:26:26.000Z,a1e5a160cf4e76384518776ccf4e8e9e,loitering,"[125.127533, 32.434257, 125.09472, 32.43728]",32.4358,125.1111,[],['8327'],"['ACAP', 'WCPFC', 'PICES', 'IWC']",['61'],['61'],[],[],[],[],134,136,135.924656,138.126312,1a512848d-da60-ec9b-507f-b391c5dfc349,MINFUDINYU02096,412446183,CHN,fishing,chn-zhoushan,CHN,ZHOUSHAN,62d5a899875665a6a43ebf603b0df364,205.5758333333333,79.06982938287427,0.20768147515734053,136.40535847936755
2023-12-24T20:58:35.000Z,2024-01-03T02:28:20.000Z,a80a2637ea6299d5e4c437944b4be8a8,loitering,"[-146.576332, -8.902792, -146.462152, -9.16202]",-9.0324,-146.5192,[],[],"['WCPFC', 'ACAP', 'IWC', 'SPRFMO', 'IATTC']",['77'],['77'],[],['63203'],[],[],415,421,621.031375,591.102,061074dbc-ca74-81a0-aaef-9d2a82e5ff19,BUOY-020          9V,994208100,,gear,twn-kaohsiung,TWN,KAOHSIUNG,2603d1056f9092ba15028d101631f58f,221.49583333333317,185.48149102014787,0.45216197291043375,430.3303516895457
2023-12-24T21:21:36.000Z,2024-01-01T05:58:56.000Z,1be948cf0de9b44110a22797703cf80b,loitering,"[-167.372253, -2.520057, -167.116758, -3.011608]",-2.7658,-167.2445,[],[],"['IWC', 'WCPFC', 'ACAP', 'SPRFMO']",['77'],['77'],[],['63203'],[],[],395,407,1138.2655,1152.02975,25f396533-3190-5f8c-b6d9-b185becee8f9,994110149         9V,994110149,,gear,,,,,176.62222222222226,198.77639003388046,0.6076849380262078,414.9908856282477
2023-12-24T21:24:03.000Z,2024-01-04T19:04:04.000Z,a844973f6be03d0b73a1bee83ff99ea2,loitering,"[116.268065, 22.241377, 116.174885, 22.376435]",22.3089,116.2215,[],['8486'],"['ACAP', 'IWC', 'APFIC', 'WCPFC']",['61'],['61'],[],[],[],[],68,50,71.63092200000001,53.340292999999996,6448407b3-3060-408c-4fa3-39a93c95f2c6,TIELONG68986-56-53%,689861056,,gear,,,,,261.6669444444444,83.5785354687806,0.17246656410899872,61.894970454434464
2023-12-24T21:24:25.000Z,2024-01-07T08:27:13.000Z,e8a86a60130f3a02f8f7ab4020924283,loitering,"[123.396107, 37.040775, 123.626953, 36.866775]",36.9538,123.5115,[],['8486'],"['ACAP', 'WCPFC', 'PICES', 'IWC']",['61'],['61'],[],[],[],[],72,97,67.52857,94.26351600000001,5af116e5a-a79f-0b56-505f-15066736157a,LURONGYU51998-16099%,519980160,,gear,,,,,323.04666666666674,80.1717214612914,0.13400313612413536,67.75872576691377
2023-12-24T21:41:30.000Z,2024-01-05T05:57:43.000Z,4785c0953f836f915aca5dadd7b371f1,loitering,"[121.39644, 34.569488, 120.798727, 34.87009]",34.7198,121.0976,[],['8486'],"['ACAP', 'WCPFC', 'IWC', 'PICES']",['61'],['61'],[],[],[],[],107,79,87.38373399999999,71.35274199999999,6b9b0c3da-ae7c-44ff-5bb3-83ce527b384b,,60956515,,gear,,,,,272.2702777777778,262.3092803965448,0.5202025050831658,88.25761820418306
2023-12-24T22:04:17.000Z,2024-01-02T10:56:46.000Z,081f9698fc6b059026c91ff8a6d10042,loitering,"[123.170693, 29.797393, 123.126347, 29.692143]",29.7448,123.1485,[],['8486'],"['IWC', 'ACAP', 'WCPFC', 'APFIC']",['61'],['61'],[],[],[],[],53,60,46.726578,47.442862999999996,274deea48-835b-2ad9-273b-48354f5db310,ZHEDAIYU04614-17_8.2,46140017,,gear,,,,,204.87472222222223,122.02791967483512,0.32161022465478595,53.143128512769806
2023-12-24T22:05:10.000Z,2024-01-01T12:43:31.000Z,9be991026884f73cd03e5cfaaf685f89,loitering,"[123.144533, 29.77105, 122.9752, 29.742992]",29.757,123.0599,[],['8486'],"['ACAP', 'WCPFC', 'APFIC', 'IWC']",['61'],['61'],[],[],[],[],53,48,48.471027,32.905137,eb39ffce9-93a7-f3a4-fd6c-f8a53b903118,ZHEDAIYU04585-2268%,96458522,,gear,,,,,182.63916666666668,104.9320411317674,0.31022244868758686,50.607938890281545
2023-12-24T22:23:40.000Z,2024-01-08T10:28:45.000Z,51df8a9b4c9d27ac75ea149ac3bf52c0,loitering,"[123.93116, 33.736328, 123.909367, 33.718102]",33.7272,123.9203,[],['8327'],"['WCPFC', 'ACAP', 'PICES', 'IWC']",['61'],['61'],[],[],[],[],113,115,115.997398,118.443797,87269c3d4-4d0d-c475-55fa-c1db229c7899,,66857811,,gear,chn-zhoushan,CHN,ZHOUSHAN,cf0eebdfa07a68e1a12e88cd3564894a,348.0847222222223,46.68627162363232,0.0724207883363196,113.64075222252349
2023-12-24T22:27:27.000Z,2024-01-03T12:23:31.000Z,d59c0ee6bf70f89dfe1b662e2e077b59,loitering,"[106.351603, -14.166053, 106.358857, -14.187698]",-14.1769,106.3552,[],[],"['ACAP', 'IWC', 'IOTC', 'SEAFDEC', 'CCSBT']","['57', '57.2']",['57'],[],['63203'],[],[],406,408,422.377344,424.75693800000005,c5ac9e350-0989-5a6b-f976-f46132ec444b,994080670         9V,994080670,,gear,,,,,229.93444444444447,40.87541798796428,0.09598805472587837,404.96033426028464
2023-12-24T22:28:39.000Z,2024-01-01T04:21:50.000Z,730d019379f50115bfcfce66c025b2f2,loitering,"[124.221013, 32.891187, 124.220733, 32.89231]",32.8917,124.2209,[],['8327'],"['IWC', 'ACAP', 'WCPFC', 'PICES']",['61'],['61'],[],[],[],[],153,153,154.147703,154.147703,8c040dcc3-347f-165f-42dd-d0dc9028b254,,48050058,,gear,,,,,173.88638888888886,5.398131648532147,0.016762427054811554,153.00000000000006
2023-12-24T22:30:16.000Z,2024-01-01T01:26:44.000Z,fbb2e6e828097474e79643b93a75d637,loitering,"[123.66168, 33.103557, 123.6638, 33.092587]",33.0981,123.6627,[],['8327'],"['IWC', 'WCPFC', 'PICES', 'ACAP']",['61'],['61'],[],[],[],[],171,171,172.348734,173.03865599999997,cfad2394a-ac71-6f81-8f1c-b8e225f80696,SUQIYU02399-32_8.2V,23997332,,gear,,,,,170.94111111111113,23.65593520954585,0.07472271050232938,169.59068255288352
2023-12-24T22:30:51.000Z,2024-01-01T18:05:41.000Z,26a2d71bd6564f14286a03ef16acb1c4,loitering,"[67.987563, 9.674262, 68.502898, 9.129478]",9.4019,68.2452,[],[],"['IWC', 'ACAP', 'IOTC']","['51.4', '51']",['51'],[],['63203'],[],[],471,426,518.746656,480.980031,d5b3d7712-2071-5111-9250-341e0b7a9156,IMULA 0905KLT NET 1,994179667,,gear,,,,,187.58055555555552,245.85246008846465,0.7076943986967609,457.4921606230255
2023-12-24T22:33:03.000Z,2024-01-01T04:24:06.000Z,61a19c0524624b7233c3aac8aa0bb737,loitering,"[124.202633, 32.865593, 124.201333, 32.811125]",32.8384,124.202,[],['8327'],"['PICES', 'IWC', 'ACAP', 'WCPFC']",['61'],['61'],[],[],[],[],156,162,157.030078,162.661719,605d7d749-9167-2239-3a23-b6c15587f27b,ZHEDAIYU06126-02-80%,61260602,,gear,,,,,173.85083333333333,11.825550858724428,0.03672853628798594,159.2534961159131
2023-12-24T22:34:43.000Z,2024-01-01T01:57:10.000Z,23a750d07c07babe2c1290266e1c86f3,loitering,"[124.202433, 32.907497, 124.197007, 32.89481]",32.9012,124.1997,[],['8327'],"['PICES', 'IWC', 'WCPFC', 'ACAP']",['61'],['61'],[],[],[],[],153,154,153.322016,155.171188,ea6da70e0-04a4-a6de-97de-2223b33ec9c1,,48050076,,gear,,,,,171.37416666666667,12.650296180637394,0.039857894695126836,153.05650228835898
2023-12-24T22:41:47.000Z,2024-01-01T16:43:51.000Z,9d26991e573dbf186dc7daeb15982d57,loitering,"[124.285183, 31.191943, 123.419967, 31.543007]",31.3675,123.8526,[],['8486'],"['WCPFC', 'ACAP', 'IWC', 'PICES']",['61'],['61'],[],[],[],[],149,102,119.659633,70.275406,bba115c63-3d74-7a2a-ce17-867564005612,SUGANYU02127-32-74%,21272332,,gear,,,,,186.03444444444446,392.5386558410055,1.1393262063575091,133.1247465672554
2023-12-24T22:44:01.000Z,2024-01-01T03:45:33.000Z,df4526ad2f0d44db451518a641400a89,loitering,"[124.221527, 32.908072, 124.22148, 32.90846]",32.9083,124.2215,[],['8327'],"['ACAP', 'PICES', 'WCPFC', 'IWC']",['61'],['61'],[],[],[],[],152,152,152.286344,152.286344,259225c14-403f-3129-7c34-7af912858fc4,,48050075,,gear,,,,,173.02555555555554,4.7061164387514935,0.014686267475342891,152.0
2023-12-24T22:45:14.000Z,2024-01-03T20:07:07.000Z,1dd6dba953a0d4fe607e55041c8e83d8,loitering,"[123.544383, 27.590147, 123.572672, 26.625858]",27.108,123.5585,[],['48954'],"['IWC', 'ACAP', 'APFIC', 'WCPFC']",['61'],['61'],[],[],[],[],183,78,183.434344,222.817906,244c3977a-adc6-7db7-8dd2-5658c7b3a229,11333-22-57%,191133322,,gear,,,,,237.3647222222222,197.00946558535864,0.4481567449959992,144.8474461337974
2023-12-24T22:46:12.000Z,2024-01-01T03:49:22.000Z,0baa2f2a277c32eb899fa88ae3b9c786,loitering,"[124.08251, 32.907762, 124.082423, 32.908293]",32.908,124.0825,[],['8327'],"['WCPFC', 'ACAP', 'PICES', 'IWC']",['61'],['61'],[],[],[],[],159,159,159.847484,159.847484,6c2aaed00-090e-93c4-4f96-61c57f83039c,ZHE DAI YU 04424-5,44240005,,gear,,,,,173.0527777777778,4.714215928140884,0.014709229149893947,158.99999999999997
2023-12-24T22:48:05.000Z,2024-01-02T10:19:49.000Z,a9e457cae7d600dbf6c5892fdb0c5a3a,loitering,"[125.48306, 31.093457, 125.64145, 31.147682]",31.1206,125.5623,[],['8327'],"['IWC', 'ACAP', 'PICES', 'WCPFC']",['61'],['61'],[],[],[],[],243,232,225.652875,236.144438,5fdda7e72-28e8-9103-244a-ba0301da47b5,42188-6-72%,934218806,,gear,,,,,203.52888888888884,232.1833553747579,0.6159763514073936,224.80271159370895
2023-12-24T22:53:45.000Z,2024-10-22T22:15:17.000Z,e7a5f3275676ddc1fc7283f4a912e88d,loitering,"[119.48249333333334, 38.14024333333333, 119.4828, 38.14040333333333]",38.1403,119.4826,[],['8486'],"['PICES', 'IWC', 'ACAP', 'WCPFC']",['61'],['61'],[],[],[],[],47,47,0.0,0.0,48434c5a7-7253-949e-2e9f-6ff4ab1f3aeb,BZ34-1WHPF,413283840,CHN,other,chn-jingtang,CHN,JINGTANG,7df4f7a7316466cbc9a00968263589aa,7271.358888888892,17.79055765731529,0.001321091805689512,47.0
2023-12-24T22:54:28.000Z,2024-01-01T03:36:36.000Z,9cc7c9aee899b88b7a27c117df7285fe,loitering,"[124.141952, 32.922302, 124.168153, 32.98425]",32.9533,124.1551,[],['8327'],"['WCPFC', 'PICES', 'IWC', 'ACAP']",['61'],['61'],[],[],[],[],155,148,155.61759400000003,148.58068799999998,98687b04b-bf88-b737-3582-9fe128348146,ZHEDAIYU04535-78A,45350078,,gear,,,,,172.70222222222222,41.87430137161887,0.1309208047506617,151.02039604845453
2023-12-24T22:55:24.000Z,2024-01-01T01:59:02.000Z,0da8bea5ed37f7dd2951a10983d30ebc,loitering,"[123.791382, 33.482775, 123.79223, 33.48212]",33.4824,123.7918,[],['8327'],"['ACAP', 'IWC', 'PICES', 'WCPFC']",['61'],['61'],[],[],[],[],137,137,139.14025,139.14025,587497e14-4c2c-a13c-d1c5-f25a7a53d466,ZHEDAIYU02695-12A7V4,202695012,AND,other,,,,,171.06055555555557,3.7329236047690264,0.011783064135559207,136.99999999999994
2023-12-24T22:56:15.000Z,2024-01-01T03:54:04.000Z,1c6140c991f3c0ca7d95cf4ec46796d8,loitering,"[124.219373, 32.882712, 124.219507, 32.883152]",32.8829,124.2194,[],['8327'],"['ACAP', 'IWC', 'PICES', 'WCPFC']",['61'],['61'],[],[],[],[],154,154,155.081953,155.081953,e78781ab1-1554-b0b5-e6f6-a71acca513ec,,48050080,,gear,,,,,172.9636111111111,5.828165286715652,0.01819433277329647,154.0
2023-12-24T22:56:20.000Z,2024-01-04T09:59:04.000Z,8c3d24cadd1212610c2ecf35bac078c5,loitering,"[123.136568, 29.791893, 123.06952, 29.615907]",29.7039,123.103,[],['8486'],"['IWC', 'APFIC', 'ACAP', 'WCPFC']",['61'],['61'],[],[],[],[],52,64,46.437941,43.007281000000006,3fffa534b-b325-647a-1e40-bc4b3aeedbd5,MINXIAYU09793-11-99%,101000040,,gear,chn-zhoushan,CHN,ZHOUSHAN,d0a70746577c49450191d1624a2f042d,251.04555555555558,132.19680832326037,0.2843331199045281,56.47841706570206
2023-12-24T22:58:31.000Z,2024-01-01T16:59:57.000Z,f4b2e6c0bc8e5e22c6f5009a6345bb17,loitering,"[104.80892666666666, 1.8846616666666667, 104.802195, 1.8878266666666668]",1.8862,104.8056,[],['8483'],"['SEAFDEC', 'APFIC', 'ACAP', 'IWC', 'WCPFC']",['71'],['71'],[],[],[],[],67,66,43.242195,43.299991999999996,81b717d61-1aa8-2853-62d4-7563862aaec4,ZEVS,613833000,CMR,other,mys-telokramunia,MYS,TELOK RAMUNIA,61754b7acc9acad0568fc755592274ff,186.0238888888889,2.81228528509084,0.008162997677412376,66.99845114425474
2023-12-24T22:58:42.000Z,2024-01-26T14:59:02.000Z,a089db4c39236ae45ef5ca7004b8419a,loitering,"[48.933245, 29.614888333333333, 48.92428833333334, 29.619023333333335]",29.617,48.9288,[],['8469'],"['RECOFI', 'IWC', 'IOTC', 'ACAP']","['51.2', '51']",['51'],[],[],[],[],45,44,2.230335,0.966643,a1d1e6dd8-8272-90b7-1ea3-ac51de24a3bc,EASTERN HERO,511101182,PLW,other,,,,,784.0055555555552,29.92432389203272,0.020609346655542628,44.000019879621746
2023-12-24T22:59:07.000Z,2024-01-04T10:50:30.000Z,5e57ac6a7bc634e4d98d6ab5e8ea1dd2,loitering,"[123.13952, 29.773227, 123.029173, 29.609098]",29.6912,123.0843,[],['8486'],"['IWC', 'ACAP', 'APFIC', 'WCPFC']",['61'],['61'],[],[],[],[],53,63,48.471027,39.617608999999995,8ab7bb00a-a1cb-7491-4666-3f5e3ae503f6,,48580015,,gear,,,,,251.85638888888886,118.84204866235743,0.2547863605721976,54.62406428089734
2023-12-24T23:02:23.000Z,2024-01-01T03:13:39.000Z,d982d90868a6a19ce7ed3630c1769e7a,loitering,"[124.180787, 32.956125, 124.180827, 32.956182]",32.9562,124.1808,[],['8327'],"['WCPFC', 'ACAP', 'PICES', 'IWC']",['61'],['61'],[],[],[],[],149,149,149.826516,149.826516,4d5c60495-577e-e33c-8752-0e17c0990c9b,,36180006,,gear,chn-ganjiang,CHN,GANJIANG,717eb2bcb9297f9e88172a2fefaebf15,172.18777777777777,32.14679659375681,0.1008078607792245,149.10810083790346
2023-12-24T23:04:34.000Z,2024-01-01T14:23:59.000Z,3cec83e18913c1373be971b43c039f48,loitering,"[124.10316, 32.93653, 124.028473, 32.721658]",32.8291,124.0658,[],['8327'],"['ACAP', 'WCPFC', 'IWC', 'PICES']",['61'],['61'],[],[],[],[],155,179,156.063141,179.72453099999998,525cb351d-d1d7-7fb4-9b39-d5745b880cc9,,48500009,,gear,,,,,183.3236111111111,60.62018060401402,0.178549171846791,164.99407466176143
2023-12-24T23:04:48.000Z,2024-01-01T03:29:17.000Z,79e1eebaa335e43a77038468b7aaf50f,loitering,"[124.146888, 32.932778, 124.174142, 32.976348]",32.9546,124.1605,[],['8327'],"['PICES', 'ACAP', 'WCPFC', 'IWC']",['61'],['61'],[],[],[],[],153,148,154.169625,148.58068799999998,9e77c96fc-c381-a0d4-be89-5af267b48b2f,ZHEYU07159-21-58%,107000068,,gear,,,,,172.40805555555556,9.947455647008143,0.031153975586397854,150.652884028102
2023-12-24T23:07:03.000Z,2024-01-01T02:56:12.000Z,343dab98ac614d1cb220721e0aa0d5c4,loitering,"[-167.526373, -2.337407, -167.301893, -2.929262]",-2.6333,-167.4141,[],[],"['IWC', 'WCPFC', 'SPRFMO', 'ACAP']",['77'],['77'],[],['63203'],[],[],385,389,1140.016125,1161.28025,78df4ccdb-be96-e0c0-b2a6-03a891b1c212,994110150         9V,994110150,,gear,,,,,171.8191666666667,194.61802755542638,0.6116042237450378,404.91445514506415
2023-12-24T23:07:09.000Z,2024-01-01T02:51:08.000Z,f0398f9fd914f5460ca846df54d0ec64,loitering,"[124.19732, 32.915328, 124.193507, 32.910687]",32.913,124.1954,[],['8327'],"['PICES', 'ACAP', 'WCPFC', 'IWC']",['61'],['61'],[],[],[],[],152,153,152.401203,153.845641,a2574d486-6ede-93e9-2a9b-f0cddbe5df24,,48050062,,gear,,,,,171.73305555555555,25.96515653449228,0.08163869721083755,151.7282903278985
2023-12-24T23:07:32.000Z,2024-01-01T03:13:36.000Z,e91b73bcea7e7e8da55b56dccb8c01a6,loitering,"[124.1206, 32.950903, 124.12084, 32.950822]",32.9509,124.1207,[],['8327'],"['PICES', 'WCPFC', 'ACAP', 'IWC']",['61'],['61'],[],[],[],[],153,153,154.04757800000002,154.04757800000002,4a56fcf5b-bddf-6785-df05-ec020c36028b,,48641203,,gear,,,,,172.10111111111112,3.5930643283402506,0.011273021520987333,153.00000000000003
2023-12-24T23:10:37.000Z,2024-01-01T02:28:32.000Z,1de31575677352c88f8769ab119d976e,loitering,"[124.173312, 32.924672, 124.17409, 32.924352]",32.9245,124.1737,[],['8327'],"['WCPFC', 'ACAP', 'IWC', 'PICES']",['61'],['61'],[],[],[],[],153,153,153.99265599999998,153.99265599999998,bb1dbffd9-9f70-041f-1c01-80ed523b00ae,ZHEDAIYU08535-04-76%,85350004,,gear,,,,,171.29861111111111,4.5196958990602845,0.01424670366221222,152.34285412906488
2023-12-24T23:10:38.000Z,2024-01-08T23:55:32.000Z,bdcc16a0b0fc6f9c121374f377075b19,loitering,"[-9.37564, -9.418877, -9.498383, -10.049448]",-9.7342,-9.437,[],[],"['ICCAT', 'IWC', 'ACAP']","['47.A', '47', '47.A.0']",['47'],[],['63203'],[],[],566,577,577.508625,588.952375,c5458fb0e-e7d7-82be-b654-f987e002d125,,111112916,,gear,,,,,360.7483333333334,250.30630608515514,0.3746506371068019,568.6506686736392
2023-12-24T23:11:18.000Z,2024-01-01T04:25:57.000Z,d21c648b05e9f0dd8deee82614bfc38d,loitering,"[124.23532, 32.916592, 124.11604, 32.767303]",32.8419,124.1757,[],['8327'],"['ACAP', 'PICES', 'IWC', 'WCPFC']",['61'],['61'],[],[],[],[],150,170,150.333125,170.4275,9105e94d2-2229-0e96-e093-36620098b7d5,,44306552,,gear,,,,,173.2441666666667,24.209161045376344,0.07545362977535308,162.17261418758295
2023-12-24T23:13:00.000Z,2024-01-01T00:59:30.000Z,fd8fb5f682e2cd49aa93b5f7ac81cdf9,loitering,"[124.031667, 33.040803, 124.034173, 33.042057]",33.0414,124.0329,[],['8327'],"['IWC', 'PICES', 'ACAP', 'WCPFC']",['61'],['61'],[],[],[],[],151,151,151.672438,151.672438,44b7165c1-1263-ba7d-406f-248838ca0858,SUQIYU01629-08_8.1V,16297308,,gear,,,,,169.775,3.052350893838581,0.00970777577182919,150.99482709875298
2023-12-24T23:13:21.000Z,2024-01-01T03:27:23.000Z,3efe76dec727ab775bc4c2bdea5176f0,loitering,"[124.120967, 32.967822, 124.121173, 32.967577]",32.9677,124.1211,[],['8327'],"['IWC', 'PICES', 'ACAP', 'WCPFC']",['61'],['61'],[],[],[],[],151,151,152.281203,152.281203,5aec61a0e-ef3e-bab8-2f2b-4749149dd713,,48640011,,gear,,,,,172.23388888888888,3.8866425982219797,0.012184704921019604,151.00000000000003
2023-12-24T23:13:46.000Z,2024-01-01T03:12:50.000Z,94d4439e2778246bf78adcc9d4328e58,loitering,"[124.174493, 32.938973, 124.17454, 32.939005]",32.939,124.1745,[],['8327'],"['WCPFC', 'ACAP', 'IWC', 'PICES']",['61'],['61'],[],[],[],[],151,151,152.177547,152.177547,0d1f3b0cb-bba5-7d8c-caba-96ec04af1ca9,,45350070,,gear,,,,,171.98444444444445,2.820148694549038,0.008854047697728974,151.00000000000003
2023-12-24T23:15:13.000Z,2024-01-01T03:06:43.000Z,f4e2ce9f535c9c2361c7fb3fa817e166,loitering,"[124.147947, 32.974987, 124.14833, 32.974722]",32.9749,124.1481,[],['8327'],"['ACAP', 'WCPFC', 'IWC', 'PICES']",['61'],['61'],[],[],[],[],150,150,150.587,150.587,ece7e4485-5d07-eee3-162b-b0f932c9349f,ZHEDAIYU02301-5175%,96230151,,gear,,,,,171.85833333333332,3.926846548018355,0.012337647343621005,149.2489163963836
2023-12-24T23:15:29.000Z,2024-01-01T04:20:15.000Z,14a349b4ee55181f0aabcf31dad449b9,loitering,"[124.102313, 32.951623, 124.02752, 32.795688]",32.8737,124.0649,[],['8327'],"['ACAP', 'WCPFC', 'IWC', 'PICES']",['61'],['61'],[],[],[],[],154,172,155.181875,172.451266,c21397c9a-ad08-8189-7bcf-fbe347abac15,,64890039,,gear,,,,,173.07944444444448,46.85992759243259,0.14618914911700084,162.60155144364512
2023-12-24T23:17:18.000Z,2024-01-01T18:20:36.000Z,00ec4957cf4362cc52c71555730db12a,loitering,"[121.419553, 34.48782, 121.062567, 34.80338]",34.6456,121.2411,[],['8486'],"['WCPFC', 'ACAP', 'PICES', 'IWC']",['61'],['61'],[],[],[],[],107,90,85.93379700000001,78.087375,aeaed2ebe-e404-0691-8557-e97922f9dc8f,,60956534,,gear,,,,,187.05499999999998,187.14386276468574,0.5402133165367209,92.64074577488618
2023-12-24T23:17:19.000Z,2024-01-01T02:53:22.000Z,4d127eb26d0e2635dc503928ae6a2145,loitering,"[124.06574, 32.991567, 124.066087, 32.991132]",32.9913,124.0659,[],['8327'],"['PICES', 'IWC', 'ACAP', 'WCPFC']",['61'],['61'],[],[],[],[],153,153,153.452766,153.452766,e8cc753ac-cbf2-e388-e313-f94651b35cce,,577560069,VUT,gear,,,,,171.60083333333336,4.706174573964914,0.014808383677989301,153.0
2023-12-24T23:19:49.000Z,2024-01-01T02:38:38.000Z,4bc771eb70503b2ffa94795f3ae36dcf,loitering,"[124.255695, 32.989447, 124.257428, 32.987137]",32.9883,124.2566,[],['8327'],"['IWC', 'WCPFC', 'ACAP', 'PICES']",['61'],['61'],[],[],[],[],142,142,142.816938,142.816938,e1c2cd1dd-d889-bfd8-b23b-b38a81d18204,SU QI YU 03186-W65,31865565,,gear,,,,,171.31361111111113,30.86723590229925,0.09728925752729203,141.6569386659453
2023-12-24T23:20:08.000Z,2024-01-01T03:10:32.000Z,e1c39b1ac03e96c29f2832e1766ace41,loitering,"[124.16764, 32.946608, 124.16794, 32.945497]",32.9461,124.1678,[],['8327'],"['ACAP', 'PICES', 'IWC', 'WCPFC']",['61'],['61'],[],[],[],[],150,150,151.27409400000002,151.27409400000002,37191f708-821f-1d0f-76ad-021b5ae2c16e,,45350074,,gear,,,,,171.84,30.39360329213241,0.09550298463175728,150.32124593396563
2023-12-24T23:23:20.000Z,2024-01-03T11:09:13.000Z,a56f1f452775c84ee833b3c34a65ddde,loitering,"[96.86991166666667, 13.046375, 96.86833333333334, 13.043333333333333]",13.0449,96.8691,[],['8482'],"['IWC', 'ACAP', 'APFIC', 'SEAFDEC', 'IOTC']","['57', '57.1']",['57'],[],[],[],[],108,108,0.0,1.111949,77b653b57-7896-1752-05da-960f1d3da9d9,HAI DUONG 55,574005360,VNM,other,,,,,227.76472222222225,170.33302136373445,0.40380473692841296,108.64659171284603
2023-12-24T23:23:32.000Z,2024-01-01T03:13:47.000Z,18c82fab348e6e8c7ecd4a4c2d170efc,loitering,"[124.212533, 32.949588, 124.212847, 32.949208]",32.9494,124.2127,[],['8327'],"['ACAP', 'IWC', 'WCPFC', 'PICES']",['61'],['61'],[],[],[],[],148,148,149.121969,149.121969,6d98cfa25-5e14-ce0b-856f-5e092230a1e4,,320930,,other,,,,,171.8375,5.539578456349873,0.01740675391449985,148.0
2023-12-24T23:25:28.000Z,2024-01-01T02:02:39.000Z,9d8e90cecc2f32ba85aebae1e25e0ce7,loitering,"[124.128247, 32.958802, 124.129833, 32.951133]",32.955,124.129,[],['8327'],"['ACAP', 'WCPFC', 'PICES', 'IWC']",['61'],['61'],[],[],[],[],152,153,152.59782800000002,153.48568799999998,f472aae0d-dce1-bedd-911e-a3bb03bea4c4,,48640064,,gear,,,,,170.61972222222224,33.062146889630135,0.10463111132402922,151.65128758451652
2023-12-24T23:25:32.000Z,2024-01-01T02:30:56.000Z,ebaa5049b0f9da6971b25132f2d7ffe9,loitering,"[124.120567, 33.023988, 124.12104, 33.023382]",33.0237,124.1208,[],['8327'],"['IWC', 'WCPFC', 'PICES', 'ACAP']",['61'],['61'],[],[],[],[],147,147,147.919297,147.919297,617c80442-2e18-9580-6aa6-31480684a339,,48710046,,gear,,,,,171.09,3.4648599829665256,0.010935032560782381,146.99999999999997
2023-12-24T23:26:08.000Z,2024-01-01T01:54:05.000Z,41615ee9f9b2feebe7b2355fe7b6dc83,loitering,"[124.082358, 32.99133, 124.08277, 32.990025]",32.9907,124.0826,[],['8327'],"['WCPFC', 'ACAP', 'IWC', 'PICES']",['61'],['61'],[],[],[],[],152,152,152.86084400000001,152.86084400000001,db6c5cfbc-ccba-3eda-29f6-086efceb7feb,LURONGYU57756    7V6,577560087,VUT,gear,,,,,170.46583333333334,4.096795659632587,0.012976751091586254,152.00000000000003
2023-12-24T23:27:02.000Z,2024-01-01T02:19:13.000Z,deca1f9efc0f840d96de5800159c5174,loitering,"[124.154987, 33.006798, 124.15766, 33.003062]",33.0049,124.1563,[],['8327'],"['WCPFC', 'PICES', 'IWC', 'ACAP']",['61'],['61'],[],[],[],[],146,147,147.05160899999998,147.363469,534204300-0b09-f878-6440-c146ee39f4cb,,44160027,,gear,chn-qushan,CHN,QUSHAN,15bdb0310fe36f1bc12047c9c2095787,170.8697222222222,27.67552477925372,0.08745603199571446,146.00749839519875
2023-12-24T23:28:29.000Z,2024-01-01T08:38:42.000Z,dc6b73d7f19d78265f773e5219309f8e,loitering,"[124.089367, 32.964258, 124.054507, 32.7749]",32.8696,124.0719,[],['8327'],"['IWC', 'PICES', 'WCPFC', 'ACAP']",['61'],['61'],[],[],[],[],154,173,154.87907800000002,174.08575,71f280da1-1b70-dc18-3db7-25223e3b38e1,,48500012,,gear,,,,,177.17027777777778,51.77460459233817,0.15779198602898747,164.64876595737945
2023-12-24T23:28:38.000Z,2024-01-01T02:12:34.000Z,b900a316207db93bad3f278ec5777364,loitering,"[124.19676, 32.89963, 124.223653, 32.925232]",32.9124,124.2102,[],['8327'],"['IWC', 'WCPFC', 'PICES', 'ACAP']",['61'],['61'],[],[],[],[],153,150,154.245375,150.434828,9875bf051-1cab-bca9-b9a8-38147dc7e60b,,55550105,,gear,chn-chn-132,CHN,CHN-132,7091dff9ba827783fe20aa336ef72df6,170.73222222222225,15.502388373367838,0.04902776970311913,151.12398498329972
2023-12-24T23:30:15.000Z,2024-01-01T03:12:08.000Z,332a1fa57357c1a3ba96ef3ff48916cb,loitering,"[124.235473, 32.881392, 124.235613, 32.849313]",32.8654,124.2355,[],['8327'],"['ACAP', 'IWC', 'WCPFC', 'PICES']",['61'],['61'],[],[],[],[],153,156,154.080094,156.914344,e916cc212-29d9-43bb-56d2-cc4e8885708a,,32780068,,gear,,,,,171.69805555555558,7.668990916239808,0.02411747650528265,154.82300356031197
2023-12-24T23:32:38.000Z,2024-01-01T02:23:09.000Z,e708331152051875286fd8a9aa49b4e5,loitering,"[124.16862, 33.02625, 124.17054, 33.021653]",33.024,124.1696,[],['8327'],"['IWC', 'ACAP', 'PICES', 'WCPFC']",['61'],['61'],[],[],[],[],143,144,144.151375,145.031,8b34e3427-779b-f048-206a-a8cfa34cf22e,,44160014,,gear,,,,,170.84194444444444,30.498242403325676,0.09639162989316494,143.34643595784885
2023-12-24T23:36:04.000Z,2024-01-01T02:38:57.000Z,4419b7a4447bc8986452c2aa9c985a5f,loitering,"[124.235087, 32.864695, 124.237327, 32.858918]",32.8618,124.2362,[],['8327'],"['ACAP', 'PICES', 'WCPFC', 'IWC']",['61'],['61'],[],[],[],[],155,155,155.967375,155.967375,dbd084b9c-c7eb-85e1-eac9-0975dc3d1e73,,32782150,,gear,chn-chn-132,CHN,CHN-132,26cbaf28a9bbb419a430b68d2c3bf8e5,171.04805555555558,4.55518346928109,0.014379598161690318,154.80921957826538
2023-12-24T23:36:42.000Z,2024-01-01T02:19:35.000Z,5f1ce171a8f3f4b1597f2d30bb9c6185,loitering,"[124.049347, 33.033433, 124.049738, 33.107957999999996]",33.0707,124.0495,[],['8327'],"['IWC', 'ACAP', 'PICES', 'WCPFC']",['61'],['61'],[],[],[],[],150,144,151.268734,144.686984,898b05049-91d0-5d19-30c1-44f91bb5160d,ZHEDAIYU06008-09,200000032,,gear,chn-chenjiagang,CHN,CHENJIAGANG,35aae949c1ab0d4299ecbda833f02823,170.7147222222222,10.552933945940959,0.03337807311728116,145.21608275498366
2023-12-24T23:38:03.000Z,2024-01-09T10:57:36.000Z,585040f992da88492e0b52dea8da2570,loitering,"[120.10109333333334, 38.378283333333336, 120.10066666666667, 38.37859]",38.3784,120.1009,[],['8486'],"['WCPFC', 'IWC', 'PICES', 'ACAP']",['61'],['61'],[],[],[],[],53,53,1.4128450000000001,1.4128450000000001,55dcc4757-78d2-9ca2-0578-631b812addc7,PL 19-3WHPA,413274430,CHN,other,chn-chn-110,CHN,CHN-110,9f9bfcfeed362fb4e8427236cd6565d7,371.3258333333334,127.09931592255847,0.18481919162717506,53.00157030960427
2023-12-24T23:38:47.000Z,2024-01-01T20:35:19.000Z,f4f2b5b55d52c4649132a562a581a4dc,loitering,"[124.793108, 32.395567, 124.806698, 32.394783]",32.3952,124.7999,[],['8327'],"['ACAP', 'WCPFC', 'IWC', 'PICES']",['61'],['61'],[],[],[],[],162,161,163.495766,162.566375,32a0d0694-4ac8-600c-5fd9-f97cdf765381,ZHEDAIYU02475-03-97%,24750003,,gear,,,,,188.94222222222223,32.397016931975244,0.09258380418282647,161.62177581513419
2023-12-24T23:39:20.000Z,2024-01-01T02:54:05.000Z,477070738cadf7c18b4ddf809bd95a3f,loitering,"[124.04941, 33.04958, 124.049793, 33.048853]",33.0492,124.0496,[],['8327'],"['ACAP', 'WCPFC', 'PICES', 'IWC']",['61'],['61'],[],[],[],[],149,149,149.60085899999999,149.60085899999999,a00377fd4-443e-a150-4134-a3257a95b40e,ZHEDAIYU06082-0781%,96060827,,gear,,,,,171.24583333333334,5.070134595828118,0.015986687770234567,148.99999999999997
2023-12-24T23:42:35.000Z,2024-01-01T03:18:36.000Z,b7d0c57f69e1805158cc842160a7d1e7,loitering,"[124.115153, 32.991065, 124.115567, 32.989103]",32.9901,124.1154,[],['8327'],"['IWC', 'WCPFC', 'ACAP', 'PICES']",['61'],['61'],[],[],[],[],150,150,150.526984,150.526984,07bb26642-262c-9cbb-b717-8539cdefe435,,48710049,,gear,,,,,171.6002777777778,21.23804672409591,0.06682755977607854,149.23326918929493
2023-12-24T23:45:13.000Z,2024-01-01T03:27:04.000Z,43ffb3759194af343c59764748d408cb,loitering,"[124.134225, 32.967697, 124.134577, 32.967993]",32.9678,124.1344,[],['8327'],"['WCPFC', 'PICES', 'ACAP', 'IWC']",['61'],['61'],[],[],[],[],151,151,151.71290599999998,151.71290599999998,74904a907-7a83-fddb-b127-ecfee387c297,ZHE DAI YU 04864-7V4,48640023,,gear,,,,,171.6975,5.3523260375516175,0.0168320730254617,150.4288704207436
2023-12-24T23:47:03.000Z,2024-01-01T00:59:50.000Z,1dae0e76b6225cd03158756ba80e876c,loitering,"[124.015615, 33.091428, 124.016888, 33.090688]",33.0911,124.0163,[],['8327'],"['PICES', 'WCPFC', 'IWC', 'ACAP']",['61'],['61'],[],[],[],[],147,147,148.224094,148.224094,47d860fe1-1a2a-a027-0c1d-6a4c7256266d,SUGANYU02677-1,200267701,,gear,,,,,169.21305555555557,3.0103996398415265,0.00960614865866196,147.00000000000003
2023-12-24T23:47:23.000Z,2024-01-01T17:45:07.000Z,889856579583afdd642f56be766194a9,loitering,"[124.027647, 33.109067, 124.02976, 33.11334]",33.1112,124.0287,[],['8327'],"['WCPFC', 'ACAP', 'PICES', 'IWC']",['61'],['61'],[],[],[],[],145,145,145.97420300000002,145.97420300000002,2b4ed8cce-ed9f-72c4-948c-57f8c8642b93,SUQIYU01629-7386%,231262973,FRO,gear,,,,,185.96222222222224,31.91994822330051,0.09268222869766253,144.4827452120654
2023-12-24T23:47:34.000Z,2024-01-01T06:02:13.000Z,2d917d294b2d155a25937fd3920cb2b2,loitering,"[123.877907, 33.116715, 123.87822, 33.127015]",33.1219,123.8781,[],['8327'],"['IWC', 'WCPFC', 'PICES', 'ACAP']",['61'],['61'],[],[],[],[],154,153,155.243625,154.500172,f1bc70d82-2edc-25e2-7908-0b3969e94cc8,,60989760,,gear,,,,,174.24416666666667,31.75775802610169,0.09841257722847278,153.76325986483147
2023-12-24T23:47:49.000Z,2024-01-01T02:57:43.000Z,4ac5c4cbcd933a8239917802582f8339,loitering,"[124.117507, 33.099713, 124.11766, 33.09943]",33.0996,124.1176,[],['8327'],"['ACAP', 'PICES', 'IWC', 'WCPFC']",['61'],['61'],[],[],[],[],140,140,141.1155,141.1155,21e5154c3-32af-8446-651c-afe4f5b09a3e,,21585402,,gear,,,,,171.16499999999996,2.4038704642697444,0.007583245475469387,140.00000000000006
2023-12-24T23:48:17.000Z,2024-01-01T00:58:53.000Z,eadf7fcedee89ae2e51e1df5232d42fc,loitering,"[123.896787, 33.30774, 123.915747, 33.281957]",33.2948,123.9063,[],['8327'],"['IWC', 'PICES', 'WCPFC', 'ACAP']",['61'],['61'],[],[],[],[],139,139,140.440172,140.961297,cf239b327-7ca6-b4c9-40a0-d7f14337fcbd,SUQIYU01635,412352435,CHN,gear,chn-lusi,CHN,LUSI,521547ea2b00c42dbdc4b6e32516b02c,169.17666666666668,46.51279138937797,0.14845367658115638,139.16595326148766
2023-12-24T23:49:01.000Z,2024-01-01T02:31:40.000Z,63dd74e4dc146856ff262cba5dea7343,loitering,"[124.16866, 32.986378, 124.1729, 33.036545]",33.0115,124.1708,[],['8327'],"['IWC', 'PICES', 'ACAP', 'WCPFC']",['61'],['61'],[],[],[],[],147,142,147.688703,143.274969,66fecdf0a-ae87-4cb2-4962-da5c0504ca75,,44160006,,gear,,,,,170.71083333333334,31.638901661414955,0.10007355638988503,142.7737855823678
2023-12-24T23:50:47.000Z,2024-01-01T02:45:03.000Z,2c23c7d66713de0aa88b8f8a60d1eba2,loitering,"[124.51553, 32.542335, 124.515413, 32.540695]",32.5415,124.5155,[],['8327'],"['ACAP', 'PICES', 'IWC', 'WCPFC']",['61'],['61'],[],[],[],[],175,175,177.216734,177.216734,865edf0c6-665a-77b8-3bdf-4b92732caa7a,SUQIYU05138-005-99%,550513805,,gear,,,,,170.90444444444447,12.226907102094335,0.0386297834234676,174.99999999999997
2023-12-24T23:51:29.000Z,2024-01-01T03:04:45.000Z,03235ecb705b91208f192186aa193f5d,loitering,"[124.116673, 33.090768, 124.1163, 33.090335]",33.0906,124.1165,[],['8327'],"['IWC', 'ACAP', 'PICES', 'WCPFC']",['61'],['61'],[],[],[],[],141,141,141.953312,141.953312,6ee916618-86cd-d46e-b672-b785493f51d4,,329911,,gear,,,,,171.22111111111113,2.7338123324034362,0.008621253294487022,141.0
2023-12-24T23:51:51.000Z,2024-01-01T02:49:35.000Z,f7ea59ee3831e2e6086b49989f68b9fa,loitering,"[124.161393, 32.959005, 124.161627, 32.958317]",32.9587,124.1615,[],['8327'],"['ACAP', 'IWC', 'PICES', 'WCPFC']",['61'],['61'],[],[],[],[],150,150,150.924062,150.924062,d2dbc7a3b-b350-f4d6-cbd8-cb8b1b46e119,,600436610,,gear,,,,,170.96222222222224,2.7594001751629524,0.008715123602566753,150.0
2023-12-24T23:52:07.000Z,2024-01-01T06:50:20.000Z,d4694ed8e648eca3571adb2176dc6468,loitering,"[123.8824, 33.125313, 123.88348, 33.126235]",33.1258,123.8829,[],['8327'],"['PICES', 'WCPFC', 'ACAP', 'IWC']",['61'],['61'],[],[],[],[],153,153,154.500172,154.500172,40a6ea1af-f106-1762-777f-7cb0cf197dbf,,10876708,,gear,,,,,174.9702777777778,3.5189272406416485,0.010859379824859908,153.63472007505948
2023-12-24T23:52:38.000Z,2024-01-01T03:02:48.000Z,243207d2158183c64ee2f93352318a6e,loitering,"[124.515317, 32.550453, 124.515072, 32.549607]",32.55,124.5152,[],['8327'],"['IWC', 'PICES', 'ACAP', 'WCPFC']",['61'],['61'],[],[],[],[],174,174,176.162547,176.162547,b16243391-1c0c-adb2-d064-abf57943fe58,SUQIYU05138-001-99%,550513801,,gear,,,,,171.16944444444445,12.248114079011572,0.038636875570456294,174.00734867316663
2023-12-24T23:53:37.000Z,2024-01-01T02:53:34.000Z,86cf41bc826b6f589c2459115bea48c1,loitering,"[124.512148, 32.559792, 124.512948, 32.531583]",32.5457,124.5125,[],['8327'],"['PICES', 'WCPFC', 'IWC', 'ACAP']",['61'],['61'],[],[],[],[],174,176,175.412078,178.569375,2dee5007e-ea94-1475-bd1e-f0f9affb904e,SUQIYU05138-202-99%,330513807,GRD,gear,,,,,170.99916666666667,25.694006070707538,0.08113287132536434,175.1133277029759
2023-12-24T23:54:35.000Z,2024-01-01T03:12:34.000Z,6bf6e9266d10a1cf483a6fb9b019bab4,loitering,"[124.631168, 32.54838, 124.62185, 32.573773]",32.5611,124.6265,[],['8327'],"['ACAP', 'WCPFC', 'PICES', 'IWC']",['61'],['61'],[],[],[],[],165,165,168.138125,168.009391,e6e85b459-989b-1c71-7642-bbf894a7e9b8,:3901295-170%,100001295,,gear,,,,,171.29972222222224,5.103468357618513,0.01608673046966354,164.71743794121235
